qid,config,taxon,rank,nonfungal,evidence,hedged,collection,gold_guilds,gold_answer,answer_text,answer_collection,guilds_pipeline,guilds_answer,pipeline,answer,food_match,gold_retrieved,doc_ref_hit_gold,wall_s
P001,doc_extractive,Agrenia bidenticulata,species,0,field,0,pmc,algivore|microbivore,the biofilm || biofilm,the biofilm,pmc,,algivore,no_answer,correct,1,1,True,1.37
P001,doc_generative,Agrenia bidenticulata,species,0,field,0,pmc,algivore|microbivore,the biofilm || biofilm,"Based on the provided documents, Agrenia bidenticulata is noted to have gut contents primarily composed of mineral particles, indicating a diet that includes mineral materials . This suggests that it may be a detritivore or geophagous feeder, consuming soil minerals and possibly organic matter mixed with these minerals. However, specific dietary preferences are not explicitly detailed in the given sources.",pmc,,detritivore,no_answer,wrong,0,1,True,0.84
P001,e2e_sparse_extractive,Agrenia bidenticulata,species,0,field,0,pmc,algivore|microbivore,the biofilm || biofilm,mosses saturated with water,pmc,,herbivore,no_answer,wrong,0,1,,4.6
P001,e2e_sparse_generative,Agrenia bidenticulata,species,0,field,0,pmc,algivore|microbivore,the biofilm || biofilm,"Based on the provided documents, Agrenia bidenticulata feeds on biofilms containing terrestrial diatoms, which are consumed through ingestion of the slimy biofilm produced on moist surfaces of sand and silt . Additionally, it is noted as a bryophile species inhabiting mosses saturated with water, suggesting a diet that may include organic matter associated with mosses .",pmc,algivore,algivore|detritivore|herbivore,correct,correct,1,0,,2.04
P002,doc_extractive,Anurida maritima,species,1,isotope,0,pmc,omnivore|predator,"marine and terrestrial invertebrates, as well as marine macrophytes || marine and terrestrial invertebrates || invertebrates || marine macrophytes",module hubs,pmc,,,no_answer,no_answer,0,1,True,1.23
P002,doc_generative,Anurida maritima,species,1,isotope,0,pmc,omnivore|predator,"marine and terrestrial invertebrates, as well as marine macrophytes || marine and terrestrial invertebrates || invertebrates || marine macrophytes","Based on the provided documents, Anurida maritima is identified as a module hub species, which suggests it plays a central role in ecological interactions within its environment. However, the specific diet of Anurida maritima is not explicitly mentioned in the given text. The document notes that primary productivity, habitat provision, herbivory, and predation involve species in both peripheral and hub categories, but no direct information about what Anurida maritima feeds on is provided .",pmc,,herbivore|predator,no_answer,correct,0,1,True,0.97
P002,e2e_dense_generative,Anurida maritima,species,1,isotope,0,pmc,omnivore|predator,"marine and terrestrial invertebrates, as well as marine macrophytes || marine and terrestrial invertebrates || invertebrates || marine macrophytes","Based on the provided documents, Anurida maritima feeds on organic matter present on the mud surface of saltmarshes, which becomes available after the retreat of the tide . However, specific details regarding its diet are not explicitly mentioned in the given sources.",medline,,detritivore,no_answer,wrong,0,0,,4.5
P002,e2e_sparse_extractive,Anurida maritima,species,1,isotope,0,pmc,omnivore|predator,"marine and terrestrial invertebrates, as well as marine macrophytes || marine and terrestrial invertebrates || invertebrates || marine macrophytes",springtails,pmc,,,no_answer,no_answer,0,0,,4.95
P002,e2e_sparse_generative,Anurida maritima,species,1,isotope,0,pmc,omnivore|predator,"marine and terrestrial invertebrates, as well as marine macrophytes || marine and terrestrial invertebrates || invertebrates || marine macrophytes","Based on the provided documents, Anurida maritima feeds on fine substrates such as algae and suspended sediments of the surface . This feeding behavior occurs during low tide when the species inhabits tidal zones .",pmc,algivore,algivore,wrong,wrong,0,0,,2.03
P003,doc_extractive,Archisotoma pulchella,species,1,literature,0,pmc,algivore,diatoms,diatoms,pmc,,algivore,no_answer,correct,1,1,True,1.28
P003,doc_generative,Archisotoma pulchella,species,1,literature,0,pmc,algivore,diatoms,"Based on the provided documents, Archisotoma pulchella prefers to feed on diatoms . This dietary preference is specific to this species within the context of salt marsh soil mesofauna food webs. No further details about its feeding habits are given in the source text.",pmc,algivore,algivore,correct,correct,1,1,True,0.63
P003,e2e_dense_generative,Archisotoma pulchella,species,1,literature,0,pmc,algivore,diatoms,"Based on the provided documents, Archisotoma pulchella feeds on microalgae and bacteria . Additionally, it has been noted that some related species, such as Heterohapla pulchella, feed on bacteria and fungi as well as decaying wood . However, specific details about the dietary preferences of Archisotoma pulchella are limited in the given sources.",pmc,algivore|bacterivore|detritivore|fungivore,algivore|bacterivore|detritivore|fungivore,correct,correct,0,0,,5.04
P003,e2e_sparse_extractive,Archisotoma pulchella,species,1,literature,0,pmc,algivore,diatoms,diatoms,pmc,,algivore,no_answer,correct,1,1,,5.22
P003,e2e_sparse_generative,Archisotoma pulchella,species,1,literature,0,pmc,algivore,diatoms,"Based on the provided documents, Archisotoma pulchella prefers to feed on diatoms . This dietary preference is specifically noted in the context of salt marsh soil mesofauna food webs .",pmc,algivore,algivore,correct,correct,1,1,,2.36
P004,doc_extractive,Archisotoma theae,species,1,isotope,0,pmc,predator,first order predator lifestyle || first order predator || predator || trophic level III,"organic matter, was low. Only the Oribatida species A. schneideri had 15N signatures close to that of organic matter. Collembola species were positioned in trophic levels I to III with δ15N values ranging between 8.6 ± 0.38‰ and 14.4 ± 0.07‰ (see Table C in S1 File). Most of the Collembola species were ascribed to primary or secondary decomposers with the exception of Archisotoma theae, which was positioned in trophic level III indicating first order predator lifestyle",pmc,detritivore|predator,detritivore|predator,correct,correct,1,1,True,0.59
P004,doc_generative,Archisotoma theae,species,1,isotope,0,pmc,predator,first order predator lifestyle || first order predator || predator || trophic level III,"Based on the provided documents, 15N values indicate that *Archisotoma theae* is positioned in trophic level III, suggesting it is a first-order predator. This implies that *Archisotoma theae* feeds on primary consumers rather than plants or detritus . However, the specific prey items are not detailed in the given text.",pmc,,detritivore|predator,no_answer,correct,1,1,True,0.82
P004,e2e_dense_generative,Archisotoma theae,species,1,isotope,0,pmc,predator,first order predator lifestyle || first order predator || predator || trophic level III,"Based on the provided documents, there is no direct mention of what *Archisotoma theae* feeds on. However, related species such as *Acaphylla theae* are known to be pests in tea gardens, suggesting that *Archisotoma theae* might have a similar ecological role, potentially feeding on plants or other small organisms in its habitat . Further research would be needed to confirm its specific diet.",pmc,,,no_answer,no_answer,0,0,,4.95
P004,e2e_sparse_extractive,Archisotoma theae,species,1,isotope,0,pmc,predator,first order predator lifestyle || first order predator || predator || trophic level III,tea,medline,,,no_answer,no_answer,0,0,,5.21
P004,e2e_sparse_generative,Archisotoma theae,species,1,isotope,0,pmc,predator,first order predator lifestyle || first order predator || predator || trophic level III,"Based on the provided documents, 15N values indicate that Archisotoma theae occupies trophic level III, suggesting it is a first-order predator. However, the specific diet of Archisotoma theae is not explicitly mentioned in the given sources . Further research would be needed to identify its exact prey items.",pmc,,predator,no_answer,correct,1,1,,2.05
P005,doc_extractive,Bourletiella hortensis,species,1,field,0,pmc,herbivore,Tiny pioneer mosses || mosses,mosses,pmc,,herbivore,no_answer,correct,1,1,True,0.58
P005,doc_generative,Bourletiella hortensis,species,1,field,0,pmc,herbivore,Tiny pioneer mosses || mosses,"Based on the provided documents, Bourletiella hortensis is described as a moss-eating specialist among the pioneer arthropods . This indicates that its primary diet consists of mosses. No further details about its feeding habits are given in the source.",pmc,herbivore,herbivore,correct,correct,1,1,True,0.65
P005,e2e_dense_generative,Bourletiella hortensis,species,1,field,0,pmc,herbivore,Tiny pioneer mosses || mosses,"Based on the provided documents, Bourletiella hortensis feeds on mosses and is considered a moss-eating specialist among the pioneer arthropods . It also consumes nutrient-rich diaspore bulbils and occasionally fungal hyphae . Additionally, it is noted as a generalist feeder, capable of consuming a variety of materials including leaves .",pmc,fungivore|herbivore|omnivore,fungivore|herbivore|omnivore,correct,correct,1,1,,4.58
P005,e2e_sparse_extractive,Bourletiella hortensis,species,1,field,0,pmc,herbivore,Tiny pioneer mosses || mosses,springtail,medline,,,no_answer,no_answer,0,1,,5.15
P005,e2e_sparse_generative,Bourletiella hortensis,species,1,field,0,pmc,herbivore,Tiny pioneer mosses || mosses,"Based on the provided documents, Bourletiella hortensis feeds primarily on mosses, including nutrient-rich diaspore bulbils, and occasionally on other organic matter such as fungal hyphae and detritus. It is also noted as a moss-eater and can be considered a specialist in this regard . Additionally, it serves as prey for certain arthropods like the trap-jaw spider Pararchaea alba .",pmc,bacterivore|detritivore|fungivore|herbivore,bacterivore|detritivore|fungivore|herbivore,correct,correct,1,0,,2.36
P006,doc_extractive,Bourletiella hortensis,species,1,field,0,pmc,herbivore,pepino || Solanum muricatum,pepino,pmc,,herbivore,no_answer,correct,1,1,True,1.33
P006,doc_generative,Bourletiella hortensis,species,1,field,0,pmc,herbivore,pepino || Solanum muricatum,"Based on the provided documents, Bourletiella hortensis feeds on pepino (Solanum muricatum Ait.), as it is mentioned that a garden springtail (Bourletiella hortensis) is feeding on pepino . There is no specific mention of other food sources for this species in the given context.",pmc,,herbivore,no_answer,correct,1,1,True,0.82
P006,e2e_dense_generative,Bourletiella hortensis,species,1,field,0,pmc,herbivore,pepino || Solanum muricatum,"Based on the provided documents, Bourletiella hortensis feeds on mosses and is considered a moss-eating specialist among the pioneer arthropods . It also consumes fungal hyphae and may ingest small amounts of detritus or algae . Additionally, it is noted as a generalist feeder, capable of consuming a variety of materials including leaf tissue .",pmc,herbivore|omnivore,algivore|detritivore|fungivore|herbivore|omnivore,correct,correct,0,0,,4.44
P006,e2e_sparse_extractive,Bourletiella hortensis,species,1,field,0,pmc,herbivore,pepino || Solanum muricatum,springtail,medline,,,no_answer,no_answer,0,0,,4.14
P006,e2e_sparse_generative,Bourletiella hortensis,species,1,field,0,pmc,herbivore,pepino || Solanum muricatum,"Based on the provided documents, Bourletiella hortensis feeds on mosses and is considered a moss-eater, specifically noted as a specialist among the pioneers. It also consumes other organic matter such as fungal hyphae and may include detrital material . Additionally, it serves as prey for certain arthropods like the trap-jaw spider Pararchaea alba .",pmc,bacterivore|herbivore,bacterivore|detritivore|fungivore|herbivore,correct,correct,0,0,,1.8
P007,doc_extractive,Ceratophysella denticulata,species,0,literature,0,pmc,bacterivore|fungivore|microbivore,bacteria and fungi || bacteria || fungi || nematodes,bacteria and fungi,pmc,,bacterivore|fungivore,no_answer,correct,1,1,True,1.26
P007,doc_generative,Ceratophysella denticulata,species,0,literature,0,pmc,bacterivore|fungivore|microbivore,bacteria and fungi || bacteria || fungi || nematodes,"Based on the provided documents, Ceratophysella denticulata feeds on bacteria and fungi, and it is presumed to also consume other soil animals such as nematodes .",pmc,bacterivore|fungivore|predator,bacterivore|fungivore|predator,correct,correct,1,1,True,0.53
P007,e2e_dense_generative,Ceratophysella denticulata,species,0,literature,0,pmc,bacterivore|fungivore|microbivore,bacteria and fungi || bacteria || fungi || nematodes,"Based on the provided documents, Ceratophysella denticulata feeds on bacteria and fungi, and it is presumed to also consume other soil organisms like nematodes .",pmc,bacterivore|fungivore|predator,bacterivore|fungivore|predator,correct,correct,1,1,,4.45
P007,e2e_sparse_extractive,Ceratophysella denticulata,species,0,literature,0,pmc,bacterivore|fungivore|microbivore,bacteria and fungi || bacteria || fungi || nematodes,bacteria and fungi,pmc,,bacterivore|fungivore,no_answer,correct,1,1,,4.03
P007,e2e_sparse_generative,Ceratophysella denticulata,species,0,literature,0,pmc,bacterivore|fungivore|microbivore,bacteria and fungi || bacteria || fungi || nematodes,"Based on the provided documents, Ceratophysella denticulata feeds on bacteria and fungi, but it is presumed to also consume other soil animals such as nematodes .",pmc,bacterivore|fungivore|predator,bacterivore|fungivore|predator,correct,correct,1,1,,1.81
P008,doc_extractive,Cryptopygus clavatus,species,1,field,0,medline,algivore,algae || grazing on algae under water,algae under water,medline,,algivore,no_answer,correct,1,1,True,1.17
P008,doc_generative,Cryptopygus clavatus,species,1,field,0,medline,algivore,algae || grazing on algae under water,"Based on the provided documents, Cryptopygus clavatus feeds on algae during the summer when it is submerged in water .",medline,algivore,algivore,correct,correct,1,1,True,0.41
P008,e2e_dense_generative,Cryptopygus clavatus,species,1,field,0,medline,algivore,algae || grazing on algae under water,"Based on the provided documents, Cryptopygus clavatus feeds on algae when it is submerged during the summer . During the winter, it resides on dry land, but the specific diet during this time is not mentioned in the given sources.",medline,,algivore,no_answer,correct,1,1,,4.05
P008,e2e_sparse_extractive,Cryptopygus clavatus,species,1,field,0,medline,algivore,algae || grazing on algae under water,algea,pmc,,,no_answer,no_answer,0,1,,5.22
P008,e2e_sparse_generative,Cryptopygus clavatus,species,1,field,0,medline,algivore,algae || grazing on algae under water,"Based on the provided documents, Cryptopygus clavatus feeds on algae while submerged during the summer months . This feeding behavior is observed when the species spends the summer underwater, grazing on algae .",pmc,algivore,algivore,correct,correct,1,1,,1.91
P009,doc_extractive,Desoria choi,species,0,isotope,0,pmc,detritivore|microbivore,a more microbial-based diet || litter resources || microbial,"microorganisms, microbial residues or other isotopic enriched resources",pmc,,bacterivore|fungivore|microbivore,no_answer,correct,1,1,True,1.25
P009,doc_generative,Desoria choi,species,0,isotope,0,pmc,detritivore|microbivore,a more microbial-based diet || litter resources || microbial,"Based on the provided documents, 15N values of *Desoria choi* increase at higher elevation, suggesting that this species shifts its diet towards feeding more on microorganisms, microbial residues, or other isotopically enriched resources at higher elevations . The specific dietary preferences of *Desoria choi* are not explicitly detailed in the source text.",pmc,,bacterivore|fungivore|microbivore,no_answer,correct,1,1,True,0.79
P009,e2e_dense_generative,Desoria choi,species,0,isotope,0,pmc,detritivore|microbivore,a more microbial-based diet || litter resources || microbial,"Based on the provided documents, 15N values of *Desoria choi* increase at higher elevations, suggesting that this species shifts its diet towards feeding more on microorganisms, microbial residues, or other isotopically enriched resources at higher elevations . However, specific dietary preferences are not explicitly detailed in the given texts.",pmc,,bacterivore|fungivore|microbivore,no_answer,correct,1,1,,4.75
P009,e2e_sparse_extractive,Desoria choi,species,0,isotope,0,pmc,detritivore|microbivore,a more microbial-based diet || litter resources || microbial,"microorganisms, microbial residues or other isotopic enriched resources",pmc,,bacterivore|fungivore|microbivore,no_answer,correct,1,1,,5.27
P009,e2e_sparse_generative,Desoria choi,species,0,isotope,0,pmc,detritivore|microbivore,a more microbial-based diet || litter resources || microbial,"Based on the provided documents, $Desoria\ choi$ feeds on organic matter found in soils and litter, which has a high carbon-to-nitrogen (C/N) ratio and reflects low-quality organic material . Additionally, it is noted that this species, along with others like $Koreanurina\ alba$, is abundant in high-altitude environments where they utilize the available organic resources .",pmc,detritivore,detritivore,correct,correct,0,0,,2.48
P010,doc_extractive,Desoria ruseki,species,0,lab,0,medline,detritivore|fungivore,corn litter || Mongolian oak litter || yeast,"corn litter (agriculture grain residuals), Mongolian oak litter (natural plant residuals), and yeast",medline,,detritivore|fungivore,no_answer,correct,1,1,True,1.33
P010,doc_generative,Desoria ruseki,species,0,lab,0,medline,detritivore|fungivore,corn litter || Mongolian oak litter || yeast,"Based on the provided documents, Desoria ruseki feeds on corn litter and yeast. The study examined the effects of these two food sources on the microbiota of the Collembola, showing distinct differences in microbial community composition between the two diets .",medline,fungivore,bacterivore|detritivore|fungivore|microbivore,correct,correct,1,1,True,0.61
P010,e2e_sparse_extractive,Desoria ruseki,species,0,lab,0,medline,detritivore|fungivore,corn litter || Mongolian oak litter || yeast,airborne prey,pmc,,,no_answer,no_answer,0,1,,4.66
P010,e2e_sparse_generative,Desoria ruseki,species,0,lab,0,medline,detritivore|fungivore,corn litter || Mongolian oak litter || yeast,"Based on the provided documents, Desoria ruseki is described as a cold-adapted Collembola species that was fed with three different food resources in an experiment, indicating its role as a generalist feeder . Additionally, it is noted that springtails, including those similar to Desoria ruseki, consume a wide range of resources such as litter, microorganisms, and even animal prey . However, the specific dietary preferences of Desoria ruseki itself are not explicitly detailed in the given sources.",pmc,omnivore,bacterivore|detritivore|fungivore|microbivore|omnivore,wrong,correct,0,1,,2.43
P011,doc_extractive,Entomobrya proxima,species,1,lab,0,medline,detritivore|omnivore,carrion,carrion,medline,,detritivore,no_answer,correct,1,1,True,1.23
P011,doc_generative,Entomobrya proxima,species,1,lab,0,medline,detritivore|omnivore,carrion,"Based on the provided documents, Entomobrya proxima feeds primarily on carcasses (dead insect bodies), with more than 50% of its diet consisting of insect body parts. The remaining portion includes indirectly used microorganisms such as fungi and bacteria naturally growing on animal food .",medline,,bacterivore|detritivore|fungivore|microbivore,no_answer,correct,0,1,True,0.65
P011,e2e_dense_generative,Entomobrya proxima,species,1,lab,0,medline,detritivore|omnivore,carrion,"Based on the provided documents, *Entomobrya proxima* exhibits a diverse diet, feeding on various organic materials such as litter, fungi, pollen, algae, leaves, and roots . Additionally, it has been observed to consume carrion, indicating its ability to utilize unconventional food sources . However, specific details about its exact dietary preferences in natural settings are not fully detailed in the given sources.",pmc,algivore|detritivore|fungivore|herbivore,algivore|detritivore|fungivore|herbivore,correct,correct,1,1,,4.42
P011,e2e_sparse_extractive,Entomobrya proxima,species,1,lab,0,medline,detritivore|omnivore,carrion,"litter, fungi, pollen, algae, leaves, and roots",pmc,,algivore|detritivore|fungivore|herbivore,no_answer,correct,0,1,,5.32
P011,e2e_sparse_generative,Entomobrya proxima,species,1,lab,0,medline,detritivore|omnivore,carrion,"Based on the provided documents, *Entomobrya proxima* feeds on a variety of organic materials, including litter, fungi, pollen, algae, leaves, and roots . It also exhibits scavenging behavior, utilizing carcasses of other soil organisms as a food source . The species demonstrates adaptability in its diet, reflecting its role as a generalist feeder in soil ecosystems.",pmc,algivore|fungivore|herbivore|omnivore,algivore|detritivore|fungivore|herbivore|omnivore,correct,correct,0,1,,2.66
P012,doc_extractive,Entomobrya proxima,species,1,lab,0,pmc,detritivore,organic fertilizer,farmland at Wuqing Experiment Station for Field Observation of Farmland Ecosystem,pmc,,,no_answer,no_answer,0,1,True,1.24
P012,doc_generative,Entomobrya proxima,species,1,lab,0,pmc,detritivore,organic fertilizer,"Based on the provided documents, Entomobrya proxima is described as a soil-inhabiting collembolan that feeds on organic matter in the soil, but specific dietary details such as whether it consumes detritus, microorganisms, or plant material are not explicitly mentioned . Further research would be needed to determine its exact diet.",pmc,,bacterivore|detritivore|fungivore|herbivore|microbivore,no_answer,correct,0,1,True,0.72
P012,e2e_dense_generative,Entomobrya proxima,species,1,lab,0,pmc,detritivore|omnivore,organic fertilizer,"Based on the provided documents, *Entomobrya proxima* exhibits a diverse diet, feeding on various organic materials such as litter, fungi, pollen, algae, leaves, and roots . Additionally, it has been observed to consume carrion, indicating its ability to utilize unconventional food sources . However, specific details about its feeding behavior and preferences require further investigation.",pmc,algivore|detritivore|fungivore|herbivore,algivore|detritivore|fungivore|herbivore,correct,correct,0,0,,3.91
P012,e2e_sparse_extractive,Entomobrya proxima,species,1,lab,0,pmc,detritivore|omnivore,organic fertilizer,"litter, fungi, pollen, algae, leaves, and roots",pmc,,algivore|detritivore|fungivore|herbivore,no_answer,correct,0,0,,4.4
P012,e2e_sparse_generative,Entomobrya proxima,species,1,lab,0,pmc,detritivore|omnivore,organic fertilizer,"Based on the provided documents, *Entomobrya proxima* feeds on a variety of organic materials, including litter, fungi, pollen, algae, leaves, and roots . It also exhibits scavenging behavior, utilizing carcasses of other soil organisms as a food source . The species demonstrates adaptability in its diet, reflecting its role as a generalist feeder in soil ecosystems.",pmc,algivore|fungivore|herbivore|omnivore,algivore|detritivore|fungivore|herbivore|omnivore,correct,correct,0,0,,2.46
P013,doc_extractive,Folsomia candida,species,0,lab,0,medline,fungivore,F. oxysporum mycelium || Fusarium oxysporum || mycelium,F. oxysporum mycelium,medline,,fungivore,no_answer,correct,1,1,True,1.08
P013,doc_generative,Folsomia candida,species,0,lab,0,medline,fungivore,F. oxysporum mycelium || Fusarium oxysporum || mycelium,"Based on the provided documents, Folsomia candida shows a marked preference for consuming F. oxysporum mycelium over that of the tested Trichoderma species . This indicates that F. candida primarily feeds on the mycelium of Fusarium oxysporum.",medline,fungivore,fungivore,correct,correct,1,1,True,0.7
P013,e2e_dense_generative,Folsomia candida,species,0,lab,0,medline,bacterivore|detritivore|fungivore,F. oxysporum mycelium || Fusarium oxysporum || mycelium,"Based on the provided documents, Folsomia candida primarily feeds on fungal hyphae and bacteria, and to some extent, on dead organic matter and fine roots . They are known to play a role in decomposition processes and nutrient cycling in the soil due to their feeding habits and high population densities .",pmc,bacterivore|detritivore|fungivore,bacterivore|detritivore|fungivore|herbivore,correct,correct,0,0,,4.58
P013,e2e_sparse_extractive,Folsomia candida,species,0,lab,0,medline,bacterivore|detritivore|fungivore,F. oxysporum mycelium || Fusarium oxysporum || mycelium,four maize materials,pmc,,,no_answer,no_answer,0,0,,3.78
P013,e2e_sparse_generative,Folsomia candida,species,0,lab,0,medline,bacterivore|detritivore|fungivore,F. oxysporum mycelium || Fusarium oxysporum || mycelium,"Based on the provided documents, Folsomia candida feeds on fungal biomass, including specific fungal species such as *Trichoderma* spp. and *Fusarium oxysporum*, as well as pigmented fungi like those producing bis-naphthopyrones. It also consumes dry yeast amended with certain compounds and dried baker's yeast . Additionally, it can feed on black stain-associated pigmented fungi found in environments like Lascaux Cave .",pmc,fungivore,fungivore,correct,correct,1,0,,2.92
P014,doc_extractive,Folsomia candida,species,0,lab,0,pmc,fungivore,"F. verticillioides, F. graminearum, A. ochraceus, and A. nidulans || mycotoxin-producing fungi || fungi",mycotoxin-producing fungi,pmc,,fungivore,no_answer,correct,1,1,True,1.31
P014,doc_generative,Folsomia candida,species,0,lab,0,pmc,fungivore,"F. verticillioides, F. graminearum, A. ochraceus, and A. nidulans || mycotoxin-producing fungi || fungi","Based on the provided documents, Folsomia candida feeds on mycotoxin-producing fungi such as Fusarium verticillioides, F. graminearum, Aspergillus ochraceus, and A. nidulans . The study specifically examines the effects of consuming these fungal species on the physiology and microbiota of F. candida. No other dietary components are mentioned in the given text.",pmc,fungivore,fungivore,correct,correct,1,1,True,0.87
P014,e2e_dense_generative,Folsomia candida,species,0,lab,0,pmc,bacterivore|detritivore|fungivore,"F. verticillioides, F. graminearum, A. ochraceus, and A. nidulans || mycotoxin-producing fungi || fungi","Based on the provided documents, Folsomia candida primarily feeds on fungal hyphae and bacteria, and to some extent, on dead organic matter and fine roots . They are known to play a significant role in decomposition processes and nutrient cycling in the soil due to their feeding habits and high population densities .",pmc,bacterivore|detritivore|fungivore,bacterivore|detritivore|fungivore|herbivore,correct,correct,0,0,,4.09
P014,e2e_sparse_extractive,Folsomia candida,species,0,lab,0,pmc,bacterivore|detritivore|fungivore,"F. verticillioides, F. graminearum, A. ochraceus, and A. nidulans || mycotoxin-producing fungi || fungi",four maize materials,pmc,,,no_answer,no_answer,0,0,,3.8
P014,e2e_sparse_generative,Folsomia candida,species,0,lab,0,pmc,bacterivore|detritivore|fungivore,"F. verticillioides, F. graminearum, A. ochraceus, and A. nidulans || mycotoxin-producing fungi || fungi","Based on the provided documents, Folsomia candida feeds on fungal biomass, including specific fungal species like *Trichoderma* spp. and *Fusarium oxysporum*, as well as pigmented fungi such as those producing bis-naphthopyrones. It also consumes dry yeast amended with certain compounds like viomellein or xanthomegnin, and dried baker's yeast . Additionally, it can thrive on black stain formations, potentially assimilating pigmented fungi found in such environments .",pmc,fungivore,fungivore,correct,correct,1,0,,2.87
P015,doc_extractive,Folsomia candida,species,0,literature,0,pmc,fungivore,vegetative hyphae and conidia || A. nidulans || hyphae,cleistothecia,pmc,,,no_answer,no_answer,0,1,True,1.32
P015,doc_generative,Folsomia candida,species,0,literature,0,pmc,fungivore,vegetative hyphae and conidia || A. nidulans || hyphae,"Based on the provided documents, Folsomia candida feeds on metabolite extracts of the wildtype, mdpG or mdpC strains of H. levis cells . The study examines the toxicity of secondary metabolites from these strains to F. candida and T. tomentosa, indicating that these organisms consume the metabolic products of the fungi.",pmc,fungivore,fungivore,correct,correct,0,1,True,0.76
P015,e2e_dense_generative,Folsomia candida,species,0,literature,0,pmc,bacterivore|detritivore|fungivore,vegetative hyphae and conidia || A. nidulans || hyphae,"Based on the provided documents, *Folsomia candida* primarily feeds on fungal hyphae and bacteria, and to some extent, on dead organic matter and fine roots . They are also known to consume plant material such as maize .",pmc,bacterivore|detritivore|fungivore|herbivore,bacterivore|detritivore|fungivore|herbivore,correct,correct,1,0,,4.14
P015,e2e_sparse_extractive,Folsomia candida,species,0,literature,0,pmc,bacterivore|detritivore|fungivore,vegetative hyphae and conidia || A. nidulans || hyphae,four maize materials,pmc,,,no_answer,no_answer,0,0,,3.89
P015,e2e_sparse_generative,Folsomia candida,species,0,literature,0,pmc,bacterivore|detritivore|fungivore,vegetative hyphae and conidia || A. nidulans || hyphae,"Based on the provided documents, Folsomia candida feeds on fungal biomass, including specific fungal species like *Trichoderma* spp. and *Fusarium oxysporum*, as well as pigmented fungi such as those producing bis-naphthopyrones. It also consumes dry yeast amended with certain compounds like viomellein or xanthomegnin, and dried baker's yeast . Additionally, it can thrive on black stains in cave environments, potentially feeding on pigmented fungi associated with these stains .",pmc,fungivore,fungivore,correct,correct,0,0,,2.78
P016,doc_extractive,Folsomia candida,species,0,lab,0,medline,fungivore,Phanerochaete velutina mycelial systems || Phanerochaete velutina || mycelial,Phanerochaete velutina,medline,,fungivore,no_answer,correct,1,1,True,1.36
P016,doc_generative,Folsomia candida,species,0,lab,0,medline,fungivore,Phanerochaete velutina mycelial systems || Phanerochaete velutina || mycelial,"Based on the provided documents, Folsomia candida feeds on the mycelial systems of Phanerochaete velutina, as evidenced by the observed effects of their grazing on mycelial development . The study indicates that these collembola graze on fungal mycelium, influencing radial extension, hyphal coverage, and fractal dimensions of the fungus . No other specific food sources are mentioned in the given context.",medline,,fungivore,no_answer,correct,1,1,True,0.92
P016,e2e_dense_generative,Folsomia candida,species,0,lab,0,medline,bacterivore|detritivore|fungivore,Phanerochaete velutina mycelial systems || Phanerochaete velutina || mycelial,"Based on the provided documents, Folsomia candida primarily feeds on fungal hyphae and bacteria, and to some extent, on dead organic matter and fine roots . They are not known to feed on living plant tissue or other organisms directly .",pmc,bacterivore|detritivore|fungivore|herbivore,bacterivore|detritivore|fungivore|herbivore,correct,correct,0,0,,3.95
P016,e2e_sparse_extractive,Folsomia candida,species,0,lab,0,medline,bacterivore|detritivore|fungivore,Phanerochaete velutina mycelial systems || Phanerochaete velutina || mycelial,four maize materials,pmc,,,no_answer,no_answer,0,0,,3.83
P016,e2e_sparse_generative,Folsomia candida,species,0,lab,0,medline,bacterivore|detritivore|fungivore,Phanerochaete velutina mycelial systems || Phanerochaete velutina || mycelial,"Based on the provided documents, Folsomia candida feeds on fungal biomass, including specific fungal species like *Trichoderma* spp. and *Fusarium oxysporum*, as well as pigmented fungi such as those producing bis-naphthopyrones. It also consumes dry yeast amended with certain compounds like viomellein or xanthomegnin, and dried baker's yeast . Additionally, it can thrive on black stains, potentially feeding on pigmented fungi associated with these stains .",pmc,fungivore,fungivore,correct,correct,0,0,,2.85
P017,doc_extractive,Folsomia candida,species,0,lab,0,medline,fungivore,the filamentous fungus Aspergillus nidulans || Aspergillus nidulans,the filamentous fungus Aspergillus nidulans,medline,,fungivore,no_answer,correct,1,1,True,1.14
P017,doc_generative,Folsomia candida,species,0,lab,0,medline,fungivore,the filamentous fungus Aspergillus nidulans || Aspergillus nidulans,"Based on the provided documents, Folsomia candida feeds on the filamentous fungus Aspergillus nidulans . The study specifically mentions the interaction between this arthropod and the fungus, indicating that Folsomia candida is a fungivore that consumes A. nidulans.",medline,fungivore,fungivore,correct,correct,1,1,True,0.7
P017,e2e_dense_generative,Folsomia candida,species,0,lab,0,medline,bacterivore|detritivore|fungivore,the filamentous fungus Aspergillus nidulans || Aspergillus nidulans,"Based on the provided documents, *Folsomia candida* primarily feeds on fungal hyphae and bacteria, and to some extent, on dead organic matter and fine roots . They are known to play a role in decomposition processes and nutrient cycling in the soil due to their feeding habits and high population numbers .",pmc,bacterivore|detritivore|fungivore,bacterivore|detritivore|fungivore|herbivore,correct,correct,0,0,,4.16
P017,e2e_sparse_extractive,Folsomia candida,species,0,lab,0,medline,bacterivore|detritivore|fungivore,the filamentous fungus Aspergillus nidulans || Aspergillus nidulans,four maize materials,pmc,,,no_answer,no_answer,0,0,,3.85
P017,e2e_sparse_generative,Folsomia candida,species,0,lab,0,medline,bacterivore|detritivore|fungivore,the filamentous fungus Aspergillus nidulans || Aspergillus nidulans,"Based on the provided documents, Folsomia candida feeds on fungal biomass, including specific fungal species like *Trichoderma* spp. and *Fusarium oxysporum*, as well as pigmented fungi such as those producing bis-naphthopyrones. It also consumes dry yeast amended with certain compounds like viomellein or xanthomegnin, and dried baker's yeast ,,. Additionally, it can thrive on black stain formations, potentially feeding on pigmented fungi associated with these stains .",pmc,fungivore,fungivore,correct,correct,0,0,,2.87
P018,doc_extractive,Folsomia candida,species,1,lab,0,medline,detritivore,S. perfoliatum litter || litter,"euedaphic collembola (Folsomia candida). In experiment 1, litter-derived N flux was determined by adding 15 N-labelled litter, followed by mass spectrometric analysis of N2 and N2 O isotopologues. In experiment 2, the δ18 O values and 15 N site preference of N2 O were determined by isotope ratio mass spectrometry to reveal underlying N2 O formation pathways.


RESULTS
Lumbricus terrestris significantly increased litter-derived N2 emissions in the loamy soil, from 174.5 to 1019.3 μg N2 -N kg-1 soil, but not in the sandy soil (non-significant change from 944.7 to 1054.7 μg N2 -N kg-1 soil). Earthworm feeding on plant litter",medline,,detritivore,no_answer,correct,1,1,True,1.33
P018,doc_generative,Folsomia candida,species,1,lab,0,medline,detritivore,S. perfoliatum litter || litter,"Based on the provided documents, Folsomia candida is described as an euedaphic species, which typically feeds on organic matter in the soil, such as decomposing plant material and microorganisms . However, the specific diet of Folsomia candida is not explicitly detailed in the given text.",medline,,bacterivore|detritivore|fungivore|herbivore|microbivore,no_answer,correct,0,1,True,0.72
P018,e2e_dense_generative,Folsomia candida,species,0,lab,0,medline,bacterivore|detritivore|fungivore,S. perfoliatum litter || litter,"Based on the provided documents, Folsomia candida primarily feeds on fungal hyphae and bacteria, and to some extent, on dead organic matter and fine roots . They are known to play a role in decomposition processes and nutrient cycling in the soil due to their feeding habits and high population numbers .",pmc,bacterivore|detritivore|fungivore,bacterivore|detritivore|fungivore|herbivore,correct,correct,0,0,,4.34
P018,e2e_sparse_extractive,Folsomia candida,species,0,lab,0,medline,bacterivore|detritivore|fungivore,S. perfoliatum litter || litter,four maize materials,pmc,,,no_answer,no_answer,0,0,,3.89
P018,e2e_sparse_generative,Folsomia candida,species,0,lab,0,medline,bacterivore|detritivore|fungivore,S. perfoliatum litter || litter,"Based on the provided documents, Folsomia candida feeds on fungal biomass, including specific fungal species like *Trichoderma* spp. and *Fusarium oxysporum*, as well as pigmented fungi such as those producing bis-naphthopyrones. It also consumes dry yeast amended with certain compounds like viomellein or xanthomegnin, and dried baker's yeast . Additionally, it can thrive on black stains in cave environments, potentially feeding on pigmented fungi associated with these stains .",pmc,fungivore,fungivore,correct,correct,0,0,,2.34
P019,doc_extractive,Folsomia candida,species,1,lab,0,medline,bacterivore,the Streptomyces colonies || Streptomyces,Streptomyces colonies,medline,,bacterivore,no_answer,correct,1,1,True,1.2
P019,doc_generative,Folsomia candida,species,1,lab,0,medline,bacterivore,the Streptomyces colonies || Streptomyces,"Based on the provided documents, Folsomia candida feeds on Streptomyces colonies .",medline,,bacterivore,no_answer,correct,1,1,True,0.34
P019,e2e_dense_generative,Folsomia candida,species,0,lab,0,medline,bacterivore|detritivore|fungivore,the Streptomyces colonies || Streptomyces,"Based on the provided documents, *Folsomia candida* primarily feeds on fungal hyphae and bacteria, and to some extent, on dead organic matter and fine roots . They are also known to consume plant material such as maize .",pmc,bacterivore|detritivore|fungivore|herbivore,bacterivore|detritivore|fungivore|herbivore,correct,correct,0,0,,4.2
P019,e2e_sparse_extractive,Folsomia candida,species,0,lab,0,medline,bacterivore|detritivore|fungivore,the Streptomyces colonies || Streptomyces,four maize materials,pmc,,,no_answer,no_answer,0,0,,3.83
P019,e2e_sparse_generative,Folsomia candida,species,0,lab,0,medline,bacterivore|detritivore|fungivore,the Streptomyces colonies || Streptomyces,"Based on the provided documents, Folsomia candida feeds on fungal biomass, including specific fungal species like *Trichoderma* spp. and *Fusarium oxysporum*, as well as pigmented fungi such as those producing bis-naphthopyrones. It also consumes dry yeast amended with certain compounds like viomellein or xanthomegnin, and dried baker's yeast ,,. Additionally, it can thrive on black stains associated with pigmented fungi in cave environments .",pmc,fungivore,fungivore,correct,correct,0,0,,2.87
P020,doc_extractive,Folsomia candida,species,0,literature,1,pmc,fungivore,black fungi,glucose,pmc,,,no_answer,no_answer,0,1,True,1.29
P020,doc_generative,Folsomia candida,species,0,literature,1,pmc,fungivore,black fungi,"Based on the provided documents, *Folsomia candida* feeds on black stain alterations of rock surfaces, specifically consuming pigmented fungi associated with these stains. The study suggests that these collembola can assimilate pigmented fungi they consume in vitro and potentially carry and spread these fungi within the cave environment .",pmc,fungivore,fungivore,correct,correct,0,1,True,0.69
P020,e2e_dense_generative,Folsomia candida,species,0,literature,1,pmc,bacterivore|detritivore|fungivore,black fungi,"Based on the provided documents, Folsomia candida primarily feeds on fungal hyphae and bacteria, and to some extent, on dead organic matter and fine roots . They are not known to consume plant material directly .",pmc,bacterivore|detritivore|fungivore|herbivore,bacterivore|detritivore|fungivore|herbivore,correct,correct,0,0,,4.3
P020,e2e_sparse_extractive,Folsomia candida,species,0,literature,1,pmc,bacterivore|detritivore|fungivore,black fungi,four maize materials,pmc,,,no_answer,no_answer,0,1,,3.81
P020,e2e_sparse_generative,Folsomia candida,species,0,literature,1,pmc,bacterivore|detritivore|fungivore,black fungi,"Based on the provided documents, Folsomia candida feeds on fungal biomass, including specific fungal species like *Trichoderma* spp. and *Fusarium oxysporum*, as well as pigmented fungi such as those producing bis-naphthopyrones. It also consumes dry yeast amended with certain compounds like viomellein or xanthomegnin, and dried baker's yeast ,,. Additionally, it can thrive on black stain formations, potentially feeding on pigmented fungi associated with these stains .",pmc,fungivore,fungivore,correct,correct,0,1,,2.78
P021,doc_extractive,Folsomia candida,species,0,literature,0,pmc,fungivore,the external hyphae of AMF || hyphae of AMF || AMF,AMF,pmc,,fungivore,no_answer,correct,1,1,True,1.3
P021,doc_generative,Folsomia candida,species,0,literature,0,pmc,fungivore,the external hyphae of AMF || hyphae of AMF || AMF,"Based on the provided documents, *Folsomia candida* feeds on the external hyphae of arbuscular mycorrhizal fungi (AMF) . This feeding behavior can potentially reduce the efficacy of mycorrhizae on plants by affecting fungal structures .",pmc,fungivore,fungivore,correct,correct,1,1,True,0.71
P021,e2e_dense_generative,Folsomia candida,species,0,literature,0,pmc,bacterivore|detritivore|fungivore,the external hyphae of AMF || hyphae of AMF || AMF,"Based on the provided documents, *Folsomia candida* primarily feeds on fungal hyphae and bacteria, and to some extent, on dead organic matter and fine roots . They are also known to consume plant material such as maize, as indicated by enzymatic activity analysis in studies involving different maize varieties .",pmc,bacterivore|detritivore|fungivore|herbivore,bacterivore|detritivore|fungivore|herbivore,correct,correct,0,0,,4.13
P021,e2e_sparse_extractive,Folsomia candida,species,0,literature,0,pmc,bacterivore|detritivore|fungivore,the external hyphae of AMF || hyphae of AMF || AMF,four maize materials,pmc,,,no_answer,no_answer,0,0,,3.93
P021,e2e_sparse_generative,Folsomia candida,species,0,literature,0,pmc,bacterivore|detritivore|fungivore,the external hyphae of AMF || hyphae of AMF || AMF,"Based on the provided documents, Folsomia candida feeds on fungal biomass, including specific fungal species like *Trichoderma* spp. and *Fusarium oxysporum*, as well as pigmented fungi such as those producing bis-naphthopyrones. It also consumes dry yeast amended with certain compounds like viomellein or xanthomegnin, and dried baker's yeast . Additionally, it can thrive on black stains, potentially feeding on pigmented fungi associated with these stains .",pmc,fungivore,fungivore,correct,correct,0,0,,2.3
P022,doc_extractive,Folsomia candida,species,0,literature,0,pmc,fungivore,fungi growing on organic surfaces || fungi,deterrents,pmc,,,no_answer,no_answer,0,1,True,1.27
P022,doc_generative,Folsomia candida,species,0,literature,0,pmc,fungivore,fungi growing on organic surfaces || fungi,"Based on the provided documents, Folsomia candida is described as grazing on the fungal hyphae of arbuscular mycorrhizal fungi (AMF) . This feeding behavior is part of a tritrophic interaction involving plants, AMF, and F. candida . No specific details about other potential food sources are mentioned in the given texts.",pmc,,fungivore,no_answer,correct,1,1,True,0.82
P022,e2e_dense_generative,Folsomia candida,species,0,literature,0,pmc,bacterivore|detritivore|fungivore,fungi growing on organic surfaces || fungi,"Based on the provided documents, *Folsomia candida* primarily feeds on fungal hyphae and bacteria, and to some extent, on dead organic matter and fine roots . They are known to play a role in decomposition processes and nutrient cycling in soil due to their feeding habits and high population densities .",pmc,bacterivore|detritivore|fungivore,bacterivore|detritivore|fungivore|herbivore,correct,correct,0,0,,4.27
P022,e2e_sparse_extractive,Folsomia candida,species,0,literature,0,pmc,bacterivore|detritivore|fungivore,fungi growing on organic surfaces || fungi,four maize materials,pmc,,,no_answer,no_answer,0,0,,3.82
P022,e2e_sparse_generative,Folsomia candida,species,0,literature,0,pmc,bacterivore|detritivore|fungivore,fungi growing on organic surfaces || fungi,"Based on the provided documents, Folsomia candida feeds on fungal biomass, including specific fungal species like *Trichoderma* spp. and *Fusarium oxysporum*, as well as pigmented fungi such as those producing bis-naphthopyrones. It also consumes dry yeast amended with certain compounds like viomellein or xanthomegnin, and dried baker's yeast ,,. Additionally, it can thrive on black stains associated with pigmented fungi in cave environments .",pmc,fungivore,fungivore,correct,correct,1,0,,2.68
P023,doc_extractive,Folsomia candida,species,0,lab,0,medline,fungivore,seven saprophytic fungal species || saprophytic fungal species || fungi,saprophytic fungal species/forms,medline,,fungivore,no_answer,correct,1,1,True,1.22
P023,doc_generative,Folsomia candida,species,0,lab,0,medline,fungivore,seven saprophytic fungal species || saprophytic fungal species || fungi,"Based on the provided documents, Folsomia candida feeds on various fungal species, including the wild type and a melanin-deficient form of *Aspergillus fumigatus*, as well as mixed diets containing different fungal species such as *Cladosporium cladosporioides* . The study indicates that both *Folsomia candida* and *Protaphorura armata* prefer similar fungal species as food .",medline,fungivore|omnivore,fungivore|omnivore,correct,correct,0,1,True,0.93
P023,e2e_dense_generative,Folsomia candida,species,0,lab,0,medline,bacterivore|detritivore|fungivore,seven saprophytic fungal species || saprophytic fungal species || fungi,"Based on the provided documents, Folsomia candida primarily feeds on fungal hyphae and bacteria, and to some extent, on dead organic matter and fine roots . They are known to play a role in decomposition processes and nutrient cycling in the soil due to their feeding habits and high population densities .",pmc,bacterivore|detritivore|fungivore,bacterivore|detritivore|fungivore|herbivore,correct,correct,0,1,,4.19
P023,e2e_sparse_extractive,Folsomia candida,species,0,lab,0,medline,bacterivore|detritivore|fungivore,seven saprophytic fungal species || saprophytic fungal species || fungi,four maize materials,pmc,,,no_answer,no_answer,0,0,,3.86
P023,e2e_sparse_generative,Folsomia candida,species,0,lab,0,medline,bacterivore|detritivore|fungivore,seven saprophytic fungal species || saprophytic fungal species || fungi,"Based on the provided documents, Folsomia candida feeds on fungal biomass, including specific fungal species like *Trichoderma* spp. and *Fusarium oxysporum*, as well as pigmented fungi such as those producing bis-naphthopyrones. It also consumes dry yeast amended with certain compounds like viomellein or xanthomegnin, and dried baker's yeast . Additionally, it can thrive on black stains in cave environments, potentially feeding on pigmented fungi associated with these stains .",pmc,fungivore,fungivore,correct,correct,1,1,,2.8
P024,doc_extractive,Folsomia candida,species,0,lab,0,pmc,fungivore,T. virens || Trichoderma virens || T. virens Gv29.8,the mycelium,pmc,,fungivore,no_answer,correct,0,1,True,1.4
P024,doc_generative,Folsomia candida,species,0,lab,0,pmc,fungivore,T. virens || Trichoderma virens || T. virens Gv29.8,"Based on the provided documents, Folsomia candida feeds on Trichoderma harzianum and Trichoderma polysporum . The ecological functions of fungal sesquiterpenes in the food preference and fitness of soil Collembola are discussed in relation to these fungal substrates .",pmc,,fungivore,no_answer,correct,0,1,True,0.7
P024,e2e_dense_generative,Folsomia candida,species,0,lab,0,pmc,bacterivore|detritivore|fungivore,T. virens || Trichoderma virens || T. virens Gv29.8,"Based on the provided documents, Folsomia candida primarily feeds on fungal hyphae and bacteria, and to some extent, on dead organic matter and fine roots . They are not known to feed on living plant tissue or other organisms directly .",pmc,bacterivore|detritivore|fungivore|herbivore,bacterivore|detritivore|fungivore|herbivore,correct,correct,0,0,,4.1
P024,e2e_sparse_extractive,Folsomia candida,species,0,lab,0,pmc,bacterivore|detritivore|fungivore,T. virens || Trichoderma virens || T. virens Gv29.8,four maize materials,pmc,,,no_answer,no_answer,0,0,,3.79
P024,e2e_sparse_generative,Folsomia candida,species,0,lab,0,pmc,bacterivore|detritivore|fungivore,T. virens || Trichoderma virens || T. virens Gv29.8,"Based on the provided documents, Folsomia candida feeds on fungal biomass, including specific fungal species like *Trichoderma* spp. and *Fusarium oxysporum*, as well as pigmented fungi such as those producing bis-naphthopyrones. It also consumes dry yeast amended with certain compounds like viomellein or xanthomegnin, and dried baker's yeast ,,. Additionally, it can thrive on black stains, potentially assimilating pigmented fungi found in such environments .",pmc,fungivore,fungivore,correct,correct,0,0,,2.87
P025,doc_extractive,Folsomia candida,species,0,literature,0,pmc,fungivore,preferred fungal species || fungal species || fungi,bola,pmc,,,no_answer,no_answer,0,1,True,1.26
P025,doc_generative,Folsomia candida,species,0,literature,0,pmc,fungivore,preferred fungal species || fungal species || fungi,"Based on the provided documents, *Folsomia candida* feeds on microbial colonization of food, specifically leaf litter biofilms, which contribute to its nutrition through the degradation of cellulose and potential provision of limiting nutrients . The exact composition of their diet includes microorganisms associated with the biofilm rather than directly consuming plant material .",pmc,algivore|bacterivore|fungivore|herbivore|microbivore,algivore|bacterivore|detritivore|fungivore|herbivore|microbivore,correct,correct,0,1,True,0.73
P025,e2e_dense_generative,Folsomia candida,species,0,literature,0,pmc,bacterivore|detritivore|fungivore,preferred fungal species || fungal species || fungi,"Based on the provided documents, Folsomia candida primarily feeds on fungal hyphae and bacteria, and to some extent, on dead organic matter and fine roots . They are also known to consume plant material such as maize .",pmc,bacterivore|detritivore|fungivore|herbivore,bacterivore|detritivore|fungivore|herbivore,correct,correct,0,0,,3.86
P025,e2e_sparse_extractive,Folsomia candida,species,0,literature,0,pmc,bacterivore|detritivore|fungivore,preferred fungal species || fungal species || fungi,four maize materials,pmc,,,no_answer,no_answer,0,0,,3.89
P025,e2e_sparse_generative,Folsomia candida,species,0,literature,0,pmc,bacterivore|detritivore|fungivore,preferred fungal species || fungal species || fungi,"Based on the provided documents, Folsomia candida feeds on fungal biomass, including specific fungal species like *Trichoderma* spp. and *Fusarium oxysporum*, as well as pigmented fungi such as those producing bis-naphthopyrones. It also consumes dry yeast amended with certain compounds like viomellein or xanthomegnin, and dried baker's yeast . Additionally, it can thrive on black stains in cave environments, potentially feeding on pigmented fungi associated with these stains .",pmc,fungivore,fungivore,correct,correct,1,0,,2.74
P026,doc_extractive,Folsomia candida,species,0,literature,0,pmc,fungivore,fungi without chemical defenses || fungi without repellant crystalline structures || modified A. nidulans || fungi,A. nidulans,pmc,,fungivore,no_answer,correct,0,1,True,1.51
P026,doc_generative,Folsomia candida,species,0,literature,0,pmc,fungivore,fungi without chemical defenses || fungi without repellant crystalline structures || modified A. nidulans || fungi,"Based on the provided documents, Folsomia candida feeds on fungi, specifically Aspergillus nidulans. It preferentially consumes modified A. nidulans lacking certain secondary metabolites (SMs) and crystalline structures, which suggests a preference for less defended fungal species .",pmc,fungivore,fungivore,correct,correct,1,1,True,0.65
P026,e2e_dense_generative,Folsomia candida,species,0,literature,0,pmc,bacterivore|detritivore|fungivore,fungi without chemical defenses || fungi without repellant crystalline structures || modified A. nidulans || fungi,"Based on the provided documents, *Folsomia candida* primarily feeds on fungal hyphae and bacteria, and to some extent, on dead organic matter and fine roots . They are also known to consume plant material such as maize .",pmc,bacterivore|detritivore|fungivore|herbivore,bacterivore|detritivore|fungivore|herbivore,correct,correct,0,0,,3.92
P026,e2e_sparse_extractive,Folsomia candida,species,0,literature,0,pmc,bacterivore|detritivore|fungivore,fungi without chemical defenses || fungi without repellant crystalline structures || modified A. nidulans || fungi,four maize materials,pmc,,,no_answer,no_answer,0,0,,3.76
P026,e2e_sparse_generative,Folsomia candida,species,0,literature,0,pmc,bacterivore|detritivore|fungivore,fungi without chemical defenses || fungi without repellant crystalline structures || modified A. nidulans || fungi,"Based on the provided documents, Folsomia candida feeds on fungal biomass, including specific fungal species like *Trichoderma* spp. and *Fusarium oxysporum*, as well as pigmented fungi such as those producing bis-naphthopyrones. It also consumes dry yeast amended with certain compounds like viomellein or xanthomegnin, and dried baker's yeast . Additionally, it can thrive on black stains in cave environments, potentially feeding on pigmented fungi associated with these stains .",pmc,fungivore,fungivore,correct,correct,1,0,,2.83
P027,doc_extractive,Folsomia fimetaria,species,0,lab,0,medline,bacterivore|microbivore,bacteria and protozoa || bacteria,Barley straw,medline,,,no_answer,no_answer,0,1,True,1.17
P027,doc_generative,Folsomia fimetaria,species,0,lab,0,medline,bacterivore|microbivore,bacteria and protozoa || bacteria,"Based on the provided documents, Folsomia fimetaria is described as feeding on barley straw and associated microbial communities. This is inferred from the experimental setup where they were introduced to barley straw along with a natural soil microflora, suggesting their role in decomposing plant material and interacting with microbes .",medline,bacterivore|fungivore|microbivore,bacterivore|detritivore|fungivore|herbivore|microbivore,correct,correct,0,1,True,0.74
P027,e2e_sparse_extractive,Folsomia fimetaria,species,0,lab,0,medline,bacterivore|microbivore,bacteria and protozoa || bacteria,springtail,pmc,,,no_answer,no_answer,0,1,,5.65
P027,e2e_sparse_generative,Folsomia fimetaria,species,0,lab,0,medline,bacterivore|microbivore,bacteria and protozoa || bacteria,"Based on the provided documents, Folsomia fimetaria is noted to feed on fungi, specifically showing a preference for *Alternaria alternata* over *Fusarium oxysporum*, and generally avoiding *Trichoderma viride* . Additionally, it is mentioned that these springtails may consume organic matter in soil, which can include decomposing plant material and other detritus . No direct mention of specific food sources beyond fungi and organic matter is provided in the given texts.",pmc,,detritivore|fungivore|herbivore,no_answer,correct,0,1,,2.46
P028,doc_extractive,Folsomia fimetarioides,species,0,lab,0,medline,fungivore,metal-tolerant fungi || fungi,fungi,medline,,fungivore,no_answer,correct,1,1,True,1.13
P028,doc_generative,Folsomia fimetarioides,species,0,lab,0,medline,fungivore,metal-tolerant fungi || fungi,"Based on the provided documents, Folsomia fimetarioides shows a higher preference for metal-tolerant fungi compared to Isotomiella minor . However, the specific diet of Folsomia fimetarioides is not explicitly stated in the given text. The study focuses on their feeding preferences regarding fungal substrates with varying levels of metal contamination rather than detailing their exact dietary composition. Therefore, additional research would be needed to determine the full range of what Folsomia fimetarioides feeds on.",medline,fungivore,fungivore,correct,correct,1,1,True,1.13
P028,e2e_dense_generative,Folsomia fimetarioides,species,0,lab,0,medline,fungivore,metal-tolerant fungi || fungi,"Based on the provided documents, Folsomia fimetarioides shows a higher preference for metal-tolerant fungi compared to Isotomiella minor when given choices between different fungal types . However, specific details about its dietary preferences beyond fungi are not explicitly mentioned in the sources.",medline,,fungivore,no_answer,correct,1,1,,4.59
P028,e2e_sparse_extractive,Folsomia fimetarioides,species,0,lab,0,medline,fungivore,metal-tolerant fungi || fungi,four maize materials,pmc,,,no_answer,no_answer,0,1,,5.12
P028,e2e_sparse_generative,Folsomia fimetarioides,species,0,lab,0,medline,fungivore,metal-tolerant fungi || fungi,"Based on the provided documents, Folsomia fimetarioides feeds on metal-tolerant fungi and avoids polluted substrates . There is no direct mention of its diet beyond this context.",medline,,fungivore,no_answer,correct,1,1,,2.57
P029,doc_extractive,Folsomia octoculata,species,0,isotope,1,pmc,fungivore|herbivore,root-derived carbon || mycorrhizal fungi,mycorrhizal fungi,pmc,,fungivore,no_answer,correct,1,1,True,0.56
P029,doc_generative,Folsomia octoculata,species,0,isotope,1,pmc,fungivore|herbivore,root-derived carbon || mycorrhizal fungi,"Based on the provided documents, Folsomia octoculata feeds on microorganisms, microbial residues, or other isotopically enriched resources, especially at higher elevations . The study indicates that this species exhibits a significant trophic shift towards these food sources as elevation increases .",pmc,bacterivore|fungivore|microbivore,bacterivore|fungivore|microbivore,correct,correct,0,1,True,0.66
P029,e2e_dense_generative,Folsomia octoculata,species,0,isotope,1,pmc,fungivore|herbivore,root-derived carbon || mycorrhizal fungi,"Based on the provided documents, Folsomia octoculata feeds on small invertebrates, specifically mentioning A. aquaticus and, to a lesser extent, L. peregra . However, it is important to note that Folsomia octoculata is actually a type of springtail, not a leech, and thus its diet differs from that of leeches like Erpobdella octoculata, which feed on blood and small invertebrates .",pmc,,predator,no_answer,wrong,0,0,,5.19
P029,e2e_sparse_extractive,Folsomia octoculata,species,0,isotope,1,pmc,fungivore|herbivore,root-derived carbon || mycorrhizal fungi,dead organic matter and soil microorganisms,pmc,,bacterivore|detritivore|fungivore|microbivore,no_answer,correct,0,1,,5.07
P029,e2e_sparse_generative,Folsomia octoculata,species,0,isotope,1,pmc,fungivore|herbivore,root-derived carbon || mycorrhizal fungi,"Based on the provided documents, Folsomia octoculata feeds on microorganisms, microbial residues, or other isotopically enriched resources, especially at higher elevations . This dietary preference is linked to changes in trophic niche positioning with elevation .",pmc,bacterivore|fungivore|microbivore,bacterivore|fungivore|microbivore,correct,correct,0,1,,2.34
P030,doc_extractive,Folsomia quadrioculata,species,1,literature,0,pmc,detritivore,litter,litter,pmc,,detritivore,no_answer,correct,1,1,True,0.57
P030,doc_generative,Folsomia quadrioculata,species,1,literature,0,pmc,detritivore,litter,"Based on the provided documents, Folsomia quadrioculata is described as a typical primary decomposer that feeds predominantly on litter . This indicates its diet consists primarily of organic matter derived from dead plant material. No further details about specific dietary components are given in the source text.",pmc,detritivore|herbivore,detritivore|herbivore,correct,correct,1,1,True,0.65
P030,e2e_dense_generative,Folsomia quadrioculata,species,1,literature,0,pmc,detritivore,litter,"Based on the provided documents, Folsomia quadrioculata is described as a litter-dwelling species . While specific feeding habits are not explicitly mentioned, its classification as a litter-dweller suggests it likely feeds on organic matter present in leaf litter, such as decaying plant material and fungal biomass . This aligns with the general diet of many Collembola species, which are detritivores .",pmc,,detritivore|fungivore|herbivore,no_answer,correct,1,0,,4.91
P030,e2e_sparse_extractive,Folsomia quadrioculata,species,1,literature,0,pmc,detritivore,litter,springtails,medline,,,no_answer,no_answer,0,1,,5.68
P030,e2e_sparse_generative,Folsomia quadrioculata,species,1,literature,0,pmc,detritivore,litter,"Based on the provided documents, Folsomia quadrioculata is described as a typical primary decomposer that feeds predominantly on litter . This indicates that its diet consists mainly of organic matter derived from dead plants and other detrital material.",pmc,detritivore,detritivore,correct,correct,1,1,,2.15
P031,doc_extractive,Heteromurus nitidus,species,1,literature,1,pmc,predator,nematodes,nematodes,pmc,,predator,no_answer,correct,1,1,True,1.58
P031,doc_generative,Heteromurus nitidus,species,1,literature,1,pmc,predator,nematodes,"Based on the provided documents, Heteromurus nitidus may feed on nematodes . This dietary preference is noted among frequent cave inhabitants like F. candida and Heteromurus nitidus .",pmc,,predator,no_answer,correct,1,1,True,0.54
P031,e2e_dense_generative,Heteromurus nitidus,species,0,literature,1,pmc,fungivore|predator,nematodes,"Based on the provided documents, Heteromurus nitidus feeds on nematodes, as indicated by Lee and Widden (1996) and Fiera (2014) . Additionally, it exhibits avoidance behavior toward chitinase-producing fungi such as Trichoderma . There is no direct mention of its dietary preferences beyond nematodes and interactions with fungi.",pmc,,fungivore|predator,no_answer,correct,1,1,,4.61
P031,e2e_sparse_extractive,Heteromurus nitidus,species,0,literature,1,pmc,fungivore|predator,nematodes,nematodes,pmc,,predator,no_answer,correct,1,1,,5.32
P031,e2e_sparse_generative,Heteromurus nitidus,species,0,literature,1,pmc,fungivore|predator,nematodes,"Based on the provided documents, *Heteromurus nitidus* feeds on organic material in soil and forms horizontal burrows . It is also noted to potentially feed on nematodes , and it has been observed to exhibit avoidance behavior toward certain fungi like *Trichoderma*, suggesting possible interactions with these organisms . Additionally, it is described as a flexible forager capable of consuming fungal hyphae, bacteria, or detritus depending on resource availability .",pmc,,bacterivore|detritivore|fungivore|predator,no_answer,correct,1,1,,2.42
P032,doc_extractive,Heteromurus nitidus,species,0,lab,0,medline,fungivore,Zymoseptoria tritici || Z. tritici || fungal pathogen,wheat fungal pathogen Zymoseptoria tritici on infected tissues,medline,,fungivore,no_answer,correct,1,1,True,1.23
P032,doc_generative,Heteromurus nitidus,species,0,lab,0,medline,fungivore,Zymoseptoria tritici || Z. tritici || fungal pathogen,"Based on the provided documents, Heteromurus nitidus feeds on the wheat fungal pathogen Zymoseptoria tritici, specifically grazing on it on infected plant tissues . It shows attraction towards fresh residue of the host plants, which suggests its feeding behavior is associated with the presence of the fungus .",medline,fungivore|herbivore,fungivore|herbivore,correct,correct,1,1,True,0.76
P032,e2e_dense_generative,Heteromurus nitidus,species,0,lab,0,medline,fungivore|predator,Zymoseptoria tritici || Z. tritici || fungal pathogen,"Based on the provided documents, Heteromurus nitidus feeds on a variety of food sources, including nematodes and possibly other small organisms found in cave environments . It also shows avoidance behavior toward certain fungi, such as those producing chitinase, indicating that these fungi are not part of its diet . Additionally, it is mentioned as a potential prey item for rove beetles . However, specific details about its dietary preferences beyond these observations are limited in the given sources.",pmc,fungivore|predator,fungivore|omnivore|predator,correct,correct,0,1,,4.39
P032,e2e_sparse_extractive,Heteromurus nitidus,species,0,lab,0,medline,fungivore|predator,Zymoseptoria tritici || Z. tritici || fungal pathogen,nematodes,pmc,,predator,no_answer,correct,0,1,,4.28
P032,e2e_sparse_generative,Heteromurus nitidus,species,0,lab,0,medline,fungivore|predator,Zymoseptoria tritici || Z. tritici || fungal pathogen,"Based on the provided documents, *Heteromurus nitidus* feeds on organic material in soil and can also consume fungal hyphae, bacteria, or detritus depending on resource availability . It has been noted to potentially feed on nematodes as well . Additionally, it exhibits avoidance behavior toward certain fungi like *Trichoderma*, suggesting these may not be part of its regular diet .",pmc,bacterivore|detritivore|fungivore,bacterivore|detritivore|fungivore|predator,correct,correct,0,1,,1.99
P033,doc_extractive,Isotoma caerulea,species,1,isotope,0,medline,detritivore|herbivore,plant litter and root exudates || plant litter || root exudates,plant litter and root exudates,medline,,detritivore|herbivore,no_answer,correct,1,1,True,1.18
P033,doc_generative,Isotoma caerulea,species,1,isotope,0,medline,detritivore|herbivore,plant litter and root exudates || plant litter || root exudates,"Based on the provided documents, Isotoma caerulea feeds on important resources such as young plant material and microorganisms . The study indicates that its dietary composition may shift under different environmental conditions like drought and farming practices, as evidenced by changes in isotopic signatures .",medline,bacterivore|fungivore|herbivore|microbivore,bacterivore|fungivore|herbivore|microbivore,correct,correct,0,1,True,0.69
P033,e2e_dense_generative,Isotoma caerulea,species,1,isotope,0,medline,detritivore|herbivore,plant litter and root exudates || plant litter || root exudates,"Based on the provided documents, Isotoma caerulea feeds on older plant material and microorganisms, as indicated by isotopic analysis showing a shift towards these resources in their diet compared to younger substrates . This suggests that Isotoma caerulea utilizes both plant matter and microbial components as part of its dietary preferences.",pmc,bacterivore|fungivore|herbivore|microbivore,bacterivore|fungivore|herbivore|microbivore,correct,correct,0,1,,4.42
P033,e2e_sparse_extractive,Isotoma caerulea,species,1,isotope,0,medline,detritivore|herbivore,plant litter and root exudates || plant litter || root exudates,Ludwigia,plazi,,,no_answer,no_answer,0,1,,5.13
P033,e2e_sparse_generative,Isotoma caerulea,species,1,isotope,0,medline,detritivore|herbivore,plant litter and root exudates || plant litter || root exudates,"Based on the provided documents, Isotoma caerulea is noted to have a diet that includes older plant material and microorganisms, particularly in the context of its trophic niche adjustments under different environmental conditions such as drought and farming systems . Additionally, it is mentioned as a generalist species capable of adjusting its food choices depending on availability, similar to other Collembola like Isotoma viridis . These findings suggest that Isotoma caerulea's diet can vary, incorporating both plant-derived materials and microbial resources.",pmc,bacterivore|fungivore|herbivore|microbivore,bacterivore|fungivore|herbivore|microbivore|omnivore,correct,correct,0,1,,2.21
P034,doc_extractive,Isotoma viridis,species,0,gut,0,pmc,algivore|fungivore,Fungal hyphae || Fungal spores || Diatom algae,Collembola,pmc,,,no_answer,no_answer,0,1,True,0.62
P034,doc_generative,Isotoma viridis,species,0,gut,0,pmc,algivore|fungivore,Fungal hyphae || Fungal spores || Diatom algae,"Based on the provided documents, *Isotoma viridis* adjusts its diet depending on the age of the ground. On three-year-old ground, it primarily consumes mineral particles, while on older grounds (30–40 years and 63 years), it feeds on fungal hyphae and spores, becoming a typical fungal feeder .",pmc,fungivore,fungivore,correct,correct,1,1,True,0.72
P034,e2e_dense_generative,Isotoma viridis,species,0,gut,0,pmc,algivore|detritivore|fungivore|microbivore,Fungal hyphae || Fungal spores || Diatom algae,"Based on the provided documents, 13C and 15N isotopic analyses suggest that *Isotoma viridis* feeds on a diet that can include minerals, biofilms, and later, fungal material depending on environmental conditions . Additionally, it has been noted that this species can adapt its feeding habits over time, transitioning from consuming mineral particles and biofilms to becoming a typical fungal feeder in older soils .",pmc,algivore|fungivore,algivore|fungivore,correct,correct,0,1,,4.71
P034,e2e_sparse_extractive,Isotoma viridis,species,0,gut,0,pmc,algivore|detritivore|fungivore|microbivore,Fungal hyphae || Fungal spores || Diatom algae,Collembola,pmc,,,no_answer,no_answer,0,0,,5.27
P034,e2e_sparse_generative,Isotoma viridis,species,0,gut,0,pmc,algivore|detritivore|fungivore|microbivore,Fungal hyphae || Fungal spores || Diatom algae,"Based on the provided documents, *Isotoma viridis* exhibits a flexible diet that varies depending on the age of the substrate. On young substrates (3-year-old ground), it primarily consumes mineral particles, while on older substrates (30–40 years old), it ingests fungal hyphae and spores. On even older substrates (63 years old), it becomes a typical fungal feeder . Additionally, its dietary preferences can be influenced by surrounding vegetation; for instance, in the presence of grasses, its nitrogen isotopic signature changes, suggesting shifts in nutrient intake .",pmc,fungivore,fungivore,correct,correct,1,1,,2.91
P035,doc_extractive,Isotoma viridis,species,0,isotope,1,pmc,detritivore|microbivore,dead organic matter || microorganisms,"Lepidocyrtus cyaneus, Isotoma viridis, Parisotoma notabilis, Ceratophysella sp., and Stenaphorura denisi (all Collembola, secondary decomposers), and Lasioseius berlesei (Gamasina, predator). All of these species are abundant and widespread in grasslands and other ecosystems in Central Europe including the field site of the Jena Experiment (González‐Macé & Scheu, 2018; Sabais et al., 2011).
Microbial biomass N",pmc,detritivore|predator,bacterivore|detritivore|fungivore|microbivore|predator,correct,correct,0,1,True,1.27
P035,doc_generative,Isotoma viridis,species,0,isotope,1,pmc,detritivore|microbivore,dead organic matter || microorganisms,"Based on the provided documents, there is no specific information about the diet of *Isotoma viridis*. The text mentions *Isotoma viridis* in the context of a figure caption related to 15N values and plant community composition, but it does not specify what this species feeds on . Further research would be needed to determine its dietary preferences.",pmc,,,no_answer,no_answer,0,1,True,0.87
P035,e2e_dense_generative,Isotoma viridis,species,0,isotope,1,pmc,algivore|detritivore|fungivore|microbivore,dead organic matter || microorganisms,"Based on the provided documents, *Isotoma viridis* feeds on a variety of resources including mineral particles, biofilms, fungal hyphae, spores, and possibly other organic matter depending on the age and conditions of the habitat . It is noted as a generalist feeder among Collembola .",pmc,algivore|detritivore|fungivore,algivore|detritivore|fungivore|omnivore,correct,correct,0,0,,4.4
P035,e2e_sparse_extractive,Isotoma viridis,species,0,isotope,1,pmc,algivore|detritivore|fungivore|microbivore,dead organic matter || microorganisms,Collembola,pmc,,,no_answer,no_answer,0,0,,4.25
P035,e2e_sparse_generative,Isotoma viridis,species,0,isotope,1,pmc,algivore|detritivore|fungivore|microbivore,dead organic matter || microorganisms,"Based on the provided documents, *Isotoma viridis* exhibits a flexible diet that varies depending on the age of the substrate. On three-year-old ground, it primarily consumes mineral particles, while on 30–40-year-old ground, it ingests fungal hyphae and spores. On 63-year-old ground, it becomes a typical fungal feeder . Additionally, its dietary preferences can be influenced by plant community composition, though specific details about its feeding habits under different conditions are limited in the given sources.",pmc,fungivore,fungivore,correct,correct,0,0,,2.35
P036,doc_extractive,Isotomiella minor,species,1,literature,1,pmc,bacterivore,bacteria,bacteria,pmc,,bacterivore,no_answer,correct,1,1,True,0.56
P036,doc_generative,Isotomiella minor,species,1,literature,1,pmc,bacterivore,bacteria,"Based on the provided documents, there is no specific information given about the feeding habits of *Isotomiella minor*. The text mentions that *Ceratophysella denticulata* feeds on organic matter in the soil, but this detail is not explicitly stated for *Isotomiella minor* . Therefore, the dietary preferences of *I. minor* remain unspecified in the available sources.",pmc,,detritivore,no_answer,wrong,0,1,True,0.87
P036,e2e_sparse_extractive,Isotomiella minor,species,0,literature,1,pmc,bacterivore|fungivore,bacteria,bacteria,pmc,,bacterivore,no_answer,correct,1,1,,5.02
P036,e2e_sparse_generative,Isotomiella minor,species,0,literature,1,pmc,bacterivore|fungivore,bacteria,"Based on the provided documents, there is no explicit mention of what Isotomiella minor feeds on. However, it is noted that Ceratophysella denticulata feeds on organic matter in the soil . For Isotomiella minor, further research would be required to determine its specific dietary preferences.",pmc,,detritivore,no_answer,wrong,0,1,,1.88
P037,doc_extractive,Isotomiella minor,species,0,lab,0,medline,fungivore,fungi of different metal tolerance || fungi,"metal polluted soil.. Food preference, metal avoidance behaviour and desiccation tolerance were investigated for two collembolan species, Folsomia fimetarioides and Isotomiella minor, in order to test some hypotheses for their different distributions in relation to a heavy metal gradient. F. fimetarioides showed a higher preference for metal tolerant fungi",medline,,fungivore,no_answer,correct,1,1,True,0.4
P037,doc_generative,Isotomiella minor,species,0,lab,0,medline,fungivore,fungi of different metal tolerance || fungi,"Based on the provided documents, Isotomiella minor feeds on fungi, as both species were tested for their preferences regarding fungal diets with varying metal tolerances . The study specifically mentions that F. fimetarioides showed a higher preference for metal-tolerant fungi compared to I. minor, indicating that I. minor also consumes fungi but may have a lower selectivity or tolerance towards certain types of fungi . No further details about specific fungal species consumed by I. minor are given in the text.",medline,fungivore,fungivore,correct,correct,1,1,True,0.98
P037,e2e_sparse_extractive,Isotomiella minor,species,0,lab,0,medline,bacterivore|fungivore,fungi of different metal tolerance || fungi,bacteria,pmc,,bacterivore,no_answer,correct,0,1,,3.87
P037,e2e_sparse_generative,Isotomiella minor,species,0,lab,0,medline,bacterivore|fungivore,fungi of different metal tolerance || fungi,"Based on the provided documents, there is no explicit mention of what Isotomiella minor feeds on. However, it is noted that Isotomiella minor is an euedaphic species, meaning it inhabits deeper soil layers, which suggests it may feed on organic matter or microorganisms present in the soil . Further research would be required to determine its specific diet.",pmc,,bacterivore|detritivore|fungivore|microbivore,no_answer,correct,0,1,,1.72
P038,doc_extractive,Isotomurus palustris,species,1,literature,0,pmc,predator,nematodes || nematode,nematode,pmc,,predator,no_answer,correct,1,1,True,1.28
P038,doc_generative,Isotomurus palustris,species,1,literature,0,pmc,predator,nematodes || nematode,"Based on the provided documents, Isotomurus palustris feeds on nematodes, specifically those found in cysts of *Heterodera cruciferae* . This feeding behavior is part of the role that certain collembolans play in pest suppression by preying on plant-parasitic nematodes.",pmc,predator,predator,correct,correct,1,1,True,0.72
P038,e2e_dense_generative,Isotomurus palustris,species,1,literature,0,pmc,predator,nematodes || nematode,"Based on the provided documents, *Isotomurus palustris* feeds on nematodes, specifically the cysts of *Heterodera cruciferae*, which it perforates and consumes the nematodes within the cysts . There is no additional specific dietary information provided about *I. palustris* beyond its interaction with nematodes.",pmc,predator,predator,correct,correct,1,1,,4.54
P038,e2e_sparse_extractive,Isotomurus palustris,species,1,literature,0,pmc,predator,nematodes || nematode,nematode,pmc,,predator,no_answer,correct,1,1,,5.04
P038,e2e_sparse_generative,Isotomurus palustris,species,1,literature,0,pmc,predator,nematodes || nematode,"Based on the provided documents, *Isotomurus palustris* feeds on nematodes, specifically the cysts of *Heterodera cruciferae*, as it perforates these cysts and consumes the nematodes within . Additionally, it is noted to be an epineustic species that inhabits moist environments, suggesting a diet possibly including organic matter and other small organisms found in such habitats .",pmc,predator,detritivore|predator,correct,correct,1,1,,2.34
P039,doc_extractive,Lepidocyrtus chorus,species,0,gut,0,plazi,fungivore|herbivore,pollen || plant material || fungal hyphae,pollen grains,plazi,,herbivore,no_answer,correct,1,1,True,1.33
P039,doc_generative,Lepidocyrtus chorus,species,0,gut,0,plazi,fungivore|herbivore,pollen || plant material || fungal hyphae,"Based on the provided documents, *Lepidocyrtus chorus* sp. nov. primarily feeds on pollen grains, particularly during the bloom of certain plants. Some pollen grains found in its gut showed signs of digestion, suggesting an exclusive or predominant diet of pollen. However, it may also exhibit opportunistic feeding behavior outside of blooming periods .",plazi,herbivore,herbivore|omnivore,correct,correct,1,1,True,0.82
P039,e2e_dense_generative,Lepidocyrtus chorus,species,0,gut,0,plazi,fungivore|herbivore,pollen || plant material || fungal hyphae,"Based on the provided documents, Lepidocyrtus chorus sp. nov. feeds exclusively on pollen grains during the bloom of certain plants and may also feed opportunistically during other seasons . The mandibular molar plate of L. chorus sp. nov. is adapted for digesting pollen grains, as some pollen grains found in its gut had broken walls indicating digestion .",plazi,,herbivore|omnivore,no_answer,correct,1,1,,5.0
P039,e2e_sparse_extractive,Lepidocyrtus chorus,species,0,gut,0,plazi,fungivore|herbivore,pollen || plant material || fungal hyphae,Panamanian and the Mesoamerican hotspot species,medline,,,no_answer,no_answer,0,1,,5.23
P039,e2e_sparse_generative,Lepidocyrtus chorus,species,0,gut,0,plazi,fungivore|herbivore,pollen || plant material || fungal hyphae,"Based on the provided documents, Lepidocyrtus chorus sp. nov. feeds exclusively on pollen grains during the bloom of certain plants and may also feed opportunistically during other seasons . The mandibular molar plate of L. chorus is adapted for digesting pollen grains, as evidenced by broken walls of some pollen grains found in its gut .",plazi,,herbivore|omnivore,no_answer,correct,1,1,,2.6
P040,doc_extractive,Lepidocyrtus curvicollis,species,0,lab,0,pmc,fungivore,mycelium || fungi || fungivore,baker’s yeast,pmc,,fungivore,no_answer,correct,0,1,True,1.33
P040,doc_generative,Lepidocyrtus curvicollis,species,0,lab,0,pmc,fungivore,mycelium || fungi || fungivore,"Based on the provided documents, Lepidocyrtus curvicollis is a fungivorous microarthropod that feeds primarily on fungal mycelium. It consumes significantly more than its own body weight per day, indicating a high dietary intake relative to its size . The study highlights that different fungivorous microarthropods have varying preferences for fungal substrates, suggesting that Lepidocyrtus curvicollis may prefer certain types of mycelium over others, though specific details about its preferred substrate are not provided in the excerpt .",pmc,,fungivore,no_answer,correct,1,1,True,1.1
P040,e2e_dense_generative,Lepidocyrtus curvicollis,species,0,lab,0,pmc,fungivore,mycelium || fungi || fungivore,"Based on the provided documents, Lepidocyrtus curvicollis is a fungivorous microarthropod that feeds on fungal material, specifically mycelium. It consumes significantly more than its own body weight per day, indicating a high dietary intake of fungi .",medline,fungivore,fungivore,correct,correct,1,1,,4.28
P040,e2e_sparse_extractive,Lepidocyrtus curvicollis,species,0,lab,0,pmc,fungivore,mycelium || fungi || fungivore,collembolan,medline,,,no_answer,no_answer,0,1,,5.32
P040,e2e_sparse_generative,Lepidocyrtus curvicollis,species,0,lab,0,pmc,fungivore,mycelium || fungi || fungivore,"Based on the provided documents, Lepidocyrtus curvicollis is a fungivorous microarthropod that feeds primarily on fungal material. It consumes significant amounts of mycelium, although the palatability varies among different fungal resources . Specific dietary preferences within fungi are not detailed in the given sources.",pmc,,fungivore,no_answer,correct,1,1,,2.12
P041,doc_extractive,Lepidocyrtus cyaneus,species,0,isotope,0,pmc,fungivore,fungivorous || fungi,"fungivorous microarthropods such as Lepidocyrtus cyaneus Tullberg, 1871 (21.86 ± 1.64%; S. Bluhm, unpubl. data). However, it has been found that the concentration of 18:2ω6,9 is ten times lower in the NLFA as compared to the PLFA fraction in ECM fungi",pmc,,fungivore,no_answer,correct,1,1,True,1.27
P041,doc_generative,Lepidocyrtus cyaneus,species,0,isotope,0,pmc,fungivore,fungivorous || fungi,"Based on the provided documents, Lepidocyrtus cyaneus feeds on ectomycorrhizal fungi. This conclusion is supported by findings indicating that this species exhibits specialized feeding behavior on these fungi, as evidenced by specific fatty acid composition analyses .",pmc,fungivore,fungivore,correct,correct,1,1,True,0.6
P041,e2e_dense_generative,Lepidocyrtus cyaneus,species,0,isotope,0,pmc,bacterivore|fungivore,fungivorous || fungi,"Based on the provided documents, Lepidocyrtus cyaneus feeds on ectomycorrhizal fungi. This is supported by evidence showing that this species specializes in consuming these fungi, unlike other fungivorous microarthropods which may graze on them . Additionally, its feeding behavior involves sucking up the cytoplasm of mycorrhizal hyphae rather than ingesting fungal membranes .",pmc,fungivore,fungivore,correct,correct,1,1,,5.0
P041,e2e_sparse_extractive,Lepidocyrtus cyaneus,species,0,isotope,0,pmc,bacterivore|fungivore,fungivorous || fungi,Arable,pmc,,,no_answer,no_answer,0,0,,5.43
P041,e2e_sparse_generative,Lepidocyrtus cyaneus,species,0,isotope,0,pmc,bacterivore|fungivore,fungivorous || fungi,"Based on the provided documents, there is no direct information specifying the diet of *Lepidocyrtus cyaneus*. However, it is mentioned in several contexts related to soil ecosystems, suggesting its role within the soil food web . These references imply that *Lepidocyrtus cyaneus* likely feeds on organic matter and microorganisms in the soil, which is typical for many collembolans. Further specific dietary studies would be needed to confirm this hypothesis.",pmc,,bacterivore|detritivore|fungivore|microbivore,no_answer,correct,0,0,,2.45
P042,doc_extractive,Lepidocyrtus cyaneus,species,0,literature,0,pmc,bacterivore|fungivore,fungi || bacteria,"biomass estimates, the following mesofauna",pmc,,,no_answer,no_answer,0,1,True,0.58
P042,doc_generative,Lepidocyrtus cyaneus,species,0,literature,0,pmc,bacterivore|fungivore,fungi || bacteria,"Based on the provided documents, there is no direct information about the diet of *Lepidocyrtus cyaneus*. The source discusses the incorporation of mineral nitrogen into the soil food web and mentions *Lepidocyrtus cyaneus* as one of the mesofaunal species studied, but it does not specify its feeding habits . Further research would be needed to determine what *Lepidocyrtus cyaneus* feeds on.",pmc,,,no_answer,no_answer,0,1,True,0.93
P042,e2e_dense_generative,Lepidocyrtus cyaneus,species,0,literature,0,pmc,bacterivore|fungivore,fungi || bacteria,"Based on the provided documents, Lepidocyrtus cyaneus feeds on ectomycorrhizal fungi. This is supported by evidence showing that this species specializes in consuming these fungi, differing from other fungivorous microarthropods like Collembola which graze on fungi . Additionally, its feeding behavior involves sucking up the cytoplasm of mycorrhizal hyphae rather than ingesting fungal membranes .",pmc,fungivore,fungivore,correct,correct,1,0,,4.71
P042,e2e_sparse_extractive,Lepidocyrtus cyaneus,species,0,literature,0,pmc,bacterivore|fungivore,fungi || bacteria,Arable,pmc,,,no_answer,no_answer,0,0,,4.09
P042,e2e_sparse_generative,Lepidocyrtus cyaneus,species,0,literature,0,pmc,bacterivore|fungivore,fungi || bacteria,"Based on the provided documents, there is no direct information specifying the diet of *Lepidocyrtus cyaneus*. However, it is mentioned in several contexts related to soil ecosystems, suggesting its role within the soil food web . These references imply that *Lepidocyrtus cyaneus* likely feeds on organic matter or microorganisms in the soil, which is typical for many collembolans. Further specific dietary studies would be needed to confirm this hypothesis.",pmc,,bacterivore|detritivore|fungivore|microbivore,no_answer,correct,0,1,,2.05
P043,doc_extractive,Lepidocyrtus lignorum,species,0,gut,0,pmc,fungivore,Fungal hyphae || Fungal spores,fungal,pmc,,fungivore,no_answer,correct,0,1,True,0.58
P043,doc_generative,Lepidocyrtus lignorum,species,0,gut,0,pmc,fungivore,Fungal hyphae || Fungal spores,"Based on the provided documents, *Lepidocyrtus lignorum* initially feeds on mineral particles on young ground, but as the environment matures, it transitions to consuming fungal hyphae and spores, eventually becoming a typical fungal feeder on older ground .",pmc,fungivore,fungivore,correct,correct,1,1,True,0.59
P043,e2e_dense_generative,Lepidocyrtus lignorum,species,0,gut,0,pmc,fungivore,Fungal hyphae || Fungal spores,"Based on the provided documents, *Lepidocyrtus lignorum* primarily feeds on fungi. This is indicated by its preference for fungal materials, as evidenced by high trehalase activity and low cellulase and chitinase activity, suggesting a diet focused on fungal resources . Additionally, it has been observed to transition from consuming mineral particles and biofilms on younger soils to becoming a typical fungal feeder on older soils .",pmc,algivore|fungivore,algivore|fungivore,correct,correct,0,1,,5.06
P043,e2e_sparse_extractive,Lepidocyrtus lignorum,species,0,gut,0,pmc,fungivore,Fungal hyphae || Fungal spores,springtails,medline,,,no_answer,no_answer,0,0,,4.91
P043,e2e_sparse_generative,Lepidocyrtus lignorum,species,0,gut,0,pmc,fungivore,Fungal hyphae || Fungal spores,"Based on the provided documents, Lepidocyrtus lignorum primarily feeds on fungi. It exhibits high trehalase activity and low cellulase and chitinase activity, indicating a preference for fungal resources . Additionally, it transitions from consuming mineral particles and biofilms on younger soils to becoming a typical fungal feeder on older soils .",pmc,algivore|fungivore,algivore|fungivore,correct,correct,0,1,,2.46
P044,doc_extractive,Lepidocyrtus violaceus,species,0,lab,0,pmc,fungivore,yeast,yeast,pmc,,fungivore,no_answer,correct,1,1,True,1.32
P044,doc_generative,Lepidocyrtus violaceus,species,0,lab,0,pmc,fungivore,yeast,"Based on the provided documents, Lepidocyrtus violaceus is fed on pure yeast and designed diets that include additional fatty acids such as 18:1 9, 18:2 6,9, a15:0, cy19:0, 16:1 5, or 16:3 3,6,9, either alone or in combination with others . The study examines how these dietary components affect the trophic transfer of fatty acids within soil food webs.",pmc,fungivore,fungivore,correct,correct,1,1,True,1.06
P044,e2e_sparse_extractive,Lepidocyrtus violaceus,species,0,lab,0,pmc,fungivore,yeast,Podura violacea,plazi,,,no_answer,no_answer,0,1,,5.16
P044,e2e_sparse_generative,Lepidocyrtus violaceus,species,0,lab,0,pmc,fungivore,yeast,"Based on the provided documents, there is no specific information about the feeding habits of *Lepidocyrtus violaceus*. The sources discuss taxonomic classifications, morphological characteristics, and distributions of various *Lepidocyrtus* species, but none mention their diet or feeding behavior . Further research would be needed to determine the ecological niche and dietary preferences of this species.",plazi,,,no_answer,no_answer,0,1,,2.46
P045,doc_extractive,Mesaphorura krausbaueri,species,0,lab,0,pmc,fungivore,pathogenic fungi || fungi,pathogenic fungi of millet and wheat kernels,pmc,,fungivore,no_answer,correct,1,1,True,1.71
P045,doc_generative,Mesaphorura krausbaueri,species,0,lab,0,pmc,fungivore,pathogenic fungi || fungi,"Based on the provided documents, there is no specific information about the diet of *Mesaphorura krausbaueri*. The document mentions its role in reducing disease severity when interacting with pathogens, but it does not specify what this species feeds on . Further research would be needed to determine its dietary preferences.",pmc,,,no_answer,no_answer,0,1,True,0.69
P045,e2e_sparse_extractive,Mesaphorura krausbaueri,species,0,lab,0,pmc,fungivore,pathogenic fungi || fungi,pathogenic fungi of millet and wheat kernels,pmc,,fungivore,no_answer,correct,1,1,,5.8
P045,e2e_sparse_generative,Mesaphorura krausbaueri,species,0,lab,0,pmc,fungivore,pathogenic fungi || fungi,"Based on the provided documents, there is no direct information about the diet of *Mesaphorura krausbaueri*. However, it is mentioned as part of the soil mesofauna in salt marsh ecosystems . These organisms typically play roles in decomposition and nutrient cycling, suggesting that *M. krausbaueri* may feed on detritus or microorganisms in its environment. Further specific dietary studies would be required to confirm this hypothesis.",pmc,,bacterivore|detritivore|fungivore|microbivore,no_answer,correct,0,0,,2.25
P046,doc_extractive,Neanura muscorum,species,0,lab,0,pmc,fungivore,P. polycephalum slime mould || slime mould || slime mold,slime moulds,pmc,,fungivore,no_answer,correct,1,1,True,1.25
P046,doc_generative,Neanura muscorum,species,0,lab,0,pmc,fungivore,P. polycephalum slime mould || slime mould || slime mold,"Based on the provided documents, Neanura muscorum is tested for its ability to feed on slime moulds. The study investigates whether Neanuridae can survive, grow, and reproduce on slime moulds, using Neanura muscorum as a representative organism . However, the document does not explicitly state what Neanura muscorum typically feeds on in its natural habitat.",pmc,fungivore,fungivore,correct,correct,1,1,True,0.81
P046,e2e_dense_generative,Neanura muscorum,species,0,lab,0,pmc,fungivore,P. polycephalum slime mould || slime mould || slime mold,"Based on the provided documents, Neanura muscorum feeds on slime moulds. This conclusion is drawn from studies aiming to investigate the potential of using slime moulds as a dietary resource for Neanuridae, with Neanura muscorum serving as a representative species . However, specific details about its feeding habits beyond this context are not elaborated upon in the given sources.",pmc,fungivore,fungivore,correct,correct,1,1,,4.67
P046,e2e_sparse_extractive,Neanura muscorum,species,0,lab,0,pmc,fungivore,P. polycephalum slime mould || slime mould || slime mold,furca,plazi,,,no_answer,no_answer,0,0,,5.31
P046,e2e_sparse_generative,Neanura muscorum,species,0,lab,0,pmc,fungivore,P. polycephalum slime mould || slime mould || slime mold,"Based on the provided documents, there is no specific information regarding the diet of Neanura muscorum. The sources mention its ecological roles and responses to environmental factors but do not detail its feeding habits . Further research would be required to determine its dietary preferences.",pmc,,,no_answer,no_answer,0,0,,2.05
P047,doc_extractive,Onychiurus armatus,species,0,lab,0,medline,fungivore,fungi,metal polluted fungi,medline,,fungivore,no_answer,correct,1,1,True,1.15
P047,doc_generative,Onychiurus armatus,species,0,lab,0,medline,fungivore,fungi,"Based on the provided documents, Onychiurus armatus feeds on fungi, specifically showing feeding preferences among different fungal species in a metal-polluted soil environment . The study indicates that the feeding behavior of O. armatus is influenced by the presence of metals and the nutritional value of the fungi, with some species like *Paecilomyces farinosus* being more attractive despite metal contamination .",medline,fungivore,fungivore,correct,correct,1,1,True,0.84
P047,e2e_dense_generative,Onychiurus armatus,species,0,lab,0,medline,fungivore|predator,fungi,"Based on the provided documents, Onychiurus armatus feeds on fungi, specifically showing feeding preferences influenced by fungal species and their nutritional content, including protein and metal concentrations . There is no explicit mention of other food sources in the given texts.",medline,fungivore,fungivore,correct,correct,1,1,,4.81
P047,e2e_sparse_extractive,Onychiurus armatus,species,0,lab,0,medline,fungivore|predator,fungi,Collembola,pmc,,,no_answer,no_answer,0,1,,5.75
P047,e2e_sparse_generative,Onychiurus armatus,species,0,lab,0,medline,fungivore|predator,fungi,"Based on the provided documents, *Onychiurus armatus* feeds on various fungi, including *Rhizoctonia solani*, *Metapochonia bulbillosa*, *Penicillium spinulosum*, and *Umbelopsis isabellina*. It also perforates the cysts of the nematode *Heterodera cruciferae* and consumes the nematodes within , , .",pmc,fungivore|predator,fungivore|predator,correct,correct,1,1,,2.46
P048,doc_extractive,Onychiurus armatus,species,0,lab,0,medline,fungivore,Verticillium bulbillosum and Penicillium spinulosum || soil fungi || fungal biomass,fungivorous collembolan,medline,,fungivore,no_answer,correct,0,1,True,1.19
P048,doc_generative,Onychiurus armatus,species,0,lab,0,medline,fungivore,Verticillium bulbillosum and Penicillium spinulosum || soil fungi || fungal biomass,"Based on the provided documents, Onychiurus armatus feeds on soil fungi such as Verticillium bulbillosum and Penicillium spinulosum . These fungi are specifically mentioned as the food source in the experimental study involving this collembolan species.",medline,fungivore,fungivore,correct,correct,1,1,True,0.61
P048,e2e_dense_generative,Onychiurus armatus,species,0,lab,0,medline,fungivore|predator,Verticillium bulbillosum and Penicillium spinulosum || soil fungi || fungal biomass,"Based on the provided documents, Onychiurus armatus feeds on fungi, specifically showing feeding preferences influenced by fungal species and their nutritional content, including protein and metal concentrations . There is no explicit mention of other food sources in the given texts.",medline,fungivore,fungivore,correct,correct,0,0,,4.36
P048,e2e_sparse_extractive,Onychiurus armatus,species,0,lab,0,medline,fungivore|predator,Verticillium bulbillosum and Penicillium spinulosum || soil fungi || fungal biomass,Collembola,pmc,,,no_answer,no_answer,0,0,,4.2
P048,e2e_sparse_generative,Onychiurus armatus,species,0,lab,0,medline,fungivore|predator,Verticillium bulbillosum and Penicillium spinulosum || soil fungi || fungal biomass,"Based on the provided documents, *Onychiurus armatus* feeds on various fungi, including *Rhizoctonia solani*, *Metapochonia bulbillosa*, *Penicillium spinulosum*, and *Umbelopsis isabellina*. It also consumes nematodes found inside cysts of *Heterodera cruciferae* , , .",pmc,fungivore|predator,fungivore|predator,correct,correct,0,0,,1.82
P049,doc_extractive,Onychiurus armatus,species,1,lab,0,pmc,predator,the nematodes within the cysts || nematodes || Heterodera cruciferae,Heterodera cruciferae,pmc,,,no_answer,no_answer,1,1,True,0.62
P049,doc_generative,Onychiurus armatus,species,1,lab,0,pmc,predator,the nematodes within the cysts || nematodes || Heterodera cruciferae,"Based on the provided documents, Onychiurus armatus feeds on the nematodes within the cysts of *Heterodera cruciferae* . This indicates that it specifically targets these nematode cysts as a food source.",pmc,predator,predator,correct,correct,1,1,True,0.59
P049,e2e_dense_generative,Onychiurus armatus,species,0,lab,0,pmc,fungivore|predator,the nematodes within the cysts || nematodes || Heterodera cruciferae,"Based on the provided documents, Onychiurus armatus feeds on fungi, specifically showing feeding preferences influenced by fungal species and their nutritional content, including protein and heavy metals like zinc and copper . There is no explicit mention of other food sources in the given texts.",medline,fungivore,fungivore,correct,correct,0,1,,3.92
P049,e2e_sparse_extractive,Onychiurus armatus,species,0,lab,0,pmc,fungivore|predator,the nematodes within the cysts || nematodes || Heterodera cruciferae,Collembola,pmc,,,no_answer,no_answer,0,1,,4.3
P049,e2e_sparse_generative,Onychiurus armatus,species,0,lab,0,pmc,fungivore|predator,the nematodes within the cysts || nematodes || Heterodera cruciferae,"Based on the provided documents, *Onychiurus armatus* feeds on various fungi, including *Rhizoctonia solani*, *Metapochonia bulbillosa*, *Penicillium spinulosum*, and *Umbelopsis isabellina*. It also consumes nematodes found within cysts of *Heterodera cruciferae* , , .",pmc,fungivore|predator,fungivore|predator,correct,correct,1,1,,1.86
P050,doc_extractive,Onychiurus armatus,species,0,literature,0,pmc,fungivore,U. isabellina || Umbelopsis isabellina,U. isabellina,pmc,,fungivore,no_answer,correct,1,1,True,0.64
P050,doc_generative,Onychiurus armatus,species,0,literature,0,pmc,fungivore,U. isabellina || Umbelopsis isabellina,"Based on the provided documents, Onychiurus armatus feeds on certain fungi, specifically preferring Umbelopsis isabellina over Penicillium spinulosum when given the choice . The preference may vary depending on the growth medium of the fungi .",pmc,fungivore,fungivore,correct,correct,1,1,True,0.61
P050,e2e_dense_generative,Onychiurus armatus,species,0,literature,0,pmc,fungivore|predator,U. isabellina || Umbelopsis isabellina,"Based on the provided documents, Onychiurus armatus feeds on fungi, specifically showing feeding preferences influenced by the presence of certain fungal species in metal-polluted environments . There is no explicit mention of other food sources in the given texts.",medline,fungivore,fungivore,correct,correct,0,1,,4.35
P050,e2e_sparse_extractive,Onychiurus armatus,species,0,literature,0,pmc,fungivore|predator,U. isabellina || Umbelopsis isabellina,Collembola,pmc,,,no_answer,no_answer,0,0,,4.2
P050,e2e_sparse_generative,Onychiurus armatus,species,0,literature,0,pmc,fungivore|predator,U. isabellina || Umbelopsis isabellina,"Based on the provided documents, *Onychiurus armatus* feeds on various fungi, including *Trichoderma harzianum*, *Metapochonia bulbillosa*, *Penicillium spinulosum*, and *Umbelopsis isabellina*. It also consumes nematodes found inside cysts of *Heterodera cruciferae* , , . Additionally, it avoids aggregating on *Tricholoma matsutake* fruiting bodies due to repellent compounds like 1-octen-3-ol and methyl cinnamate .",pmc,fungivore|predator,fungivore|predator,correct,correct,1,1,,2.46
P051,doc_extractive,Onychiurus fimatus,species,1,lab,0,medline,bacterivore,bacteria,"soil microarthropod Onychiurus fimatus (Collembola).. In order to study the potential impact of the soil microarthropod Onychiurus fimatus (Collembola) on the microbial community, we analysed the fate of luciferase marker gene tagged bacterial strains fed to young adult specimens",medline,bacterivore|fungivore|microbivore,bacterivore|fungivore|microbivore,correct,correct,1,1,True,1.33
P051,doc_generative,Onychiurus fimatus,species,1,lab,0,medline,bacterivore,bacteria,"Based on the provided documents, there is no specific information about what Onychiurus fimatus feeds on. The study focuses on the fate of bacterial strains ingested by the microarthropod, but it does not mention the diet of O. fimatus .",medline,,,no_answer,no_answer,1,1,True,0.61
P051,e2e_sparse_extractive,Onychiurus fimatus,species,1,lab,0,medline,bacterivore,bacteria,prey that differ in ease of capture,medline,,,no_answer,no_answer,0,1,,5.49
P051,e2e_sparse_generative,Onychiurus fimatus,species,1,lab,0,medline,bacterivore,bacteria,"Based on the provided documents, Onychiurus fimatus feeds on bacterial strains, specifically plasmid-bearing, luciferase marker gene tagged bacteria, as studied in microcosm experiments where these bacteria were fed to young adult specimens . There is no direct mention of its dietary preferences beyond this context.",medline,bacterivore,bacterivore,correct,correct,1,1,,1.94
P052,doc_extractive,Onychiurus sinensis,species,0,lab,0,pmc,fungivore,Trichoderma polysporum,Trichoderma polysporum,pmc,,fungivore,no_answer,correct,1,1,True,0.62
P052,doc_generative,Onychiurus sinensis,species,0,lab,0,pmc,fungivore,Trichoderma polysporum,"Based on the provided documents, Onychiurus sinensis feeds on Trichoderma polysporum . This is mentioned in the context of ecological functions of fungal sesquiterpenes in the food preference and fitness of soil Collembola.",pmc,,fungivore,no_answer,correct,1,1,True,0.59
P052,e2e_dense_generative,Onychiurus sinensis,species,0,lab,0,pmc,fungivore,Trichoderma polysporum,"Based on the provided documents, there is no specific mention of what *Onychiurus sinensis* feeds on. However, document  refers to *Onychiurus folsomi*, which is a different species, and discusses its response to methyl tert-butyl ether toxicity. Therefore, the dietary habits of *Onychiurus sinensis* are not addressed in the given sources.",medline,,,no_answer,no_answer,0,1,,4.42
P052,e2e_sparse_extractive,Onychiurus sinensis,species,0,lab,0,pmc,fungivore,Trichoderma polysporum,Trichoderma polysporum,pmc,,fungivore,no_answer,correct,1,1,,5.46
P052,e2e_sparse_generative,Onychiurus sinensis,species,0,lab,0,pmc,fungivore,Trichoderma polysporum,"Based on the provided documents, Onychiurus sinensis feeds on fungi colonizing holm oak litter (Quercus rotundifolia Lam.) . Additionally, it has been observed to feed on Trichoderma polysporum and other fungal species, which can influence its growth, reproduction, and fitness . The specific dietary preferences may vary depending on the available fungal resources in the environment.",pmc,fungivore,detritivore|fungivore,correct,correct,1,1,,2.77
P053,doc_extractive,Orchesella cincta,species,1,lab,0,medline,algivore,algae,acetone-spiked algae,medline,,algivore,no_answer,correct,1,1,True,1.21
P053,doc_generative,Orchesella cincta,species,1,lab,0,medline,algivore,algae,"Based on the provided documents, Orchesella cincta feeds on algae that have been spiked with pyrene as part of a bioassay study. Specifically, the study involved feeding the collembolan Orchesella cincta with either acetone-spiked or PDA-spiked terrestrial algae (Desmococcus spp.) . There is no direct mention of the natural diet of Orchesella cincta outside of this experimental context.",medline,algivore,algivore,correct,correct,1,1,True,0.96
P053,e2e_dense_generative,Orchesella cincta,species,0,lab,0,medline,algivore|fungivore|herbivore,algae,"Based on the provided documents, Orchesella cincta feeds on algae, specifically the alga Pleurococcus (syn. Desmococcus), and also consumes fungal components like baker's yeast . Additionally, they are described as detritivores that feed on fungi, bacteria, algae, and actinomycetes .",pmc,algivore|bacterivore|fungivore,algivore|bacterivore|fungivore,correct,correct,1,0,,4.63
P053,e2e_sparse_extractive,Orchesella cincta,species,0,lab,0,medline,algivore|fungivore|herbivore,algae,locomotory active,medline,,,no_answer,no_answer,0,0,,4.81
P053,e2e_sparse_generative,Orchesella cincta,species,0,lab,0,medline,algivore|fungivore|herbivore,algae,"Based on the provided documents, Orchesella cincta feeds on a variety of food sources including amorphous organic matter, fungal hyphae and spores, and algae. Specifically, in experimental settings, they are fed the alga *Pleurococcus* (syn. *Desmococcus*) and baker's yeast as the fungal component . Additionally, they consume bacteria, fungi, and other microorganisms as part of their detritivorous diet .",pmc,algivore|bacterivore|detritivore|fungivore|microbivore,algivore|bacterivore|detritivore|fungivore|microbivore|omnivore,correct,correct,1,0,,2.76
P054,doc_extractive,Orchesella cincta,species,0,lab,0,medline,fungivore,C. cladosporioides || Cladosporium cladosporioides,C. cladosporioides,medline,,fungivore,no_answer,correct,1,1,True,1.23
P054,doc_generative,Orchesella cincta,species,0,lab,0,medline,fungivore,C. cladosporioides || Cladosporium cladosporioides,"Based on the provided documents, *Orchesella cincta* feeds on fungi, specifically on the fungus *Cladosporium cladosporioides*, which is cultivated on different types of litter substrates varying in nitrogen content . The study indicates that the nutritional quality of the fungal diet affects the growth and body mass of *O. cincta*.",medline,fungivore,detritivore|fungivore,correct,correct,1,1,True,0.82
P054,e2e_dense_generative,Orchesella cincta,species,0,lab,0,medline,algivore|fungivore|herbivore,C. cladosporioides || Cladosporium cladosporioides,"Based on the provided documents, Orchesella cincta feeds on algae, specifically the alga Pleurococcus (syn. Desmococcus), and also consumes fungal components like baker's yeast . Additionally, they are described as detritivores that feed on fungi, bacteria, algae, and actinomycetes .",pmc,algivore|bacterivore|fungivore,algivore|bacterivore|fungivore,correct,correct,0,0,,4.38
P054,e2e_sparse_extractive,Orchesella cincta,species,0,lab,0,medline,algivore|fungivore|herbivore,C. cladosporioides || Cladosporium cladosporioides,locomotory active,medline,,,no_answer,no_answer,0,0,,3.69
P054,e2e_sparse_generative,Orchesella cincta,species,0,lab,0,medline,algivore|fungivore|herbivore,C. cladosporioides || Cladosporium cladosporioides,"Based on the provided documents, Orchesella cincta feeds on algal biomass, specifically the alga Pleurococcus (syn. Desmococcus), which was found to be the most consumed in its natural habitat. Additionally, it consumes baker's yeast as part of its fungal component in the diet. It also ingests amorphous organic matter, fungal hyphae, and spores .",pmc,algivore|detritivore|fungivore,algivore|detritivore|fungivore,correct,correct,0,0,,2.21
P055,doc_extractive,Orchesella cincta,species,1,literature,0,pmc,algivore|herbivore,plants and algae || algae,litter material,pmc,,detritivore,no_answer,wrong,0,1,True,1.25
P055,doc_generative,Orchesella cincta,species,1,literature,0,pmc,algivore|herbivore,plants and algae || algae,"Based on the provided documents, Orchesella cincta is classified as a primary decomposer, feeding on litter material and the adhering fungi and bacteria . The specific dietary preferences of Orchesella cincta are not detailed in the given sources.",pmc,,bacterivore|detritivore|fungivore,no_answer,wrong,0,1,True,0.69
P055,e2e_dense_generative,Orchesella cincta,species,0,literature,0,pmc,algivore|fungivore|herbivore,plants and algae || algae,"Based on the provided documents, Orchesella cincta feeds on algae, specifically the alga Pleurococcus (syn. Desmococcus), and also consumes fungal components like baker's yeast . Additionally, they are described as detritivores that feed on fungi, bacteria, algae, and actinomycetes .",pmc,algivore|bacterivore|fungivore,algivore|bacterivore|fungivore,correct,correct,1,0,,4.33
P055,e2e_sparse_extractive,Orchesella cincta,species,0,literature,0,pmc,algivore|fungivore|herbivore,plants and algae || algae,locomotory active,medline,,,no_answer,no_answer,0,1,,3.78
P055,e2e_sparse_generative,Orchesella cincta,species,0,literature,0,pmc,algivore|fungivore|herbivore,plants and algae || algae,"Based on the provided documents, Orchesella cincta feeds on a variety of food sources including amorphous organic matter, fungal hyphae and spores, and algae. Specifically, in experimental settings, they are fed the alga *Pleurococcus* (syn. *Desmococcus*) and baker's yeast as the fungal component . Additionally, they are known to consume bacteria, fungi, and other microorganisms as part of their detritivorous diet .",pmc,algivore|bacterivore|detritivore|fungivore|microbivore,algivore|bacterivore|detritivore|fungivore|microbivore|omnivore,correct,correct,1,0,,2.5
P056,doc_extractive,Orchesella flavescens,species,1,gut,0,pmc,detritivore|herbivore,plant particles || plant-synthesised FAs and plant particles || plant material,surface‐dwelling species of Entomobryidae,pmc,,,no_answer,no_answer,0,1,True,1.29
P056,doc_generative,Orchesella flavescens,species,1,gut,0,pmc,detritivore|herbivore,plant particles || plant-synthesised FAs and plant particles || plant material,"Based on the provided documents, Orchesella flavescens feeds primarily on plant-derived materials. This is indicated by the high proportions of plant-synthesized fatty acids (FAs) and plant particles found in its gut .",pmc,,herbivore,no_answer,correct,1,1,True,0.65
P056,e2e_dense_generative,Orchesella flavescens,species,1,gut,0,pmc,detritivore|herbivore,plant particles || plant-synthesised FAs and plant particles || plant material,"Based on the provided documents, Orchesella flavescens feeds primarily on amorphous organic matter, with fungal hyphae and spores commonly observed in their diet . Additionally, it is associated with high proportions of plant-synthesized fatty acids and plant particles in its gut, indicating a preference for plant-derived materials .",pmc,detritivore|fungivore,detritivore|fungivore|herbivore,correct,correct,1,1,,4.27
P056,e2e_sparse_extractive,Orchesella flavescens,species,1,gut,0,pmc,detritivore|herbivore,plant particles || plant-synthesised FAs and plant particles || plant material,mullets,medline,,,no_answer,no_answer,0,1,,5.27
P056,e2e_sparse_generative,Orchesella flavescens,species,1,gut,0,pmc,detritivore|herbivore,plant particles || plant-synthesised FAs and plant particles || plant material,"Based on the provided documents, Orchesella flavescens feeds primarily on plant-derived materials, including plant synthesized fatty acids and plant particles, indicating a diet rich in plant matter . Additionally, some studies suggest that they may consume fungal hyphae and spores, along with amorphous organic matter .",pmc,,detritivore|fungivore|herbivore,no_answer,correct,1,1,,1.88
P057,doc_extractive,Orchesella villosa,species,1,isotope,0,pmc,detritivore|herbivore,wheat plants || primary decomposers || plant material || plant-derived resources,wheat plants,pmc,,herbivore,no_answer,correct,1,1,True,1.28
P057,doc_generative,Orchesella villosa,species,1,isotope,0,pmc,detritivore|herbivore,wheat plants || primary decomposers || plant material || plant-derived resources,"Based on the provided documents, there is no direct information about the diet of *Orchesella villosa*. The sources discuss isotopic niche spaces and trophic niches in relation to environmental factors like drought and farming systems, but they do not specify what *Orchesella villosa* feeds on . Further research would be needed to determine its dietary preferences.",pmc,,,no_answer,no_answer,0,1,True,0.87
P057,e2e_dense_generative,Orchesella villosa,species,1,isotope,0,pmc,detritivore|herbivore,wheat plants || primary decomposers || plant material || plant-derived resources,"Based on the provided documents, there is no direct information about the feeding habits of *Orchesella villosa*. The sources discuss aspects such as mating behavior, sperm structure, and population dynamics related to other organisms like *Spodoptera frugiperda* and *Oribatida*, but none specifically mention the diet of *Orchesella villosa* . Further research would be needed to determine its dietary preferences.",medline,,,no_answer,no_answer,0,0,,4.61
P057,e2e_sparse_extractive,Orchesella villosa,species,1,isotope,0,pmc,detritivore|herbivore,wheat plants || primary decomposers || plant material || plant-derived resources,amorphous organic matter,pmc,,detritivore,no_answer,correct,0,1,,5.08
P057,e2e_sparse_generative,Orchesella villosa,species,1,isotope,0,pmc,detritivore|herbivore,wheat plants || primary decomposers || plant material || plant-derived resources,"Based on the provided documents, Orchesella villosa feeds primarily on amorphous organic matter, with fungal hyphae and spores also present in their diet . Additionally, some studies mention their occurrence in various habitats such as arable fields and forests, suggesting a broad dietary adaptability .",pmc,detritivore|fungivore,detritivore|fungivore,correct,correct,0,0,,1.9
P058,doc_extractive,Parisotoma notabilis,species,0,isotope,1,pmc,microbivore,microorganisms associated with roots || microorganisms,"Tectocepheus velatus sarekensis, (b) Parisotoma notabilis, and (c) Stenaphorura denisi with time and plant species richness (Δ15N values); means ± 1 SE
Changes in the incorporation of 15N into (a) Tectocepheus velatus sarekensis, (b) Stenaphorura denisi, (c) Lepidocyrtus cyaneus, and (d) Isotoma viridis with time plant functional group richness (Δ15N values); means ± 1 SE
The presence of legumes generally did not affect Δ15N values of any of the studied mesofauna species. By contrast, the presence of grasses significantly affected Δ15N values in Ceratophysella sp. and T. velatus sarekensis, but the effect varied with time (Figure 7a,b). In Ceratophysella sp., Δ15N values strongly increased in the presence of grasses, in particular at days 5 and 15. By contrast, in T. velatus sarekensis, Δ15N values decreased in the presence of grasses, with the effect being most pronounced at days 15 and 30.
Changes in the incorporation of 15N into (a) Tectocepheus velatus sarekensis and (b) Ceratophysella sp. with time and presence of grasses (Δ15N values); means ± 1 SE
DISCUSSION
Soil microorganisms are one of the main food resources of soil animals",pmc,bacterivore|fungivore|microbivore,bacterivore|fungivore|microbivore,correct,correct,1,1,True,0.61
P058,doc_generative,Parisotoma notabilis,species,0,isotope,1,pmc,microbivore,microorganisms associated with roots || microorganisms,"Based on the provided documents, Parisotoma notabilis is a Collembola species classified as a secondary decomposer. It likely feeds on organic matter such as dead plant material and microbial biomass, which are common substrates for secondary decomposers in soil ecosystems . However, specific dietary preferences of this species are not detailed in the given sources.",pmc,,bacterivore|detritivore|fungivore|herbivore|microbivore,no_answer,correct,0,1,True,0.82
P058,e2e_dense_generative,Parisotoma notabilis,species,0,isotope,1,pmc,microbivore,microorganisms associated with roots || microorganisms,"Based on the provided documents, *Parisotoma notabilis* is described as a secondary decomposer that likely relies more on bacteria through an external rumen feeding strategy . It is also noted to be part of the soil food web where it incorporates mineral nitrogen, suggesting its diet includes organic matter and microorganisms . However, specific details about its exact dietary preferences are not explicitly stated in the given texts.",pmc,,bacterivore|detritivore|fungivore|microbivore,no_answer,correct,1,1,,4.7
P058,e2e_sparse_extractive,Parisotoma notabilis,species,0,isotope,1,pmc,microbivore,microorganisms associated with roots || microorganisms,disturbed habitats,medline,,,no_answer,no_answer,0,1,,5.0
P058,e2e_sparse_generative,Parisotoma notabilis,species,0,isotope,1,pmc,microbivore,microorganisms associated with roots || microorganisms,"Based on the provided documents, *Parisotoma notabilis* feeds on microbial biomass and organic matter in the soil. This species is involved in the decomposition process, incorporating mineral nitrogen into the soil food web . Additionally, it is classified as a secondary decomposer, indicating its role in breaking down complex organic materials . Some studies suggest that *P. notabilis* may also utilize bacteria through an external rumen-like feeding strategy .",pmc,detritivore,bacterivore|detritivore|fungivore|microbivore,wrong,correct,0,1,,2.57
P059,doc_extractive,Prabhergia mana,species,0,field,1,plazi,fungivore,fungi,clay soil,plazi,,,no_answer,no_answer,0,1,True,1.33
P059,doc_generative,Prabhergia mana,species,0,field,1,plazi,fungivore,fungi,"Based on the provided documents, Prabhergia mana likely feeds on fungi, as it was found in bee nesting holes, suggesting a possible dietary preference similar to its environment .",plazi,,fungivore,no_answer,correct,1,1,True,0.45
P059,e2e_sparse_extractive,Prabhergia mana,species,0,field,1,plazi,fungivore,fungi,bee,medline,,,no_answer,no_answer,0,1,,1.44
P059,e2e_sparse_generative,Prabhergia mana,species,0,field,1,plazi,fungivore,fungi,"Based on the provided documents, there is no specific information regarding the diet or feeding habits of *Prabhergia mana* . The source only mentions that this species was discovered in bee nests within the Rio de Janeiro Botanical Garden, but it does not describe its food sources. Further research would be needed to determine its dietary preferences.",pmc,,,no_answer,no_answer,0,1,,1.64
P060,doc_extractive,Proisotoma minuta,species,0,lab,0,medline,fungivore,mycophagous || mycelia || fungi,mycophagous collembolan,medline,,fungivore,no_answer,correct,1,1,True,1.1
P060,doc_generative,Proisotoma minuta,species,0,lab,0,medline,fungivore,mycophagous || mycelia || fungi,"Based on the provided documents, 1-octen-3-ol and methyl cinnamate were tested for their effects on Proisotoma minuta's aggregation behavior when exposed to their diet, suggesting that Proisotoma minuta feeds on Tricholoma matsutake fruiting bodies . However, the specific dietary preferences of Proisotoma minuta are not explicitly detailed in the given source.",medline,,,no_answer,no_answer,0,1,True,0.84
P060,e2e_dense_generative,Proisotoma minuta,species,0,lab,0,medline,fungivore,mycophagous || mycelia || fungi,"Based on the provided documents, *Proisotoma minuta* feeds primarily on soil fungi, including both mycorrhizal and saprotrophic fungi. It is described as a generalist predator that also consumes other soil microorganisms such as protozoa, nematodes, rotifers, and possibly plant material like leaf litter or living roots . Additionally, it has been noted to aggregate around fungal cultures, suggesting a significant reliance on fungal resources .",pmc,bacterivore|fungivore|herbivore|microbivore|omnivore|predator,bacterivore|detritivore|fungivore|herbivore|microbivore|omnivore|predator,correct,correct,1,0,,4.68
P060,e2e_sparse_extractive,Proisotoma minuta,species,0,lab,0,medline,fungivore,mycophagous || mycelia || fungi,PDA plugs,pmc,,,no_answer,no_answer,0,0,,4.81
P060,e2e_sparse_generative,Proisotoma minuta,species,0,lab,0,medline,fungivore,mycophagous || mycelia || fungi,"Based on the provided documents, Proisotoma minuta feeds on PDA (potato dextrose agar) plugs, as indicated by the study where it aggregated to feed on them . Additionally, Proisotoma minuta is mentioned in the context of being part of a soil food web, suggesting it likely consumes organic matter found in soil environments . However, specific dietary details beyond this are not explicitly stated in the given sources.",pmc,,detritivore,no_answer,wrong,0,0,,2.41
P061,doc_extractive,Proisotoma minuta,species,0,literature,0,pmc,fungivore,Rhizoctonia solani || mycophagous || fungi,plant pathogens,pmc,,,no_answer,no_answer,0,1,True,1.29
P061,doc_generative,Proisotoma minuta,species,0,literature,0,pmc,fungivore,Rhizoctonia solani || mycophagous || fungi,"Based on the provided documents, Proisotoma minuta is described as a mycophage, meaning it feeds on fungi, specifically mentioning its potential role in controlling plant pathogens like Rhizoctonia solani . There is no explicit mention of other food sources in the given text.",pmc,,fungivore,no_answer,correct,1,1,True,0.72
P061,e2e_dense_generative,Proisotoma minuta,species,0,literature,0,pmc,fungivore,Rhizoctonia solani || mycophagous || fungi,"Based on the provided documents, *Proisotoma minuta* feeds primarily on soil fungi, including both mycorrhizal and saprotrophic fungi. It is described as a generalist predator that also consumes other soil microorganisms such as protozoa, nematodes, rotifers, and possibly plant material like leaf litter or living roots . Additionally, it has been noted to aggregate around fungal cultures, suggesting a significant reliance on fungal resources .",pmc,bacterivore|fungivore|herbivore|microbivore|omnivore|predator,bacterivore|detritivore|fungivore|herbivore|microbivore|omnivore|predator,correct,correct,1,0,,4.3
P061,e2e_sparse_extractive,Proisotoma minuta,species,0,literature,0,pmc,fungivore,Rhizoctonia solani || mycophagous || fungi,PDA plugs,pmc,,,no_answer,no_answer,0,0,,3.75
P061,e2e_sparse_generative,Proisotoma minuta,species,0,literature,0,pmc,fungivore,Rhizoctonia solani || mycophagous || fungi,"Based on the provided documents, Proisotoma minuta feeds on PDA (potato dextrose agar) plugs, as indicated by experiments where they aggregated to feed on them . Additionally, it is mentioned that this species, along with others, was cultured in laboratories by feeding them with dry yeast . However, specific details about its natural diet in the wild are not explicitly stated in the given sources.",pmc,fungivore,fungivore,correct,correct,0,0,,2.3
P062,doc_extractive,Proisotoma minuta,species,0,literature,0,pmc,fungivore,fungivorous || fungi,springtails,pmc,,,no_answer,no_answer,0,1,True,1.33
P062,doc_generative,Proisotoma minuta,species,0,literature,0,pmc,fungivore,fungivorous || fungi,"Based on the provided documents, Proisotoma minuta is described as a generalist predator that feeds on other soil microarthropods, including springtails . This indicates its diet consists primarily of smaller soil organisms within the microarthropod group.",pmc,omnivore|predator,omnivore|predator,wrong,wrong,0,1,True,0.59
P062,e2e_dense_generative,Proisotoma minuta,species,0,literature,0,pmc,fungivore,fungivorous || fungi,"Based on the provided documents, *Proisotoma minuta* feeds primarily on soil fungi, including both mycorrhizal and saprotrophic fungi. It is described as a generalist predator that also consumes other soil microorganisms such as protozoa, nematodes, rotifers, and possibly plant material like leaf litter or living roots . Additionally, it has been noted to aggregate around fungal cultures, suggesting a significant reliance on fungal resources .",pmc,bacterivore|fungivore|herbivore|microbivore|omnivore|predator,bacterivore|detritivore|fungivore|herbivore|microbivore|omnivore|predator,correct,correct,1,1,,4.33
P062,e2e_sparse_extractive,Proisotoma minuta,species,0,literature,0,pmc,fungivore,fungivorous || fungi,PDA plugs,pmc,,,no_answer,no_answer,0,0,,3.76
P062,e2e_sparse_generative,Proisotoma minuta,species,0,literature,0,pmc,fungivore,fungivorous || fungi,"Based on the provided documents, Proisotoma minuta feeds on PDA (potato dextrose agar) plugs, as indicated by the study where it aggregated to feed on them . Additionally, Proisotoma minuta is mentioned in the context of being one of three Collembola species cultured on dry yeast . However, specific dietary preferences beyond these contexts are not detailed in the given sources.",pmc,fungivore,fungivore,correct,correct,0,0,,2.25
P063,doc_extractive,Protaphorura armata,species,0,lab,0,medline,fungivore,saprophytic fungal species || fungi,saprophytic fungal species/forms,medline,,fungivore,no_answer,correct,1,1,True,0.55
P063,doc_generative,Protaphorura armata,species,0,lab,0,medline,fungivore,saprophytic fungal species || fungi,"Based on the provided documents, Protaphorura armata feeds on various fungal species, including the wild type and a melanin-deficient form of *Aspergillus fumigatus*, as well as mixed diets containing *Cladosporium cladosporioides* and other fungi of varying nutritional quality . The study indicates that both *Folsomia candida* and *Protaphorura armata* exhibit similar preferences for certain fungal species .",medline,fungivore|omnivore,fungivore|omnivore,correct,correct,1,1,True,1.01
P063,e2e_dense_generative,Protaphorura armata,species,0,lab,0,medline,fungivore,saprophytic fungal species || fungi,"Based on the provided documents, *Protaphorura armata* feeds on bacterial nutrition, as evidenced by its ability to utilize bacteria as a food source . Additionally, it is noted that *P. armata* is a fungal feeder, indicating that it also consumes fungi . These findings suggest that *P. armata* has a diet that includes both bacteria and fungi.",pmc,bacterivore|fungivore,bacterivore|fungivore,correct,correct,1,1,,4.99
P063,e2e_sparse_extractive,Protaphorura armata,species,0,lab,0,medline,fungivore,saprophytic fungal species || fungi,Springtail,pmc,,,no_answer,no_answer,0,1,,5.09
P063,e2e_sparse_generative,Protaphorura armata,species,0,lab,0,medline,fungivore,saprophytic fungal species || fungi,"Based on the provided documents, *Protaphorura armata* feeds on bacterial nutrition, as evidenced by studies showing bacterial nutrition in this species . Additionally, it has been noted that *P. armata* is a fungal feeder, specifically consuming fungal conidia . This dietary flexibility allows it to thrive in diverse environments, including caves and permafrost wetlands where warming influences its abundance .",pmc,bacterivore|fungivore,bacterivore|fungivore,correct,correct,0,1,,2.76
P064,doc_extractive,Protaphorura armata,species,0,lab,0,pmc,fungivore,Trichoderma sp. || Trichoderma,Trichoderma sp.,pmc,,fungivore,no_answer,correct,1,1,True,0.61
P064,doc_generative,Protaphorura armata,species,0,lab,0,pmc,fungivore,Trichoderma sp. || Trichoderma,"Based on the provided documents, Protaphorura armata shows high fitness and preference when feeding on an unidentified Trichoderma sp. . The specific identity of the Trichoderma species is not specified in the given text.",pmc,,fungivore,no_answer,correct,1,1,True,0.61
P064,e2e_dense_generative,Protaphorura armata,species,0,lab,0,pmc,fungivore,Trichoderma sp. || Trichoderma,"Based on the provided documents, *Protaphorura armata* feeds on bacterial nutrition, as evidenced by its ability to utilize bacteria as a food source . Additionally, it is noted that *P. armata* is a fungal feeder, indicating that it also consumes microfungal conidia . These dietary preferences suggest that *P. armata* has a varied diet, potentially including other organic matter available in its habitat .",pmc,bacterivore|fungivore,bacterivore|detritivore|fungivore,correct,correct,0,0,,4.5
P064,e2e_sparse_extractive,Protaphorura armata,species,0,lab,0,pmc,fungivore,Trichoderma sp. || Trichoderma,Springtail,pmc,,,no_answer,no_answer,0,0,,4.05
P064,e2e_sparse_generative,Protaphorura armata,species,0,lab,0,pmc,fungivore,Trichoderma sp. || Trichoderma,"Based on the provided documents, *Protaphorura armata* feeds on bacterial nutrition, as evidenced by studies showing bacterial nutrition in this species . Additionally, it has been noted that *P. armata* is a fungal feeder, specifically consuming fungal conidia . This dietary flexibility allows it to thrive in diverse environments, including caves and permafrost wetlands where warming influences its abundance .",pmc,bacterivore|fungivore,bacterivore|fungivore,correct,correct,0,0,,2.05
P065,doc_extractive,Protaphorura armata,species,0,literature,0,pmc,fungivore,Fusarium species || Fusarium,Heteromurus nitidus,pmc,,,no_answer,no_answer,0,1,True,0.55
P065,doc_generative,Protaphorura armata,species,0,literature,0,pmc,fungivore,Fusarium species || Fusarium,"Based on the provided documents, Protaphorura armata is mentioned as one of the organisms with which Folsomia candida shares a preferred diet, but the specific dietary preferences of Protaphorura armata are not detailed in the given text . Further information would be required to specify what Protaphorura armata feeds on.",pmc,,,no_answer,no_answer,0,1,True,0.77
P065,e2e_dense_generative,Protaphorura armata,species,0,literature,0,pmc,fungivore,Fusarium species || Fusarium,"Based on the provided documents, Protaphorura armata feeds on bacterial nutrition, as evidenced by its ability to utilize bacteria as a food source . Additionally, it is noted that Protaphorura armata is a fungal feeder, indicating that it also consumes fungi . These findings suggest that P. armata has a diet that includes both bacteria and fungi.",pmc,bacterivore|fungivore,bacterivore|fungivore,correct,correct,0,0,,4.52
P065,e2e_sparse_extractive,Protaphorura armata,species,0,literature,0,pmc,fungivore,Fusarium species || Fusarium,Springtail,pmc,,,no_answer,no_answer,0,0,,4.09
P065,e2e_sparse_generative,Protaphorura armata,species,0,literature,0,pmc,fungivore,Fusarium species || Fusarium,"Based on the provided documents, *Protaphorura armata* feeds on bacterial nutrition and is noted as a fungal feeder, specifically mentioned in relation to fungal feeding Collembola . It is also highlighted as a dominant species in warming treatments and is associated with changes in Collembola community structures under varying environmental conditions . Additionally, it has been linked to alterations in soil carbon dynamics due to its role in soil food web interactions .",pmc,bacterivore|fungivore,bacterivore|fungivore,correct,correct,0,0,,2.25
P066,doc_extractive,Protaphorura fimata,species,1,lab,0,medline,herbivore,seeds and germinating seedlings of lettuce || seeds || seedlings,germinating lettuce,medline,,herbivore,no_answer,correct,0,1,True,1.21
P066,doc_generative,Protaphorura fimata,species,1,lab,0,medline,herbivore,seeds and germinating seedlings of lettuce || seeds || seedlings,"Based on the provided documents, Protaphorura fimata feeds on germinating lettuce seeds and young seedlings. The study specifically examined its feeding behavior on *Lactuca sativa* (lettuce) in both controlled experiments and field conditions . No other food sources are mentioned in the given context.",medline,herbivore,herbivore,correct,correct,1,1,True,0.73
P066,e2e_dense_generative,Protaphorura fimata,species,0,lab,0,medline,detritivore|fungivore|herbivore,seeds and germinating seedlings of lettuce || seeds || seedlings,"Based on the provided documents, Protaphorura fimata feeds on germinating lettuce seeds and seedlings . Additionally, it has been observed consuming soil fungi such as Agrocybe gibberosa and Chaetomium globosum . There is no mention of other specific dietary items in the given sources.",medline,,fungivore|herbivore,no_answer,correct,1,1,,4.39
P066,e2e_sparse_extractive,Protaphorura fimata,species,0,lab,0,medline,detritivore|fungivore|herbivore,seeds and germinating seedlings of lettuce || seeds || seedlings,roots,pmc,,herbivore,no_answer,correct,0,1,,5.48
P066,e2e_sparse_generative,Protaphorura fimata,species,0,lab,0,medline,detritivore|fungivore|herbivore,seeds and germinating seedlings of lettuce || seeds || seedlings,"Based on the provided documents, *Protaphorura fimata* feeds on both detritus and plant materials. It has been reported to act as a root herbivore, primarily feeding on roots . Additionally, it exhibits specialized feeding on ectomycorrhizal fungi, specifically *Agrocybe gibberosa* . Thus, its diet includes plant roots, detritus, and fungal resources.",pmc,detritivore|fungivore|herbivore,detritivore|fungivore|herbivore,correct,correct,0,1,,2.15
P067,doc_extractive,Protaphorura fimata,species,1,literature,0,pmc,herbivore,roots,roots,pmc,,herbivore,no_answer,correct,1,1,True,1.26
P067,doc_generative,Protaphorura fimata,species,1,literature,0,pmc,herbivore,roots,"Based on the provided documents, *Protaphorura fimata* has been reported to act as a root herbivore and may predominantly feed on roots .",pmc,,herbivore,no_answer,correct,1,1,True,0.49
P067,e2e_dense_generative,Protaphorura fimata,species,0,literature,0,pmc,detritivore|fungivore|herbivore,roots,"Based on the provided documents, Protaphorura fimata feeds on germinating lettuce seeds and seedlings . Additionally, it has been observed consuming soil fungi such as Agrocybe gibberosa and Chaetomium globosum . There is no mention of other specific dietary items in the given sources.",medline,,fungivore|herbivore,no_answer,correct,0,1,,4.3
P067,e2e_sparse_extractive,Protaphorura fimata,species,0,literature,0,pmc,detritivore|fungivore|herbivore,roots,roots,pmc,,herbivore,no_answer,correct,1,1,,4.38
P067,e2e_sparse_generative,Protaphorura fimata,species,0,literature,0,pmc,detritivore|fungivore|herbivore,roots,"Based on the provided documents, *Protaphorura fimata* feeds on both plant materials and fungi. It has been reported to act as a root herbivore, primarily feeding on roots . Additionally, it exhibits specialized feeding on ectomycorrhizal fungi, specifically *Agrocybe gibberosa* .",pmc,fungivore|herbivore,fungivore|herbivore,correct,correct,1,1,,1.66
P068,doc_extractive,Protaphorura fimata,species,0,lab,0,pmc,fungivore,the fungus Agrocybe gibberosa || Agrocybe gibberosa || fungus,"Agrocybe gibberosa (Fries) Fayod, 1889",pmc,,fungivore,no_answer,correct,1,1,True,0.58
P068,doc_generative,Protaphorura fimata,species,0,lab,0,pmc,fungivore,the fungus Agrocybe gibberosa || Agrocybe gibberosa || fungus,"Based on the provided documents, Protaphorura fimata feeds on the fungus Agrocybe gibberosa . This is an example of specialized feeding on ectomycorrhizal fungi by soil invertebrates .",pmc,fungivore,fungivore|predator,correct,correct,1,1,True,0.64
P068,e2e_dense_generative,Protaphorura fimata,species,0,lab,0,pmc,detritivore|fungivore|herbivore,the fungus Agrocybe gibberosa || Agrocybe gibberosa || fungus,"Based on the provided documents, Protaphorura fimata feeds on germinating lettuce seeds and seedlings . Additionally, it has been observed consuming soil fungi such as Agrocybe gibberosa and Chaetomium globosum . There is no mention of other specific dietary items in the given sources.",medline,,fungivore|herbivore,no_answer,correct,1,1,,4.15
P068,e2e_sparse_extractive,Protaphorura fimata,species,0,lab,0,pmc,detritivore|fungivore|herbivore,the fungus Agrocybe gibberosa || Agrocybe gibberosa || fungus,roots,pmc,,herbivore,no_answer,correct,0,0,,4.31
P068,e2e_sparse_generative,Protaphorura fimata,species,0,lab,0,pmc,detritivore|fungivore|herbivore,the fungus Agrocybe gibberosa || Agrocybe gibberosa || fungus,"Based on the provided documents, *Protaphorura fimata* feeds on both plant materials and fungi. It has been reported to act as a root herbivore, primarily feeding on roots . Additionally, it exhibits specialized feeding on ectomycorrhizal fungi, specifically *Agrocybe gibberosa* .",pmc,fungivore|herbivore,fungivore|herbivore,correct,correct,1,1,,1.67
P069,doc_extractive,Protaphorura fimata,species,1,literature,0,pmc,detritivore|herbivore,fine roots of Zea mays || fine roots || litter resources,fine roots,pmc,,herbivore,no_answer,correct,1,1,True,1.24
P069,doc_generative,Protaphorura fimata,species,1,literature,0,pmc,detritivore|herbivore,fine roots of Zea mays || fine roots || litter resources,"Based on the provided documents, *Protaphorura fimata* feeds on litter resources in soil, but it can switch its diet to feeding on fine roots of *Zea mays* (L.) when available . This dietary flexibility suggests that *P. fimata* is capable of adapting its food source depending on environmental conditions.",pmc,,detritivore|herbivore,no_answer,correct,1,1,True,0.8
P069,e2e_dense_generative,Protaphorura fimata,species,0,literature,0,pmc,detritivore|fungivore|herbivore,fine roots of Zea mays || fine roots || litter resources,"Based on the provided documents, Protaphorura fimata feeds on germinating lettuce seeds and seedlings . Additionally, it has been observed consuming soil fungi such as Agrocybe gibberosa and Chaetomium globosum . There is no mention of other specific dietary items in the given sources.",medline,,fungivore|herbivore,no_answer,correct,0,0,,4.13
P069,e2e_sparse_extractive,Protaphorura fimata,species,0,literature,0,pmc,detritivore|fungivore|herbivore,fine roots of Zea mays || fine roots || litter resources,roots,pmc,,herbivore,no_answer,correct,0,0,,4.42
P069,e2e_sparse_generative,Protaphorura fimata,species,0,literature,0,pmc,detritivore|fungivore|herbivore,fine roots of Zea mays || fine roots || litter resources,"Based on the provided documents, *Protaphorura fimata* feeds on both detritus and plant materials. It has been reported to act as a root herbivore, primarily feeding on roots . Additionally, it exhibits specialized feeding on ectomycorrhizal fungi, specifically *Agrocybe gibberosa* . Thus, its diet includes both plant roots and fungal resources.",pmc,detritivore|fungivore|herbivore,detritivore|fungivore|herbivore,correct,correct,0,0,,1.88
P070,doc_extractive,Protaphorura fimata,species,0,lab,0,medline,fungivore,the fungal diet || fungal,"fungal food quality and starvation on the fatty acid composition of Protaphorura fimata (Collembola).. The lipid pattern of animals is influenced by species, life stage, environmental conditions and diet. We investigated the effects of food quality and starvation on the phospholipid (PLFA) and neutral lipid (NLFA) fatty acid pattern of the collembolan",medline,,fungivore,no_answer,correct,1,1,True,1.24
P070,doc_generative,Protaphorura fimata,species,0,lab,0,medline,fungivore,the fungal diet || fungal,"Based on the provided documents, Protaphorura fimata feeds on soil fungi, specifically Agrocybe gibberosa and Chaetomium globosum . The study examines how the fatty acid composition of these fungi affects the collembolan's own fatty acid profile .",medline,fungivore,fungivore,correct,correct,0,1,True,0.72
P070,e2e_dense_generative,Protaphorura fimata,species,0,lab,0,medline,detritivore|fungivore|herbivore,the fungal diet || fungal,"Based on the provided documents, Protaphorura fimata feeds on germinating lettuce seeds and seedlings . Additionally, it has been observed consuming soil fungi such as Agrocybe gibberosa and Chaetomium globosum . There is no mention of other specific dietary items in the given sources.",medline,,fungivore|herbivore,no_answer,correct,0,1,,4.09
P070,e2e_sparse_extractive,Protaphorura fimata,species,0,lab,0,medline,detritivore|fungivore|herbivore,the fungal diet || fungal,roots,pmc,,herbivore,no_answer,correct,0,1,,4.38
P070,e2e_sparse_generative,Protaphorura fimata,species,0,lab,0,medline,detritivore|fungivore|herbivore,the fungal diet || fungal,"Based on the provided documents, *Protaphorura fimata* feeds on both detritus and plant material. It has been reported to act as a root herbivore, primarily feeding on roots . Additionally, it is known to feed on ectomycorrhizal fungi, specifically *Agrocybe gibberosa* .",pmc,detritivore|fungivore|herbivore,detritivore|fungivore|herbivore,correct,correct,0,1,,1.75
P071,doc_extractive,Sinella curviseta,species,1,lab,0,medline,predator,nematodes || entomopathogenic nematodes,tobacco-fed larvae,medline,,,no_answer,no_answer,0,1,True,1.23
P071,doc_generative,Sinella curviseta,species,1,lab,0,medline,predator,nematodes || entomopathogenic nematodes,"Based on the provided documents, Sinella curviseta is mentioned as a springtail that feeds on nematodes, specifically those reared on different host plants such as tobacco-fed larvae, greater wax moth, tomato-fed larvae, or eggplant-fed larvae . The document does not specify the natural diet of Sinella curviseta outside of its interaction with nematodes.",medline,predator,predator,correct,correct,1,1,True,0.82
P071,e2e_dense_generative,Sinella curviseta,species,0,lab,0,medline,fungivore|predator,nematodes || entomopathogenic nematodes,"Based on the provided documents, Sinella curviseta primarily feeds on filamentous fungi, as well as fungi, humus, and lichens . It is noted to be a fungivorous springtail that interacts with filamentous fungi like *Aspergillus nidulans* . Additionally, it is mentioned that these microarthropods consume fungi, bacteria, algae, and actinomycetes, contributing to the nutrient cycle .",pmc,algivore|bacterivore|detritivore|fungivore|herbivore,algivore|bacterivore|detritivore|fungivore|herbivore,correct,correct,0,0,,4.91
P071,e2e_sparse_extractive,Sinella curviseta,species,0,lab,0,medline,fungivore|predator,nematodes || entomopathogenic nematodes,"fungi, bacteria, algae, and actinomycetes",pmc,,algivore|bacterivore|fungivore,no_answer,correct,0,1,,5.16
P071,e2e_sparse_generative,Sinella curviseta,species,0,lab,0,medline,fungivore|predator,nematodes || entomopathogenic nematodes,"Based on the provided documents, Sinella curviseta primarily feeds on filamentous fungi, as it is described as a fungivorous springtail that consumes these organisms . Additionally, it is noted to feed on humus and lichens .",pmc,detritivore|fungivore|herbivore,detritivore|fungivore|herbivore,correct,correct,0,0,,1.74
P072,doc_extractive,Sinella curviseta,species,0,lab,0,pmc,fungivore,fungivorous || fungi,"Folsomia candida, and Sinella curviseta) and a predatory mite (Hypoaspis aculeifer) to half of the microcosms. We measured seedling establishment and plant biomass, nematode and microbial community composition, microbial biomass, and mycorrhizal colonization of roots",pmc,predator,bacterivore|fungivore|herbivore|microbivore|predator,wrong,correct,0,1,True,0.53
P072,doc_generative,Sinella curviseta,species,0,lab,0,pmc,fungivore,fungivorous || fungi,"Based on the provided documents, Sinella curviseta is a type of soil microarthropod that is likely involved in decomposing organic matter and feeding on bacteria, fungi, or other small organisms in the soil. However, the specific diet of Sinella curviseta is not explicitly stated in the given source .",pmc,,bacterivore|detritivore|fungivore,no_answer,correct,1,1,True,0.69
P072,e2e_dense_generative,Sinella curviseta,species,0,lab,0,pmc,fungivore|predator,fungivorous || fungi,"Based on the provided documents, Sinella curviseta primarily feeds on filamentous fungi, as well as fungi, humus, and lichens . It is noted to be a fungivorous springtail that interacts with filamentous fungi like *Aspergillus nidulans* . Additionally, it is mentioned that Sinella curviseta, along with other microarthropods, plays a role in altering soil ecosystems by affecting microbial and nematode communities .",pmc,detritivore|fungivore|herbivore,bacterivore|detritivore|fungivore|herbivore|microbivore|predator,correct,correct,1,1,,4.73
P072,e2e_sparse_extractive,Sinella curviseta,species,0,lab,0,pmc,fungivore|predator,fungivorous || fungi,"fungi, bacteria, algae, and actinomycetes",pmc,,algivore|bacterivore|fungivore,no_answer,correct,1,0,,4.15
P072,e2e_sparse_generative,Sinella curviseta,species,0,lab,0,pmc,fungivore|predator,fungivorous || fungi,"Based on the provided documents, Sinella curviseta primarily feeds on filamentous fungi, as it is described as a fungivorous springtail that consumes filamentous fungi . Additionally, it is noted to feed on fungi, humus, and lichens, indicating a diet that includes various organic materials .",pmc,detritivore|fungivore|herbivore,detritivore|fungivore|herbivore,correct,correct,1,0,,1.52
P073,doc_extractive,Stenaphorura denisi,species,0,isotope,1,pmc,microbivore,microorganisms associated with roots || microorganisms,"plant species richness (Δ15N values); means ± 1 SE
Changes in the incorporation of 15N into (a) Tectocepheus velatus sarekensis, (b) Stenaphorura denisi, (c) Lepidocyrtus cyaneus, and (d) Isotoma viridis with time plant functional group richness (Δ15N values); means ± 1 SE
The presence of legumes generally did not affect Δ15N values of any of the studied mesofauna species. By contrast, the presence of grasses significantly affected Δ15N values in Ceratophysella sp. and T. velatus sarekensis, but the effect varied with time (Figure 7a,b). In Ceratophysella sp., Δ15N values strongly increased in the presence of grasses, in particular at days 5 and 15. By contrast, in T. velatus sarekensis, Δ15N values decreased in the presence of grasses, with the effect being most pronounced at days 15 and 30.
Changes in the incorporation of 15N into (a) Tectocepheus velatus sarekensis and (b) Ceratophysella sp. with time and presence of grasses (Δ15N values); means ± 1 SE
DISCUSSION
Soil microorganisms are one of the main food resources of soil animals",pmc,bacterivore|fungivore|microbivore,bacterivore|fungivore|microbivore,correct,correct,1,1,True,0.62
P073,doc_generative,Stenaphorura denisi,species,0,isotope,1,pmc,microbivore,microorganisms associated with roots || microorganisms,"Based on the provided documents, there is no explicit information about the diet of *Stenaphorura denisi*. The text mentions *Stenaphorura denisi* in the context of studying its interactions with other organisms and the incorporation of mineral nitrogen but does not specify what it feeds on . Further research would be needed to determine its dietary preferences.",pmc,,,no_answer,no_answer,0,1,True,0.77
P073,e2e_sparse_extractive,Stenaphorura denisi,species,0,isotope,1,pmc,microbivore,microorganisms associated with roots || microorganisms,pine litter,plazi,,detritivore,no_answer,wrong,0,1,,4.51
P073,e2e_sparse_generative,Stenaphorura denisi,species,0,isotope,1,pmc,microbivore,microorganisms associated with roots || microorganisms,"Based on the provided documents, Stenaphorura denisi is mentioned in the context of ecological studies involving plant communities and soil fauna, but none of the sources explicitly state what Stenaphorura denisi feeds on. Therefore, the dietary preferences of Stenaphorura denisi are not specified in the given sources .",pmc,,,no_answer,no_answer,0,1,,2.12
P074,doc_extractive,Tetrodontophora bielanensis,species,0,literature,0,pmc,fungivore,a large spectrum of fungi || fungi,fungi,pmc,,fungivore,no_answer,correct,1,1,True,1.24
P074,doc_generative,Tetrodontophora bielanensis,species,0,literature,0,pmc,fungivore,a large spectrum of fungi || fungi,"Based on the provided documents, Tetrodontophora bielanensis feeds on a large spectrum of fungi, not limited to wood-inhabiting fungi . This indicates a broader diet than just wood-associated fungi.",pmc,fungivore,fungivore,correct,correct,1,1,True,0.55
P074,e2e_sparse_extractive,Tetrodontophora bielanensis,species,0,literature,0,pmc,fungivore,a large spectrum of fungi || fungi,collembola,medline,,,no_answer,no_answer,0,1,,3.14
P074,e2e_sparse_generative,Tetrodontophora bielanensis,species,0,literature,0,pmc,fungivore,a large spectrum of fungi || fungi,"Based on the provided documents, Tetrodontophora bielanensis feeds on a large spectrum of fungi, including not only wood-inhabiting fungi but also others . Additionally, they have the ability to transport fungal spores on their body surface and in their intestines .",pmc,fungivore,fungivore,correct,correct,1,1,,1.95
P075,doc_extractive,Thalassaphorura debilis,species,1,isotope,0,pmc,algivore|herbivore,marine C4 plants/algae || C3 plant carbon || algae,soil mesofauna,pmc,,,no_answer,no_answer,0,1,True,0.57
P075,doc_generative,Thalassaphorura debilis,species,1,isotope,0,pmc,algivore|herbivore,marine C4 plants/algae || C3 plant carbon || algae,"Based on the provided documents, there is no specific information about the diet of *Thalassaphorura debilis*. The document mentions its presence in salt marsh soil mesofauna but does not detail its feeding habits . Further research would be needed to determine its dietary preferences.",pmc,,,no_answer,no_answer,0,1,True,0.65
P075,e2e_sparse_extractive,Thalassaphorura debilis,species,1,isotope,0,pmc,algivore|herbivore,marine C4 plants/algae || C3 plant carbon || algae,arthropod,medline,,,no_answer,no_answer,0,1,,5.17
P075,e2e_sparse_generative,Thalassaphorura debilis,species,1,isotope,0,pmc,algivore|herbivore,marine C4 plants/algae || C3 plant carbon || algae,"Based on the provided documents, there is no direct information about the diet of *Thalassaphorura debilis*. However, it is noted that *Thalassaphorura debilis* is a species of springtail found in salt marsh environments . Springtails typically feed on decaying organic matter, algae, and detritus in their habitat . For more specific dietary preferences, additional research would be required.",pmc,,algivore|detritivore,no_answer,correct,1,1,,2.5
P076,doc_extractive,Tomocerina varia,species,1,isotope,1,pmc,detritivore,litter,litter,pmc,,detritivore,no_answer,correct,1,1,True,0.58
P076,doc_generative,Tomocerina varia,species,1,isotope,1,pmc,detritivore,litter,"Based on the provided documents, Tomocerina varia feeds on microorganisms, microbial residues, or other isotopically enriched resources, as indicated by shifts in its trophic position at higher elevations . The specific dietary preferences of Tomocerina varia are not detailed beyond this general description.",pmc,,bacterivore|fungivore|microbivore,no_answer,wrong,0,1,True,0.65
P076,e2e_dense_generative,Tomocerina varia,species,1,isotope,1,pmc,detritivore,litter,"Based on the provided documents, Tomocerina varia feeds on plants, specifically mentioned as being fed upon by larvae of *Colias philodice* in studies involving *Coronilla varia*, *Medicago sativa*, and *Medicago alba*. However, no direct information about the specific dietary preferences of *Tomocerina varia* itself is provided in the sources.",medline,,,no_answer,no_answer,0,0,,4.52
P076,e2e_sparse_extractive,Tomocerina varia,species,1,isotope,1,pmc,detritivore,litter,litter,pmc,,detritivore,no_answer,correct,1,1,,5.02
P076,e2e_sparse_generative,Tomocerina varia,species,1,isotope,1,pmc,detritivore,litter,"Based on the provided documents, Tomocerina varia exhibits a dietary shift towards feeding more on microorganisms, microbial residues, or other isotopically enriched resources at higher elevations . However, specific details about its exact food sources are not explicitly mentioned in the given texts.",pmc,,bacterivore|fungivore|microbivore,no_answer,wrong,0,1,,2.35
P077,doc_extractive,Tomocerus flavescens,species,1,lab,0,medline,algivore,algae,algae,medline,,algivore,no_answer,correct,1,1,True,1.22
P077,doc_generative,Tomocerus flavescens,species,1,lab,0,medline,algivore,algae,"Based on the provided documents, Tomocerus flavescens feeds on algae, as they were fed with C-14 labelled algae in the study . There is no specific mention of other dietary items in the given source.",medline,algivore,algivore,correct,correct,1,1,True,0.62
P077,e2e_dense_generative,Tomocerus flavescens,species,1,lab,0,medline,algivore,algae,"Based on the provided documents, Tomocerus flavescens is not explicitly mentioned as having a specific diet. However, related species within the genus Tomocerus, such as Tomocerus caecus sp. nov. and others, are described as feeding on algae . Additionally, Monema flavescens, which is closely related, is noted to be polyphagous and feeds on broadleaves, with reports on 51 plant species across 24 families . Therefore, it is plausible that Tomocerus flavescens may have a similar dietary preference, potentially including both algae and plant material.",medline,,algivore|herbivore,no_answer,correct,1,1,,4.91
P077,e2e_sparse_extractive,Tomocerus flavescens,species,1,lab,0,medline,algivore,algae,broadleaves,medline,,,no_answer,no_answer,0,1,,5.73
P077,e2e_sparse_generative,Tomocerus flavescens,species,1,lab,0,medline,algivore,algae,"Based on the provided documents, Tomocerus flavescens is mentioned as being found in both soil and litter environments. It is noted that some Collembola species, including Tomocerus flavescens, exhibit dietary preferences influenced by their habitat and the availability of resources like plant materials and fungi. Specifically, it is implied that Tomocerus flavescens may consume organic matter derived from plants and possibly fungi, given its association with these substrates in the environment . However, direct evidence about its diet is limited in the provided texts.",pmc,fungivore|herbivore,detritivore|fungivore|herbivore,wrong,wrong,0,1,,2.76
P078,doc_extractive,Tomocerus laxalamella,species,1,isotope,1,pmc,detritivore,litter,litter,pmc,,detritivore,no_answer,correct,1,1,True,0.57
P078,doc_generative,Tomocerus laxalamella,species,1,isotope,1,pmc,detritivore,litter,"Based on the provided documents, Tomocerus laxalamella likely feeds on litter, as indicated by its negative 15N values at lower elevations, which are associated with primary decomposers feeding on litter components depleted in 15N . This pattern is consistent with other decomposer organisms like Collembola, Diplopoda, and Oribatida .",pmc,,detritivore,no_answer,correct,1,1,True,0.8
P078,e2e_sparse_extractive,Tomocerus laxalamella,species,1,isotope,1,pmc,detritivore,litter,litter,pmc,,detritivore,no_answer,correct,1,1,,1.84
P078,e2e_sparse_generative,Tomocerus laxalamella,species,1,isotope,1,pmc,detritivore,litter,"Based on the provided documents, Tomocerus laxalamella likely feeds on litter, as indicated by its negative 15N values at lower elevations, which are associated with feeding on litter components depleted in 15N . This dietary preference aligns with the role of large Collembola as primary decomposers .",pmc,,detritivore,no_answer,correct,1,1,,0.76
P079,doc_extractive,Tomocerus minor,species,1,isotope,0,pmc,detritivore,fresh plant litter || plant litter,"plant‐synthesised FAs and plant particles in the gut, and the latter with high proportions of fungi‐synthesised FAs and fungi in the gut (PC1 and PC2). Tomocerus minor (Tomoceridae) was associated with plant and non‐specific bacteria parameters (PC2) but also with fungi and amorphous material in the gut",pmc,,bacterivore|fungivore|herbivore,no_answer,wrong,0,1,True,0.67
P079,doc_generative,Tomocerus minor,species,1,isotope,0,pmc,detritivore,fresh plant litter || plant litter,"Based on the provided documents, Tomocerus minor is associated with plant and non-specific bacteria parameters as well as fungi and amorphous material in the gut . This suggests that its diet may include plants, fungi, and possibly detrital materials. However, the exact feeding habits are not explicitly stated in the source.",pmc,,bacterivore|fungivore,no_answer,wrong,0,1,True,0.82
P079,e2e_dense_generative,Tomocerus minor,species,1,isotope,0,pmc,detritivore,fresh plant litter || plant litter,"Based on the provided documents, there is no direct information about the diet of *Tomocerus minor*. The sources discuss its morphology, predation dynamics, and life history traits but do not specify its feeding habits . Further studies would be needed to determine its dietary preferences.",medline,,predator,no_answer,wrong,0,1,,4.49
P079,e2e_sparse_extractive,Tomocerus minor,species,1,isotope,0,pmc,detritivore,fresh plant litter || plant litter,collembolan,medline,,,no_answer,no_answer,0,0,,5.02
P079,e2e_sparse_generative,Tomocerus minor,species,1,isotope,0,pmc,detritivore,fresh plant litter || plant litter,"Based on the provided documents, Tomocerus minor is associated with plant and non-specific bacteria parameters, as well as fungi and amorphous material in the gut . However, the exact diet of Tomocerus minor is not explicitly stated in the given sources.",pmc,,bacterivore|fungivore,no_answer,wrong,0,1,,2.11
P080,doc_extractive,Vertagopus pseudocinereus,species,0,lab,0,medline,fungivore,the yeast Rhodotorula glutinis || Rhodotorula glutinis || yeast,green and newly fallen leaves,medline,,herbivore,no_answer,wrong,0,1,True,1.23
P080,doc_generative,Vertagopus pseudocinereus,species,0,lab,0,medline,fungivore,the yeast Rhodotorula glutinis || Rhodotorula glutinis || yeast,"Based on the provided documents, *Vertagopus pseudocinereus* feeds on young leaves. However, it is noted that young leaves grown under sterile conditions, which are almost free of yeast fungi, are toxic to this species, whereas naturally grown leaves that contain yeast fungi are not toxic and support the growth and reproduction of *V. pseudocinereus* . The document also mentions that the feeding preferences of *V. pseudocinereus* relate to different types of yeast fungi associated with various ecological niches .",medline,fungivore,fungivore|herbivore,correct,correct,1,1,True,1.13
P080,e2e_sparse_extractive,Vertagopus pseudocinereus,species,0,lab,0,medline,fungivore,the yeast Rhodotorula glutinis || Rhodotorula glutinis || yeast,snow or ice,pmc,,,no_answer,no_answer,0,1,,5.46
P080,e2e_sparse_generative,Vertagopus pseudocinereus,species,0,lab,0,medline,fungivore,the yeast Rhodotorula glutinis || Rhodotorula glutinis || yeast,"Based on the provided documents, Vertagopus pseudocinereus feeds on young leaves. These leaves can be either toxic or non-toxic depending on their growth conditions; those grown under sterile conditions are toxic, while those grown naturally are not .",medline,,herbivore,no_answer,wrong,0,1,,2.43
P081,doc_extractive,Vertagopus sarekensis,species,0,literature,0,pmc,algivore|microbivore,algae and microorganisms found on mosses || algae,algae and microorganisms found on mosses,pmc,,algivore|bacterivore|fungivore|herbivore|microbivore,no_answer,correct,1,1,True,1.24
P081,doc_generative,Vertagopus sarekensis,species,0,literature,0,pmc,algivore|microbivore,algae and microorganisms found on mosses || algae,"Based on the provided documents, Vertagopus sarekensis feeds on algae and microorganisms found on mosses .",pmc,algivore|bacterivore|fungivore|herbivore|microbivore,algivore|bacterivore|fungivore|herbivore|microbivore,correct,correct,1,1,True,0.36
P081,e2e_dense_generative,Vertagopus sarekensis,species,0,literature,0,pmc,algivore|microbivore,algae and microorganisms found on mosses || algae,"Based on the provided documents, Vertagopus sarekensis feeds on algae and microorganisms found on mosses . Additionally, it is noted that the predominant feeding strategy of T. velatus sarekensis is detritivory, potentially including microbial residues .",pmc,algivore|bacterivore|fungivore|herbivore|microbivore,algivore|bacterivore|fungivore|herbivore|microbivore,correct,correct,1,1,,4.52
P081,e2e_sparse_extractive,Vertagopus sarekensis,species,0,literature,0,pmc,algivore|microbivore,algae and microorganisms found on mosses || algae,algae and microorganisms found on mosses,pmc,,algivore|bacterivore|fungivore|herbivore|microbivore,no_answer,correct,1,1,,4.98
P081,e2e_sparse_generative,Vertagopus sarekensis,species,0,literature,0,pmc,algivore|microbivore,algae and microorganisms found on mosses || algae,"Based on the provided documents, Vertagopus sarekensis feeds on algae and microorganisms found on mosses .",pmc,algivore|bacterivore|fungivore|herbivore|microbivore,algivore|bacterivore|fungivore|herbivore|microbivore,correct,correct,1,1,,1.76
P082,doc_extractive,Agrenia,genus,1,gut,1,pmc,algivore,this biofilm || biofilm || diatoms,biofilm,pmc,algivore,algivore,correct,correct,1,1,True,1.23
P082,doc_generative,Agrenia,genus,1,gut,1,pmc,algivore,this biofilm || biofilm || diatoms,"Based on the provided documents, Agrenia feeds on a biofilm containing terrestrial diatoms and other microorganisms. This biofilm is found on moist surfaces of sand and silt, where it forms through the production of extracellular polymeric substances by the diatoms . The Collembola likely consume this biofilm, which is rich in proteins .",pmc,algivore|bacterivore|omnivore|predator,algivore|bacterivore|fungivore|microbivore,correct,correct,1,1,True,0.76
P082,e2e_sparse_extractive,Agrenia,genus,1,gut,1,pmc,algivore,this biofilm || biofilm || diatoms,snow or ice,pmc,,,no_answer,no_answer,0,1,,4.89
P082,e2e_sparse_generative,Agrenia,genus,1,gut,1,pmc,algivore,this biofilm || biofilm || diatoms,"Based on the provided documents, Agrenia bidenticulata feeds on biofilms containing terrestrial diatoms, which are consumed through ingestion of the slimy biofilm produced on moist surfaces of sand and silt . Additionally, it is noted that Agrenia may consume organic matter such as plant material and fungi, indicating a somewhat generalized feeding habit .",pmc,algivore|detritivore|fungivore|omnivore,algivore|detritivore|fungivore|herbivore,correct,correct,1,1,,1.84
P083,doc_extractive,Bourletiella,genus,1,literature,0,pmc,herbivore,herbivorous || herbivore,litter and some fungi,pmc,detritivore|fungivore,detritivore|fungivore,wrong,wrong,0,1,True,1.31
P083,doc_generative,Bourletiella,genus,1,literature,0,pmc,herbivore,herbivorous || herbivore,"Based on the provided documents, Bourletiella is described as a herbivorous Collembolan that feeds on fresh organic matter . This dietary preference aligns with the general feeding habits of herbivorous Collembolans, which rely on fresh organic material for sustenance.",pmc,detritivore|predator,detritivore|herbivore,wrong,correct,1,1,True,0.72
P083,e2e_sparse_extractive,Bourletiella,genus,1,literature,0,pmc,herbivore,herbivorous || herbivore,dead organic matter,pmc,detritivore,detritivore,wrong,wrong,0,0,,4.8
P083,e2e_sparse_generative,Bourletiella,genus,1,literature,0,pmc,herbivore,herbivorous || herbivore,"Based on the provided documents, Bourletiella feeds on mosses and possibly fungal hyphae, as evidenced by the presence of moss fragments and fungal hyphae in the gut contents of Bourletiella hortensis . Additionally, some species within the genus Bourletiella are described as moss-eaters .",pmc,fungivore|herbivore,fungivore|herbivore,correct,correct,0,0,,2.05
P084,doc_extractive,Crossodonthina,genus,0,lab,0,pmc,fungivore,slime mold || slime molds,slime mold,pmc,fungivore,fungivore,correct,correct,1,1,True,1.26
P084,doc_generative,Crossodonthina,genus,0,lab,0,pmc,fungivore,slime mold || slime molds,"Based on the provided documents, Crossodonthina sp. feeds exclusively on slime molds .",pmc,fungivore,fungivore,correct,correct,1,1,True,0.33
P084,e2e_dense_generative,Crossodonthina,genus,0,lab,0,pmc,fungivore,slime mold || slime molds,"Based on the provided documents, there is no specific information regarding the diet or feeding habits of Crossodonthina species. The descriptions focus on morphological characteristics rather than ecological preferences or dietary sources , , , , . Further research would be needed to determine their feeding ecology.",medline,,,no_answer,no_answer,0,0,,4.52
P084,e2e_sparse_extractive,Crossodonthina,genus,0,lab,0,pmc,fungivore,slime mold || slime molds,slime mold,pmc,fungivore,fungivore,correct,correct,1,1,,5.19
P084,e2e_sparse_generative,Crossodonthina,genus,0,lab,0,pmc,fungivore,slime mold || slime molds,"Based on the provided documents, Crossodonthina sp. feeds exclusively on slime molds. This is indicated by the observation that it inserts the tip of its buccal cone into the plasmodia and veins of the slime mold to suck out protoplasm . There is no mention of other food sources for this particular species.",pmc,fungivore,fungivore,correct,correct,1,1,,2.25
P085,doc_extractive,Desoria,genus,1,gut,1,pmc,algivore,this biofilm || biofilm || diatoms,biofilm,pmc,algivore,algivore,correct,correct,1,1,True,0.55
P085,doc_generative,Desoria,genus,1,gut,1,pmc,algivore,this biofilm || biofilm || diatoms,"Based on the provided documents, Desoria olivacea feeds on diatom algae, which were found in their gut contents along with mineral particles. The presence of diatoms suggests that these organisms consume microscopic algae, possibly ingested while filtering water or consuming sediment containing the algae .",pmc,algivore,algivore,correct,correct,1,1,True,0.62
P085,e2e_sparse_extractive,Desoria,genus,1,gut,1,pmc,algivore,this biofilm || biofilm || diatoms,snow or ice,pmc,,,no_answer,no_answer,0,0,,4.47
P085,e2e_sparse_generative,Desoria,genus,1,gut,1,pmc,algivore,this biofilm || biofilm || diatoms,"Based on the provided documents, Desoria species primarily feed on diatom algae, as evidenced by the presence of diatoms in their gut contents . Additionally, some studies suggest that certain Desoria species may also consume other food resources, such as fungal materials or mineral particles, depending on availability . However, specific dietary preferences vary among species and environmental contexts.",pmc,algivore|fungivore,algivore|fungivore,correct,correct,1,1,,1.84
P086,doc_extractive,Entomobrya,genus,0,literature,0,pmc,bacterivore|detritivore|fungivore,litter and its associated fungi and bacteria || litter || fungi and bacteria,litter,pmc,detritivore,detritivore,correct,correct,1,1,True,1.33
P086,doc_generative,Entomobrya,genus,0,literature,0,pmc,bacterivore|detritivore|fungivore,litter and its associated fungi and bacteria || litter || fungi and bacteria,"Based on the provided documents, Entomobrya feed on litter and its associated fungi and bacteria, acting as primary decomposers . This diet plays an essential role in litter decomposition processes .",pmc,bacterivore|detritivore|fungivore|omnivore,bacterivore|detritivore|fungivore,correct,correct,1,1,True,0.5
P086,e2e_dense_generative,Entomobrya,genus,0,literature,0,pmc,bacterivore|detritivore|fungivore,litter and its associated fungi and bacteria || litter || fungi and bacteria,"Based on the provided documents, *Entomobrya proxima* feeds on a variety of organic materials including dead organic matter, plant tissue, and fine roots, functioning as both decomposers and herbivores . It also utilizes carrion as a food source, indicating a diet that includes animal remains . Additionally, it may consume fungi, as some Collembola species exhibit mycophagy . However, specific details about its exact dietary preferences are limited in the given sources.",pmc,detritivore|fungivore|herbivore|omnivore|predator,detritivore|fungivore|herbivore,correct,correct,0,0,,4.84
P086,e2e_sparse_extractive,Entomobrya,genus,0,literature,0,pmc,bacterivore|detritivore|fungivore,litter and its associated fungi and bacteria || litter || fungi and bacteria,springtails,medline,,,no_answer,no_answer,0,0,,5.32
P086,e2e_sparse_generative,Entomobrya,genus,0,literature,0,pmc,bacterivore|detritivore|fungivore,litter and its associated fungi and bacteria || litter || fungi and bacteria,"Based on the provided documents, *Entomobrya* feeds on dead organic matter, functioning as decomposers, and also acts as herbivores by consuming plant tissue and fine roots . Additionally, specific studies mention *Entomobrya proxima* being involved in responses to organic fertilizer addition, suggesting it may utilize organic materials in its diet .",pmc,detritivore|herbivore,detritivore|herbivore,correct,correct,0,0,,2.25
P087,doc_extractive,Entomobrya,genus,0,literature,0,pmc,bacterivore|detritivore|fungivore,litter material and the adhering fungi and bacteria || litter material || fungi and bacteria,litter material,pmc,detritivore,detritivore,correct,correct,1,1,True,0.62
P087,doc_generative,Entomobrya,genus,0,literature,0,pmc,bacterivore|detritivore|fungivore,litter material and the adhering fungi and bacteria || litter material || fungi and bacteria,"Based on the provided documents, species belonging to the genus Entomobrya are classified as primary decomposers, feeding on litter material and the adhering fungi and bacteria . The specific diet of Entomobrya is not detailed in the given sources.",pmc,bacterivore|detritivore|fungivore|omnivore,bacterivore|detritivore|fungivore,correct,correct,1,1,True,0.62
P087,e2e_dense_generative,Entomobrya,genus,0,literature,0,pmc,bacterivore|detritivore|fungivore,litter material and the adhering fungi and bacteria || litter material || fungi and bacteria,"Based on the provided documents, *Entomobrya proxima* feeds on a variety of organic materials including dead organic matter, plant tissues, fine roots, and potentially fungi. It may also consume other small soil organisms, as it is known to interact with various food sources at different trophic levels . Additionally, some studies suggest that certain species within the genus *Entomobrya* might exhibit mycophagy, feeding on fungi such as those in the Agaricomycetes class .",pmc,detritivore|fungivore|herbivore|omnivore,detritivore|fungivore|herbivore|omnivore,correct,correct,0,0,,4.54
P087,e2e_sparse_extractive,Entomobrya,genus,0,literature,0,pmc,bacterivore|detritivore|fungivore,litter material and the adhering fungi and bacteria || litter material || fungi and bacteria,springtails,medline,,,no_answer,no_answer,0,0,,4.03
P087,e2e_sparse_generative,Entomobrya,genus,0,literature,0,pmc,bacterivore|detritivore|fungivore,litter material and the adhering fungi and bacteria || litter material || fungi and bacteria,"Based on the provided documents, *Entomobrya* feeds on dead organic matter, functioning as decomposers, and also acts as herbivores by consuming plant tissue and fine roots . Additionally, specific studies mention *Entomobrya proxima* being involved in responses to organic fertilizer addition, suggesting it may utilize organic materials in its diet .",pmc,detritivore|herbivore,detritivore|herbivore,correct,correct,0,0,,1.95
P088,doc_extractive,Folsomia,genus,0,literature,0,pmc,bacterivore|detritivore|fungivore,litter material and the adhering fungi and bacteria || litter material || fungi and bacteria,litter material,pmc,detritivore,detritivore,correct,correct,1,1,True,0.61
P088,doc_generative,Folsomia,genus,0,literature,0,pmc,bacterivore|detritivore|fungivore,litter material and the adhering fungi and bacteria || litter material || fungi and bacteria,"Based on the provided documents, Folsomia candida feeds on litter material and the adhering fungi and bacteria . The diet includes both organic matter and microorganisms found in the surrounding environment.",pmc,bacterivore|detritivore|fungivore|omnivore,bacterivore|detritivore|fungivore|microbivore,correct,correct,1,1,True,0.49
P088,e2e_sparse_extractive,Folsomia,genus,0,literature,0,pmc,bacterivore|detritivore|fungivore,litter material and the adhering fungi and bacteria || litter material || fungi and bacteria,glucose,pmc,,,no_answer,no_answer,0,0,,5.64
P088,e2e_sparse_generative,Folsomia,genus,0,literature,0,pmc,bacterivore|detritivore|fungivore,litter material and the adhering fungi and bacteria || litter material || fungi and bacteria,"Based on the provided documents, Folsomia is primarily associated with feeding on litter and detritus . Additionally, there is mention that some members of this genus may consume fungi, although fungi are not considered a major food resource for this group .",pmc,detritivore|fungivore,detritivore|fungivore,correct,correct,0,0,,2.05
P089,doc_extractive,Isotomiella,genus,0,literature,1,pmc,fungivore,fungivores || fungi,soil microorganisms and dead organic matter,pmc,bacterivore|detritivore,bacterivore|detritivore|fungivore|microbivore,wrong,correct,0,1,True,1.35
P089,doc_generative,Isotomiella,genus,0,literature,1,pmc,fungivore,fungivores || fungi,"Based on the provided documents, Isotomiella feeds on bacteria and fungal hyphae, as well as root exudates, which are important food sources for Collembola in different ecosystem types . The specific diet can vary depending on the season and the type of ecosystem, such as rainforests or plantations, where food resource availability fluctuates .",pmc,bacterivore|fungivore|omnivore|predator,bacterivore|fungivore|herbivore,correct,correct,0,1,True,0.92
P089,e2e_dense_generative,Isotomiella,genus,0,literature,1,pmc,fungivore|microbivore,fungivores || fungi,"Based on the provided documents, Isotomiella feeds primarily on microbial biomass, including bacteria and fungi, and shows a preference for microbivorous diets. It is noted that species like *Isotomiella cf. minor* are considered microbivores in undisturbed ecosystems, indicating their diet consists mainly of microorganisms rather than plant material . Additionally, some studies suggest that certain Collembola species, including those in the genus Isotomiella, may exhibit omnivorous tendencies, incorporating both microbial and detrital materials into their diet .",pmc,bacterivore|fungivore|omnivore|predator,bacterivore|fungivore|herbivore|microbivore|omnivore,correct,correct,1,0,,5.13
P089,e2e_sparse_extractive,Isotomiella,genus,0,literature,1,pmc,fungivore|microbivore,fungivores || fungi,Rain forest litter,plazi,detritivore,detritivore,wrong,wrong,0,0,,5.06
P089,e2e_sparse_generative,Isotomiella,genus,0,literature,1,pmc,fungivore|microbivore,fungivores || fungi,"Based on the provided documents, Isotomiella minor is described as a euedaphic species that reproduces via parthenogenesis and is noted to be a microbivore in undisturbed ecosystems, indicating it feeds on microorganisms such as bacteria and fungi . Additionally, it is mentioned that Isotomiella minor is part of the group that shows similar feeding strategies to other microbivorous Collembola . However, specific dietary details beyond microbial consumption are not explicitly stated in the given texts.",pmc,bacterivore|fungivore|omnivore|predator,bacterivore|fungivore|microbivore,correct,correct,1,0,,2.33
P090,doc_extractive,Isotomiella,genus,0,isotope,1,pmc,microbivore,microbivores || microbial,microorganisms colonizing decomposing litter materials,pmc,bacterivore|detritivore,bacterivore|detritivore|fungivore|microbivore,correct,correct,0,1,True,1.27
P090,doc_generative,Isotomiella,genus,0,isotope,1,pmc,microbivore,microbivores || microbial,"Based on the provided documents, 13C and 15N values suggest that *Isotomiella cf. minor* is a microbivore in undisturbed ecosystems, indicating it feeds on microbial matter . The document does not specify exact dietary components beyond this classification.",pmc,,bacterivore|fungivore|microbivore,no_answer,correct,1,1,True,0.67
P090,e2e_dense_generative,Isotomiella,genus,0,isotope,1,pmc,fungivore|microbivore,microbivores || microbial,"Based on the provided documents, Isotomiella feeds primarily on microbial biomass, including bacteria and fungi, and shows a preference for microbivorous diets. This is indicated by their high proportion of fungal material in the gut compared to other Collembola genera and their role as microbivores in undisturbed ecosystems . Additionally, they exhibit trophic niche differentiation, suggesting utilization of diverse food resources depending on habitat conditions .",pmc,bacterivore|fungivore|omnivore|predator,bacterivore|fungivore|microbivore,correct,correct,1,1,,4.71
P090,e2e_sparse_extractive,Isotomiella,genus,0,isotope,1,pmc,fungivore|microbivore,microbivores || microbial,Rain forest litter,plazi,detritivore,detritivore,wrong,wrong,0,1,,4.18
P090,e2e_sparse_generative,Isotomiella,genus,0,isotope,1,pmc,fungivore|microbivore,microbivores || microbial,"Based on the provided documents, Isotomiella minor is described as a species that reproduces via parthenogenesis and lives deeper in the soil (euedaphic) . However, specific dietary preferences for Isotomiella are not explicitly mentioned in the given texts. It can be inferred that, like other Collembola, it may feed on microbial biomass, given the general ecological role of such organisms in soil ecosystems . Further research would be needed to determine its exact diet.",pmc,predator,bacterivore|fungivore|microbivore,wrong,correct,1,1,,2.13
P091,doc_extractive,Lepidocyrtus,genus,1,literature,0,plazi,herbivore,pollen,wind-borne pollen,plazi,herbivore,herbivore,correct,correct,1,1,True,0.55
P091,doc_generative,Lepidocyrtus,genus,1,literature,0,plazi,herbivore,pollen,"Based on the provided documents, Lepidocyrtus feeds on pollen, as it is mentioned that several dozen Collembola species, including at least three Lepidocyrtus species, have been recorded ingesting pollen either directly by visiting flowers or possibly feeding on wind-borne pollen . The specific dietary habits of Lepidocyrtus are not detailed beyond this general statement.",plazi,herbivore|predator,herbivore,correct,correct,1,1,True,0.81
P091,e2e_dense_generative,Lepidocyrtus,genus,1,literature,0,plazi,herbivore,pollen,"Based on the provided documents, Lepidocyrtus species are noted to have varied diets depending on the age and condition of the habitat. In younger habitats, they primarily consume mineral particles, while in older habitats, they transition to feeding on fungal hyphae and spores, eventually becoming typical fungal feeders . Additionally, they are mentioned as part of the mesofauna involved in the soil food web, where they interact with various components including plant communities and mineral nitrogen .",pmc,fungivore,fungivore,wrong,wrong,0,1,,5.12
P091,e2e_sparse_extractive,Lepidocyrtus,genus,1,literature,0,plazi,herbivore,pollen,wind-borne pollen,plazi,herbivore,herbivore,correct,correct,1,1,,5.2
P091,e2e_sparse_generative,Lepidocyrtus,genus,1,literature,0,plazi,herbivore,pollen,"Based on the provided documents, *Lepidocyrtus* species exhibit dietary flexibility. *Lepidocyrtus lignorum* and *Lepidocyrtus lanuginosus* primarily feed on fungi, particularly fungal hyphae and spores, although they can also consume mineral particles and biofilms under varying environmental conditions . Their diet shifts depending on resource availability, indicating adaptability to different substrates .",pmc,algivore|fungivore,algivore|fungivore,wrong,wrong,0,1,,2.4
P092,doc_extractive,Onychiurus,genus,1,isotope,0,pmc,detritivore,decomposers || first trophic level,Collembola,pmc,predator,,wrong,no_answer,0,1,True,1.3
P092,doc_generative,Onychiurus,genus,1,isotope,0,pmc,detritivore,decomposers || first trophic level,"Based on the provided documents, 15N signatures indicate that Onychiurus spp. are part of the decomposer trophic level, suggesting they likely feed on organic matter such as dead plant material or other detritus . However, the specific diet of Onychiurus is not explicitly stated in the given text.",pmc,detritivore,detritivore|herbivore,correct,correct,0,1,True,0.7
P092,e2e_dense_generative,Onychiurus,genus,1,isotope,0,pmc,detritivore,decomposers || first trophic level,"Based on the provided documents, Onychiurus feeds primarily on fungi and organic matter, including gram-positive bacteria and amorphous materials . It has been observed feeding on fungi colonizing holm oak litter . Additionally, it may consume detritus and interact with other soil organisms, influencing plant growth and aphid reproduction .",pmc,bacterivore|detritivore|fungivore|omnivore,bacterivore|detritivore|fungivore,correct,correct,0,0,,4.67
P092,e2e_sparse_extractive,Onychiurus,genus,1,isotope,0,pmc,detritivore,decomposers || first trophic level,mushrooms,medline,fungivore,fungivore,wrong,wrong,0,1,,5.26
P092,e2e_sparse_generative,Onychiurus,genus,1,isotope,0,pmc,detritivore,decomposers || first trophic level,"Based on the provided documents, Onychiurus feeds on a variety of resources including fungi, bacteria, leaf litter, and possibly other organic matter. Specifically, it has been noted to feed on fungi colonizing holm oak litter . Additionally, some studies suggest that certain species of Onychiurus may have dietary preferences involving gram-positive bacteria and amorphous materials .",pmc,bacterivore|detritivore|fungivore|omnivore,bacterivore|detritivore|fungivore,correct,correct,0,0,,2.77
P093,doc_extractive,Orchesella,genus,1,literature,0,pmc,algivore,the alga Pleurococcus || Pleurococcus || Desmococcus || alga,Pleurococcus,pmc,,algivore,no_answer,correct,1,1,True,1.35
P093,doc_generative,Orchesella,genus,1,literature,0,pmc,algivore,the alga Pleurococcus || Pleurococcus || Desmococcus || alga,"Based on the provided documents, Orchesella feeds on the alga *Pleurococcus* (syn. *Desmococcus*) and baker's yeast, which form the algal and fungal components of its diet respectively .",pmc,algivore|fungivore,algivore|fungivore,correct,correct,1,1,True,0.6
P093,e2e_sparse_extractive,Orchesella,genus,0,literature,0,pmc,algivore|bacterivore|detritivore|fungivore,the alga Pleurococcus || Pleurococcus || Desmococcus || alga,litter material,pmc,detritivore,detritivore,correct,correct,0,0,,5.12
P093,e2e_sparse_generative,Orchesella,genus,0,literature,0,pmc,algivore|bacterivore|detritivore|fungivore,the alga Pleurococcus || Pleurococcus || Desmococcus || alga,"Based on the provided documents, Orchesella feeds primarily on amorphous organic matter, with fungal hyphae and spores also being commonly observed in their digestive tracts . Additionally, in experimental settings, Orchesella has been fed algae such as Pleurococcus and baker's yeast as part of their dietary components .",pmc,algivore|detritivore|fungivore|omnivore,algivore|detritivore|fungivore,correct,correct,1,1,,2.25
P094,doc_extractive,Orchesella,genus,0,literature,0,pmc,bacterivore|detritivore|fungivore,litter material and the adhering fungi and bacteria || litter material || fungi and bacteria,litter material,pmc,detritivore,detritivore,correct,correct,1,1,True,0.54
P094,doc_generative,Orchesella,genus,0,literature,0,pmc,bacterivore|detritivore|fungivore,litter material and the adhering fungi and bacteria || litter material || fungi and bacteria,"Based on the provided documents, Orchesella is classified as a primary decomposer, feeding on litter material and the adhering fungi and bacteria . The specific dietary preferences of Orchesella are not detailed in the given source.",pmc,bacterivore|detritivore|fungivore|omnivore,bacterivore|detritivore|fungivore,correct,correct,1,1,True,0.52
P094,e2e_sparse_extractive,Orchesella,genus,0,literature,0,pmc,algivore|bacterivore|detritivore|fungivore,litter material and the adhering fungi and bacteria || litter material || fungi and bacteria,litter material,pmc,detritivore,detritivore,correct,correct,1,1,,4.0
P094,e2e_sparse_generative,Orchesella,genus,0,literature,0,pmc,algivore|bacterivore|detritivore|fungivore,litter material and the adhering fungi and bacteria || litter material || fungi and bacteria,"Based on the provided documents, Orchesella feeds primarily on amorphous organic matter, with fungal hyphae and spores also being observed in their digestive tracts . Additionally, in experimental settings, Orchesella is fed algae such as Pleurococcus and baker's yeast as part of their dietary components .",pmc,algivore|detritivore|fungivore|omnivore,algivore|detritivore|fungivore,correct,correct,0,0,,1.81
P095,doc_extractive,Proisotoma,genus,0,literature,0,pmc,detritivore|fungivore,litter and some fungi || litter || fungi,litter and some fungi,pmc,detritivore|fungivore,detritivore|fungivore,correct,correct,1,1,True,0.59
P095,doc_generative,Proisotoma,genus,0,literature,0,pmc,detritivore|fungivore,litter and some fungi || litter || fungi,"Based on the provided documents, Proisotoma feeds on litter and some fungi . This is indicated by their role as primary decomposers in the ecosystem.",pmc,detritivore|fungivore,detritivore|fungivore,correct,correct,1,1,True,0.43
P095,e2e_dense_generative,Proisotoma,genus,0,literature,0,pmc,detritivore|fungivore,litter and some fungi || litter || fungi,"Based on the provided documents, *Proisotoma* feeds on dead organic matter, functioning as decomposers, and also acts as herbivores by consuming plant tissue and fine roots . Additionally, it aggregates to feed on PDA plugs, indicating a preference for fungal-related substrates .",pmc,detritivore|fungivore|herbivore|omnivore,detritivore|fungivore|herbivore,correct,correct,0,0,,4.52
P095,e2e_sparse_extractive,Proisotoma,genus,0,literature,0,pmc,detritivore|fungivore,litter and some fungi || litter || fungi,springtails,medline,,,no_answer,no_answer,0,1,,4.81
P095,e2e_sparse_generative,Proisotoma,genus,0,literature,0,pmc,detritivore|fungivore,litter and some fungi || litter || fungi,"Based on the provided documents, *Proisotoma* feeds on dead organic matter, functioning as decomposers, and also acts as herbivores by consuming plant tissue and fine roots . Additionally, it has been observed to aggregate around PDA plugs, suggesting it may also consume fungal materials .",pmc,detritivore|fungivore|herbivore|omnivore,detritivore|fungivore|herbivore,correct,correct,0,0,,2.0
P096,doc_extractive,Protaphorura,genus,0,gut,0,pmc,fungivore,fungi || fungi-synthesised FAs and fungi in the gut,soil‐dwelling genus of Onychiuridae,pmc,,,no_answer,no_answer,0,1,True,0.58
P096,doc_generative,Protaphorura,genus,0,gut,0,pmc,fungivore,fungi || fungi-synthesised FAs and fungi in the gut,"Based on the provided documents, Protaphorura is associated with high proportions of fungi-synthesized fatty acids and fungi in the gut, indicating that it primarily feeds on fungi . This suggests that Protaphorura is a fungal feeder.",pmc,fungivore,fungivore,correct,correct,1,1,True,0.63
P096,e2e_dense_generative,Protaphorura,genus,0,gut,0,pmc,fungivore,fungi || fungi-synthesised FAs and fungi in the gut,"Based on the provided documents, Protaphorura feeds on fungal synthesized fatty acids and fungi, indicating a diet primarily composed of fungal materials . Additionally, bacterial nutrition has been demonstrated in the onychiurid springtail *Protaphorura armata* . This suggests that *Protaphorura* species have a dietary preference towards fungi and possibly bacteria.",pmc,bacterivore|fungivore,bacterivore|fungivore,correct,correct,1,1,,4.71
P096,e2e_sparse_extractive,Protaphorura,genus,0,gut,0,pmc,fungivore,fungi || fungi-synthesised FAs and fungi in the gut,nematodes,pmc,predator,predator,wrong,wrong,0,0,,5.35
P096,e2e_sparse_generative,Protaphorura,genus,0,gut,0,pmc,fungivore,fungi || fungi-synthesised FAs and fungi in the gut,"Based on the provided documents, Protaphorura feeds on a variety of resources including leaf litter, fungi, bacteria, roots, and algae . Additionally, bacterial nutrition was specifically demonstrated in the onychiurid springtail *Protaphorura armata* .",pmc,algivore|bacterivore|detritivore|fungivore|omnivore,algivore|bacterivore|detritivore|fungivore|herbivore,correct,correct,1,0,,2.46
P097,doc_extractive,Pseudosinella,genus,0,literature,1,pmc,fungivore,fungivores || fungi,soil microorganisms and dead organic matter,pmc,bacterivore|detritivore,bacterivore|detritivore|fungivore|microbivore,wrong,correct,0,1,True,0.57
P097,doc_generative,Pseudosinella,genus,0,literature,1,pmc,fungivore,fungivores || fungi,"Based on the provided documents, Pseudosinella feeds on bacteria and fungal hyphae, as well as root exudates, which are important food sources for Collembola in various ecosystems . These food resources influence their population dynamics and seasonal fluctuations. The specific diet of Pseudosinella is not explicitly mentioned, but it can be inferred that they consume similar materials as other Collembola species in these environments.",pmc,bacterivore|fungivore|omnivore|predator,bacterivore|fungivore|herbivore,correct,correct,0,1,True,0.96
P097,e2e_dense_generative,Pseudosinella,genus,0,literature,1,pmc,detritivore|fungivore|microbivore|predator,fungivores || fungi,"Based on the provided documents, Pseudosinella sp.1 is suggested to occupy the highest trophic position among Collembola species, potentially feeding on mycorrhizal fungi or acting as predators on nematodes . Additionally, some studies indicate that certain Pseudosinella species might consume bacteria or bacterial-feeding nematodes, as their abundance correlates with specific Collembola densities in different habitats . However, direct observations of feeding behavior on living organisms are limited in the available literature.",pmc,bacterivore|fungivore|omnivore|predator,bacterivore|fungivore|predator,correct,correct,1,0,,4.71
P097,e2e_sparse_extractive,Pseudosinella,genus,0,literature,1,pmc,detritivore|fungivore|microbivore|predator,fungivores || fungi,nematodes,pmc,predator,predator,correct,correct,0,0,,5.92
P097,e2e_sparse_generative,Pseudosinella,genus,0,literature,1,pmc,detritivore|fungivore|microbivore|predator,fungivores || fungi,"Based on the provided documents, 15N values indicate that *Pseudosinella* sp.1 may feed on mycorrhizal fungi or act as predators, potentially consuming nematodes . Additionally, some studies suggest that certain *Pseudosinella* species might feed on bacteria or bacterial-feeding nematodes . However, specific dietary preferences for all *Pseudosinella* species are not fully detailed in the given sources.",pmc,bacterivore|fungivore|omnivore|predator,bacterivore|fungivore|predator,correct,correct,1,0,,2.23
P098,doc_extractive,Pseudosinella,genus,0,isotope,1,pmc,detritivore|microbivore|predator,predator or scavenger || predator || scavenger || microbivores,nematodes,pmc,predator,predator,correct,correct,0,1,True,0.58
P098,doc_generative,Pseudosinella,genus,0,isotope,1,pmc,detritivore|microbivore|predator,predator or scavenger || predator || scavenger || microbivores,"Based on the provided documents, 15N values indicate that Pseudosinella sp.1 occupies the highest trophic position among all Collembola species studied, suggesting it may feed on mycorrhizal fungi or act as a predator, potentially consuming nematodes . The exact diet is not explicitly stated, but these possibilities are inferred from isotopic data and ecological context.",pmc,fungivore|predator,fungivore|predator,correct,correct,1,1,True,0.82
P098,e2e_dense_generative,Pseudosinella,genus,0,isotope,1,pmc,detritivore|fungivore|microbivore|predator,predator or scavenger || predator || scavenger || microbivores,"Based on the provided documents, Pseudosinella sp.1 is suggested to occupy the highest trophic position among Collembola species, possibly due to its diet consisting of microorganisms such as mycorrhizal fungi or predation on nematodes . Additionally, certain species like Pseudosinella sp.1 and others may feed on bacteria or bacterial-feeding nematodes, as their abundance correlates with specific microbial communities in the soil and litter . However, direct observations on the feeding behavior of Pseudosinella on living organisms are limited .",pmc,bacterivore|detritivore|fungivore|omnivore|predator,bacterivore|detritivore|fungivore|microbivore|predator,correct,correct,0,1,,4.66
P098,e2e_sparse_extractive,Pseudosinella,genus,0,isotope,1,pmc,detritivore|fungivore|microbivore|predator,predator or scavenger || predator || scavenger || microbivores,nematodes,pmc,predator,predator,correct,correct,0,1,,3.99
P098,e2e_sparse_generative,Pseudosinella,genus,0,isotope,1,pmc,detritivore|fungivore|microbivore|predator,predator or scavenger || predator || scavenger || microbivores,"Based on the provided documents, 15N values indicate that *Pseudosinella* sp.1 may feed on mycorrhizal fungi or act as predators, potentially consuming nematodes . Additionally, other *Pseudosinella* species, like *Pseudosinella immaculata*, are associated with grassland habitats, suggesting they might feed on detritus or microorganisms commonly found in such environments . However, specific dietary preferences for *Pseudosinella* are not explicitly detailed in the sources.",pmc,bacterivore|detritivore|fungivore|omnivore|predator,bacterivore|detritivore|fungivore|microbivore|predator,correct,correct,1,1,,2.25
P099,doc_extractive,Superodontella,genus,1,field,1,pmc,bacterivore|predator,bacteria or bacterial feeding nematodes || bacteria || bacterial feeding nematodes,bacteria,pmc,bacterivore,bacterivore,correct,correct,1,1,True,1.26
P099,doc_generative,Superodontella,genus,1,field,1,pmc,bacterivore|predator,bacteria or bacterial feeding nematodes || bacteria || bacterial feeding nematodes,"Based on the provided documents, Superodontella sp.1 may feed on bacteria or bacterial feeding nematodes . This inference is drawn from the context indicating that certain Collembola species, including Superodontella sp.1, have associations with specific microbial communities.",pmc,bacterivore|predator,bacterivore|fungivore|microbivore|predator,correct,correct,1,1,True,0.61
P099,e2e_sparse_extractive,Superodontella,genus,1,field,1,pmc,bacterivore|predator,bacteria or bacterial feeding nematodes || bacteria || bacterial feeding nematodes,"cornifer
Mills",pmc,,,no_answer,no_answer,0,1,,4.83
P099,e2e_sparse_generative,Superodontella,genus,1,field,1,pmc,bacterivore|predator,bacteria or bacterial feeding nematodes || bacteria || bacterial feeding nematodes,"Based on the provided documents, Superodontella sp.1 is suggested to feed on bacteria or bacterial feeding nematodes . This inference is drawn from the observation that certain Collembola species, including Superodontella sp.1, exhibit associations with specific microbial communities in their environment. However, direct evidence of dietary preferences for Superodontella is limited in the given sources.",pmc,bacterivore|predator,bacterivore|fungivore|microbivore|predator,correct,correct,1,1,,1.53
P100,doc_extractive,Tomocerus,genus,0,literature,0,pmc,detritivore|fungivore|omnivore,"a variety of food materials including litter but also fungi and bacteria in the rhizosphere, algae as well as Nematoda || litter || fungi and bacteria || algae || Nematoda",mycorrhizal fungi,pmc,fungivore,fungivore,correct,correct,0,1,True,1.34
P100,doc_generative,Tomocerus,genus,0,literature,0,pmc,detritivore|fungivore|omnivore,"a variety of food materials including litter but also fungi and bacteria in the rhizosphere, algae as well as Nematoda || litter || fungi and bacteria || algae || Nematoda","Based on the provided documents, Tomocerus species have a varied diet, with some individuals feeding on mycorrhizal fungi, as indicated by the incorporation of root-derived carbon . Additionally, there is evidence suggesting that at least one species, T. aegrota, may also consume fungi . However, the specific dietary preferences across all Tomocerus species are not fully detailed in the given text.",pmc,fungivore,fungivore|herbivore,correct,correct,0,1,True,0.85
P100,e2e_dense_generative,Tomocerus,genus,0,literature,0,pmc,detritivore|fungivore|omnivore,"a variety of food materials including litter but also fungi and bacteria in the rhizosphere, algae as well as Nematoda || litter || fungi and bacteria || algae || Nematoda","Based on the provided documents, Tomocerus feeds on mycorrhizal fungi and possibly other fungal resources. Specifically, it is noted that Tomocerus species vary in their diet, with some individuals consuming mycorrhizal fungi, which contribute to their diet through root-derived carbon . Additionally, there is evidence suggesting that at least one species, T. aegrota, may also feed on fungi directly .",pmc,fungivore,fungivore|herbivore,correct,correct,0,1,,4.62
P100,e2e_sparse_extractive,Tomocerus,genus,0,literature,0,pmc,detritivore|fungivore|omnivore,"a variety of food materials including litter but also fungi and bacteria in the rhizosphere, algae as well as Nematoda || litter || fungi and bacteria || algae || Nematoda",mycorrhizal fungi,pmc,fungivore,fungivore,correct,correct,0,1,,6.02
P100,e2e_sparse_generative,Tomocerus,genus,0,literature,0,pmc,detritivore|fungivore|omnivore,"a variety of food materials including litter but also fungi and bacteria in the rhizosphere, algae as well as Nematoda || litter || fungi and bacteria || algae || Nematoda","Based on the provided documents, Tomocerus species have varied diets. They primarily feed on nematodes, as indicated by their classification within the Uropodina order . Additionally, some species like T. aegrota may also consume fungi . There is evidence suggesting that root-derived carbon contributes to their diet through mycorrhizal fungi, although this constitutes a smaller portion of their overall intake .",pmc,fungivore|predator,fungivore|herbivore|predator,correct,correct,0,1,,2.36
P101,doc_extractive,Willowsia,genus,0,literature,0,plazi,detritivore|fungivore,superficial molds and fine organic debris || molds || fine organic debris || fungivorous – detritivorous,superficial molds and fine organic debris,plazi,fungivore,detritivore|fungivore,correct,correct,1,1,True,1.22
P101,doc_generative,Willowsia,genus,0,literature,0,plazi,detritivore|fungivore,superficial molds and fine organic debris || molds || fine organic debris || fungivorous – detritivorous,"Based on the provided documents, Willowsia solanella feeds primarily on superficial molds and fine organic debris. It is described as a fungivorous detritivorous species .",plazi,fungivore,detritivore|fungivore,correct,correct,1,1,True,0.49
P101,e2e_dense_generative,Willowsia,genus,0,literature,0,plazi,detritivore|fungivore,superficial molds and fine organic debris || molds || fine organic debris || fungivorous – detritivorous,"Based on the provided documents, there is no specific information regarding the diet or feeding habits of Willowsia species. The sources focus on taxonomic descriptions, morphological characteristics, and geographical distributions of Willowsia species, but do not mention their ecological interactions or food sources . Further research would be needed to determine the feeding ecology of these springtails.",medline,,,no_answer,no_answer,0,0,,4.5
P101,e2e_sparse_extractive,Willowsia,genus,0,literature,0,plazi,detritivore|fungivore,superficial molds and fine organic debris || molds || fine organic debris || fungivorous – detritivorous,detritus and associated microorganisms,pmc,bacterivore|detritivore,bacterivore|detritivore|fungivore|microbivore,correct,correct,0,0,,5.07
P101,e2e_sparse_generative,Willowsia,genus,0,literature,0,plazi,detritivore|fungivore,superficial molds and fine organic debris || molds || fine organic debris || fungivorous – detritivorous,"Based on the provided documents, Willowsia feeds on detritus and associated microorganisms, similar to other Collembola . Additionally, some Collembola species, including those in the family Entomobryidae, may also consume plant tissue . However, no direct dietary information specifically about Willowsia is provided in the given sources.",pmc,bacterivore|detritivore|herbivore|omnivore|predator,bacterivore|detritivore|fungivore|herbivore|microbivore,correct,correct,0,0,,2.15
P102,doc_extractive,Xenylla,genus,1,field,1,pmc,bacterivore|predator,bacteria or bacterial feeding nematodes || bacteria || bacterial feeding nematodes,bacteria,pmc,bacterivore,bacterivore,correct,correct,1,1,True,0.61
P102,doc_generative,Xenylla,genus,1,field,1,pmc,bacterivore|predator,bacteria or bacterial feeding nematodes || bacteria || bacterial feeding nematodes,"Based on the provided documents, Xenylla sp.1 may feed on bacteria or bacterial feeding nematodes . This inference is drawn from the context indicating that certain Collembola species, including Xenylla sp.1, have associations with specific microbial communities.",pmc,bacterivore|predator,bacterivore|fungivore|microbivore|predator,correct,correct,1,1,True,0.59
P102,e2e_sparse_extractive,Xenylla,genus,1,field,1,pmc,bacterivore|predator,bacteria or bacterial feeding nematodes || bacteria || bacterial feeding nematodes,algae and diatoms,pmc,algivore,algivore,wrong,wrong,0,1,,4.68
P102,e2e_sparse_generative,Xenylla,genus,1,field,1,pmc,bacterivore|predator,bacteria or bacterial feeding nematodes || bacteria || bacterial feeding nematodes,"Based on the provided documents, Xenylla species are suggested to feed on bacteria or bacterial feeding nematodes . This inference is drawn from the association of Xenylla sp.1 with microbial-rich environments in plantations . No direct dietary information about Xenylla is explicitly stated in the sources.",pmc,bacterivore|predator,bacterivore|fungivore|microbivore|predator,correct,correct,1,1,,2.15
