qid,config,question_type,family,question,gold_answer,answer_offset,doc_ref,doc_ref_hit_gold,wall_s,error,plazi_answer,top_answer,top_collection,plazi_rank,gold_retrieved,gold_doc_rank,gold_answer_doc,n_plazi_docs,pipeline_time,unresolved,plazi_answered,plazi_em,plazi_contains,plazi_f1,plazi_rougeL,plazi_faith,top_answered,top_em,top_contains,top_f1,top_rougeL,top_faith
P001,doc_extractive,trophic_guild,,What does Agrenia bidenticulata feed on?,the biofilm || biofilm,-1,PMC7564799,True,1.37,,,the biofilm,pmc,,0,,0,0,1.189,False,0.0,0.0,0.0,0.0,0.0,,1.0,1.0,1.0,1.0,1.0,
P001,doc_generative,trophic_guild,,What does Agrenia bidenticulata feed on?,the biofilm || biofilm,-1,PMC7564799,True,0.84,,,"Based on the provided documents, Agrenia bidenticulata is noted to have gut contents primarily composed of mineral particles, indicating a diet that includes mineral materials . This suggests that it may be a detritivore or geophagous feeder, consuming soil minerals and possibly organic matter mixed with these minerals. However, specific dietary preferences are not explicitly detailed in the given sources.",pmc,,0,,0,0,0.631,False,0.0,0.0,0.0,0.0,0.0,,1.0,0.0,0.0,0.03278688524590164,0.03278688524590164,0.28535353535353536
P002,doc_extractive,trophic_guild,,What does Anurida maritima feed on?,"marine and terrestrial invertebrates, as well as marine macrophytes || marine and terrestrial invertebrates || invertebrates || marine macrophytes",-1,PMC4490355,True,1.23,,,module hubs,pmc,,0,,0,0,1.046,False,0.0,0.0,0.0,0.0,0.0,,1.0,0.0,0.0,0.0,0.0,
P002,doc_generative,trophic_guild,,What does Anurida maritima feed on?,"marine and terrestrial invertebrates, as well as marine macrophytes || marine and terrestrial invertebrates || invertebrates || marine macrophytes",-1,PMC4490355,True,0.97,,,"Based on the provided documents, Anurida maritima is identified as a module hub species, which suggests it plays a central role in ecological interactions within its environment. However, the specific diet of Anurida maritima is not explicitly mentioned in the given text. The document notes that primary productivity, habitat provision, herbivory, and predation involve species in both peripheral and hub categories, but no direct information about what Anurida maritima feeds on is provided .",pmc,,0,,0,0,0.778,False,0.0,0.0,0.0,0.0,0.0,,0.0,0.0,0.0,0.04878048780487805,0.025974025974025972,0.3217334636689475
P003,doc_extractive,trophic_guild,,What does Archisotoma pulchella feed on?,diatoms,-1,PMC5730192,True,1.28,,,diatoms,pmc,,0,,0,0,1.05,False,0.0,0.0,0.0,0.0,0.0,,1.0,1.0,1.0,1.0,1.0,
P003,doc_generative,trophic_guild,,What does Archisotoma pulchella feed on?,diatoms,-1,PMC5730192,True,0.63,,,"Based on the provided documents, Archisotoma pulchella prefers to feed on diatoms . This dietary preference is specific to this species within the context of salt marsh soil mesofauna food webs. No further details about its feeding habits are given in the source text.",pmc,,0,,0,0,0.453,False,0.0,0.0,0.0,0.0,0.0,,1.0,0.0,1.0,0.04545454545454545,0.04545454545454545,0.3502238502238502
P004,doc_extractive,trophic_guild,,What does Archisotoma theae feed on?,first order predator lifestyle || first order predator || predator || trophic level III,-1,PMC5730192,True,0.59,,,"organic matter, was low. Only the Oribatida species A. schneideri had 15N signatures close to that of organic matter. Collembola species were positioned in trophic levels I to III with δ15N values ranging between 8.6 ± 0.38‰ and 14.4 ± 0.07‰ (see Table C in S1 File). Most of the Collembola species were ascribed to primary or secondary decomposers with the exception of Archisotoma theae, which was positioned in trophic level III indicating first order predator lifestyle",pmc,,0,,0,0,0.403,False,0.0,0.0,0.0,0.0,0.0,,1.0,0.0,1.0,0.09876543209876544,0.09638554216867469,
P004,doc_generative,trophic_guild,,What does Archisotoma theae feed on?,first order predator lifestyle || first order predator || predator || trophic level III,-1,PMC5730192,True,0.82,,,"Based on the provided documents, 15N values indicate that *Archisotoma theae* is positioned in trophic level III, suggesting it is a first-order predator. This implies that *Archisotoma theae* feeds on primary consumers rather than plants or detritus . However, the specific prey items are not detailed in the given text.",pmc,,0,,0,0,0.593,False,0.0,0.0,0.0,0.0,0.0,,1.0,0.0,1.0,0.11538461538461538,0.11320754716981131,0.1626984126984127
P005,doc_extractive,trophic_guild,,What does Bourletiella hortensis feed on?,Tiny pioneer mosses || mosses,-1,PMC7564799,True,0.58,,,mosses,pmc,,0,,0,0,0.398,False,0.0,0.0,0.0,0.0,0.0,,1.0,1.0,1.0,1.0,1.0,
P005,doc_generative,trophic_guild,,What does Bourletiella hortensis feed on?,Tiny pioneer mosses || mosses,-1,PMC7564799,True,0.65,,,"Based on the provided documents, Bourletiella hortensis is described as a moss-eating specialist among the pioneer arthropods . This indicates that its primary diet consists of mosses. No further details about its feeding habits are given in the source.",pmc,,0,,0,0,0.413,False,0.0,0.0,0.0,0.0,0.0,,1.0,0.0,1.0,0.09756097560975609,0.09523809523809523,0.37037037037037035
P006,doc_extractive,trophic_guild,,What does Bourletiella hortensis feed on?,pepino || Solanum muricatum,-1,PMC6702178,True,1.33,,,pepino,pmc,,0,,0,0,1.097,False,0.0,0.0,0.0,0.0,0.0,,1.0,1.0,1.0,1.0,1.0,
P006,doc_generative,trophic_guild,,What does Bourletiella hortensis feed on?,pepino || Solanum muricatum,-1,PMC6702178,True,0.82,,,"Based on the provided documents, Bourletiella hortensis feeds on pepino (Solanum muricatum Ait.), as it is mentioned that a garden springtail (Bourletiella hortensis) is feeding on pepino . There is no specific mention of other food sources for this species in the given context.",pmc,,0,,0,0,0.554,False,0.0,0.0,0.0,0.0,0.0,,1.0,0.0,1.0,0.08888888888888888,0.08888888888888888,0.34226190476190477
P007,doc_extractive,trophic_guild,,What does Ceratophysella denticulata feed on?,bacteria and fungi || bacteria || fungi || nematodes,-1,PMC4947257,True,1.26,,,bacteria and fungi,pmc,,0,,0,0,1.081,False,0.0,0.0,0.0,0.0,0.0,,1.0,1.0,1.0,1.0,1.0,
P007,doc_generative,trophic_guild,,What does Ceratophysella denticulata feed on?,bacteria and fungi || bacteria || fungi || nematodes,-1,PMC4947257,True,0.53,,,"Based on the provided documents, Ceratophysella denticulata feeds on bacteria and fungi, and it is presumed to also consume other soil animals such as nematodes .",pmc,,0,,0,0,0.33,False,0.0,0.0,0.0,0.0,0.0,,1.0,0.0,1.0,0.21428571428571425,0.21428571428571425,0.25
P008,doc_extractive,trophic_guild,,What does Cryptopygus clavatus feed on?,algae || grazing on algae under water,-1,25995534,True,1.17,,,algae under water,medline,,0,,0,0,0.959,False,0.0,0.0,0.0,0.0,0.0,,1.0,0.0,1.0,0.7499999999999999,0.7499999999999999,
P008,doc_generative,trophic_guild,,What does Cryptopygus clavatus feed on?,algae || grazing on algae under water,-1,25995534,True,0.41,,,"Based on the provided documents, Cryptopygus clavatus feeds on algae during the summer when it is submerged in water .",medline,,0,,0,0,0.21,False,0.0,0.0,0.0,0.0,0.0,,1.0,0.0,1.0,0.25,0.25,0.6428571428571429
P009,doc_extractive,trophic_guild,,What does Desoria choi feed on?,a more microbial-based diet || litter resources || microbial,-1,PMC10980659,True,1.25,,,"microorganisms, microbial residues or other isotopic enriched resources",pmc,,0,,0,0,1.072,False,0.0,0.0,0.0,0.0,0.0,,1.0,0.0,1.0,0.2222222222222222,0.2222222222222222,
P009,doc_generative,trophic_guild,,What does Desoria choi feed on?,a more microbial-based diet || litter resources || microbial,-1,PMC10980659,True,0.79,,,"Based on the provided documents, 15N values of *Desoria choi* increase at higher elevation, suggesting that this species shifts its diet towards feeding more on microorganisms, microbial residues, or other isotopically enriched resources at higher elevations . The specific dietary preferences of *Desoria choi* are not explicitly detailed in the source text.",pmc,,0,,0,0,0.562,False,0.0,0.0,0.0,0.0,0.0,,1.0,0.0,1.0,0.07272727272727272,0.07142857142857142,0.27956989247311825
P010,doc_extractive,trophic_guild,,What does Desoria ruseki feed on?,corn litter || Mongolian oak litter || yeast,-1,36504791,True,1.33,,,"corn litter (agriculture grain residuals), Mongolian oak litter (natural plant residuals), and yeast",medline,,0,,0,0,1.055,False,0.0,0.0,0.0,0.0,0.0,,1.0,0.0,1.0,0.375,0.375,
P010,doc_generative,trophic_guild,,What does Desoria ruseki feed on?,corn litter || Mongolian oak litter || yeast,-1,36504791,True,0.61,,,"Based on the provided documents, Desoria ruseki feeds on corn litter and yeast. The study examined the effects of these two food sources on the microbiota of the Collembola, showing distinct differences in microbial community composition between the two diets .",medline,,0,,0,0,0.401,False,0.0,0.0,0.0,0.0,0.0,,1.0,0.0,1.0,0.09523809523809523,0.09523809523809523,0.6967592592592593
P011,doc_extractive,trophic_guild,,What does Entomobrya proxima feed on?,carrion,-1,30866446,True,1.23,,,carrion,medline,,0,,0,0,0.979,False,0.0,0.0,0.0,0.0,0.0,,1.0,1.0,1.0,1.0,1.0,
P011,doc_generative,trophic_guild,,What does Entomobrya proxima feed on?,carrion,-1,30866446,True,0.65,,,"Based on the provided documents, Entomobrya proxima feeds primarily on carcasses (dead insect bodies), with more than 50% of its diet consisting of insect body parts. The remaining portion includes indirectly used microorganisms such as fungi and bacteria naturally growing on animal food .",medline,,0,,0,0,0.464,False,0.0,0.0,0.0,0.0,0.0,,1.0,0.0,0.0,0.0,0.0,0.3431372549019608
P012,doc_extractive,trophic_guild,,What does Entomobrya proxima feed on?,organic fertilizer,-1,PMC11832468,True,1.24,,,farmland at Wuqing Experiment Station for Field Observation of Farmland Ecosystem,pmc,,0,,0,0,1.066,False,0.0,0.0,0.0,0.0,0.0,,1.0,0.0,0.0,0.0,0.0,
P012,doc_generative,trophic_guild,,What does Entomobrya proxima feed on?,organic fertilizer,-1,PMC11832468,True,0.72,,,"Based on the provided documents, Entomobrya proxima is described as a soil-inhabiting collembolan that feeds on organic matter in the soil, but specific dietary details such as whether it consumes detritus, microorganisms, or plant material are not explicitly mentioned . Further research would be needed to determine its exact diet.",pmc,,0,,0,0,0.544,False,0.0,0.0,0.0,0.0,0.0,,1.0,0.0,0.0,0.039215686274509796,0.038461538461538464,0.3058823529411765
P013,doc_extractive,trophic_guild,,What does Folsomia candida feed on?,F. oxysporum mycelium || Fusarium oxysporum || mycelium,-1,41024491,True,1.08,,,F. oxysporum mycelium,medline,,0,,0,0,0.9,False,0.0,0.0,0.0,0.0,0.0,,1.0,1.0,1.0,1.0,1.0,
P013,doc_generative,trophic_guild,,What does Folsomia candida feed on?,F. oxysporum mycelium || Fusarium oxysporum || mycelium,-1,41024491,True,0.7,,,"Based on the provided documents, Folsomia candida shows a marked preference for consuming F. oxysporum mycelium over that of the tested Trichoderma species . This indicates that F. candida primarily feeds on the mycelium of Fusarium oxysporum.",medline,,0,,0,0,0.478,False,0.0,0.0,0.0,0.0,0.0,,1.0,0.0,1.0,0.15384615384615385,0.15384615384615385,0.8541666666666666
P014,doc_extractive,trophic_guild,,What does Folsomia candida feed on?,"F. verticillioides, F. graminearum, A. ochraceus, and A. nidulans || mycotoxin-producing fungi || fungi",-1,PMC11537059,True,1.31,,,mycotoxin-producing fungi,pmc,,0,,0,0,1.121,False,0.0,0.0,0.0,0.0,0.0,,1.0,1.0,1.0,1.0,1.0,
P014,doc_generative,trophic_guild,,What does Folsomia candida feed on?,"F. verticillioides, F. graminearum, A. ochraceus, and A. nidulans || mycotoxin-producing fungi || fungi",-1,PMC11537059,True,0.87,,,"Based on the provided documents, Folsomia candida feeds on mycotoxin-producing fungi such as Fusarium verticillioides, F. graminearum, Aspergillus ochraceus, and A. nidulans . The study specifically examines the effects of consuming these fungal species on the physiology and microbiota of F. candida. No other dietary components are mentioned in the given text.",pmc,,0,,0,0,0.687,False,0.0,0.0,0.0,0.0,0.0,,1.0,0.0,1.0,0.26666666666666666,0.22950819672131148,0.6345959595959596
P015,doc_extractive,trophic_guild,,What does Folsomia candida feed on?,vegetative hyphae and conidia || A. nidulans || hyphae,-1,PMC8510581,True,1.32,,,cleistothecia,pmc,,0,,0,0,1.144,False,0.0,0.0,0.0,0.0,0.0,,1.0,0.0,0.0,0.0,0.0,
P015,doc_generative,trophic_guild,,What does Folsomia candida feed on?,vegetative hyphae and conidia || A. nidulans || hyphae,-1,PMC8510581,True,0.76,,,"Based on the provided documents, Folsomia candida feeds on metabolite extracts of the wildtype, mdpG or mdpC strains of H. levis cells . The study examines the toxicity of secondary metabolites from these strains to F. candida and T. tomentosa, indicating that these organisms consume the metabolic products of the fungi.",pmc,,0,,0,0,0.586,False,0.0,0.0,0.0,0.0,0.0,,1.0,0.0,0.0,0.037037037037037035,0.037037037037037035,0.3679487179487179
P016,doc_extractive,trophic_guild,,What does Folsomia candida feed on?,Phanerochaete velutina mycelial systems || Phanerochaete velutina || mycelial,-1,16958906,True,1.36,,,Phanerochaete velutina,medline,,0,,0,0,0.983,False,0.0,0.0,0.0,0.0,0.0,,1.0,1.0,1.0,1.0,1.0,
P016,doc_generative,trophic_guild,,What does Folsomia candida feed on?,Phanerochaete velutina mycelial systems || Phanerochaete velutina || mycelial,-1,16958906,True,0.92,,,"Based on the provided documents, Folsomia candida feeds on the mycelial systems of Phanerochaete velutina, as evidenced by the observed effects of their grazing on mycelial development . The study indicates that these collembola graze on fungal mycelium, influencing radial extension, hyphal coverage, and fractal dimensions of the fungus . No other specific food sources are mentioned in the given context.",medline,,0,,0,0,0.726,False,0.0,0.0,0.0,0.0,0.0,,1.0,0.0,1.0,0.12698412698412698,0.09523809523809525,0.4466089466089466
P017,doc_extractive,trophic_guild,,What does Folsomia candida feed on?,the filamentous fungus Aspergillus nidulans || Aspergillus nidulans,-1,24068353,True,1.14,,,the filamentous fungus Aspergillus nidulans,medline,,0,,0,0,0.962,False,0.0,0.0,0.0,0.0,0.0,,1.0,1.0,1.0,1.0,1.0,
P017,doc_generative,trophic_guild,,What does Folsomia candida feed on?,the filamentous fungus Aspergillus nidulans || Aspergillus nidulans,-1,24068353,True,0.7,,,"Based on the provided documents, Folsomia candida feeds on the filamentous fungus Aspergillus nidulans . The study specifically mentions the interaction between this arthropod and the fungus, indicating that Folsomia candida is a fungivore that consumes A. nidulans.",medline,,0,,0,0,0.488,False,0.0,0.0,0.0,0.0,0.0,,1.0,0.0,1.0,0.2380952380952381,0.2380952380952381,0.6717171717171717
P018,doc_extractive,trophic_guild,,What does Folsomia candida feed on?,S. perfoliatum litter || litter,-1,27510404,True,1.33,,,"euedaphic collembola (Folsomia candida). In experiment 1, litter-derived N flux was determined by adding 15 N-labelled litter, followed by mass spectrometric analysis of N2 and N2 O isotopologues. In experiment 2, the δ18 O values and 15 N site preference of N2 O were determined by isotope ratio mass spectrometry to reveal underlying N2 O formation pathways.


RESULTS
Lumbricus terrestris significantly increased litter-derived N2 emissions in the loamy soil, from 174.5 to 1019.3 μg N2 -N kg-1 soil, but not in the sandy soil (non-significant change from 944.7 to 1054.7 μg N2 -N kg-1 soil). Earthworm feeding on plant litter",medline,,0,,0,0,1.051,False,0.0,0.0,0.0,0.0,0.0,,1.0,0.0,1.0,0.019801980198019802,0.018018018018018018,
P018,doc_generative,trophic_guild,,What does Folsomia candida feed on?,S. perfoliatum litter || litter,-1,27510404,True,0.72,,,"Based on the provided documents, Folsomia candida is described as an euedaphic species, which typically feeds on organic matter in the soil, such as decomposing plant material and microorganisms . However, the specific diet of Folsomia candida is not explicitly detailed in the given text.",medline,,0,,0,0,0.506,False,0.0,0.0,0.0,0.0,0.0,,1.0,0.0,0.0,0.0,0.0,0.3875
P019,doc_extractive,trophic_guild,,What does Folsomia candida feed on?,the Streptomyces colonies || Streptomyces,-1,32251369,True,1.2,,,Streptomyces colonies,medline,,0,,0,0,1.021,False,0.0,0.0,0.0,0.0,0.0,,1.0,0.0,1.0,0.8,0.8,
P019,doc_generative,trophic_guild,,What does Folsomia candida feed on?,the Streptomyces colonies || Streptomyces,-1,32251369,True,0.34,,,"Based on the provided documents, Folsomia candida feeds on Streptomyces colonies .",medline,,0,,0,0,0.162,False,0.0,0.0,0.0,0.0,0.0,,1.0,0.0,1.0,0.42857142857142855,0.42857142857142855,0.16666666666666666
P020,doc_extractive,trophic_guild,,What does Folsomia candida feed on?,black fungi,-1,PMC10103860,True,1.29,,,glucose,pmc,,0,,0,0,1.097,False,0.0,0.0,0.0,0.0,0.0,,1.0,0.0,0.0,0.0,0.0,
P020,doc_generative,trophic_guild,,What does Folsomia candida feed on?,black fungi,-1,PMC10103860,True,0.69,,,"Based on the provided documents, *Folsomia candida* feeds on black stain alterations of rock surfaces, specifically consuming pigmented fungi associated with these stains. The study suggests that these collembola can assimilate pigmented fungi they consume in vitro and potentially carry and spread these fungi within the cave environment .",pmc,,0,,0,0,0.505,False,0.0,0.0,0.0,0.0,0.0,,1.0,0.0,0.0,0.07999999999999999,0.07999999999999999,0.5933333333333333
P021,doc_extractive,trophic_guild,,What does Folsomia candida feed on?,the external hyphae of AMF || hyphae of AMF || AMF,-1,PMC11259807,True,1.3,,,AMF,pmc,,0,,0,0,1.12,False,0.0,0.0,0.0,0.0,0.0,,1.0,1.0,1.0,1.0,1.0,
P021,doc_generative,trophic_guild,,What does Folsomia candida feed on?,the external hyphae of AMF || hyphae of AMF || AMF,-1,PMC11259807,True,0.71,,,"Based on the provided documents, *Folsomia candida* feeds on the external hyphae of arbuscular mycorrhizal fungi (AMF) . This feeding behavior can potentially reduce the efficacy of mycorrhizae on plants by affecting fungal structures .",pmc,,0,,0,0,0.471,False,0.0,0.0,0.0,0.0,0.0,,1.0,0.0,1.0,0.2631578947368421,0.2631578947368421,0.4791666666666667
P022,doc_extractive,trophic_guild,,What does Folsomia candida feed on?,fungi growing on organic surfaces || fungi,-1,PMC5490193,True,1.27,,,deterrents,pmc,,0,,0,0,1.089,False,0.0,0.0,0.0,0.0,0.0,,1.0,0.0,0.0,0.0,0.0,
P022,doc_generative,trophic_guild,,What does Folsomia candida feed on?,fungi growing on organic surfaces || fungi,-1,PMC5490193,True,0.82,,,"Based on the provided documents, Folsomia candida is described as grazing on the fungal hyphae of arbuscular mycorrhizal fungi (AMF) . This feeding behavior is part of a tritrophic interaction involving plants, AMF, and F. candida . No specific details about other potential food sources are mentioned in the given texts.",pmc,,0,,0,0,0.631,False,0.0,0.0,0.0,0.0,0.0,,1.0,0.0,1.0,0.07407407407407406,0.039999999999999994,0.2777777777777778
P023,doc_extractive,trophic_guild,,What does Folsomia candida feed on?,seven saprophytic fungal species || saprophytic fungal species || fungi,-1,15021980,True,1.22,,,saprophytic fungal species/forms,medline,,0,,0,0,1.041,False,0.0,0.0,0.0,0.0,0.0,,1.0,0.0,1.0,0.6666666666666666,0.8571428571428571,
P023,doc_generative,trophic_guild,,What does Folsomia candida feed on?,seven saprophytic fungal species || saprophytic fungal species || fungi,-1,15021980,True,0.93,,,"Based on the provided documents, Folsomia candida feeds on various fungal species, including the wild type and a melanin-deficient form of *Aspergillus fumigatus*, as well as mixed diets containing different fungal species such as *Cladosporium cladosporioides* . The study indicates that both *Folsomia candida* and *Protaphorura armata* prefer similar fungal species as food .",medline,,0,,0,0,0.756,False,0.0,0.0,0.0,0.0,0.0,,1.0,0.0,0.0,0.07272727272727274,0.07142857142857142,0.6985887096774194
P024,doc_extractive,trophic_guild,,What does Folsomia candida feed on?,T. virens || Trichoderma virens || T. virens Gv29.8,-1,PMC10878821,True,1.4,,,the mycelium,pmc,,0,,0,0,1.125,False,0.0,0.0,0.0,0.0,0.0,,1.0,0.0,0.0,0.0,0.0,
P024,doc_generative,trophic_guild,,What does Folsomia candida feed on?,T. virens || Trichoderma virens || T. virens Gv29.8,-1,PMC10878821,True,0.7,,,"Based on the provided documents, Folsomia candida feeds on Trichoderma harzianum and Trichoderma polysporum . The ecological functions of fungal sesquiterpenes in the food preference and fitness of soil Collembola are discussed in relation to these fungal substrates .",pmc,,0,,0,0,0.52,False,0.0,0.0,0.0,0.0,0.0,,1.0,0.0,0.0,0.05128205128205129,0.05128205128205129,0.6135265700483092
P025,doc_extractive,trophic_guild,,What does Folsomia candida feed on?,preferred fungal species || fungal species || fungi,-1,PMC4829882,True,1.26,,,bola,pmc,,0,,0,0,1.083,False,0.0,0.0,0.0,0.0,0.0,,1.0,0.0,0.0,0.0,0.0,
P025,doc_generative,trophic_guild,,What does Folsomia candida feed on?,preferred fungal species || fungal species || fungi,-1,PMC4829882,True,0.73,,,"Based on the provided documents, *Folsomia candida* feeds on microbial colonization of food, specifically leaf litter biofilms, which contribute to its nutrition through the degradation of cellulose and potential provision of limiting nutrients . The exact composition of their diet includes microorganisms associated with the biofilm rather than directly consuming plant material .",pmc,,0,,0,0,0.548,False,0.0,0.0,0.0,0.0,0.0,,1.0,0.0,0.0,0.0,0.0,0.3551587301587302
P026,doc_extractive,trophic_guild,,What does Folsomia candida feed on?,fungi without chemical defenses || fungi without repellant crystalline structures || modified A. nidulans || fungi,-1,PMC9968043,True,1.51,,,A. nidulans,pmc,,0,,0,0,1.147,False,0.0,0.0,0.0,0.0,0.0,,1.0,0.0,0.0,0.8,0.8,
P026,doc_generative,trophic_guild,,What does Folsomia candida feed on?,fungi without chemical defenses || fungi without repellant crystalline structures || modified A. nidulans || fungi,-1,PMC9968043,True,0.65,,,"Based on the provided documents, Folsomia candida feeds on fungi, specifically Aspergillus nidulans. It preferentially consumes modified A. nidulans lacking certain secondary metabolites (SMs) and crystalline structures, which suggests a preference for less defended fungal species .",pmc,,0,,0,0,0.473,False,0.0,0.0,0.0,0.0,0.0,,1.0,0.0,1.0,0.15384615384615385,0.15384615384615385,0.2657407407407407
P027,doc_extractive,trophic_guild,,What does Folsomia fimetaria feed on?,bacteria and protozoa || bacteria,-1,28310911,True,1.17,,,Barley straw,medline,,0,,0,0,0.92,False,0.0,0.0,0.0,0.0,0.0,,1.0,0.0,0.0,0.0,0.0,
P027,doc_generative,trophic_guild,,What does Folsomia fimetaria feed on?,bacteria and protozoa || bacteria,-1,28310911,True,0.74,,,"Based on the provided documents, Folsomia fimetaria is described as feeding on barley straw and associated microbial communities. This is inferred from the experimental setup where they were introduced to barley straw along with a natural soil microflora, suggesting their role in decomposing plant material and interacting with microbes .",medline,,0,,0,0,0.488,False,0.0,0.0,0.0,0.0,0.0,,1.0,0.0,0.0,0.03846153846153846,0.03846153846153846,0.44044665012406947
P028,doc_extractive,trophic_guild,,What does Folsomia fimetarioides feed on?,metal-tolerant fungi || fungi,-1,28313106,True,1.13,,,fungi,medline,,0,,0,0,0.882,False,0.0,0.0,0.0,0.0,0.0,,1.0,1.0,1.0,1.0,1.0,
P028,doc_generative,trophic_guild,,What does Folsomia fimetarioides feed on?,metal-tolerant fungi || fungi,-1,28313106,True,1.13,,,"Based on the provided documents, Folsomia fimetarioides shows a higher preference for metal-tolerant fungi compared to Isotomiella minor . However, the specific diet of Folsomia fimetarioides is not explicitly stated in the given text. The study focuses on their feeding preferences regarding fungal substrates with varying levels of metal contamination rather than detailing their exact dietary composition. Therefore, additional research would be needed to determine the full range of what Folsomia fimetarioides feeds on.",medline,,0,,0,0,0.859,False,0.0,0.0,0.0,0.0,0.0,,1.0,0.0,1.0,0.05333333333333332,0.07792207792207792,0.46242704439635385
P029,doc_extractive,trophic_guild,,What does Folsomia octoculata feed on?,root-derived carbon || mycorrhizal fungi,-1,PMC10980659,True,0.56,,,mycorrhizal fungi,pmc,,0,,0,0,0.384,False,0.0,0.0,0.0,0.0,0.0,,1.0,1.0,1.0,1.0,1.0,
P029,doc_generative,trophic_guild,,What does Folsomia octoculata feed on?,root-derived carbon || mycorrhizal fungi,-1,PMC10980659,True,0.66,,,"Based on the provided documents, Folsomia octoculata feeds on microorganisms, microbial residues, or other isotopically enriched resources, especially at higher elevations . The study indicates that this species exhibits a significant trophic shift towards these food sources as elevation increases .",pmc,,0,,0,0,0.467,False,0.0,0.0,0.0,0.0,0.0,,1.0,0.0,0.0,0.0,0.0,0.2048611111111111
P030,doc_extractive,trophic_guild,,What does Folsomia quadrioculata feed on?,litter,-1,PMC4947257,True,0.57,,,litter,pmc,,0,,0,0,0.395,False,0.0,0.0,0.0,0.0,0.0,,1.0,1.0,1.0,1.0,1.0,
P030,doc_generative,trophic_guild,,What does Folsomia quadrioculata feed on?,litter,-1,PMC4947257,True,0.65,,,"Based on the provided documents, Folsomia quadrioculata is described as a typical primary decomposer that feeds predominantly on litter . This indicates its diet consists primarily of organic matter derived from dead plant material. No further details about specific dietary components are given in the source text.",pmc,,0,,0,0,0.472,False,0.0,0.0,0.0,0.0,0.0,,1.0,0.0,1.0,0.042553191489361694,0.042553191489361694,0.14835164835164835
P031,doc_extractive,trophic_guild,,What does Heteromurus nitidus feed on?,nematodes,-1,Food sources of selected terrestrial cave arthropods,True,1.58,,,nematodes,pmc,,0,,0,0,1.307,False,0.0,0.0,0.0,0.0,0.0,,1.0,1.0,1.0,1.0,1.0,
P031,doc_generative,trophic_guild,,What does Heteromurus nitidus feed on?,nematodes,-1,Food sources of selected terrestrial cave arthropods,True,0.54,,,"Based on the provided documents, Heteromurus nitidus may feed on nematodes . This dietary preference is noted among frequent cave inhabitants like F. candida and Heteromurus nitidus .",pmc,,0,,0,0,0.361,False,0.0,0.0,0.0,0.0,0.0,,1.0,0.0,1.0,0.07407407407407407,0.07407407407407407,0.22979797979797978
P032,doc_extractive,trophic_guild,,What does Heteromurus nitidus feed on?,Zymoseptoria tritici || Z. tritici || fungal pathogen,-1,38357856,True,1.23,,,wheat fungal pathogen Zymoseptoria tritici on infected tissues,medline,,0,,0,0,1.048,False,0.0,0.0,0.0,0.0,0.0,,1.0,0.0,1.0,0.4,0.4,
P032,doc_generative,trophic_guild,,What does Heteromurus nitidus feed on?,Zymoseptoria tritici || Z. tritici || fungal pathogen,-1,38357856,True,0.76,,,"Based on the provided documents, Heteromurus nitidus feeds on the wheat fungal pathogen Zymoseptoria tritici, specifically grazing on it on infected plant tissues . It shows attraction towards fresh residue of the host plants, which suggests its feeding behavior is associated with the presence of the fungus .",medline,,0,,0,0,0.518,False,0.0,0.0,0.0,0.0,0.0,,1.0,0.0,1.0,0.08333333333333333,0.08333333333333333,0.5785024154589372
P033,doc_extractive,trophic_guild,,What does Isotoma caerulea feed on?,plant litter and root exudates || plant litter || root exudates,-1,35070508,True,1.18,,,plant litter and root exudates,medline,,0,,0,0,1.005,False,0.0,0.0,0.0,0.0,0.0,,1.0,1.0,1.0,1.0,1.0,
P033,doc_generative,trophic_guild,,What does Isotoma caerulea feed on?,plant litter and root exudates || plant litter || root exudates,-1,35070508,True,0.69,,,"Based on the provided documents, Isotoma caerulea feeds on important resources such as young plant material and microorganisms . The study indicates that its dietary composition may shift under different environmental conditions like drought and farming practices, as evidenced by changes in isotopic signatures .",medline,,0,,0,0,0.439,False,0.0,0.0,0.0,0.0,0.0,,1.0,0.0,0.0,0.08333333333333333,0.08333333333333333,0.41384615384615386
P034,doc_extractive,trophic_guild,,What does Isotoma viridis feed on?,Fungal hyphae || Fungal spores || Diatom algae,-1,PMC7564799,True,0.62,,,Collembola,pmc,,0,,0,0,0.401,False,0.0,0.0,0.0,0.0,0.0,,1.0,0.0,0.0,0.0,0.0,
P034,doc_generative,trophic_guild,,What does Isotoma viridis feed on?,Fungal hyphae || Fungal spores || Diatom algae,-1,PMC7564799,True,0.72,,,"Based on the provided documents, *Isotoma viridis* adjusts its diet depending on the age of the ground. On three-year-old ground, it primarily consumes mineral particles, while on older grounds (30–40 years and 63 years), it feeds on fungal hyphae and spores, becoming a typical fungal feeder .",pmc,,0,,0,0,0.543,False,0.0,0.0,0.0,0.0,0.0,,1.0,0.0,1.0,0.08333333333333333,0.07843137254901959,0.34626436781609193
P035,doc_extractive,trophic_guild,,What does Isotoma viridis feed on?,dead organic matter || microorganisms,-1,PMC8093729,True,1.27,,,"Lepidocyrtus cyaneus, Isotoma viridis, Parisotoma notabilis, Ceratophysella sp., and Stenaphorura denisi (all Collembola, secondary decomposers), and Lasioseius berlesei (Gamasina, predator). All of these species are abundant and widespread in grasslands and other ecosystems in Central Europe including the field site of the Jena Experiment (González‐Macé & Scheu, 2018; Sabais et al., 2011).
Microbial biomass N",pmc,,0,,0,0,1.093,False,0.0,0.0,0.0,0.0,0.0,,1.0,0.0,0.0,0.0,0.0,
P035,doc_generative,trophic_guild,,What does Isotoma viridis feed on?,dead organic matter || microorganisms,-1,PMC8093729,True,0.87,,,"Based on the provided documents, there is no specific information about the diet of *Isotoma viridis*. The text mentions *Isotoma viridis* in the context of a figure caption related to 15N values and plant community composition, but it does not specify what this species feeds on . Further research would be needed to determine its dietary preferences.",pmc,,0,,0,0,0.584,False,0.0,0.0,0.0,0.0,0.0,,0.0,0.0,0.0,0.0,0.0,0.302020202020202
P036,doc_extractive,trophic_guild,,What does Isotomiella minor feed on?,bacteria,-1,PMC4947257,True,0.56,,,bacteria,pmc,,0,,0,0,0.394,False,0.0,0.0,0.0,0.0,0.0,,1.0,1.0,1.0,1.0,1.0,
P036,doc_generative,trophic_guild,,What does Isotomiella minor feed on?,bacteria,-1,PMC4947257,True,0.87,,,"Based on the provided documents, there is no specific information given about the feeding habits of *Isotomiella minor*. The text mentions that *Ceratophysella denticulata* feeds on organic matter in the soil, but this detail is not explicitly stated for *Isotomiella minor* . Therefore, the dietary preferences of *I. minor* remain unspecified in the available sources.",pmc,,0,,0,0,0.64,False,0.0,0.0,0.0,0.0,0.0,,1.0,0.0,0.0,0.0,0.0,0.25844083452779104
P037,doc_extractive,trophic_guild,,What does Isotomiella minor feed on?,fungi of different metal tolerance || fungi,-1,28313106,True,0.4,,,"metal polluted soil.. Food preference, metal avoidance behaviour and desiccation tolerance were investigated for two collembolan species, Folsomia fimetarioides and Isotomiella minor, in order to test some hypotheses for their different distributions in relation to a heavy metal gradient. F. fimetarioides showed a higher preference for metal tolerant fungi",medline,,0,,0,0,0.22,False,0.0,0.0,0.0,0.0,0.0,,1.0,0.0,1.0,0.1481481481481481,0.07407407407407406,
P037,doc_generative,trophic_guild,,What does Isotomiella minor feed on?,fungi of different metal tolerance || fungi,-1,28313106,True,0.98,,,"Based on the provided documents, Isotomiella minor feeds on fungi, as both species were tested for their preferences regarding fungal diets with varying metal tolerances . The study specifically mentions that F. fimetarioides showed a higher preference for metal-tolerant fungi compared to I. minor, indicating that I. minor also consumes fungi but may have a lower selectivity or tolerance towards certain types of fungi . No further details about specific fungal species consumed by I. minor are given in the text.",medline,,0,,0,0,0.8,False,0.0,0.0,0.0,0.0,0.0,,1.0,0.0,1.0,0.09523809523809523,0.07058823529411765,0.47206518971224853
P038,doc_extractive,trophic_guild,,What does Isotomurus palustris feed on?,nematodes || nematode,-1,PMC6955927,True,1.28,,,nematode,pmc,,0,,0,0,1.085,False,0.0,0.0,0.0,0.0,0.0,,1.0,1.0,1.0,1.0,1.0,
P038,doc_generative,trophic_guild,,What does Isotomurus palustris feed on?,nematodes || nematode,-1,PMC6955927,True,0.72,,,"Based on the provided documents, Isotomurus palustris feeds on nematodes, specifically those found in cysts of *Heterodera cruciferae* . This feeding behavior is part of the role that certain collembolans play in pest suppression by preying on plant-parasitic nematodes.",pmc,,0,,0,0,0.537,False,0.0,0.0,0.0,0.0,0.0,,1.0,0.0,1.0,0.05128205128205127,0.05,0.3153846153846154
P039,doc_extractive,trophic_guild,,What does Lepidocyrtus chorus feed on?,pollen || plant material || fungal hyphae,-1,A2620B55FFE2FFF9FF6CFF19FD5A8723,True,1.33,,pollen grains,pollen grains,plazi,1,1,1,1,1,1.11,False,1.0,0.0,1.0,0.6666666666666666,0.6666666666666666,,1.0,0.0,1.0,0.6666666666666666,0.6666666666666666,
P039,doc_generative,trophic_guild,,What does Lepidocyrtus chorus feed on?,pollen || plant material || fungal hyphae,-1,A2620B55FFE2FFF9FF6CFF19FD5A8723,True,0.82,,"Based on the provided documents, *Lepidocyrtus chorus* sp. nov. primarily feeds on pollen grains, particularly during the bloom of certain plants. Some pollen grains found in its gut showed signs of digestion, suggesting an exclusive or predominant diet of pollen. However, it may also exhibit opportunistic feeding behavior outside of blooming periods .","Based on the provided documents, *Lepidocyrtus chorus* sp. nov. primarily feeds on pollen grains, particularly during the bloom of certain plants. Some pollen grains found in its gut showed signs of digestion, suggesting an exclusive or predominant diet of pollen. However, it may also exhibit opportunistic feeding behavior outside of blooming periods .",plazi,1,1,1,1,1,0.556,False,1.0,0.0,1.0,0.03773584905660378,0.03773584905660378,0.37280701754385964,1.0,0.0,1.0,0.03773584905660378,0.03773584905660378,0.37280701754385964
P040,doc_extractive,trophic_guild,,What does Lepidocyrtus curvicollis feed on?,mycelium || fungi || fungivore,-1,PMC6568236,True,1.33,,,baker’s yeast,pmc,,0,,0,0,1.089,False,0.0,0.0,0.0,0.0,0.0,,1.0,0.0,0.0,0.0,0.0,
P040,doc_generative,trophic_guild,,What does Lepidocyrtus curvicollis feed on?,mycelium || fungi || fungivore,-1,PMC6568236,True,1.1,,,"Based on the provided documents, Lepidocyrtus curvicollis is a fungivorous microarthropod that feeds primarily on fungal mycelium. It consumes significantly more than its own body weight per day, indicating a high dietary intake relative to its size . The study highlights that different fungivorous microarthropods have varying preferences for fungal substrates, suggesting that Lepidocyrtus curvicollis may prefer certain types of mycelium over others, though specific details about its preferred substrate are not provided in the excerpt .",pmc,,0,,0,0,0.917,False,0.0,0.0,0.0,0.0,0.0,,1.0,0.0,1.0,0.02631578947368421,0.02631578947368421,0.29005847953216374
P041,doc_extractive,trophic_guild,,What does Lepidocyrtus cyaneus feed on?,fungivorous || fungi,-1,PMC6387494,True,1.27,,,"fungivorous microarthropods such as Lepidocyrtus cyaneus Tullberg, 1871 (21.86 ± 1.64%; S. Bluhm, unpubl. data). However, it has been found that the concentration of 18:2ω6,9 is ten times lower in the NLFA as compared to the PLFA fraction in ECM fungi",pmc,,0,,0,0,1.084,False,0.0,0.0,0.0,0.0,0.0,,1.0,0.0,1.0,0.047619047619047616,0.04347826086956522,
P041,doc_generative,trophic_guild,,What does Lepidocyrtus cyaneus feed on?,fungivorous || fungi,-1,PMC6387494,True,0.6,,,"Based on the provided documents, Lepidocyrtus cyaneus feeds on ectomycorrhizal fungi. This conclusion is supported by findings indicating that this species exhibits specialized feeding behavior on these fungi, as evidenced by specific fatty acid composition analyses .",pmc,,0,,0,0,0.417,False,0.0,0.0,0.0,0.0,0.0,,1.0,0.0,1.0,0.05405405405405406,0.05405405405405406,0.37
P042,doc_extractive,trophic_guild,,What does Lepidocyrtus cyaneus feed on?,fungi || bacteria,-1,PMC8093729,True,0.58,,,"biomass estimates, the following mesofauna",pmc,,0,,0,0,0.396,False,0.0,0.0,0.0,0.0,0.0,,1.0,0.0,0.0,0.0,0.0,
P042,doc_generative,trophic_guild,,What does Lepidocyrtus cyaneus feed on?,fungi || bacteria,-1,PMC8093729,True,0.93,,,"Based on the provided documents, there is no direct information about the diet of *Lepidocyrtus cyaneus*. The source discusses the incorporation of mineral nitrogen into the soil food web and mentions *Lepidocyrtus cyaneus* as one of the mesofaunal species studied, but it does not specify its feeding habits . Further research would be needed to determine what *Lepidocyrtus cyaneus* feeds on.",pmc,,0,,0,0,0.756,False,0.0,0.0,0.0,0.0,0.0,,0.0,0.0,0.0,0.0,0.0,0.31313131313131315
P043,doc_extractive,trophic_guild,,What does Lepidocyrtus lignorum feed on?,Fungal hyphae || Fungal spores,-1,PMC7564799,True,0.58,,,fungal,pmc,,0,,0,0,0.397,False,0.0,0.0,0.0,0.0,0.0,,1.0,0.0,0.0,0.6666666666666666,0.6666666666666666,
P043,doc_generative,trophic_guild,,What does Lepidocyrtus lignorum feed on?,Fungal hyphae || Fungal spores,-1,PMC7564799,True,0.59,,,"Based on the provided documents, *Lepidocyrtus lignorum* initially feeds on mineral particles on young ground, but as the environment matures, it transitions to consuming fungal hyphae and spores, eventually becoming a typical fungal feeder on older ground .",pmc,,0,,0,0,0.409,False,0.0,0.0,0.0,0.0,0.0,,1.0,0.0,1.0,0.10256410256410257,0.10256410256410257,0.28125
P044,doc_extractive,trophic_guild,,What does Lepidocyrtus violaceus feed on?,yeast,-1,PMC8366837,True,1.32,,,yeast,pmc,,0,,0,0,1.085,False,0.0,0.0,0.0,0.0,0.0,,1.0,1.0,1.0,1.0,1.0,
P044,doc_generative,trophic_guild,,What does Lepidocyrtus violaceus feed on?,yeast,-1,PMC8366837,True,1.06,,,"Based on the provided documents, Lepidocyrtus violaceus is fed on pure yeast and designed diets that include additional fatty acids such as 18:1 9, 18:2 6,9, a15:0, cy19:0, 16:1 5, or 16:3 3,6,9, either alone or in combination with others . The study examines how these dietary components affect the trophic transfer of fatty acids within soil food webs.",pmc,,0,,0,0,0.882,False,0.0,0.0,0.0,0.0,0.0,,1.0,0.0,1.0,0.03389830508474576,0.029411764705882353,0.36349206349206353
P045,doc_extractive,trophic_guild,,What does Mesaphorura krausbaueri feed on?,pathogenic fungi || fungi,-1,PMC7009882,True,1.71,,,pathogenic fungi of millet and wheat kernels,pmc,,0,,0,0,1.498,False,0.0,0.0,0.0,0.0,0.0,,1.0,0.0,1.0,0.4444444444444445,0.4444444444444445,
P045,doc_generative,trophic_guild,,What does Mesaphorura krausbaueri feed on?,pathogenic fungi || fungi,-1,PMC7009882,True,0.69,,,"Based on the provided documents, there is no specific information about the diet of *Mesaphorura krausbaueri*. The document mentions its role in reducing disease severity when interacting with pathogens, but it does not specify what this species feeds on . Further research would be needed to determine its dietary preferences.",pmc,,0,,0,0,0.512,False,0.0,0.0,0.0,0.0,0.0,,0.0,0.0,0.0,0.0,0.0,0.19802371541501976
P046,doc_extractive,trophic_guild,,What does Neanura muscorum feed on?,P. polycephalum slime mould || slime mould || slime mold,-1,PMC4495557,True,1.25,,,slime moulds,pmc,,0,,0,0,1.069,False,0.0,0.0,0.0,0.0,0.0,,1.0,0.0,1.0,0.5,0.5,
P046,doc_generative,trophic_guild,,What does Neanura muscorum feed on?,P. polycephalum slime mould || slime mould || slime mold,-1,PMC4495557,True,0.81,,,"Based on the provided documents, Neanura muscorum is tested for its ability to feed on slime moulds. The study investigates whether Neanuridae can survive, grow, and reproduce on slime moulds, using Neanura muscorum as a representative organism . However, the document does not explicitly state what Neanura muscorum typically feeds on in its natural habitat.",pmc,,0,,0,0,0.631,False,0.0,0.0,0.0,0.0,0.0,,1.0,0.0,1.0,0.03571428571428571,0.03571428571428571,0.43137254901960786
P047,doc_extractive,trophic_guild,,What does Onychiurus armatus feed on?,fungi,-1,28310912,True,1.15,,,metal polluted fungi,medline,,0,,0,0,0.973,False,0.0,0.0,0.0,0.0,0.0,,1.0,0.0,1.0,0.5,0.5,
P047,doc_generative,trophic_guild,,What does Onychiurus armatus feed on?,fungi,-1,28310912,True,0.84,,,"Based on the provided documents, Onychiurus armatus feeds on fungi, specifically showing feeding preferences among different fungal species in a metal-polluted soil environment . The study indicates that the feeding behavior of O. armatus is influenced by the presence of metals and the nutritional value of the fungi, with some species like *Paecilomyces farinosus* being more attractive despite metal contamination .",medline,,0,,0,0,0.655,False,0.0,0.0,0.0,0.0,0.0,,1.0,0.0,1.0,0.03333333333333333,0.03278688524590164,0.47530864197530864
P048,doc_extractive,trophic_guild,,What does Onychiurus armatus feed on?,Verticillium bulbillosum and Penicillium spinulosum || soil fungi || fungal biomass,-1,28313620,True,1.19,,,fungivorous collembolan,medline,,0,,0,0,0.915,False,0.0,0.0,0.0,0.0,0.0,,1.0,0.0,0.0,0.0,0.0,
P048,doc_generative,trophic_guild,,What does Onychiurus armatus feed on?,Verticillium bulbillosum and Penicillium spinulosum || soil fungi || fungal biomass,-1,28313620,True,0.61,,,"Based on the provided documents, Onychiurus armatus feeds on soil fungi such as Verticillium bulbillosum and Penicillium spinulosum . These fungi are specifically mentioned as the food source in the experimental study involving this collembolan species.",medline,,0,,0,0,0.426,False,0.0,0.0,0.0,0.0,0.0,,1.0,0.0,1.0,0.25,0.25,0.5610859728506787
P049,doc_extractive,trophic_guild,,What does Onychiurus armatus feed on?,the nematodes within the cysts || nematodes || Heterodera cruciferae,-1,PMC6955927,True,0.62,,,Heterodera cruciferae,pmc,,0,,0,0,0.401,False,0.0,0.0,0.0,0.0,0.0,,1.0,1.0,1.0,1.0,1.0,
P049,doc_generative,trophic_guild,,What does Onychiurus armatus feed on?,the nematodes within the cysts || nematodes || Heterodera cruciferae,-1,PMC6955927,True,0.59,,,"Based on the provided documents, Onychiurus armatus feeds on the nematodes within the cysts of *Heterodera cruciferae* . This indicates that it specifically targets these nematode cysts as a food source.",pmc,,0,,0,0,0.408,False,0.0,0.0,0.0,0.0,0.0,,1.0,0.0,1.0,0.2857142857142857,0.2857142857142857,0.20512820512820512
P050,doc_extractive,trophic_guild,,What does Onychiurus armatus feed on?,U. isabellina || Umbelopsis isabellina,-1,PMC9968043,True,0.64,,,U. isabellina,pmc,,0,,0,0,0.397,False,0.0,0.0,0.0,0.0,0.0,,1.0,1.0,1.0,1.0,1.0,
P050,doc_generative,trophic_guild,,What does Onychiurus armatus feed on?,U. isabellina || Umbelopsis isabellina,-1,PMC9968043,True,0.61,,,"Based on the provided documents, Onychiurus armatus feeds on certain fungi, specifically preferring Umbelopsis isabellina over Penicillium spinulosum when given the choice . The preference may vary depending on the growth medium of the fungi .",pmc,,0,,0,0,0.434,False,0.0,0.0,0.0,0.0,0.0,,1.0,0.0,1.0,0.1111111111111111,0.1111111111111111,0.36764705882352944
P051,doc_extractive,trophic_guild,,What does Onychiurus fimatus feed on?,bacteria,-1,10508937,True,1.33,,,"soil microarthropod Onychiurus fimatus (Collembola).. In order to study the potential impact of the soil microarthropod Onychiurus fimatus (Collembola) on the microbial community, we analysed the fate of luciferase marker gene tagged bacterial strains fed to young adult specimens",medline,,0,,0,0,1.071,False,0.0,0.0,0.0,0.0,0.0,,1.0,0.0,1.0,0.0,0.0,
P051,doc_generative,trophic_guild,,What does Onychiurus fimatus feed on?,bacteria,-1,10508937,True,0.61,,,"Based on the provided documents, there is no specific information about what Onychiurus fimatus feeds on. The study focuses on the fate of bacterial strains ingested by the microarthropod, but it does not mention the diet of O. fimatus .",medline,,0,,0,0,0.425,False,0.0,0.0,0.0,0.0,0.0,,1.0,0.0,1.0,0.0,0.0,0.4318181818181818
P052,doc_extractive,trophic_guild,,What does Onychiurus sinensis feed on?,Trichoderma polysporum,-1,PMC10878821,True,0.62,,,Trichoderma polysporum,pmc,,0,,0,0,0.399,False,0.0,0.0,0.0,0.0,0.0,,1.0,1.0,1.0,1.0,1.0,
P052,doc_generative,trophic_guild,,What does Onychiurus sinensis feed on?,Trichoderma polysporum,-1,PMC10878821,True,0.59,,,"Based on the provided documents, Onychiurus sinensis feeds on Trichoderma polysporum . This is mentioned in the context of ecological functions of fungal sesquiterpenes in the food preference and fitness of soil Collembola.",pmc,,0,,0,0,0.412,False,0.0,0.0,0.0,0.0,0.0,,1.0,0.0,1.0,0.11764705882352941,0.11764705882352941,0.5119047619047619
P053,doc_extractive,trophic_guild,,What does Orchesella cincta feed on?,algae,-1,12919785,True,1.21,,,acetone-spiked algae,medline,,0,,0,0,1.03,False,0.0,0.0,0.0,0.0,0.0,,1.0,0.0,1.0,0.6666666666666666,0.5,
P053,doc_generative,trophic_guild,,What does Orchesella cincta feed on?,algae,-1,12919785,True,0.96,,,"Based on the provided documents, Orchesella cincta feeds on algae that have been spiked with pyrene as part of a bioassay study. Specifically, the study involved feeding the collembolan Orchesella cincta with either acetone-spiked or PDA-spiked terrestrial algae (Desmococcus spp.) . There is no direct mention of the natural diet of Orchesella cincta outside of this experimental context.",medline,,0,,0,0,0.71,False,0.0,0.0,0.0,0.0,0.0,,1.0,0.0,1.0,0.034482758620689655,0.03333333333333333,0.36492374727668847
P054,doc_extractive,trophic_guild,,What does Orchesella cincta feed on?,C. cladosporioides || Cladosporium cladosporioides,-1,12927496,True,1.23,,,C. cladosporioides,medline,,0,,0,0,0.99,False,0.0,0.0,0.0,0.0,0.0,,1.0,1.0,1.0,1.0,1.0,
P054,doc_generative,trophic_guild,,What does Orchesella cincta feed on?,C. cladosporioides || Cladosporium cladosporioides,-1,12927496,True,0.82,,,"Based on the provided documents, *Orchesella cincta* feeds on fungi, specifically on the fungus *Cladosporium cladosporioides*, which is cultivated on different types of litter substrates varying in nitrogen content . The study indicates that the nutritional quality of the fungal diet affects the growth and body mass of *O. cincta*.",medline,,0,,0,0,0.59,False,0.0,0.0,0.0,0.0,0.0,,1.0,0.0,1.0,0.07843137254901959,0.07843137254901959,0.5866228070175439
P055,doc_extractive,trophic_guild,,What does Orchesella cincta feed on?,plants and algae || algae,-1,PMC5802828,True,1.25,,,litter material,pmc,,0,,0,0,1.074,False,0.0,0.0,0.0,0.0,0.0,,1.0,0.0,0.0,0.0,0.0,
P055,doc_generative,trophic_guild,,What does Orchesella cincta feed on?,plants and algae || algae,-1,PMC5802828,True,0.69,,,"Based on the provided documents, Orchesella cincta is classified as a primary decomposer, feeding on litter material and the adhering fungi and bacteria . The specific dietary preferences of Orchesella cincta are not detailed in the given sources.",pmc,,0,,0,0,0.408,False,0.0,0.0,0.0,0.0,0.0,,1.0,0.0,0.0,0.05,0.05,0.4722222222222222
P056,doc_extractive,trophic_guild,,What does Orchesella flavescens feed on?,plant particles || plant-synthesised FAs and plant particles || plant material,-1,PMC8453724,True,1.29,,,surface‐dwelling species of Entomobryidae,pmc,,0,,0,0,1.111,False,0.0,0.0,0.0,0.0,0.0,,1.0,0.0,0.0,0.0,0.0,
P056,doc_generative,trophic_guild,,What does Orchesella flavescens feed on?,plant particles || plant-synthesised FAs and plant particles || plant material,-1,PMC8453724,True,0.65,,,"Based on the provided documents, Orchesella flavescens feeds primarily on plant-derived materials. This is indicated by the high proportions of plant-synthesized fatty acids (FAs) and plant particles found in its gut .",pmc,,0,,0,0,0.362,False,0.0,0.0,0.0,0.0,0.0,,1.0,0.0,1.0,0.2222222222222222,0.25641025641025644,0.23684210526315788
P057,doc_extractive,trophic_guild,,What does Orchesella villosa feed on?,wheat plants || primary decomposers || plant material || plant-derived resources,-1,PMC8761369,True,1.28,,,wheat plants,pmc,,0,,0,0,1.1,False,0.0,0.0,0.0,0.0,0.0,,1.0,1.0,1.0,1.0,1.0,
P057,doc_generative,trophic_guild,,What does Orchesella villosa feed on?,wheat plants || primary decomposers || plant material || plant-derived resources,-1,PMC8761369,True,0.87,,,"Based on the provided documents, there is no direct information about the diet of *Orchesella villosa*. The sources discuss isotopic niche spaces and trophic niches in relation to environmental factors like drought and farming systems, but they do not specify what *Orchesella villosa* feeds on . Further research would be needed to determine its dietary preferences.",pmc,,0,,0,0,0.599,False,0.0,0.0,0.0,0.0,0.0,,0.0,0.0,0.0,0.0,0.0,0.27669801462904914
P058,doc_extractive,trophic_guild,,What does Parisotoma notabilis feed on?,microorganisms associated with roots || microorganisms,-1,PMC8093729,True,0.61,,,"Tectocepheus velatus sarekensis, (b) Parisotoma notabilis, and (c) Stenaphorura denisi with time and plant species richness (Δ15N values); means ± 1 SE
Changes in the incorporation of 15N into (a) Tectocepheus velatus sarekensis, (b) Stenaphorura denisi, (c) Lepidocyrtus cyaneus, and (d) Isotoma viridis with time plant functional group richness (Δ15N values); means ± 1 SE
The presence of legumes generally did not affect Δ15N values of any of the studied mesofauna species. By contrast, the presence of grasses significantly affected Δ15N values in Ceratophysella sp. and T. velatus sarekensis, but the effect varied with time (Figure 7a,b). In Ceratophysella sp., Δ15N values strongly increased in the presence of grasses, in particular at days 5 and 15. By contrast, in T. velatus sarekensis, Δ15N values decreased in the presence of grasses, with the effect being most pronounced at days 15 and 30.
Changes in the incorporation of 15N into (a) Tectocepheus velatus sarekensis and (b) Ceratophysella sp. with time and presence of grasses (Δ15N values); means ± 1 SE
DISCUSSION
Soil microorganisms are one of the main food resources of soil animals",pmc,,0,,0,0,0.4,False,0.0,0.0,0.0,0.0,0.0,,1.0,0.0,1.0,0.021621621621621623,0.011111111111111112,
P058,doc_generative,trophic_guild,,What does Parisotoma notabilis feed on?,microorganisms associated with roots || microorganisms,-1,PMC8093729,True,0.82,,,"Based on the provided documents, Parisotoma notabilis is a Collembola species classified as a secondary decomposer. It likely feeds on organic matter such as dead plant material and microbial biomass, which are common substrates for secondary decomposers in soil ecosystems . However, specific dietary preferences of this species are not detailed in the given sources.",pmc,,0,,0,0,0.568,False,0.0,0.0,0.0,0.0,0.0,,1.0,0.0,0.0,0.0,0.0,0.3791486291486292
P059,doc_extractive,trophic_guild,,What does Prabhergia mana feed on?,fungi,-1,03A3A308FFF8FF854C9AFDE1045F1635,True,1.33,,clay soil,clay soil,plazi,1,1,1,1,1,1.054,False,1.0,0.0,0.0,0.0,0.0,,1.0,0.0,0.0,0.0,0.0,
P059,doc_generative,trophic_guild,,What does Prabhergia mana feed on?,fungi,-1,03A3A308FFF8FF854C9AFDE1045F1635,True,0.45,,"Based on the provided documents, Prabhergia mana likely feeds on fungi, as it was found in bee nesting holes, suggesting a possible dietary preference similar to its environment .","Based on the provided documents, Prabhergia mana likely feeds on fungi, as it was found in bee nesting holes, suggesting a possible dietary preference similar to its environment .",plazi,1,1,1,1,1,0.277,False,1.0,0.0,1.0,0.0689655172413793,0.0689655172413793,0.17391304347826086,1.0,0.0,1.0,0.0689655172413793,0.0689655172413793,0.17391304347826086
P060,doc_extractive,trophic_guild,,What does Proisotoma minuta feed on?,mycophagous || mycelia || fungi,-1,18066606,True,1.1,,,mycophagous collembolan,medline,,0,,0,0,0.916,False,0.0,0.0,0.0,0.0,0.0,,1.0,0.0,1.0,0.6666666666666666,0.6666666666666666,
P060,doc_generative,trophic_guild,,What does Proisotoma minuta feed on?,mycophagous || mycelia || fungi,-1,18066606,True,0.84,,,"Based on the provided documents, 1-octen-3-ol and methyl cinnamate were tested for their effects on Proisotoma minuta's aggregation behavior when exposed to their diet, suggesting that Proisotoma minuta feeds on Tricholoma matsutake fruiting bodies . However, the specific dietary preferences of Proisotoma minuta are not explicitly detailed in the given source.",medline,,0,,0,0,0.664,False,0.0,0.0,0.0,0.0,0.0,,1.0,0.0,0.0,0.0,0.0,0.46336206896551724
P061,doc_extractive,trophic_guild,,What does Proisotoma minuta feed on?,Rhizoctonia solani || mycophagous || fungi,-1,PMC9067988,True,1.29,,,plant pathogens,pmc,,0,,0,0,1.078,False,0.0,0.0,0.0,0.0,0.0,,1.0,0.0,0.0,0.0,0.0,
P061,doc_generative,trophic_guild,,What does Proisotoma minuta feed on?,Rhizoctonia solani || mycophagous || fungi,-1,PMC9067988,True,0.72,,,"Based on the provided documents, Proisotoma minuta is described as a mycophage, meaning it feeds on fungi, specifically mentioning its potential role in controlling plant pathogens like Rhizoctonia solani . There is no explicit mention of other food sources in the given text.",pmc,,0,,0,0,0.456,False,0.0,0.0,0.0,0.0,0.0,,1.0,0.0,1.0,0.0909090909090909,0.0909090909090909,0.3173076923076923
P062,doc_extractive,trophic_guild,,What does Proisotoma minuta feed on?,fungivorous || fungi,-1,PMC6085370,True,1.33,,,springtails,pmc,,0,,0,0,1.103,False,0.0,0.0,0.0,0.0,0.0,,1.0,0.0,0.0,0.0,0.0,
P062,doc_generative,trophic_guild,,What does Proisotoma minuta feed on?,fungivorous || fungi,-1,PMC6085370,True,0.59,,,"Based on the provided documents, Proisotoma minuta is described as a generalist predator that feeds on other soil microarthropods, including springtails . This indicates its diet consists primarily of smaller soil organisms within the microarthropod group.",pmc,,0,,0,0,0.411,False,0.0,0.0,0.0,0.0,0.0,,1.0,0.0,0.0,0.0,0.0,0.3973214285714286
P063,doc_extractive,trophic_guild,,What does Protaphorura armata feed on?,saprophytic fungal species || fungi,-1,15021980,True,0.55,,,saprophytic fungal species/forms,medline,,0,,0,0,0.37,False,0.0,0.0,0.0,0.0,0.0,,1.0,0.0,1.0,0.6666666666666666,0.8571428571428571,
P063,doc_generative,trophic_guild,,What does Protaphorura armata feed on?,saprophytic fungal species || fungi,-1,15021980,True,1.01,,,"Based on the provided documents, Protaphorura armata feeds on various fungal species, including the wild type and a melanin-deficient form of *Aspergillus fumigatus*, as well as mixed diets containing *Cladosporium cladosporioides* and other fungi of varying nutritional quality . The study indicates that both *Folsomia candida* and *Protaphorura armata* exhibit similar preferences for certain fungal species .",medline,,0,,0,0,0.762,False,0.0,0.0,0.0,0.0,0.0,,1.0,0.0,1.0,0.06896551724137931,0.06779661016949153,0.6568627450980392
P064,doc_extractive,trophic_guild,,What does Protaphorura armata feed on?,Trichoderma sp. || Trichoderma,-1,PMC10878821,True,0.61,,,Trichoderma sp.,pmc,,0,,0,0,0.392,False,0.0,0.0,0.0,0.0,0.0,,1.0,1.0,1.0,1.0,1.0,
P064,doc_generative,trophic_guild,,What does Protaphorura armata feed on?,Trichoderma sp. || Trichoderma,-1,PMC10878821,True,0.61,,,"Based on the provided documents, Protaphorura armata shows high fitness and preference when feeding on an unidentified Trichoderma sp. . The specific identity of the Trichoderma species is not specified in the given text.",pmc,,0,,0,0,0.381,False,0.0,0.0,0.0,0.0,0.0,,0.0,0.0,1.0,0.1142857142857143,0.1142857142857143,0.3571428571428571
P065,doc_extractive,trophic_guild,,What does Protaphorura armata feed on?,Fusarium species || Fusarium,-1,PMC11537059,True,0.55,,,Heteromurus nitidus,pmc,,0,,0,0,0.375,False,0.0,0.0,0.0,0.0,0.0,,1.0,0.0,0.0,0.0,0.0,
P065,doc_generative,trophic_guild,,What does Protaphorura armata feed on?,Fusarium species || Fusarium,-1,PMC11537059,True,0.77,,,"Based on the provided documents, Protaphorura armata is mentioned as one of the organisms with which Folsomia candida shares a preferred diet, but the specific dietary preferences of Protaphorura armata are not detailed in the given text . Further information would be required to specify what Protaphorura armata feeds on.",pmc,,0,,0,0,0.549,False,0.0,0.0,0.0,0.0,0.0,,1.0,0.0,0.0,0.0,0.0,0.22916666666666666
P066,doc_extractive,trophic_guild,,What does Protaphorura fimata feed on?,seeds and germinating seedlings of lettuce || seeds || seedlings,-1,26470124,True,1.21,,,germinating lettuce,medline,,0,,0,0,1.031,False,0.0,0.0,0.0,0.0,0.0,,1.0,0.0,0.0,0.5,0.5,
P066,doc_generative,trophic_guild,,What does Protaphorura fimata feed on?,seeds and germinating seedlings of lettuce || seeds || seedlings,-1,26470124,True,0.73,,,"Based on the provided documents, Protaphorura fimata feeds on germinating lettuce seeds and young seedlings. The study specifically examined its feeding behavior on *Lactuca sativa* (lettuce) in both controlled experiments and field conditions . No other food sources are mentioned in the given context.",medline,,0,,0,0,0.495,False,0.0,0.0,0.0,0.0,0.0,,1.0,0.0,1.0,0.20408163265306123,0.16326530612244897,0.5185185185185186
P067,doc_extractive,trophic_guild,,What does Protaphorura fimata feed on?,roots,-1,PMC3781341,True,1.26,,,roots,pmc,,0,,0,0,1.075,False,0.0,0.0,0.0,0.0,0.0,,1.0,1.0,1.0,1.0,1.0,
P067,doc_generative,trophic_guild,,What does Protaphorura fimata feed on?,roots,-1,PMC3781341,True,0.49,,,"Based on the provided documents, *Protaphorura fimata* has been reported to act as a root herbivore and may predominantly feed on roots .",pmc,,0,,0,0,0.258,False,0.0,0.0,0.0,0.0,0.0,,1.0,0.0,1.0,0.08695652173913045,0.08695652173913045,0.4117647058823529
P068,doc_extractive,trophic_guild,,What does Protaphorura fimata feed on?,the fungus Agrocybe gibberosa || Agrocybe gibberosa || fungus,-1,PMC6387494,True,0.58,,,"Agrocybe gibberosa (Fries) Fayod, 1889",pmc,,0,,0,0,0.403,False,0.0,0.0,0.0,0.0,0.0,,1.0,0.0,1.0,0.5714285714285715,0.5714285714285715,
P068,doc_generative,trophic_guild,,What does Protaphorura fimata feed on?,the fungus Agrocybe gibberosa || Agrocybe gibberosa || fungus,-1,PMC6387494,True,0.64,,,"Based on the provided documents, Protaphorura fimata feeds on the fungus Agrocybe gibberosa . This is an example of specialized feeding on ectomycorrhizal fungi by soil invertebrates .",pmc,,0,,0,0,0.376,False,0.0,0.0,0.0,0.0,0.0,,1.0,0.0,1.0,0.2666666666666667,0.2666666666666667,0.47115384615384615
P069,doc_extractive,trophic_guild,,What does Protaphorura fimata feed on?,fine roots of Zea mays || fine roots || litter resources,-1,PMC6458381,True,1.24,,,fine roots,pmc,,0,,0,0,1.061,False,0.0,0.0,0.0,0.0,0.0,,1.0,1.0,1.0,1.0,1.0,
P069,doc_generative,trophic_guild,,What does Protaphorura fimata feed on?,fine roots of Zea mays || fine roots || litter resources,-1,PMC6458381,True,0.8,,,"Based on the provided documents, *Protaphorura fimata* feeds on litter resources in soil, but it can switch its diet to feeding on fine roots of *Zea mays* (L.) when available . This dietary flexibility suggests that *P. fimata* is capable of adapting its food source depending on environmental conditions.",pmc,,0,,0,0,0.551,False,0.0,0.0,0.0,0.0,0.0,,1.0,0.0,1.0,0.18867924528301885,0.18867924528301885,0.1277173913043478
P070,doc_extractive,trophic_guild,,What does Protaphorura fimata feed on?,the fungal diet || fungal,-1,15142535,True,1.24,,,"fungal food quality and starvation on the fatty acid composition of Protaphorura fimata (Collembola).. The lipid pattern of animals is influenced by species, life stage, environmental conditions and diet. We investigated the effects of food quality and starvation on the phospholipid (PLFA) and neutral lipid (NLFA) fatty acid pattern of the collembolan",medline,,0,,0,0,0.954,False,0.0,0.0,0.0,0.0,0.0,,1.0,0.0,1.0,0.1090909090909091,0.07272727272727274,
P070,doc_generative,trophic_guild,,What does Protaphorura fimata feed on?,the fungal diet || fungal,-1,15142535,True,0.72,,,"Based on the provided documents, Protaphorura fimata feeds on soil fungi, specifically Agrocybe gibberosa and Chaetomium globosum . The study examines how the fatty acid composition of these fungi affects the collembolan's own fatty acid profile .",medline,,0,,0,0,0.463,False,0.0,0.0,0.0,0.0,0.0,,1.0,0.0,0.0,0.05263157894736842,0.05128205128205128,0.7222222222222223
P071,doc_extractive,trophic_guild,,What does Sinella curviseta feed on?,nematodes || entomopathogenic nematodes,-1,26896698,True,1.23,,,tobacco-fed larvae,medline,,0,,0,0,1.047,False,0.0,0.0,0.0,0.0,0.0,,1.0,0.0,0.0,0.0,0.0,
P071,doc_generative,trophic_guild,,What does Sinella curviseta feed on?,nematodes || entomopathogenic nematodes,-1,26896698,True,0.82,,,"Based on the provided documents, Sinella curviseta is mentioned as a springtail that feeds on nematodes, specifically those reared on different host plants such as tobacco-fed larvae, greater wax moth, tomato-fed larvae, or eggplant-fed larvae . The document does not specify the natural diet of Sinella curviseta outside of its interaction with nematodes.",medline,,0,,0,0,0.594,False,0.0,0.0,0.0,0.0,0.0,,0.0,0.0,1.0,0.03773584905660378,0.03571428571428572,0.3225490196078431
P072,doc_extractive,trophic_guild,,What does Sinella curviseta feed on?,fungivorous || fungi,-1,PMC6085370,True,0.53,,,"Folsomia candida, and Sinella curviseta) and a predatory mite (Hypoaspis aculeifer) to half of the microcosms. We measured seedling establishment and plant biomass, nematode and microbial community composition, microbial biomass, and mycorrhizal colonization of roots",pmc,,0,,0,0,0.352,False,0.0,0.0,0.0,0.0,0.0,,1.0,0.0,0.0,0.0,0.0,
P072,doc_generative,trophic_guild,,What does Sinella curviseta feed on?,fungivorous || fungi,-1,PMC6085370,True,0.69,,,"Based on the provided documents, Sinella curviseta is a type of soil microarthropod that is likely involved in decomposing organic matter and feeding on bacteria, fungi, or other small organisms in the soil. However, the specific diet of Sinella curviseta is not explicitly stated in the given source .",pmc,,0,,0,0,0.507,False,0.0,0.0,0.0,0.0,0.0,,1.0,0.0,1.0,0.04081632653061225,0.04081632653061225,0.41428571428571426
P073,doc_extractive,trophic_guild,,What does Stenaphorura denisi feed on?,microorganisms associated with roots || microorganisms,-1,PMC8093729,True,0.62,,,"plant species richness (Δ15N values); means ± 1 SE
Changes in the incorporation of 15N into (a) Tectocepheus velatus sarekensis, (b) Stenaphorura denisi, (c) Lepidocyrtus cyaneus, and (d) Isotoma viridis with time plant functional group richness (Δ15N values); means ± 1 SE
The presence of legumes generally did not affect Δ15N values of any of the studied mesofauna species. By contrast, the presence of grasses significantly affected Δ15N values in Ceratophysella sp. and T. velatus sarekensis, but the effect varied with time (Figure 7a,b). In Ceratophysella sp., Δ15N values strongly increased in the presence of grasses, in particular at days 5 and 15. By contrast, in T. velatus sarekensis, Δ15N values decreased in the presence of grasses, with the effect being most pronounced at days 15 and 30.
Changes in the incorporation of 15N into (a) Tectocepheus velatus sarekensis and (b) Ceratophysella sp. with time and presence of grasses (Δ15N values); means ± 1 SE
DISCUSSION
Soil microorganisms are one of the main food resources of soil animals",pmc,,0,,0,0,0.395,False,0.0,0.0,0.0,0.0,0.0,,1.0,0.0,1.0,0.023255813953488372,0.011976047904191616,
P073,doc_generative,trophic_guild,,What does Stenaphorura denisi feed on?,microorganisms associated with roots || microorganisms,-1,PMC8093729,True,0.77,,,"Based on the provided documents, there is no explicit information about the diet of *Stenaphorura denisi*. The text mentions *Stenaphorura denisi* in the context of studying its interactions with other organisms and the incorporation of mineral nitrogen but does not specify what it feeds on . Further research would be needed to determine its dietary preferences.",pmc,,0,,0,0,0.589,False,0.0,0.0,0.0,0.0,0.0,,0.0,0.0,0.0,0.03389830508474576,0.03389830508474576,0.3184952978056426
P074,doc_extractive,trophic_guild,,What does Tetrodontophora bielanensis feed on?,a large spectrum of fungi || fungi,-1,PMC8536979,True,1.24,,,fungi,pmc,,0,,0,0,1.055,False,0.0,0.0,0.0,0.0,0.0,,1.0,1.0,1.0,1.0,1.0,
P074,doc_generative,trophic_guild,,What does Tetrodontophora bielanensis feed on?,a large spectrum of fungi || fungi,-1,PMC8536979,True,0.55,,,"Based on the provided documents, Tetrodontophora bielanensis feeds on a large spectrum of fungi, not limited to wood-inhabiting fungi . This indicates a broader diet than just wood-associated fungi.",pmc,,0,,0,0,0.338,False,0.0,0.0,0.0,0.0,0.0,,1.0,0.0,1.0,0.30303030303030304,0.2857142857142857,0.28968253968253965
P075,doc_extractive,trophic_guild,,What does Thalassaphorura debilis feed on?,marine C4 plants/algae || C3 plant carbon || algae,-1,PMC5730192,True,0.57,,,soil mesofauna,pmc,,0,,0,0,0.394,False,0.0,0.0,0.0,0.0,0.0,,1.0,0.0,0.0,0.0,0.0,
P075,doc_generative,trophic_guild,,What does Thalassaphorura debilis feed on?,marine C4 plants/algae || C3 plant carbon || algae,-1,PMC5730192,True,0.65,,,"Based on the provided documents, there is no specific information about the diet of *Thalassaphorura debilis*. The document mentions its presence in salt marsh soil mesofauna but does not detail its feeding habits . Further research would be needed to determine its dietary preferences.",pmc,,0,,0,0,0.465,False,0.0,0.0,0.0,0.0,0.0,,1.0,0.0,0.0,0.0,0.0,0.272192513368984
P076,doc_extractive,trophic_guild,,What does Tomocerina varia feed on?,litter,-1,PMC10980659,True,0.58,,,litter,pmc,,0,,0,0,0.401,False,0.0,0.0,0.0,0.0,0.0,,1.0,1.0,1.0,1.0,1.0,
P076,doc_generative,trophic_guild,,What does Tomocerina varia feed on?,litter,-1,PMC10980659,True,0.65,,,"Based on the provided documents, Tomocerina varia feeds on microorganisms, microbial residues, or other isotopically enriched resources, as indicated by shifts in its trophic position at higher elevations . The specific dietary preferences of Tomocerina varia are not detailed beyond this general description.",pmc,,0,,0,0,0.478,False,0.0,0.0,0.0,0.0,0.0,,1.0,0.0,0.0,0.0,0.0,0.21583850931677018
P077,doc_extractive,trophic_guild,,What does Tomocerus flavescens feed on?,algae,-1,28310670,True,1.22,,,algae,medline,,0,,0,0,1.039,False,0.0,0.0,0.0,0.0,0.0,,1.0,1.0,1.0,1.0,1.0,
P077,doc_generative,trophic_guild,,What does Tomocerus flavescens feed on?,algae,-1,28310670,True,0.62,,,"Based on the provided documents, Tomocerus flavescens feeds on algae, as they were fed with C-14 labelled algae in the study . There is no specific mention of other dietary items in the given source.",medline,,0,,0,0,0.361,False,0.0,0.0,0.0,0.0,0.0,,1.0,0.0,1.0,0.05714285714285715,0.05555555555555556,0.4278846153846154
P078,doc_extractive,trophic_guild,,What does Tomocerus laxalamella feed on?,litter,-1,PMC10980659,True,0.57,,,litter,pmc,,0,,0,0,0.395,False,0.0,0.0,0.0,0.0,0.0,,1.0,1.0,1.0,1.0,1.0,
P078,doc_generative,trophic_guild,,What does Tomocerus laxalamella feed on?,litter,-1,PMC10980659,True,0.8,,,"Based on the provided documents, Tomocerus laxalamella likely feeds on litter, as indicated by its negative 15N values at lower elevations, which are associated with primary decomposers feeding on litter components depleted in 15N . This pattern is consistent with other decomposer organisms like Collembola, Diplopoda, and Oribatida .",pmc,,0,,0,0,0.624,False,0.0,0.0,0.0,0.0,0.0,,1.0,0.0,1.0,0.04166666666666667,0.04166666666666667,0.3090185676392573
P079,doc_extractive,trophic_guild,,What does Tomocerus minor feed on?,fresh plant litter || plant litter,-1,PMC8453724,True,0.67,,,"plant‐synthesised FAs and plant particles in the gut, and the latter with high proportions of fungi‐synthesised FAs and fungi in the gut (PC1 and PC2). Tomocerus minor (Tomoceridae) was associated with plant and non‐specific bacteria parameters (PC2) but also with fungi and amorphous material in the gut",pmc,,0,,0,0,0.398,False,0.0,0.0,0.0,0.0,0.0,,1.0,0.0,0.0,0.04081632653061224,0.038461538461538464,
P079,doc_generative,trophic_guild,,What does Tomocerus minor feed on?,fresh plant litter || plant litter,-1,PMC8453724,True,0.82,,,"Based on the provided documents, Tomocerus minor is associated with plant and non-specific bacteria parameters as well as fungi and amorphous material in the gut . This suggests that its diet may include plants, fungi, and possibly detrital materials. However, the exact feeding habits are not explicitly stated in the source.",pmc,,0,,0,0,0.512,False,0.0,0.0,0.0,0.0,0.0,,1.0,0.0,0.0,0.038461538461538464,0.03773584905660377,0.3491452991452992
P080,doc_extractive,trophic_guild,,What does Vertagopus pseudocinereus feed on?,the yeast Rhodotorula glutinis || Rhodotorula glutinis || yeast,-1,17205807,True,1.23,,,green and newly fallen leaves,medline,,0,,0,0,0.973,False,0.0,0.0,0.0,0.0,0.0,,1.0,0.0,0.0,0.0,0.0,
P080,doc_generative,trophic_guild,,What does Vertagopus pseudocinereus feed on?,the yeast Rhodotorula glutinis || Rhodotorula glutinis || yeast,-1,17205807,True,1.13,,,"Based on the provided documents, *Vertagopus pseudocinereus* feeds on young leaves. However, it is noted that young leaves grown under sterile conditions, which are almost free of yeast fungi, are toxic to this species, whereas naturally grown leaves that contain yeast fungi are not toxic and support the growth and reproduction of *V. pseudocinereus* . The document also mentions that the feeding preferences of *V. pseudocinereus* relate to different types of yeast fungi associated with various ecological niches .",medline,,0,,0,0,0.875,False,0.0,0.0,0.0,0.0,0.0,,1.0,0.0,1.0,0.04938271604938272,0.04938271604938272,0.6106227106227107
P081,doc_extractive,trophic_guild,,What does Vertagopus sarekensis feed on?,algae and microorganisms found on mosses || algae,-1,PMC10825826,True,1.24,,,algae and microorganisms found on mosses,pmc,,0,,0,0,1.058,False,0.0,0.0,0.0,0.0,0.0,,1.0,1.0,1.0,1.0,1.0,
P081,doc_generative,trophic_guild,,What does Vertagopus sarekensis feed on?,algae and microorganisms found on mosses || algae,-1,PMC10825826,True,0.36,,,"Based on the provided documents, Vertagopus sarekensis feeds on algae and microorganisms found on mosses .",pmc,,0,,0,0,0.184,False,0.0,0.0,0.0,0.0,0.0,,1.0,0.0,1.0,0.5714285714285715,0.5714285714285715,0.5
P082,doc_extractive,trophic_guild,,What does Agrenia feed on?,this biofilm || biofilm || diatoms,-1,PMC3788365,True,1.23,,,biofilm,pmc,,0,,0,0,1.046,False,0.0,0.0,0.0,0.0,0.0,,1.0,1.0,1.0,1.0,1.0,
P082,doc_generative,trophic_guild,,What does Agrenia feed on?,this biofilm || biofilm || diatoms,-1,PMC3788365,True,0.76,,,"Based on the provided documents, Agrenia feeds on a biofilm containing terrestrial diatoms and other microorganisms. This biofilm is found on moist surfaces of sand and silt, where it forms through the production of extracellular polymeric substances by the diatoms . The Collembola likely consume this biofilm, which is rich in proteins .",pmc,,0,,0,0,0.582,False,0.0,0.0,0.0,0.0,0.0,,1.0,0.0,1.0,0.07547169811320754,0.07547169811320754,0.30934343434343436
P083,doc_extractive,trophic_guild,,What does Bourletiella feed on?,herbivorous || herbivore,-1,PMC10048822,True,1.31,,,litter and some fungi,pmc,,0,,0,0,1.042,False,0.0,0.0,0.0,0.0,0.0,,1.0,0.0,0.0,0.0,0.0,
P083,doc_generative,trophic_guild,,What does Bourletiella feed on?,herbivorous || herbivore,-1,PMC10048822,True,0.72,,,"Based on the provided documents, Bourletiella is described as a herbivorous Collembolan that feeds on fresh organic matter . This dietary preference aligns with the general feeding habits of herbivorous Collembolans, which rely on fresh organic material for sustenance.",pmc,,0,,0,0,0.464,False,0.0,0.0,0.0,0.0,0.0,,1.0,0.0,1.0,0.05128205128205127,0.05128205128205127,0.3423076923076923
P084,doc_extractive,trophic_guild,,What does Crossodonthina feed on?,slime mold || slime molds,-1,PMC12284588,True,1.26,,,slime mold,pmc,,0,,0,0,1.081,False,0.0,0.0,0.0,0.0,0.0,,1.0,1.0,1.0,1.0,1.0,
P084,doc_generative,trophic_guild,,What does Crossodonthina feed on?,slime mold || slime molds,-1,PMC12284588,True,0.33,,,"Based on the provided documents, Crossodonthina sp. feeds exclusively on slime molds .",pmc,,0,,0,0,0.15,False,0.0,0.0,0.0,0.0,0.0,,1.0,0.0,1.0,0.2857142857142857,0.2857142857142857,0.2
P085,doc_extractive,trophic_guild,,What does Desoria feed on?,this biofilm || biofilm || diatoms,-1,PMC3788365,True,0.55,,,biofilm,pmc,,0,,0,0,0.371,False,0.0,0.0,0.0,0.0,0.0,,1.0,1.0,1.0,1.0,1.0,
P085,doc_generative,trophic_guild,,What does Desoria feed on?,this biofilm || biofilm || diatoms,-1,PMC3788365,True,0.62,,,"Based on the provided documents, Desoria olivacea feeds on diatom algae, which were found in their gut contents along with mineral particles. The presence of diatoms suggests that these organisms consume microscopic algae, possibly ingested while filtering water or consuming sediment containing the algae .",pmc,,0,,0,0,0.437,False,0.0,0.0,0.0,0.0,0.0,,1.0,0.0,1.0,0.044444444444444446,0.044444444444444446,0.19518716577540107
P086,doc_extractive,trophic_guild,,What does Entomobrya feed on?,litter and its associated fungi and bacteria || litter || fungi and bacteria,-1,PMC4511865,True,1.33,,,litter,pmc,,0,,0,0,1.049,False,0.0,0.0,0.0,0.0,0.0,,1.0,1.0,1.0,1.0,1.0,
P086,doc_generative,trophic_guild,,What does Entomobrya feed on?,litter and its associated fungi and bacteria || litter || fungi and bacteria,-1,PMC4511865,True,0.5,,,"Based on the provided documents, Entomobrya feed on litter and its associated fungi and bacteria, acting as primary decomposers . This diet plays an essential role in litter decomposition processes .",pmc,,0,,0,0,0.326,False,0.0,0.0,0.0,0.0,0.0,,1.0,0.0,1.0,0.3888888888888889,0.3888888888888889,0.2928571428571428
P087,doc_extractive,trophic_guild,,What does Entomobrya feed on?,litter material and the adhering fungi and bacteria || litter material || fungi and bacteria,-1,PMC5802828,True,0.62,,,litter material,pmc,,0,,0,0,0.366,False,0.0,0.0,0.0,0.0,0.0,,1.0,1.0,1.0,1.0,1.0,
P087,doc_generative,trophic_guild,,What does Entomobrya feed on?,litter material and the adhering fungi and bacteria || litter material || fungi and bacteria,-1,PMC5802828,True,0.62,,,"Based on the provided documents, species belonging to the genus Entomobrya are classified as primary decomposers, feeding on litter material and the adhering fungi and bacteria . The specific diet of Entomobrya is not detailed in the given sources.",pmc,,0,,0,0,0.42,False,0.0,0.0,0.0,0.0,0.0,,1.0,0.0,1.0,0.34782608695652173,0.34782608695652173,0.39880952380952384
P088,doc_extractive,trophic_guild,,What does Folsomia feed on?,litter material and the adhering fungi and bacteria || litter material || fungi and bacteria,-1,PMC5802828,True,0.61,,,litter material,pmc,,0,,0,0,0.354,False,0.0,0.0,0.0,0.0,0.0,,1.0,1.0,1.0,1.0,1.0,
P088,doc_generative,trophic_guild,,What does Folsomia feed on?,litter material and the adhering fungi and bacteria || litter material || fungi and bacteria,-1,PMC5802828,True,0.49,,,"Based on the provided documents, Folsomia candida feeds on litter material and the adhering fungi and bacteria . The diet includes both organic matter and microorganisms found in the surrounding environment.",pmc,,0,,0,0,0.308,False,0.0,0.0,0.0,0.0,0.0,,1.0,0.0,1.0,0.4210526315789474,0.4210526315789474,0.358974358974359
P089,doc_extractive,trophic_guild,,What does Isotomiella feed on?,fungivores || fungi,-1,PMC10993886,True,1.35,,,soil microorganisms and dead organic matter,pmc,,0,,0,0,1.106,False,0.0,0.0,0.0,0.0,0.0,,1.0,0.0,0.0,0.0,0.0,
P089,doc_generative,trophic_guild,,What does Isotomiella feed on?,fungivores || fungi,-1,PMC10993886,True,0.92,,,"Based on the provided documents, Isotomiella feeds on bacteria and fungal hyphae, as well as root exudates, which are important food sources for Collembola in different ecosystem types . The specific diet can vary depending on the season and the type of ecosystem, such as rainforests or plantations, where food resource availability fluctuates .",pmc,,0,,0,0,0.596,False,0.0,0.0,0.0,0.0,0.0,,1.0,0.0,0.0,0.0,0.0,0.23278985507246377
P090,doc_extractive,trophic_guild,,What does Isotomiella feed on?,microbivores || microbial,-1,PMC7934680,True,1.27,,,microorganisms colonizing decomposing litter materials,pmc,,0,,0,0,1.09,False,0.0,0.0,0.0,0.0,0.0,,1.0,0.0,0.0,0.0,0.0,
P090,doc_generative,trophic_guild,,What does Isotomiella feed on?,microbivores || microbial,-1,PMC7934680,True,0.67,,,"Based on the provided documents, 13C and 15N values suggest that *Isotomiella cf. minor* is a microbivore in undisturbed ecosystems, indicating it feeds on microbial matter . The document does not specify exact dietary components beyond this classification.",pmc,,0,,0,0,0.456,False,0.0,0.0,0.0,0.0,0.0,,0.0,0.0,1.0,0.052631578947368425,0.052631578947368425,0.17453379953379955
P091,doc_extractive,trophic_guild,,What does Lepidocyrtus feed on?,pollen,-1,A2620B55FFE2FFF9FF6CFF19FD5A8723,True,0.55,,wind-borne pollen,wind-borne pollen,plazi,1,1,1,1,1,0.373,False,1.0,0.0,1.0,0.6666666666666666,0.5,,1.0,0.0,1.0,0.6666666666666666,0.5,
P091,doc_generative,trophic_guild,,What does Lepidocyrtus feed on?,pollen,-1,A2620B55FFE2FFF9FF6CFF19FD5A8723,True,0.81,,"Based on the provided documents, Lepidocyrtus feeds on pollen, as it is mentioned that several dozen Collembola species, including at least three Lepidocyrtus species, have been recorded ingesting pollen either directly by visiting flowers or possibly feeding on wind-borne pollen . The specific dietary habits of Lepidocyrtus are not detailed beyond this general statement.","Based on the provided documents, Lepidocyrtus feeds on pollen, as it is mentioned that several dozen Collembola species, including at least three Lepidocyrtus species, have been recorded ingesting pollen either directly by visiting flowers or possibly feeding on wind-borne pollen . The specific dietary habits of Lepidocyrtus are not detailed beyond this general statement.",plazi,1,1,1,1,1,0.635,False,1.0,0.0,1.0,0.037037037037037035,0.03636363636363636,0.17252747252747253,1.0,0.0,1.0,0.037037037037037035,0.03636363636363636,0.17252747252747253
P092,doc_extractive,trophic_guild,,What does Onychiurus feed on?,decomposers || first trophic level,-1,PMC2903711,True,1.3,,,Collembola,pmc,,0,,0,0,1.087,False,0.0,0.0,0.0,0.0,0.0,,1.0,0.0,0.0,0.0,0.0,
P092,doc_generative,trophic_guild,,What does Onychiurus feed on?,decomposers || first trophic level,-1,PMC2903711,True,0.7,,,"Based on the provided documents, 15N signatures indicate that Onychiurus spp. are part of the decomposer trophic level, suggesting they likely feed on organic matter such as dead plant material or other detritus . However, the specific diet of Onychiurus is not explicitly stated in the given text.",pmc,,0,,0,0,0.529,False,0.0,0.0,0.0,0.0,0.0,,1.0,0.0,0.0,0.08,0.08,0.18614718614718614
P093,doc_extractive,trophic_guild,,What does Orchesella feed on?,the alga Pleurococcus || Pleurococcus || Desmococcus || alga,-1,PMC3910676,True,1.35,,,Pleurococcus,pmc,,0,,0,0,1.093,False,0.0,0.0,0.0,0.0,0.0,,1.0,1.0,1.0,1.0,1.0,
P093,doc_generative,trophic_guild,,What does Orchesella feed on?,the alga Pleurococcus || Pleurococcus || Desmococcus || alga,-1,PMC3910676,True,0.6,,,"Based on the provided documents, Orchesella feeds on the alga *Pleurococcus* (syn. *Desmococcus*) and baker's yeast, which form the algal and fungal components of its diet respectively .",pmc,,0,,0,0,0.385,False,0.0,0.0,0.0,0.0,0.0,,1.0,0.0,1.0,0.19999999999999998,0.19354838709677416,0.38095238095238093
P094,doc_extractive,trophic_guild,,What does Orchesella feed on?,litter material and the adhering fungi and bacteria || litter material || fungi and bacteria,-1,PMC5802828,True,0.54,,,litter material,pmc,,0,,0,0,0.365,False,0.0,0.0,0.0,0.0,0.0,,1.0,1.0,1.0,1.0,1.0,
P094,doc_generative,trophic_guild,,What does Orchesella feed on?,litter material and the adhering fungi and bacteria || litter material || fungi and bacteria,-1,PMC5802828,True,0.52,,,"Based on the provided documents, Orchesella is classified as a primary decomposer, feeding on litter material and the adhering fungi and bacteria . The specific dietary preferences of Orchesella are not detailed in the given source.",pmc,,0,,0,0,0.342,False,0.0,0.0,0.0,0.0,0.0,,1.0,0.0,1.0,0.3720930232558139,0.3720930232558139,0.43665158371040724
P095,doc_extractive,trophic_guild,,What does Proisotoma feed on?,litter and some fungi || litter || fungi,-1,PMC10048822,True,0.59,,,litter and some fungi,pmc,,0,,0,0,0.334,False,0.0,0.0,0.0,0.0,0.0,,1.0,1.0,1.0,1.0,1.0,
P095,doc_generative,trophic_guild,,What does Proisotoma feed on?,litter and some fungi || litter || fungi,-1,PMC10048822,True,0.43,,,"Based on the provided documents, Proisotoma feeds on litter and some fungi . This is indicated by their role as primary decomposers in the ecosystem.",pmc,,0,,0,0,0.253,False,0.0,0.0,0.0,0.0,0.0,,1.0,0.0,1.0,0.2857142857142857,0.2857142857142857,0.30952380952380953
P096,doc_extractive,trophic_guild,,What does Protaphorura feed on?,fungi || fungi-synthesised FAs and fungi in the gut,-1,PMC8453724,True,0.58,,,soil‐dwelling genus of Onychiuridae,pmc,,0,,0,0,0.396,False,0.0,0.0,0.0,0.0,0.0,,1.0,0.0,0.0,0.0,0.0,
P096,doc_generative,trophic_guild,,What does Protaphorura feed on?,fungi || fungi-synthesised FAs and fungi in the gut,-1,PMC8453724,True,0.63,,,"Based on the provided documents, Protaphorura is associated with high proportions of fungi-synthesized fatty acids and fungi in the gut, indicating that it primarily feeds on fungi . This suggests that Protaphorura is a fungal feeder.",pmc,,0,,0,0,0.379,False,0.0,0.0,0.0,0.0,0.0,,1.0,0.0,1.0,0.23809523809523808,0.27272727272727276,0.3295454545454546
P097,doc_extractive,trophic_guild,,What does Pseudosinella feed on?,fungivores || fungi,-1,PMC10993886,True,0.57,,,soil microorganisms and dead organic matter,pmc,,0,,0,0,0.393,False,0.0,0.0,0.0,0.0,0.0,,1.0,0.0,0.0,0.0,0.0,
P097,doc_generative,trophic_guild,,What does Pseudosinella feed on?,fungivores || fungi,-1,PMC10993886,True,0.96,,,"Based on the provided documents, Pseudosinella feeds on bacteria and fungal hyphae, as well as root exudates, which are important food sources for Collembola in various ecosystems . These food resources influence their population dynamics and seasonal fluctuations. The specific diet of Pseudosinella is not explicitly mentioned, but it can be inferred that they consume similar materials as other Collembola species in these environments.",pmc,,0,,0,0,0.684,False,0.0,0.0,0.0,0.0,0.0,,1.0,0.0,0.0,0.0,0.0,0.317016317016317
P098,doc_extractive,trophic_guild,,What does Pseudosinella feed on?,predator or scavenger || predator || scavenger || microbivores,-1,PMC7934680,True,0.58,,,nematodes,pmc,,0,,0,0,0.396,False,0.0,0.0,0.0,0.0,0.0,,1.0,0.0,0.0,0.0,0.0,
P098,doc_generative,trophic_guild,,What does Pseudosinella feed on?,predator or scavenger || predator || scavenger || microbivores,-1,PMC7934680,True,0.82,,,"Based on the provided documents, 15N values indicate that Pseudosinella sp.1 occupies the highest trophic position among all Collembola species studied, suggesting it may feed on mycorrhizal fungi or act as a predator, potentially consuming nematodes . The exact diet is not explicitly stated, but these possibilities are inferred from isotopic data and ecological context.",pmc,,0,,0,0,0.639,False,0.0,0.0,0.0,0.0,0.0,,1.0,0.0,1.0,0.07017543859649122,0.03571428571428572,0.19515669515669518
P099,doc_extractive,trophic_guild,,What does Superodontella feed on?,bacteria or bacterial feeding nematodes || bacteria || bacterial feeding nematodes,-1,PMC8328430,True,1.26,,,bacteria,pmc,,0,,0,0,1.082,False,0.0,0.0,0.0,0.0,0.0,,1.0,1.0,1.0,1.0,1.0,
P099,doc_generative,trophic_guild,,What does Superodontella feed on?,bacteria or bacterial feeding nematodes || bacteria || bacterial feeding nematodes,-1,PMC8328430,True,0.61,,,"Based on the provided documents, Superodontella sp.1 may feed on bacteria or bacterial feeding nematodes . This inference is drawn from the context indicating that certain Collembola species, including Superodontella sp.1, have associations with specific microbial communities.",pmc,,0,,0,0,0.433,False,0.0,0.0,0.0,0.0,0.0,,1.0,0.0,1.0,0.24390243902439027,0.23255813953488372,0.291005291005291
P100,doc_extractive,trophic_guild,,What does Tomocerus feed on?,"a variety of food materials including litter but also fungi and bacteria in the rhizosphere, algae as well as Nematoda || litter || fungi and bacteria || algae || Nematoda",-1,PMC5728517,True,1.34,,,mycorrhizal fungi,pmc,,0,,0,0,1.079,False,0.0,0.0,0.0,0.0,0.0,,1.0,0.0,0.0,0.4,0.4,
P100,doc_generative,trophic_guild,,What does Tomocerus feed on?,"a variety of food materials including litter but also fungi and bacteria in the rhizosphere, algae as well as Nematoda || litter || fungi and bacteria || algae || Nematoda",-1,PMC5728517,True,0.85,,,"Based on the provided documents, Tomocerus species have a varied diet, with some individuals feeding on mycorrhizal fungi, as indicated by the incorporation of root-derived carbon . Additionally, there is evidence suggesting that at least one species, T. aegrota, may also consume fungi . However, the specific dietary preferences across all Tomocerus species are not fully detailed in the given text.",pmc,,0,,0,0,0.67,False,0.0,0.0,0.0,0.0,0.0,,1.0,0.0,0.0,0.17721518987341772,0.15,0.38348612172141583
P101,doc_extractive,trophic_guild,,What does Willowsia feed on?,superficial molds and fine organic debris || molds || fine organic debris || fungivorous – detritivorous,-1,8514C9F3706553B4AB85FC8527576B70,True,1.22,,superficial molds and fine organic debris,superficial molds and fine organic debris,plazi,1,1,1,1,1,1.037,False,1.0,1.0,1.0,1.0,1.0,,1.0,1.0,1.0,1.0,1.0,
P101,doc_generative,trophic_guild,,What does Willowsia feed on?,superficial molds and fine organic debris || molds || fine organic debris || fungivorous – detritivorous,-1,8514C9F3706553B4AB85FC8527576B70,True,0.49,,"Based on the provided documents, Willowsia solanella feeds primarily on superficial molds and fine organic debris. It is described as a fungivorous detritivorous species .","Based on the provided documents, Willowsia solanella feeds primarily on superficial molds and fine organic debris. It is described as a fungivorous detritivorous species .",plazi,1,1,1,1,1,0.285,False,1.0,0.0,1.0,0.4,0.4,0.19886363636363635,1.0,0.0,1.0,0.4,0.4,0.19886363636363635
P102,doc_extractive,trophic_guild,,What does Xenylla feed on?,bacteria or bacterial feeding nematodes || bacteria || bacterial feeding nematodes,-1,PMC8328430,True,0.61,,,bacteria,pmc,,0,,0,0,0.375,False,0.0,0.0,0.0,0.0,0.0,,1.0,1.0,1.0,1.0,1.0,
P102,doc_generative,trophic_guild,,What does Xenylla feed on?,bacteria or bacterial feeding nematodes || bacteria || bacterial feeding nematodes,-1,PMC8328430,True,0.59,,,"Based on the provided documents, Xenylla sp.1 may feed on bacteria or bacterial feeding nematodes . This inference is drawn from the context indicating that certain Collembola species, including Xenylla sp.1, have associations with specific microbial communities.",pmc,,0,,0,0,0.415,False,0.0,0.0,0.0,0.0,0.0,,1.0,0.0,1.0,0.24390243902439027,0.23255813953488372,0.291005291005291
P001,e2e_sparse_extractive,trophic_guild,,What does Agrenia bidenticulata feed on?,the biofilm || biofilm,-1,,,4.6,,verlap’ with A. maculata,mosses saturated with water,pmc,3,0,,0,3,4.417,False,1.0,0.0,0.0,0.0,0.0,,1.0,0.0,0.0,0.0,0.0,
P002,e2e_sparse_extractive,trophic_guild,,What does Anurida maritima feed on?,"marine and terrestrial invertebrates, as well as marine macrophytes || marine and terrestrial invertebrates || invertebrates || marine macrophytes",-1,,,4.95,,Collembola,springtails,pmc,3,0,,0,3,4.763,False,1.0,0.0,0.0,0.0,0.0,,1.0,0.0,0.0,0.0,0.0,
P003,e2e_sparse_extractive,trophic_guild,,What does Archisotoma pulchella feed on?,diatoms,-1,,,5.22,,Symplocos fasciculata ( Symplocaceae ),diatoms,pmc,3,0,,0,3,4.938,False,1.0,0.0,0.0,0.0,0.0,,1.0,1.0,1.0,1.0,1.0,
P004,e2e_sparse_extractive,trophic_guild,,What does Archisotoma theae feed on?,first order predator lifestyle || first order predator || predator || trophic level III,-1,,,5.21,,Thea and Camellia,mites,pmc,3,0,,0,3,5.028,False,1.0,0.0,0.0,0.0,0.0,,1.0,0.0,0.0,0.0,0.0,
P005,e2e_sparse_extractive,trophic_guild,,What does Bourletiella hortensis feed on?,Tiny pioneer mosses || mosses,-1,,,5.15,,Smynthurus,collembola,pmc,3,0,,0,3,4.971,False,1.0,0.0,0.0,0.0,0.0,,1.0,0.0,0.0,0.0,0.0,
P006,e2e_sparse_extractive,trophic_guild,,What does Bourletiella hortensis feed on?,pepino || Solanum muricatum,-1,,,4.14,,Smynthurus,collembola,pmc,3,0,,0,3,3.954,False,1.0,0.0,0.0,0.0,0.0,,1.0,0.0,0.0,0.0,0.0,
P007,e2e_sparse_extractive,trophic_guild,,What does Ceratophysella denticulata feed on?,bacteria and fungi || bacteria || fungi || nematodes,-1,,,4.03,,Lentinus sp.,bacteria and fungi,pmc,3,0,,0,3,3.816,False,1.0,0.0,0.0,0.0,0.0,,1.0,1.0,1.0,1.0,1.0,
P008,e2e_sparse_extractive,trophic_guild,,What does Cryptopygus clavatus feed on?,algae || grazing on algae under water,-1,,,5.22,,particles suspended in water,algea,pmc,3,0,,0,3,4.963,False,1.0,0.0,0.0,0.22222222222222224,0.22222222222222224,,1.0,0.0,0.0,0.0,0.0,
P009,e2e_sparse_extractive,trophic_guild,,What does Desoria choi feed on?,a more microbial-based diet || litter resources || microbial,-1,,,5.27,,leaves and stems of host-plant,"microorganisms, microbial residues or other isotopic enriched resources",pmc,3,0,,0,3,5.091,False,1.0,0.0,0.0,0.0,0.0,,1.0,0.0,1.0,0.2222222222222222,0.2222222222222222,
P010,e2e_sparse_extractive,trophic_guild,,What does Desoria ruseki feed on?,corn litter || Mongolian oak litter || yeast,-1,,,4.66,,last claw,airborne prey,pmc,3,0,,0,3,4.439,False,1.0,0.0,0.0,0.0,0.0,,1.0,0.0,0.0,0.0,0.0,
P011,e2e_sparse_extractive,trophic_guild,,What does Entomobrya proxima feed on?,carrion,-1,,,5.32,,Salix sp.,"litter, fungi, pollen, algae, leaves, and roots",pmc,3,0,,0,3,5.135,False,1.0,0.0,0.0,0.0,0.0,,1.0,0.0,0.0,0.0,0.0,
P012,e2e_sparse_extractive,trophic_guild,,What does Entomobrya proxima feed on?,organic fertilizer,-1,,,4.4,,Salix sp.,"litter, fungi, pollen, algae, leaves, and roots",pmc,3,0,,0,3,4.186,False,1.0,0.0,0.0,0.0,0.0,,1.0,0.0,0.0,0.0,0.0,
P013,e2e_sparse_extractive,trophic_guild,,What does Folsomia candida feed on?,F. oxysporum mycelium || Fusarium oxysporum || mycelium,-1,,,3.78,,F. fimetaria,four maize materials,pmc,3,0,,0,3,3.6,False,1.0,0.0,0.0,0.4,0.4,,1.0,0.0,0.0,0.0,0.0,
P014,e2e_sparse_extractive,trophic_guild,,What does Folsomia candida feed on?,"F. verticillioides, F. graminearum, A. ochraceus, and A. nidulans || mycotoxin-producing fungi || fungi",-1,,,3.8,,F. fimetaria,four maize materials,pmc,3,0,,0,3,3.617,False,1.0,0.0,0.0,0.1818181818181818,0.1818181818181818,,1.0,0.0,0.0,0.0,0.0,
P015,e2e_sparse_extractive,trophic_guild,,What does Folsomia candida feed on?,vegetative hyphae and conidia || A. nidulans || hyphae,-1,,,3.89,,F. fimetaria,four maize materials,pmc,3,0,,0,3,3.621,False,1.0,0.0,0.0,0.0,0.0,,1.0,0.0,0.0,0.0,0.0,
P016,e2e_sparse_extractive,trophic_guild,,What does Folsomia candida feed on?,Phanerochaete velutina mycelial systems || Phanerochaete velutina || mycelial,-1,,,3.83,,F. fimetaria,four maize materials,pmc,3,0,,0,3,3.651,False,1.0,0.0,0.0,0.0,0.0,,1.0,0.0,0.0,0.0,0.0,
P017,e2e_sparse_extractive,trophic_guild,,What does Folsomia candida feed on?,the filamentous fungus Aspergillus nidulans || Aspergillus nidulans,-1,,,3.85,,F. fimetaria,four maize materials,pmc,3,0,,0,3,3.614,False,1.0,0.0,0.0,0.0,0.0,,1.0,0.0,0.0,0.0,0.0,
P018,e2e_sparse_extractive,trophic_guild,,What does Folsomia candida feed on?,S. perfoliatum litter || litter,-1,,,3.89,,F. fimetaria,four maize materials,pmc,3,0,,0,3,3.622,False,1.0,0.0,0.0,0.0,0.0,,1.0,0.0,0.0,0.0,0.0,
P019,e2e_sparse_extractive,trophic_guild,,What does Folsomia candida feed on?,the Streptomyces colonies || Streptomyces,-1,,,3.83,,F. fimetaria,four maize materials,pmc,3,0,,0,3,3.647,False,1.0,0.0,0.0,0.0,0.0,,1.0,0.0,0.0,0.0,0.0,
P020,e2e_sparse_extractive,trophic_guild,,What does Folsomia candida feed on?,black fungi,-1,,,3.81,,F. fimetaria,four maize materials,pmc,3,0,,0,3,3.624,False,1.0,0.0,0.0,0.0,0.0,,1.0,0.0,0.0,0.0,0.0,
P021,e2e_sparse_extractive,trophic_guild,,What does Folsomia candida feed on?,the external hyphae of AMF || hyphae of AMF || AMF,-1,,,3.93,,F. fimetaria,four maize materials,pmc,3,0,,0,3,3.673,False,1.0,0.0,0.0,0.0,0.0,,1.0,0.0,0.0,0.0,0.0,
P022,e2e_sparse_extractive,trophic_guild,,What does Folsomia candida feed on?,fungi growing on organic surfaces || fungi,-1,,,3.82,,F. fimetaria,four maize materials,pmc,3,0,,0,3,3.64,False,1.0,0.0,0.0,0.0,0.0,,1.0,0.0,0.0,0.0,0.0,
P023,e2e_sparse_extractive,trophic_guild,,What does Folsomia candida feed on?,seven saprophytic fungal species || saprophytic fungal species || fungi,-1,,,3.86,,F. fimetaria,four maize materials,pmc,3,0,,0,3,3.588,False,1.0,0.0,0.0,0.0,0.0,,1.0,0.0,0.0,0.0,0.0,
P024,e2e_sparse_extractive,trophic_guild,,What does Folsomia candida feed on?,T. virens || Trichoderma virens || T. virens Gv29.8,-1,,,3.79,,F. fimetaria,four maize materials,pmc,3,0,,0,3,3.61,False,1.0,0.0,0.0,0.0,0.0,,1.0,0.0,0.0,0.0,0.0,
P025,e2e_sparse_extractive,trophic_guild,,What does Folsomia candida feed on?,preferred fungal species || fungal species || fungi,-1,,,3.89,,F. fimetaria,four maize materials,pmc,3,0,,0,3,3.591,False,1.0,0.0,0.0,0.0,0.0,,1.0,0.0,0.0,0.0,0.0,
P026,e2e_sparse_extractive,trophic_guild,,What does Folsomia candida feed on?,fungi without chemical defenses || fungi without repellant crystalline structures || modified A. nidulans || fungi,-1,,,3.76,,F. fimetaria,four maize materials,pmc,3,0,,0,3,3.582,False,1.0,0.0,0.0,0.0,0.0,,1.0,0.0,0.0,0.0,0.0,
P027,e2e_sparse_extractive,trophic_guild,,What does Folsomia fimetaria feed on?,bacteria and protozoa || bacteria,-1,,,5.65,,surstylus,springtail,pmc,3,0,,0,3,5.396,False,1.0,0.0,0.0,0.0,0.0,,1.0,0.0,0.0,0.0,0.0,
P028,e2e_sparse_extractive,trophic_guild,,What does Folsomia fimetarioides feed on?,metal-tolerant fungi || fungi,-1,,,5.12,,forest litter,yeast,medline,3,0,,0,3,4.889,False,1.0,0.0,0.0,0.0,0.0,,1.0,0.0,0.0,0.0,0.0,
P029,e2e_sparse_extractive,trophic_guild,,What does Folsomia octoculata feed on?,root-derived carbon || mycorrhizal fungi,-1,,,5.07,,the blood of vertebrates,dead organic matter and soil microorganisms,pmc,2,0,,0,3,4.894,False,1.0,0.0,0.0,0.0,0.0,,1.0,0.0,0.0,0.0,0.0,
P030,e2e_sparse_extractive,trophic_guild,,What does Folsomia quadrioculata feed on?,litter,-1,,,5.68,,mosses,litter,pmc,3,0,,0,3,5.471,False,1.0,0.0,0.0,0.0,0.0,,1.0,1.0,1.0,1.0,1.0,
P031,e2e_sparse_extractive,trophic_guild,,What does Heteromurus nitidus feed on?,nematodes,-1,,,5.32,,cave,nematodes,pmc,2,0,,0,3,5.113,False,1.0,0.0,0.0,0.0,0.0,,1.0,1.0,1.0,1.0,1.0,
P032,e2e_sparse_extractive,trophic_guild,,What does Heteromurus nitidus feed on?,Zymoseptoria tritici || Z. tritici || fungal pathogen,-1,,,4.28,,cave,nematodes,pmc,2,0,,0,3,4.102,False,1.0,0.0,0.0,0.0,0.0,,1.0,0.0,0.0,0.0,0.0,
P033,e2e_sparse_extractive,trophic_guild,,What does Isotoma caerulea feed on?,plant litter and root exudates || plant litter || root exudates,-1,,,5.13,,Ludwigia,permafrost wetlands,pmc,3,0,,0,3,4.886,False,1.0,0.0,0.0,0.0,0.0,,1.0,0.0,0.0,0.0,0.0,
P034,e2e_sparse_extractive,trophic_guild,,What does Isotoma viridis feed on?,Fungal hyphae || Fungal spores || Diatom algae,-1,,,5.27,,"pine woodlands.
Isotoma viridis Bourlet, 1839 . One of the most common and polytopic species in the Holarctic",Collembola,pmc,3,0,,0,3,5.046,False,1.0,0.0,0.0,0.0,0.0,,1.0,0.0,0.0,0.0,0.0,
P035,e2e_sparse_extractive,trophic_guild,,What does Isotoma viridis feed on?,dead organic matter || microorganisms,-1,,,4.25,,"pine woodlands.
Isotoma viridis Bourlet, 1839 . One of the most common and polytopic species in the Holarctic",Collembola,pmc,3,0,,0,3,3.964,False,1.0,0.0,0.0,0.0,0.0,,1.0,0.0,0.0,0.0,0.0,
P036,e2e_sparse_extractive,trophic_guild,,What does Isotomiella minor feed on?,bacteria,-1,,,5.02,,a perennial pasture,bacteria,pmc,3,0,,0,3,4.821,False,1.0,0.0,0.0,0.0,0.0,,1.0,1.0,1.0,1.0,1.0,
P037,e2e_sparse_extractive,trophic_guild,,What does Isotomiella minor feed on?,fungi of different metal tolerance || fungi,-1,,,3.87,,a perennial pasture,bacteria,pmc,3,0,,0,3,3.687,False,1.0,0.0,0.0,0.0,0.0,,1.0,0.0,0.0,0.0,0.0,
P038,e2e_sparse_extractive,trophic_guild,,What does Isotomurus palustris feed on?,nematodes || nematode,-1,,,5.04,,water,nematode,pmc,3,0,,0,3,4.785,False,1.0,0.0,0.0,0.0,0.0,,1.0,1.0,1.0,1.0,1.0,
P039,e2e_sparse_extractive,trophic_guild,,What does Lepidocyrtus chorus feed on?,pollen || plant material || fungal hyphae,-1,,,5.23,,pollen grains,pollen grains,plazi,1,1,1,1,3,5.048,False,1.0,0.0,1.0,0.6666666666666666,0.6666666666666666,,1.0,0.0,1.0,0.6666666666666666,0.6666666666666666,
P040,e2e_sparse_extractive,trophic_guild,,What does Lepidocyrtus curvicollis feed on?,mycelium || fungi || fungivore,-1,,,5.32,,tergum,Entomobrya multifasciata,pmc,3,0,,0,3,5.091,False,1.0,0.0,0.0,0.0,0.0,,1.0,0.0,0.0,0.0,0.0,
P041,e2e_sparse_extractive,trophic_guild,,What does Lepidocyrtus cyaneus feed on?,fungivorous || fungi,-1,,,5.43,,Vertagopus cinereus Folsom 1924. – Lepidocyrtus cyaneus var. cinereus,Arable,pmc,3,0,,0,3,5.172,False,1.0,0.0,0.0,0.0,0.0,,1.0,0.0,0.0,0.0,0.0,
P042,e2e_sparse_extractive,trophic_guild,,What does Lepidocyrtus cyaneus feed on?,fungi || bacteria,-1,,,4.09,,Vertagopus cinereus Folsom 1924. – Lepidocyrtus cyaneus var. cinereus,Arable,pmc,3,0,,0,3,3.762,False,1.0,0.0,0.0,0.0,0.0,,1.0,0.0,0.0,0.0,0.0,
P043,e2e_sparse_extractive,trophic_guild,,What does Lepidocyrtus lignorum feed on?,Fungal hyphae || Fungal spores,-1,,,4.91,,Podura lignorum Fabricius,litter‐dwelling species of Entomobryidae,pmc,2,0,,0,3,4.645,False,1.0,0.0,0.0,0.0,0.0,,1.0,0.0,0.0,0.0,0.0,
P044,e2e_sparse_extractive,trophic_guild,,What does Lepidocyrtus violaceus feed on?,yeast,-1,,,5.16,,Podura violacea,Podura violacea,plazi,1,0,,0,3,4.98,False,1.0,0.0,0.0,0.0,0.0,,1.0,0.0,0.0,0.0,0.0,
P045,e2e_sparse_extractive,trophic_guild,,What does Mesaphorura krausbaueri feed on?,pathogenic fungi || fungi,-1,,,5.8,,James 1933,pathogenic fungi of millet and wheat kernels,pmc,3,0,,0,3,5.54,False,1.0,0.0,0.0,0.0,0.0,,1.0,0.0,1.0,0.4444444444444445,0.4444444444444445,
P046,e2e_sparse_extractive,trophic_guild,,What does Neanura muscorum feed on?,P. polycephalum slime mould || slime mould || slime mold,-1,,,5.31,,furca,bioluminescent springtail,pmc,3,0,,0,3,5.128,False,1.0,0.0,0.0,0.0,0.0,,1.0,0.0,0.0,0.0,0.0,
P047,e2e_sparse_extractive,trophic_guild,,What does Onychiurus armatus feed on?,fungi,-1,,,5.75,,eggs or young embryos,Collembola,pmc,3,0,,0,3,5.479,False,1.0,0.0,0.0,0.0,0.0,,1.0,0.0,0.0,0.0,0.0,
P048,e2e_sparse_extractive,trophic_guild,,What does Onychiurus armatus feed on?,Verticillium bulbillosum and Penicillium spinulosum || soil fungi || fungal biomass,-1,,,4.2,,eggs or young embryos,Collembola,pmc,3,0,,0,3,4.019,False,1.0,0.0,0.0,0.0,0.0,,1.0,0.0,0.0,0.0,0.0,
P049,e2e_sparse_extractive,trophic_guild,,What does Onychiurus armatus feed on?,the nematodes within the cysts || nematodes || Heterodera cruciferae,-1,,,4.3,,eggs or young embryos,Collembola,pmc,3,0,,0,3,4.065,False,1.0,0.0,0.0,0.0,0.0,,1.0,0.0,0.0,0.0,0.0,
P050,e2e_sparse_extractive,trophic_guild,,What does Onychiurus armatus feed on?,U. isabellina || Umbelopsis isabellina,-1,,,4.2,,eggs or young embryos,Collembola,pmc,3,0,,0,3,3.984,False,1.0,0.0,0.0,0.0,0.0,,1.0,0.0,0.0,0.0,0.0,
P051,e2e_sparse_extractive,trophic_guild,,What does Onychiurus fimatus feed on?,bacteria,-1,,,5.49,,Allonychiurus flavescens,prey that differ in ease of capture,medline,3,0,,0,3,5.308,False,1.0,0.0,0.0,0.0,0.0,,1.0,0.0,0.0,0.0,0.0,
P052,e2e_sparse_extractive,trophic_guild,,What does Onychiurus sinensis feed on?,Trichoderma polysporum,-1,,,5.46,,Camellia sinensis,Trichoderma polysporum,pmc,3,0,,0,3,5.183,False,1.0,0.0,0.0,0.0,0.0,,1.0,1.0,1.0,1.0,1.0,
P053,e2e_sparse_extractive,trophic_guild,,What does Orchesella cincta feed on?,algae,-1,,,4.81,,a reduced prothorax,litter material,pmc,3,0,,0,3,4.528,False,1.0,0.0,0.0,0.0,0.0,,1.0,0.0,0.0,0.0,0.0,
P054,e2e_sparse_extractive,trophic_guild,,What does Orchesella cincta feed on?,C. cladosporioides || Cladosporium cladosporioides,-1,,,3.69,,a reduced prothorax,litter material,pmc,3,0,,0,3,3.512,False,1.0,0.0,0.0,0.0,0.0,,1.0,0.0,0.0,0.0,0.0,
P055,e2e_sparse_extractive,trophic_guild,,What does Orchesella cincta feed on?,plants and algae || algae,-1,,,3.78,,a reduced prothorax,litter material,pmc,3,0,,0,3,3.545,False,1.0,0.0,0.0,0.0,0.0,,1.0,0.0,0.0,0.0,0.0,
P056,e2e_sparse_extractive,trophic_guild,,What does Orchesella flavescens feed on?,plant particles || plant-synthesised FAs and plant particles || plant material,-1,,,5.27,,pelagic organisms,surface‐dwelling species of Entomobryidae,pmc,2,0,,0,3,5.093,False,1.0,0.0,0.0,0.0,0.0,,1.0,0.0,0.0,0.0,0.0,
P057,e2e_sparse_extractive,trophic_guild,,What does Orchesella villosa feed on?,wheat plants || primary decomposers || plant material || plant-derived resources,-1,,,5.08,,Podura villosa,amorphous organic matter,pmc,3,0,,0,3,4.895,False,1.0,0.0,0.0,0.0,0.0,,1.0,0.0,0.0,0.0,0.0,
P058,e2e_sparse_extractive,trophic_guild,,What does Parisotoma notabilis feed on?,microorganisms associated with roots || microorganisms,-1,,,5.0,,creeping plants,decomposing litter and soil,pmc,3,0,,0,3,4.819,False,1.0,0.0,0.0,0.0,0.0,,1.0,0.0,0.0,0.0,0.0,
P059,e2e_sparse_extractive,trophic_guild,,What does Prabhergia mana feed on?,fungi,-1,,,1.44,,clay soil,clay soil,pmc,3,1,1,1,2,1.236,False,1.0,0.0,0.0,0.0,0.0,,1.0,0.0,0.0,0.0,0.0,
P060,e2e_sparse_extractive,trophic_guild,,What does Proisotoma minuta feed on?,mycophagous || mycelia || fungi,-1,,,4.81,,Pigmentation grey,PDA plugs,pmc,3,0,,0,3,4.609,False,1.0,0.0,0.0,0.0,0.0,,1.0,0.0,0.0,0.0,0.0,
P061,e2e_sparse_extractive,trophic_guild,,What does Proisotoma minuta feed on?,Rhizoctonia solani || mycophagous || fungi,-1,,,3.75,,Pigmentation grey,PDA plugs,pmc,3,0,,0,3,3.569,False,1.0,0.0,0.0,0.0,0.0,,1.0,0.0,0.0,0.0,0.0,
P062,e2e_sparse_extractive,trophic_guild,,What does Proisotoma minuta feed on?,fungivorous || fungi,-1,,,3.76,,Pigmentation grey,PDA plugs,pmc,3,0,,0,3,3.581,False,1.0,0.0,0.0,0.0,0.0,,1.0,0.0,0.0,0.0,0.0,
P063,e2e_sparse_extractive,trophic_guild,,What does Protaphorura armata feed on?,saprophytic fungal species || fungi,-1,,,5.09,,moss,Springtail,pmc,3,0,,0,3,4.821,False,1.0,0.0,0.0,0.0,0.0,,1.0,0.0,0.0,0.0,0.0,
P064,e2e_sparse_extractive,trophic_guild,,What does Protaphorura armata feed on?,Trichoderma sp. || Trichoderma,-1,,,4.05,,moss,Springtail,pmc,3,0,,0,3,3.868,False,1.0,0.0,0.0,0.0,0.0,,1.0,0.0,0.0,0.0,0.0,
P065,e2e_sparse_extractive,trophic_guild,,What does Protaphorura armata feed on?,Fusarium species || Fusarium,-1,,,4.09,,moss,Springtail,pmc,3,0,,0,3,3.909,False,1.0,0.0,0.0,0.0,0.0,,1.0,0.0,0.0,0.0,0.0,
P066,e2e_sparse_extractive,trophic_guild,,What does Protaphorura fimata feed on?,seeds and germinating seedlings of lettuce || seeds || seedlings,-1,,,5.48,,moss,roots,pmc,3,0,,0,3,5.24,False,1.0,0.0,0.0,0.0,0.0,,1.0,0.0,0.0,0.0,0.0,
P067,e2e_sparse_extractive,trophic_guild,,What does Protaphorura fimata feed on?,roots,-1,,,4.38,,moss,roots,pmc,3,0,,0,3,4.185,False,1.0,0.0,0.0,0.0,0.0,,1.0,1.0,1.0,1.0,1.0,
P068,e2e_sparse_extractive,trophic_guild,,What does Protaphorura fimata feed on?,the fungus Agrocybe gibberosa || Agrocybe gibberosa || fungus,-1,,,4.31,,moss,roots,pmc,3,0,,0,3,4.129,False,1.0,0.0,0.0,0.0,0.0,,1.0,0.0,0.0,0.0,0.0,
P069,e2e_sparse_extractive,trophic_guild,,What does Protaphorura fimata feed on?,fine roots of Zea mays || fine roots || litter resources,-1,,,4.42,,moss,roots,pmc,3,0,,0,3,4.164,False,1.0,0.0,0.0,0.0,0.0,,1.0,0.0,0.0,0.6666666666666666,0.6666666666666666,
P070,e2e_sparse_extractive,trophic_guild,,What does Protaphorura fimata feed on?,the fungal diet || fungal,-1,,,4.38,,moss,roots,pmc,3,0,,0,3,4.202,False,1.0,0.0,0.0,0.0,0.0,,1.0,0.0,0.0,0.0,0.0,
P071,e2e_sparse_extractive,trophic_guild,,What does Sinella curviseta feed on?,nematodes || entomopathogenic nematodes,-1,,,5.16,,coral,"fungi, bacteria, algae, and actinomycetes",pmc,3,0,,0,3,4.984,False,1.0,0.0,0.0,0.0,0.0,,1.0,0.0,0.0,0.0,0.0,
P072,e2e_sparse_extractive,trophic_guild,,What does Sinella curviseta feed on?,fungivorous || fungi,-1,,,4.15,,coral,"fungi, bacteria, algae, and actinomycetes",pmc,3,0,,0,3,3.971,False,1.0,0.0,0.0,0.0,0.0,,1.0,0.0,1.0,0.33333333333333337,0.33333333333333337,
P073,e2e_sparse_extractive,trophic_guild,,What does Stenaphorura denisi feed on?,microorganisms associated with roots || microorganisms,-1,,,4.51,,pine litter,"plant species richness (Δ15N values); means ± 1 SE
Changes in the incorporation of 15N into (a) Tectocepheus velatus sarekensis, (b) Stenaphorura denisi, (c) Lepidocyrtus cyaneus, and (d) Isotoma viridis with time plant functional group richness (Δ15N values); means ± 1 SE
The presence of legumes generally did not affect Δ15N values of any of the studied mesofauna species. By contrast, the presence of grasses significantly affected Δ15N values in Ceratophysella sp. and T. velatus sarekensis, but the effect varied with time (Figure 7a,b). In Ceratophysella sp., Δ15N values strongly increased in the presence of grasses, in particular at days 5 and 15. By contrast, in T. velatus sarekensis, Δ15N values decreased in the presence of grasses, with the effect being most pronounced at days 15 and 30.
Changes in the incorporation of 15N into (a) Tectocepheus velatus sarekensis and (b) Ceratophysella sp. with time and presence of grasses (Δ15N values); means ± 1 SE
DISCUSSION
Soil microorganisms are one of the main food resources of soil animals",pmc,2,0,,0,3,4.324,False,1.0,0.0,0.0,0.0,0.0,,1.0,0.0,1.0,0.023255813953488372,0.011976047904191616,
P074,e2e_sparse_extractive,trophic_guild,,What does Tetrodontophora bielanensis feed on?,a large spectrum of fungi || fungi,-1,,,3.14,,jumping,giant springtail,pmc,3,0,,0,1,2.961,False,1.0,0.0,0.0,0.0,0.0,,1.0,0.0,0.0,0.0,0.0,
P075,e2e_sparse_extractive,trophic_guild,,What does Thalassaphorura debilis feed on?,marine C4 plants/algae || C3 plant carbon || algae,-1,,,5.17,,flood debris,arthropod,pmc,3,0,,0,3,4.995,False,1.0,0.0,0.0,0.0,0.0,,1.0,0.0,0.0,0.0,0.0,
P076,e2e_sparse_extractive,trophic_guild,,What does Tomocerina varia feed on?,litter,-1,,,5.02,,Epoecophyte,litter,pmc,3,0,,0,3,4.808,False,1.0,0.0,0.0,0.0,0.0,,1.0,1.0,1.0,1.0,1.0,
P077,e2e_sparse_extractive,trophic_guild,,What does Tomocerus flavescens feed on?,algae,-1,,,5.73,,pelagic organisms,litter,pmc,3,0,,0,3,5.442,False,1.0,0.0,0.0,0.0,0.0,,1.0,0.0,0.0,0.0,0.0,
P078,e2e_sparse_extractive,trophic_guild,,What does Tomocerus laxalamella feed on?,litter,-1,,,1.84,,,litter,pmc,,0,,0,0,1.565,False,0.0,0.0,0.0,0.0,0.0,,1.0,1.0,1.0,1.0,1.0,
P079,e2e_sparse_extractive,trophic_guild,,What does Tomocerus minor feed on?,fresh plant litter || plant litter,-1,,,5.02,,Macrotoma,Forest Chamberlain and Black,pmc,3,0,,0,3,4.742,False,1.0,0.0,0.0,0.0,0.0,,1.0,0.0,0.0,0.0,0.0,
P080,e2e_sparse_extractive,trophic_guild,,What does Vertagopus pseudocinereus feed on?,the yeast Rhodotorula glutinis || Rhodotorula glutinis || yeast,-1,,,5.46,,cinerea,green and newly fallen leaves,medline,2,0,,0,3,5.278,False,1.0,0.0,0.0,0.0,0.0,,1.0,0.0,0.0,0.0,0.0,
P081,e2e_sparse_extractive,trophic_guild,,What does Vertagopus sarekensis feed on?,algae and microorganisms found on mosses || algae,-1,,,4.98,,fecal pellets,algae and microorganisms found on mosses,pmc,3,0,,0,3,4.708,False,1.0,0.0,0.0,0.0,0.0,,1.0,1.0,1.0,1.0,1.0,
P082,e2e_sparse_extractive,trophic_guild,,What does Agrenia feed on?,this biofilm || biofilm || diatoms,-1,,,4.89,,snow,snow or ice,pmc,3,0,,0,3,4.713,False,1.0,0.0,0.0,0.0,0.0,,1.0,0.0,0.0,0.0,0.0,
P083,e2e_sparse_extractive,trophic_guild,,What does Bourletiella feed on?,herbivorous || herbivore,-1,,,4.8,,Bourletiella hortensis,dead organic matter,pmc,2,0,,0,3,4.595,False,1.0,0.0,0.0,0.0,0.0,,1.0,0.0,0.0,0.0,0.0,
P084,e2e_sparse_extractive,trophic_guild,,What does Crossodonthina feed on?,slime mold || slime molds,-1,,,5.19,,bamboo,slime mold,pmc,3,0,,0,3,5.011,False,1.0,0.0,0.0,0.0,0.0,,1.0,1.0,1.0,1.0,1.0,
P085,e2e_sparse_extractive,trophic_guild,,What does Desoria feed on?,this biofilm || biofilm || diatoms,-1,,,4.47,,Isotoma,snow or ice,pmc,3,0,,0,3,4.115,False,1.0,0.0,0.0,0.0,0.0,,1.0,0.0,0.0,0.0,0.0,
P086,e2e_sparse_extractive,trophic_guild,,What does Entomobrya feed on?,litter and its associated fungi and bacteria || litter || fungi and bacteria,-1,,,5.32,,moss,dead organic matter,pmc,3,0,,0,3,4.953,False,1.0,0.0,0.0,0.0,0.0,,1.0,0.0,0.0,0.0,0.0,
P087,e2e_sparse_extractive,trophic_guild,,What does Entomobrya feed on?,litter material and the adhering fungi and bacteria || litter material || fungi and bacteria,-1,,,4.03,,moss,dead organic matter,pmc,3,0,,0,3,3.855,False,1.0,0.0,0.0,0.0,0.0,,1.0,0.0,0.0,0.0,0.0,
P088,e2e_sparse_extractive,trophic_guild,,What does Folsomia feed on?,litter material and the adhering fungi and bacteria || litter material || fungi and bacteria,-1,,,5.64,,forest litter,glucose,pmc,3,0,,0,3,5.422,False,1.0,0.0,0.0,0.5,0.5,,1.0,0.0,0.0,0.0,0.0,
P089,e2e_sparse_extractive,trophic_guild,,What does Isotomiella feed on?,fungivores || fungi,-1,,,5.06,,Rain forest litter,soil microorganisms and dead organic matter,pmc,3,0,,0,3,4.881,False,1.0,0.0,0.0,0.0,0.0,,1.0,0.0,0.0,0.0,0.0,
P090,e2e_sparse_extractive,trophic_guild,,What does Isotomiella feed on?,microbivores || microbial,-1,,,4.18,,Rain forest litter,soil microorganisms and dead organic matter,pmc,3,0,,0,3,3.939,False,1.0,0.0,0.0,0.0,0.0,,1.0,0.0,0.0,0.0,0.0,
P091,e2e_sparse_extractive,trophic_guild,,What does Lepidocyrtus feed on?,pollen,-1,,,5.2,,wind-borne pollen,fungal species,pmc,2,1,1,1,3,5.02,False,1.0,0.0,1.0,0.6666666666666666,0.5,,1.0,0.0,0.0,0.0,0.0,
P092,e2e_sparse_extractive,trophic_guild,,What does Onychiurus feed on?,decomposers || first trophic level,-1,,,5.26,,rotten wood,Collembola,pmc,3,0,,0,3,5.016,False,1.0,0.0,0.0,0.0,0.0,,1.0,0.0,0.0,0.0,0.0,
P093,e2e_sparse_extractive,trophic_guild,,What does Orchesella feed on?,the alga Pleurococcus || Pleurococcus || Desmococcus || alga,-1,,,5.12,,"Orchesella zebra Guthrie 1903. – Orchesella zebra Guthrie, 1903: 61
BC Marshall et al. 1990; Skidmore 1995; Cannings 2010
General distribution: Nearctic.
Unplaceable records of Orchesella sp.:
AB Powell & Skaley 1975
MB Mills & Sinha 1971; Aitchison 1979, 1984, 1984c
ON Martin 1965 as O. pallens Maynard",litter material,pmc,3,0,,0,3,4.889,False,1.0,0.0,0.0,0.0,0.0,,1.0,0.0,0.0,0.0,0.0,
P094,e2e_sparse_extractive,trophic_guild,,What does Orchesella feed on?,litter material and the adhering fungi and bacteria || litter material || fungi and bacteria,-1,,,4.0,,"Orchesella zebra Guthrie 1903. – Orchesella zebra Guthrie, 1903: 61
BC Marshall et al. 1990; Skidmore 1995; Cannings 2010
General distribution: Nearctic.
Unplaceable records of Orchesella sp.:
AB Powell & Skaley 1975
MB Mills & Sinha 1971; Aitchison 1979, 1984, 1984c
ON Martin 1965 as O. pallens Maynard",litter material,pmc,3,0,,0,3,3.818,False,1.0,0.0,0.0,0.0,0.0,,1.0,1.0,1.0,1.0,1.0,
P095,e2e_sparse_extractive,trophic_guild,,What does Proisotoma feed on?,litter and some fungi || litter || fungi,-1,,,4.81,,Appendisotoma vesiculata,dead organic matter,pmc,3,0,,0,3,4.428,False,1.0,0.0,0.0,0.0,0.0,,1.0,0.0,0.0,0.0,0.0,
P096,e2e_sparse_extractive,trophic_guild,,What does Protaphorura feed on?,fungi || fungi-synthesised FAs and fungi in the gut,-1,,,5.35,,leave litter,nematodes,pmc,3,0,,0,3,5.165,False,1.0,0.0,0.0,0.0,0.0,,1.0,0.0,0.0,0.0,0.0,
P097,e2e_sparse_extractive,trophic_guild,,What does Pseudosinella feed on?,fungivores || fungi,-1,,,5.92,,wet dead wood,nematodes,pmc,2,0,,0,3,5.682,False,1.0,0.0,0.0,0.0,0.0,,1.0,0.0,0.0,0.0,0.0,
P098,e2e_sparse_extractive,trophic_guild,,What does Pseudosinella feed on?,predator or scavenger || predator || scavenger || microbivores,-1,,,3.99,,wet dead wood,nematodes,pmc,2,0,,0,3,3.783,False,1.0,0.0,0.0,0.0,0.0,,1.0,0.0,0.0,0.0,0.0,
P099,e2e_sparse_extractive,trophic_guild,,What does Superodontella feed on?,bacteria or bacterial feeding nematodes || bacteria || bacterial feeding nematodes,-1,,,4.83,,beech forest on soil,"cornifer
Mills",pmc,2,0,,0,3,4.554,False,1.0,0.0,0.0,0.0,0.0,,1.0,0.0,0.0,0.0,0.0,
P100,e2e_sparse_extractive,trophic_guild,,What does Tomocerus feed on?,"a variety of food materials including litter but also fungi and bacteria in the rhizosphere, algae as well as Nematoda || litter || fungi and bacteria || algae || Nematoda",-1,,,6.02,,"pale body colour, moderately long antennae and full set of 6+6 eyes",mycorrhizal fungi,pmc,3,0,,0,3,5.809,False,1.0,0.0,0.0,0.13333333333333333,0.125,,1.0,0.0,0.0,0.4,0.4,
P101,e2e_sparse_extractive,trophic_guild,,What does Willowsia feed on?,superficial molds and fine organic debris || molds || fine organic debris || fungivorous – detritivorous,-1,,,5.07,,"Willowsia Shoebotham 1917. Willowsia was previously recovered as a monophyletic taxon based on morphological data (Zhang et al. 2011), although this was hypothesized through an analysis using a single (and likely inappropriate) outgroup, Americabrya arida (Christiansen & Bellinger, 1980) . However our results, based on molecular data, corroborate previous studies on Willowsia polyphyly, as well as the nonexistence of Willowsiinae (Zhang et al. 2014, 2015, 2016, 2017; Katz et al. 2015b; Zhang & Deharveng 2015; Ding et al. 2019; Cipola & Katz 2021).
Regarding our tree, the large clade gathering the 12 Willowsia sampled taxa mixed with other Entomobryinae genera was recovered as the sister group of Neotropical scaled Entomobryinae",detritus and associated microorganisms,pmc,3,0,,0,3,4.805,False,1.0,0.0,0.0,0.017857142857142856,0.017857142857142856,,1.0,0.0,0.0,0.2,0.2,
P102,e2e_sparse_extractive,trophic_guild,,What does Xenylla feed on?,bacteria or bacterial feeding nematodes || bacteria || bacterial feeding nematodes,-1,,,4.68,,particles suspended in water,algae and diatoms,pmc,3,0,,0,3,4.497,False,1.0,0.0,0.0,0.0,0.0,,1.0,0.0,0.0,0.0,0.0,
P001,e2e_sparse_generative,trophic_guild,,What does Agrenia bidenticulata feed on?,the biofilm || biofilm,-1,,,2.04,,"Based on the provided documents, there is no direct information about the diet of *Agrenia bidenticulata*. However, given its habitat in moist environments like tundra and near water bodies, it might feed on small aquatic or terrestrial organisms typical of such habitats. Further research would be needed to determine its specific food sources , .","Based on the provided documents, Agrenia bidenticulata feeds on biofilms containing terrestrial diatoms, which are consumed through ingestion of the slimy biofilm produced on moist surfaces of sand and silt . Additionally, it is noted as a bryophile species inhabiting mosses saturated with water, suggesting a diet that may include organic matter associated with mosses .",pmc,3,0,,0,2,1.864,False,0.0,0.0,0.0,0.03636363636363636,0.03636363636363636,0.30186480186480186,1.0,0.0,1.0,0.07142857142857142,0.07142857142857142,0.3441666666666667
P002,e2e_sparse_generative,trophic_guild,,What does Anurida maritima feed on?,"marine and terrestrial invertebrates, as well as marine macrophytes || marine and terrestrial invertebrates || invertebrates || marine macrophytes",-1,,,2.03,,"Based on the provided documents, *Anurida maritima* feeds on Collembola such as itself, mites, and Thysanura, and possibly also consumes algae . This indicates that *Anurida maritima* has a diet that includes both animal and plant matter, suggesting it may be omnivorous.","Based on the provided documents, Anurida maritima feeds on fine substrates such as algae and suspended sediments of the surface . This feeding behavior occurs during low tide when the species inhabits tidal zones .",pmc,3,0,,0,1,1.798,False,1.0,0.0,0.0,0.08,0.04444444444444444,0.19375,1.0,0.0,0.0,0.09523809523809523,0.054054054054054064,0.3153846153846154
P003,e2e_sparse_generative,trophic_guild,,What does Archisotoma pulchella feed on?,diatoms,-1,,,2.36,,"Based on the provided documents, Archisotoma pulchella feeds on the flowers of Buddleja sp. (Scrophulariaceae), Coffea sp. (Rubiaceae), and Hibiscus sp. (Malvaceae) in India . Additionally, it may also feed on other plants such as Cratoxylum formosum (Hypericaceae), Lagerstroemia cf. floribunda (Lythraceae), and Xylia xylocarpa (Fabaceae) depending on the region .","Based on the provided documents, Archisotoma pulchella prefers to feed on diatoms . This dietary preference is specifically noted in the context of salt marsh soil mesofauna food webs .",pmc,3,0,,0,2,2.159,False,1.0,0.0,0.0,0.0,0.0,0.8055555555555556,1.0,0.0,1.0,0.0689655172413793,0.0689655172413793,0.45535714285714285
P004,e2e_sparse_generative,trophic_guild,,What does Archisotoma theae feed on?,first order predator lifestyle || first order predator || predator || trophic level III,-1,,,2.05,,"Based on the provided documents, there is no specific information about what *Archisotoma theae* feeds on. The documents mention *Archisotoma catiae* and *Archisotoma jariani*, but not *Archisotoma theae*. Therefore, the feeding habits of *Archisotoma theae* cannot be determined from the given sources.","Based on the provided documents, 15N values indicate that Archisotoma theae occupies trophic level III, suggesting it is a first-order predator. However, the specific diet of Archisotoma theae is not explicitly mentioned in the given sources . Further research would be needed to identify its exact prey items.",pmc,3,0,,0,1,1.842,False,1.0,0.0,0.0,0.0,0.0,0.2481962481962482,1.0,0.0,1.0,0.12,0.11764705882352941,0.20530303030303032
P005,e2e_sparse_generative,trophic_guild,,What does Bourletiella hortensis feed on?,Tiny pioneer mosses || mosses,-1,,,2.36,,"Based on the provided documents, there is no direct information indicating what Bourletiella hortensis feeds on. The sources describe morphological features and distribution of Bourletiella species, but do not mention dietary habits . For feeding ecology, additional studies would be required.","Based on the provided documents, Bourletiella hortensis feeds primarily on mosses, including nutrient-rich diaspore bulbils, and occasionally on other organic matter such as fungal hyphae and detritus. It is also noted as a moss-eater and can be considered a specialist in this regard . Additionally, it serves as prey for certain arthropods like the trap-jaw spider Pararchaea alba .",pmc,3,0,,0,4,2.179,False,0.0,0.0,0.0,0.0,0.0,0.3390151515151515,1.0,0.0,1.0,0.034482758620689655,0.03278688524590164,0.40909090909090906
P006,e2e_sparse_generative,trophic_guild,,What does Bourletiella hortensis feed on?,pepino || Solanum muricatum,-1,,,1.8,,"Based on the provided documents, there is no direct information indicating what Bourletiella hortensis feeds on. The sources describe morphological features and distribution of Bourletiella species, but do not mention dietary habits . For feeding ecology, additional studies would be required.","Based on the provided documents, Bourletiella hortensis feeds on mosses and is considered a moss-eater, specifically noted as a specialist among the pioneers. It also consumes other organic matter such as fungal hyphae and may include detrital material . Additionally, it serves as prey for certain arthropods like the trap-jaw spider Pararchaea alba .",pmc,3,0,,0,4,1.624,False,0.0,0.0,0.0,0.0,0.0,0.3390151515151515,1.0,0.0,0.0,0.0,0.0,0.3851851851851852
P007,e2e_sparse_generative,trophic_guild,,What does Ceratophysella denticulata feed on?,bacteria and fungi || bacteria || fungi || nematodes,-1,,,1.81,,"Based on the provided documents, there is no specific information regarding the diet or feeding habits of *Ceratophysella denticulata*. The sources primarily focus on taxonomic descriptions, geographical distribution, and morphological characteristics rather than ecological interactions or dietary preferences .","Based on the provided documents, Ceratophysella denticulata feeds on bacteria and fungi, but it is presumed to also consume other soil animals such as nematodes .",pmc,3,0,,0,2,1.629,False,1.0,0.0,0.0,0.048780487804878044,0.048780487804878044,0.2575187969924812,1.0,0.0,1.0,0.21428571428571425,0.21428571428571425,0.2
P008,e2e_sparse_generative,trophic_guild,,What does Cryptopygus clavatus feed on?,algae || grazing on algae under water,-1,,,1.91,,"Based on the provided documents, there is no specific information about what *Cryptopygus clavatus* feeds on. The sources mention various species within the family Pyrrhocoridae, such as *Pyrops clavatus*, but do not provide dietary details for *Cryptopygus clavatus*. Therefore, the feeding habits of *Cryptopygus clavatus* cannot be determined from the given sources .","Based on the provided documents, Cryptopygus clavatus feeds on algae while submerged during the summer months . This feeding behavior is observed when the species spends the summer underwater, grazing on algae .",pmc,3,0,,0,2,1.618,False,0.0,0.0,0.0,0.03508771929824562,0.03508771929824562,0.30952380952380953,1.0,0.0,1.0,0.16666666666666666,0.16666666666666666,0.5515151515151515
P009,e2e_sparse_generative,trophic_guild,,What does Desoria choi feed on?,a more microbial-based diet || litter resources || microbial,-1,,,2.48,,"Based on the provided documents, there is no direct mention of what *Desoria choi* feeds on. However, related species such as *Laciniodes denigrata* are noted to feed on plants within the Rosaceae family, specifically *Prunus subgen. Cerasus*. Since *Desoria choi* is not explicitly discussed in the given texts, further research would be needed to determine its diet .","Based on the provided documents, $Desoria\ choi$ feeds on organic matter found in soils and litter, which has a high carbon-to-nitrogen (C/N) ratio and reflects low-quality organic material . Additionally, it is noted that this species, along with others like $Koreanurina\ alba$, is abundant in high-altitude environments where they utilize the available organic resources .",pmc,3,0,,0,1,2.303,False,1.0,0.0,0.0,0.03278688524590164,0.06451612903225806,0.3242424242424242,1.0,0.0,0.0,0.07272727272727272,0.06666666666666667,0.288695652173913
P010,e2e_sparse_generative,trophic_guild,,What does Desoria ruseki feed on?,corn litter || Mongolian oak litter || yeast,-1,,,2.43,,"Based on the provided documents, there is no direct information about the diet of *Desoria ruseki*. The texts discuss taxonomic classifications, morphological characteristics, and synonyms of various springtail species, including *Desoria ruseki*, but do not mention feeding habits . Further research would be needed to determine its dietary preferences.","Based on the provided documents, Desoria ruseki is described as a cold-adapted Collembola species that was fed with three different food resources in an experiment, indicating its role as a generalist feeder . Additionally, it is noted that springtails, including those similar to Desoria ruseki, consume a wide range of resources such as litter, microorganisms, and even animal prey . However, the specific dietary preferences of Desoria ruseki itself are not explicitly detailed in the given sources.",pmc,3,0,,0,1,2.225,False,0.0,0.0,0.0,0.0,0.0,0.3090909090909091,1.0,0.0,0.0,0.025974025974025976,0.025641025641025637,0.6161666945980672
P011,e2e_sparse_generative,trophic_guild,,What does Entomobrya proxima feed on?,carrion,-1,,,2.66,,"Based on the provided documents, there is no direct mention of what *Entomobrya proxima* feeds on. However, related species such as *Cephaloleia proxima* are noted to feed on *Heliconia sp.* (Heliconiaceae) . For *Sena cuneata*, larvae feed on *Prosopis stephaniana* (Fabaceae) and *Calotropis procera* (Asclepiadaceae) . Since these are different genera and families, it cannot be concluded that *Entomobrya proxima* shares the same food source without further evidence.","Based on the provided documents, *Entomobrya proxima* feeds on a variety of organic materials, including litter, fungi, pollen, algae, leaves, and roots . It also exhibits scavenging behavior, utilizing carcasses of other soil organisms as a food source . The species demonstrates adaptability in its diet, reflecting its role as a generalist feeder in soil ecosystems.",pmc,3,0,,0,2,2.472,False,1.0,0.0,0.0,0.0,0.0,0.30419580419580416,1.0,0.0,0.0,0.0,0.0,0.40522875816993464
P012,e2e_sparse_generative,trophic_guild,,What does Entomobrya proxima feed on?,organic fertilizer,-1,,,2.46,,"Based on the provided documents, there is no direct mention of what *Entomobrya proxima* feeds on. However, related species such as *Cephaloleia proxima* are noted to feed on *Heliconia sp.* (Heliconiaceae) . For *Sena cuneata*, larvae feed on *Prosopis stephaniana* (Fabaceae) and *Calotropis procera* (Asclepiadaceae) . Since these are different genera and families, it cannot be concluded that *Entomobrya proxima* shares the same food source without further specific evidence.","Based on the provided documents, *Entomobrya proxima* feeds on a variety of organic materials, including litter, fungi, pollen, algae, leaves, and roots . It also exhibits scavenging behavior, utilizing carcasses of other soil organisms as a food source . The species demonstrates adaptability in its diet, reflecting its role as a generalist feeder in soil ecosystems.",pmc,3,0,,0,2,2.196,False,1.0,0.0,0.0,0.0,0.0,0.302713590757069,1.0,0.0,0.0,0.03571428571428571,0.03571428571428571,0.40522875816993464
P013,e2e_sparse_generative,trophic_guild,,What does Folsomia candida feed on?,F. oxysporum mycelium || Fusarium oxysporum || mycelium,-1,,,2.92,,"Based on the provided documents, there is no specific information about the diet of *Folsomia candida*. The sources discuss aspects such as morphology, distribution, and physiological responses like nitrogen excretion, but none detail feeding habits . Further research would be needed to determine their dietary preferences.","Based on the provided documents, Folsomia candida feeds on fungal biomass, including specific fungal species such as *Trichoderma* spp. and *Fusarium oxysporum*, as well as pigmented fungi like those producing bis-naphthopyrones. It also consumes dry yeast amended with certain compounds and dried baker's yeast . Additionally, it can feed on black stain-associated pigmented fungi found in environments like Lascaux Cave .",pmc,3,0,,0,5,2.66,False,1.0,0.0,0.0,0.0,0.0,0.3712918660287081,1.0,0.0,1.0,0.06557377049180328,0.0625,0.5152014652014653
P014,e2e_sparse_generative,trophic_guild,,What does Folsomia candida feed on?,"F. verticillioides, F. graminearum, A. ochraceus, and A. nidulans || mycotoxin-producing fungi || fungi",-1,,,2.87,,"Based on the provided documents, there is no specific information about the diet of *Folsomia candida*. The sources discuss aspects such as morphology, distribution, and physiological responses like nitrogen excretion, but none mention feeding habits . Further research would be needed to determine their dietary preferences.","Based on the provided documents, Folsomia candida feeds on fungal biomass, including specific fungal species like *Trichoderma* spp. and *Fusarium oxysporum*, as well as pigmented fungi such as those producing bis-naphthopyrones. It also consumes dry yeast amended with certain compounds like viomellein or xanthomegnin, and dried baker's yeast . Additionally, it can thrive on black stain formations, potentially assimilating pigmented fungi found in such environments .",pmc,3,0,,0,5,2.536,False,1.0,0.0,0.0,0.037037037037037035,0.037037037037037035,0.3712918660287081,1.0,0.0,1.0,0.03076923076923077,0.057971014492753624,0.5154835972850679
P015,e2e_sparse_generative,trophic_guild,,What does Folsomia candida feed on?,vegetative hyphae and conidia || A. nidulans || hyphae,-1,,,2.78,,"Based on the provided documents, there is no specific information about the diet of *Folsomia candida*. The sources discuss aspects such as morphology, distribution, and physiological responses like nitrogen excretion, but none mention feeding habits . Further research would be needed to determine their dietary preferences.","Based on the provided documents, Folsomia candida feeds on fungal biomass, including specific fungal species like *Trichoderma* spp. and *Fusarium oxysporum*, as well as pigmented fungi such as those producing bis-naphthopyrones. It also consumes dry yeast amended with certain compounds like viomellein or xanthomegnin, and dried baker's yeast . Additionally, it can thrive on black stains in cave environments, potentially feeding on pigmented fungi associated with these stains .",pmc,3,0,,0,5,2.545,False,1.0,0.0,0.0,0.04081632653061225,0.04081632653061225,0.3712918660287081,1.0,0.0,0.0,0.028169014084507043,0.0273972602739726,0.5771612288640152
P016,e2e_sparse_generative,trophic_guild,,What does Folsomia candida feed on?,Phanerochaete velutina mycelial systems || Phanerochaete velutina || mycelial,-1,,,2.85,,"Based on the provided documents, there is no specific information about the diet of *Folsomia candida*. The sources discuss aspects such as morphology, distribution, and physiological responses like nitrogen excretion, but none mention feeding habits . Further research would be needed to determine their dietary preferences.","Based on the provided documents, Folsomia candida feeds on fungal biomass, including specific fungal species like *Trichoderma* spp. and *Fusarium oxysporum*, as well as pigmented fungi such as those producing bis-naphthopyrones. It also consumes dry yeast amended with certain compounds like viomellein or xanthomegnin, and dried baker's yeast . Additionally, it can thrive on black stains, potentially feeding on pigmented fungi associated with these stains .",pmc,3,0,,0,5,2.472,False,1.0,0.0,0.0,0.0,0.0,0.3712918660287081,1.0,0.0,0.0,0.0,0.0,0.5779835972850679
P017,e2e_sparse_generative,trophic_guild,,What does Folsomia candida feed on?,the filamentous fungus Aspergillus nidulans || Aspergillus nidulans,-1,,,2.87,,"Based on the provided documents, there is no specific information about the diet of *Folsomia candida*. The sources discuss aspects such as morphology, distribution, and physiological responses like nitrogen excretion, but none mention feeding habits . Further research would be needed to determine their dietary preferences.","Based on the provided documents, Folsomia candida feeds on fungal biomass, including specific fungal species like *Trichoderma* spp. and *Fusarium oxysporum*, as well as pigmented fungi such as those producing bis-naphthopyrones. It also consumes dry yeast amended with certain compounds like viomellein or xanthomegnin, and dried baker's yeast ,,. Additionally, it can thrive on black stain formations, potentially feeding on pigmented fungi associated with these stains .",pmc,3,0,,0,5,2.528,False,1.0,0.0,0.0,0.039999999999999994,0.039999999999999994,0.3712918660287081,1.0,0.0,0.0,0.028571428571428574,0.02777777777777778,0.5678733031674208
P018,e2e_sparse_generative,trophic_guild,,What does Folsomia candida feed on?,S. perfoliatum litter || litter,-1,,,2.34,,"Based on the provided documents, there is no specific information about the diet of *Folsomia candida*. The sources discuss aspects such as morphology, distribution, and physiological responses like nitrogen excretion, but none mention feeding habits . Further research would be needed to determine their dietary preferences.","Based on the provided documents, Folsomia candida feeds on fungal biomass, including specific fungal species like *Trichoderma* spp. and *Fusarium oxysporum*, as well as pigmented fungi such as those producing bis-naphthopyrones. It also consumes dry yeast amended with certain compounds like viomellein or xanthomegnin, and dried baker's yeast . Additionally, it can thrive on black stains in cave environments, potentially feeding on pigmented fungi associated with these stains .",pmc,3,0,,0,5,2.165,False,1.0,0.0,0.0,0.0,0.0,0.3712918660287081,1.0,0.0,0.0,0.0,0.027777777777777776,0.5771612288640152
P019,e2e_sparse_generative,trophic_guild,,What does Folsomia candida feed on?,the Streptomyces colonies || Streptomyces,-1,,,2.87,,"Based on the provided documents, there is no specific information about the diet of *Folsomia candida*. The sources discuss aspects such as morphology, distribution, and physiological responses like nitrogen excretion, but none detail feeding habits . Further research would be needed to determine their dietary preferences.","Based on the provided documents, Folsomia candida feeds on fungal biomass, including specific fungal species like *Trichoderma* spp. and *Fusarium oxysporum*, as well as pigmented fungi such as those producing bis-naphthopyrones. It also consumes dry yeast amended with certain compounds like viomellein or xanthomegnin, and dried baker's yeast ,,. Additionally, it can thrive on black stains associated with pigmented fungi in cave environments .",pmc,3,0,,0,5,2.447,False,1.0,0.0,0.0,0.04166666666666667,0.04166666666666667,0.3712918660287081,1.0,0.0,0.0,0.03076923076923077,0.029850746268656716,0.5668228829993536
P020,e2e_sparse_generative,trophic_guild,,What does Folsomia candida feed on?,black fungi,-1,,,2.78,,"Based on the provided documents, there is no specific information about the diet of *Folsomia candida*. The sources discuss aspects such as morphology, distribution, and physiological responses like nitrogen excretion, but none detail feeding habits . Further research would be needed to determine their dietary preferences.","Based on the provided documents, Folsomia candida feeds on fungal biomass, including specific fungal species like *Trichoderma* spp. and *Fusarium oxysporum*, as well as pigmented fungi such as those producing bis-naphthopyrones. It also consumes dry yeast amended with certain compounds like viomellein or xanthomegnin, and dried baker's yeast ,,. Additionally, it can thrive on black stain formations, potentially feeding on pigmented fungi associated with these stains .",pmc,3,0,,0,5,2.52,False,1.0,0.0,0.0,0.0,0.0,0.3712918660287081,1.0,0.0,0.0,0.059701492537313446,0.05797101449275362,0.5678733031674208
P021,e2e_sparse_generative,trophic_guild,,What does Folsomia candida feed on?,the external hyphae of AMF || hyphae of AMF || AMF,-1,,,2.3,,"Based on the provided documents, there is no specific information about the diet of *Folsomia candida*. The sources discuss aspects such as morphology, distribution, and physiological responses like nitrogen excretion, but none mention feeding habits . Further research would be needed to determine their dietary preferences.","Based on the provided documents, Folsomia candida feeds on fungal biomass, including specific fungal species like *Trichoderma* spp. and *Fusarium oxysporum*, as well as pigmented fungi such as those producing bis-naphthopyrones. It also consumes dry yeast amended with certain compounds like viomellein or xanthomegnin, and dried baker's yeast . Additionally, it can thrive on black stains, potentially feeding on pigmented fungi associated with these stains .",pmc,3,0,,0,5,2.116,False,1.0,0.0,0.0,0.07999999999999999,0.07999999999999999,0.3712918660287081,1.0,0.0,0.0,0.028985507246376812,0.028169014084507046,0.5779835972850679
P022,e2e_sparse_generative,trophic_guild,,What does Folsomia candida feed on?,fungi growing on organic surfaces || fungi,-1,,,2.68,,"Based on the provided documents, there is no specific information about the diet of *Folsomia candida*. The sources discuss aspects such as morphology, distribution, and physiological responses like nitrogen excretion, but none detail feeding habits . Further research would be needed to determine their dietary preferences.","Based on the provided documents, Folsomia candida feeds on fungal biomass, including specific fungal species like *Trichoderma* spp. and *Fusarium oxysporum*, as well as pigmented fungi such as those producing bis-naphthopyrones. It also consumes dry yeast amended with certain compounds like viomellein or xanthomegnin, and dried baker's yeast ,,. Additionally, it can thrive on black stains associated with pigmented fungi in cave environments .",pmc,3,0,,0,5,2.447,False,1.0,0.0,0.0,0.039999999999999994,0.039999999999999994,0.3712918660287081,1.0,0.0,1.0,0.05970149253731343,0.057971014492753624,0.5668228829993536
P023,e2e_sparse_generative,trophic_guild,,What does Folsomia candida feed on?,seven saprophytic fungal species || saprophytic fungal species || fungi,-1,,,2.8,,"Based on the provided documents, there is no specific information about the diet of *Folsomia candida*. The sources discuss aspects such as morphology, distribution, and physiological responses like nitrogen excretion, but none mention feeding habits . Further research would be needed to determine their dietary preferences.","Based on the provided documents, Folsomia candida feeds on fungal biomass, including specific fungal species like *Trichoderma* spp. and *Fusarium oxysporum*, as well as pigmented fungi such as those producing bis-naphthopyrones. It also consumes dry yeast amended with certain compounds like viomellein or xanthomegnin, and dried baker's yeast . Additionally, it can thrive on black stains in cave environments, potentially feeding on pigmented fungi associated with these stains .",pmc,3,0,,0,5,2.496,False,1.0,0.0,0.0,0.0,0.0,0.3712918660287081,1.0,0.0,1.0,0.05714285714285715,0.05555555555555555,0.5771612288640152
P024,e2e_sparse_generative,trophic_guild,,What does Folsomia candida feed on?,T. virens || Trichoderma virens || T. virens Gv29.8,-1,,,2.87,,"Based on the provided documents, there is no specific information about the diet of *Folsomia candida*. The sources discuss aspects such as morphology, distribution, and physiological responses like nitrogen excretion, but none mention feeding habits . Further research would be needed to determine their dietary preferences.","Based on the provided documents, Folsomia candida feeds on fungal biomass, including specific fungal species like *Trichoderma* spp. and *Fusarium oxysporum*, as well as pigmented fungi such as those producing bis-naphthopyrones. It also consumes dry yeast amended with certain compounds like viomellein or xanthomegnin, and dried baker's yeast ,,. Additionally, it can thrive on black stains, potentially assimilating pigmented fungi found in such environments .",pmc,3,0,,0,5,2.528,False,1.0,0.0,0.0,0.0,0.0,0.3712918660287081,1.0,0.0,0.0,0.03076923076923077,0.029850746268656723,0.5227752639517346
P025,e2e_sparse_generative,trophic_guild,,What does Folsomia candida feed on?,preferred fungal species || fungal species || fungi,-1,,,2.74,,"Based on the provided documents, there is no specific information about the diet of *Folsomia candida*. The sources discuss aspects such as morphology, distribution, and physiological responses like nitrogen excretion, but none detail feeding habits . Further research would be needed to determine their dietary preferences.","Based on the provided documents, Folsomia candida feeds on fungal biomass, including specific fungal species like *Trichoderma* spp. and *Fusarium oxysporum*, as well as pigmented fungi such as those producing bis-naphthopyrones. It also consumes dry yeast amended with certain compounds like viomellein or xanthomegnin, and dried baker's yeast . Additionally, it can thrive on black stains in cave environments, potentially feeding on pigmented fungi associated with these stains .",pmc,3,0,,0,5,2.503,False,1.0,0.0,0.0,0.0,0.0,0.3712918660287081,1.0,0.0,1.0,0.05797101449275362,0.05633802816901409,0.5771612288640152
P026,e2e_sparse_generative,trophic_guild,,What does Folsomia candida feed on?,fungi without chemical defenses || fungi without repellant crystalline structures || modified A. nidulans || fungi,-1,,,2.83,,"Based on the provided documents, there is no specific information about the diet of *Folsomia candida*. The sources discuss aspects such as morphology, distribution, and physiological responses like nitrogen excretion, but none mention feeding habits . Further research would be needed to determine their dietary preferences.","Based on the provided documents, Folsomia candida feeds on fungal biomass, including specific fungal species like *Trichoderma* spp. and *Fusarium oxysporum*, as well as pigmented fungi such as those producing bis-naphthopyrones. It also consumes dry yeast amended with certain compounds like viomellein or xanthomegnin, and dried baker's yeast . Additionally, it can thrive on black stains in cave environments, potentially feeding on pigmented fungi associated with these stains .",pmc,3,0,,0,5,2.536,False,1.0,0.0,0.0,0.0,0.0,0.3712918660287081,1.0,0.0,1.0,0.029411764705882353,0.02857142857142857,0.5771612288640152
P027,e2e_sparse_generative,trophic_guild,,What does Folsomia fimetaria feed on?,bacteria and protozoa || bacteria,-1,,,2.46,,"Based on the provided documents, there is no specific information about the diet of *Folsomia fimetaria*. The sources discuss its taxonomy, geographic distribution, and physiological responses to environmental factors such as temperature, but do not mention feeding habits ,,. Further research would be needed to determine its dietary preferences.","Based on the provided documents, Folsomia fimetaria is noted to feed on fungi, specifically showing a preference for *Alternaria alternata* over *Fusarium oxysporum*, and generally avoiding *Trichoderma viride* . Additionally, it is mentioned that these springtails may consume organic matter in soil, which can include decomposing plant material and other detritus . No direct mention of specific food sources beyond fungi and organic matter is provided in the given texts.",pmc,3,0,,0,3,2.256,False,1.0,0.0,0.0,0.0392156862745098,0.0392156862745098,0.33939393939393936,1.0,0.0,0.0,0.028169014084507043,0.028169014084507043,0.2896354852876592
P028,e2e_sparse_generative,trophic_guild,,What does Folsomia fimetarioides feed on?,metal-tolerant fungi || fungi,-1,,,2.57,,"Based on the provided documents, there is no direct information about the diet of *Folsomia fimetarioides*. However, it is noted that *Gabrius instrigatus* may belong to the *G. fimetarioides* group, and species within this group are typically detritivores, feeding on organic matter such as decaying plant material and fungal hyphae . Therefore, it is likely that *Folsomia fimetarioides* has a similar dietary habit.","Based on the provided documents, Folsomia fimetarioides feeds on metal-tolerant fungi and avoids polluted substrates . There is no direct mention of its diet beyond this context.",medline,3,0,,0,1,2.391,False,0.0,0.0,0.0,0.0,0.0,0.10984848484848485,1.0,0.0,1.0,0.14285714285714288,0.19999999999999998,0.34545454545454546
P029,e2e_sparse_generative,trophic_guild,,What does Folsomia octoculata feed on?,root-derived carbon || mycorrhizal fungi,-1,,,2.34,,"Based on the provided documents, Folsomia octoculata is not mentioned as feeding on any specific food source. However, related species such as Erpobdella octoculata are described as inhabiting various types of water bodies but no specific diet is detailed in the given texts . Therefore, there is insufficient information to determine what Folsomia octoculata feeds on.","Based on the provided documents, Folsomia octoculata feeds on microorganisms, microbial residues, or other isotopically enriched resources, especially at higher elevations . This dietary preference is linked to changes in trophic niche positioning with elevation .",pmc,2,0,,0,2,2.122,False,0.0,0.0,0.0,0.0,0.0,0.31837606837606836,1.0,0.0,0.0,0.0,0.0,0.3245192307692308
P030,e2e_sparse_generative,trophic_guild,,What does Folsomia quadrioculata feed on?,litter,-1,,,2.15,,"Based on the provided documents, there is no specific information about the diet of *Folsomia quadrioculata*. The sources describe morphological characteristics, distribution, and ecological preferences but do not mention feeding habits . Further research would be needed to determine its food source.","Based on the provided documents, Folsomia quadrioculata is described as a typical primary decomposer that feeds predominantly on litter . This indicates that its diet consists mainly of organic matter derived from dead plants and other detrital material.",pmc,3,0,,0,4,1.886,False,1.0,0.0,0.0,0.0,0.0,0.304040404040404,1.0,0.0,1.0,0.052631578947368425,0.052631578947368425,0.18253968253968253
P031,e2e_sparse_generative,trophic_guild,,What does Heteromurus nitidus feed on?,nematodes,-1,,,2.42,,"Based on the provided documents, there is no explicit information regarding the diet of *Heteromurus nitidus*. The sources mention its ecological context and distribution but do not specify feeding habits . Further research would be needed to determine its dietary preferences.","Based on the provided documents, *Heteromurus nitidus* feeds on organic material in soil and forms horizontal burrows . It is also noted to potentially feed on nematodes , and it has been observed to exhibit avoidance behavior toward certain fungi like *Trichoderma*, suggesting possible interactions with these organisms . Additionally, it is described as a flexible forager capable of consuming fungal hyphae, bacteria, or detritus depending on resource availability .",pmc,2,0,,0,2,2.131,False,1.0,0.0,0.0,0.0,0.0,0.2532467532467532,1.0,0.0,1.0,0.02985074626865672,0.02985074626865672,0.42049808429118773
P032,e2e_sparse_generative,trophic_guild,,What does Heteromurus nitidus feed on?,Zymoseptoria tritici || Z. tritici || fungal pathogen,-1,,,1.99,,"Based on the provided documents, there is no explicit information regarding the diet of *Heteromurus nitidus*. The texts mention its ecological context and distribution but do not specify feeding habits . Further research would be needed to determine its dietary preferences.","Based on the provided documents, *Heteromurus nitidus* feeds on organic material in soil and can also consume fungal hyphae, bacteria, or detritus depending on resource availability . It has been noted to potentially feed on nematodes as well . Additionally, it exhibits avoidance behavior toward certain fungi like *Trichoderma*, suggesting these may not be part of its regular diet .",pmc,2,0,,0,2,1.735,False,1.0,0.0,0.0,0.0,0.0,0.2532467532467532,1.0,0.0,0.0,0.033898305084745756,0.033898305084745756,0.31406926406926405
P033,e2e_sparse_generative,trophic_guild,,What does Isotoma caerulea feed on?,plant litter and root exudates || plant litter || root exudates,-1,,,2.21,,"Based on the provided documents, Isotoma caerulea is not mentioned. However, there is mention of ""S. caerulea"" which refers to Shairella caerulea, whose adults were observed feeding on leaves of Hemiboea bicornuta . There is no direct information about Isotoma caerulea's diet in the given sources.","Based on the provided documents, Isotoma caerulea is noted to have a diet that includes older plant material and microorganisms, particularly in the context of its trophic niche adjustments under different environmental conditions such as drought and farming systems . Additionally, it is mentioned as a generalist species capable of adjusting its food choices depending on availability, similar to other Collembola like Isotoma viridis . These findings suggest that Isotoma caerulea's diet can vary, incorporating both plant-derived materials and microbial resources.",pmc,3,0,,0,1,2.028,False,0.0,0.0,0.0,0.0,0.0,0.057291666666666664,1.0,0.0,0.0,0.047619047619047616,0.046511627906976744,0.3929738562091503
P034,e2e_sparse_generative,trophic_guild,,What does Isotoma viridis feed on?,Fungal hyphae || Fungal spores || Diatom algae,-1,,,2.91,,"Based on the provided documents, there is no specific information regarding the diet or feeding habits of *Isotoma viridis*. The sources primarily discuss taxonomy, distribution, and morphological characteristics of *Isotoma* species, including *I. viridis*, but do not mention their food sources . Further research would be needed to determine its dietary preferences.","Based on the provided documents, *Isotoma viridis* exhibits a flexible diet that varies depending on the age of the substrate. On young substrates (3-year-old ground), it primarily consumes mineral particles, while on older substrates (30–40 years old), it ingests fungal hyphae and spores. On even older substrates (63 years old), it becomes a typical fungal feeder . Additionally, its dietary preferences can be influenced by surrounding vegetation; for instance, in the presence of grasses, its nitrogen isotopic signature changes, suggesting shifts in nutrient intake .",pmc,3,0,,0,5,2.646,False,1.0,0.0,0.0,0.0,0.0,0.3196428571428571,1.0,0.0,1.0,0.047058823529411764,0.04545454545454545,0.2969837730707296
P035,e2e_sparse_generative,trophic_guild,,What does Isotoma viridis feed on?,dead organic matter || microorganisms,-1,,,2.35,,"Based on the provided documents, there is no specific information regarding the diet or feeding habits of *Isotoma viridis*. The sources primarily discuss taxonomic details, distribution, and morphological characteristics of *Isotoma* species, including *I. viridis*, but do not mention their food sources . Further research would be needed to determine its dietary preferences.","Based on the provided documents, *Isotoma viridis* exhibits a flexible diet that varies depending on the age of the substrate. On three-year-old ground, it primarily consumes mineral particles, while on 30–40-year-old ground, it ingests fungal hyphae and spores. On 63-year-old ground, it becomes a typical fungal feeder . Additionally, its dietary preferences can be influenced by plant community composition, though specific details about its feeding habits under different conditions are limited in the given sources.",pmc,3,0,,0,5,2.129,False,1.0,0.0,0.0,0.0,0.0,0.3125,1.0,0.0,0.0,0.0,0.0,0.2898148148148148
P036,e2e_sparse_generative,trophic_guild,,What does Isotomiella minor feed on?,bacteria,-1,,,1.88,,"Based on the provided documents, there is no specific information regarding the diet or feeding habits of *Isotomiella minor*. The sources discuss its geographic distribution, taxonomic classification, and ecological presence but do not mention its food source . Further research would be needed to determine its dietary preferences.","Based on the provided documents, there is no explicit mention of what Isotomiella minor feeds on. However, it is noted that Ceratophysella denticulata feeds on organic matter in the soil . For Isotomiella minor, further research would be required to determine its specific dietary preferences.",pmc,3,0,,0,5,1.704,False,1.0,0.0,0.0,0.0,0.0,0.3074074074074074,1.0,0.0,0.0,0.0,0.0,0.19696969696969696
P037,e2e_sparse_generative,trophic_guild,,What does Isotomiella minor feed on?,fungi of different metal tolerance || fungi,-1,,,1.72,,"Based on the provided documents, there is no specific information regarding the diet or feeding habits of *Isotomiella minor*. The sources discuss its geographic distribution, taxonomic classification, and ecological presence but do not mention its food source . Further research would be needed to determine its dietary preferences.","Based on the provided documents, there is no explicit mention of what Isotomiella minor feeds on. However, it is noted that Isotomiella minor is an euedaphic species, meaning it inhabits deeper soil layers, which suggests it may feed on organic matter or microorganisms present in the soil . Further research would be required to determine its specific diet.",pmc,3,0,,0,5,1.541,False,1.0,0.0,0.0,0.03846153846153846,0.03846153846153846,0.3074074074074074,1.0,0.0,0.0,0.03225806451612903,0.03225806451612903,0.17223851417399805
P038,e2e_sparse_generative,trophic_guild,,What does Isotomurus palustris feed on?,nematodes || nematode,-1,,,2.34,,"Based on the provided documents, there is no specific information regarding the diet or feeding habits of *Isotomurus palustris*. The available sources describe its taxonomy, geographic distribution, and habitat preferences but do not mention its food source . Further research would be needed to determine its dietary characteristics.","Based on the provided documents, *Isotomurus palustris* feeds on nematodes, specifically the cysts of *Heterodera cruciferae*, as it perforates these cysts and consumes the nematodes within . Additionally, it is noted to be an epineustic species that inhabits moist environments, suggesting a diet possibly including organic matter and other small organisms found in such habitats .",pmc,3,0,,0,4,2.122,False,1.0,0.0,0.0,0.0,0.0,0.1841269841269841,1.0,0.0,1.0,0.03636363636363636,0.03636363636363636,0.30952380952380953
P039,e2e_sparse_generative,trophic_guild,,What does Lepidocyrtus chorus feed on?,pollen || plant material || fungal hyphae,-1,,,2.6,,"Based on the provided documents, Lepidocyrtus chorus sp. nov. feeds exclusively on pollen grains during the bloom of certain plants and may also feed opportunistically during other seasons . The mandibular molar plate of L. chorus is adapted for digesting pollen grains, as evidenced by broken walls of some pollen grains found in its gut .","Based on the provided documents, Lepidocyrtus chorus sp. nov. feeds exclusively on pollen grains during the bloom of certain plants and may also feed opportunistically during other seasons . The mandibular molar plate of L. chorus is adapted for digesting pollen grains, as evidenced by broken walls of some pollen grains found in its gut .",plazi,1,1,1,1,1,2.422,False,1.0,0.0,1.0,0.03636363636363636,0.03636363636363636,0.4359649122807018,1.0,0.0,1.0,0.03636363636363636,0.03636363636363636,0.4359649122807018
P040,e2e_sparse_generative,trophic_guild,,What does Lepidocyrtus curvicollis feed on?,mycelium || fungi || fungivore,-1,,,2.12,,"Based on the provided documents, there is no specific information regarding the diet or feeding habits of *Lepidocyrtus curvicollis*. The sources primarily discuss taxonomic classifications, geographic distributions, and morphological characteristics rather than ecological interactions or dietary preferences. Therefore, the feeding habits of *Lepidocyrtus curvicollis* cannot be determined from the given data.","Based on the provided documents, Lepidocyrtus curvicollis is a fungivorous microarthropod that feeds primarily on fungal material. It consumes significant amounts of mycelium, although the palatability varies among different fungal resources . Specific dietary preferences within fungi are not detailed in the given sources.",pmc,3,0,,0,1,1.938,False,1.0,0.0,0.0,0.0,0.0,0.18518518518518517,1.0,0.0,1.0,0.04545454545454545,0.04545454545454545,0.32142857142857145
P041,e2e_sparse_generative,trophic_guild,,What does Lepidocyrtus cyaneus feed on?,fungivorous || fungi,-1,,,2.45,,"Based on the provided documents, there is no specific information regarding the diet or feeding habits of *Lepidocyrtus cyaneus*. The sources describe taxonomic details, geographic distribution, and morphological characteristics but do not mention dietary preferences . Further research would be needed to determine its food source.","Based on the provided documents, there is no direct information specifying the diet of *Lepidocyrtus cyaneus*. However, it is mentioned in several contexts related to soil ecosystems, suggesting its role within the soil food web . These references imply that *Lepidocyrtus cyaneus* likely feeds on organic matter and microorganisms in the soil, which is typical for many collembolans. Further specific dietary studies would be needed to confirm this hypothesis.",pmc,3,0,,0,4,2.173,False,1.0,0.0,0.0,0.0,0.0,0.2244047619047619,0.0,0.0,0.0,0.0,0.0,0.37380382775119614
P042,e2e_sparse_generative,trophic_guild,,What does Lepidocyrtus cyaneus feed on?,fungi || bacteria,-1,,,2.05,,"Based on the provided documents, there is no specific information regarding the diet or feeding habits of *Lepidocyrtus cyaneus*. The sources describe taxonomic details, geographic distribution, and morphological characteristics but do not mention dietary preferences . Further research would be needed to determine its food source.","Based on the provided documents, there is no direct information specifying the diet of *Lepidocyrtus cyaneus*. However, it is mentioned in several contexts related to soil ecosystems, suggesting its role within the soil food web . These references imply that *Lepidocyrtus cyaneus* likely feeds on organic matter or microorganisms in the soil, which is typical for many collembolans. Further specific dietary studies would be needed to confirm this hypothesis.",pmc,3,0,,0,4,1.833,False,1.0,0.0,0.0,0.0,0.0,0.2244047619047619,0.0,0.0,0.0,0.0,0.0,0.3624401913875598
P043,e2e_sparse_generative,trophic_guild,,What does Lepidocyrtus lignorum feed on?,Fungal hyphae || Fungal spores,-1,,,2.46,,"Based on the provided documents, there is no specific information regarding the diet of *Lepidocyrtus lignorum*. The sources describe taxonomic details, morphological characteristics, and phylogenetic relationships within the genus *Lepidocyrtus*, but none mention feeding habits or food sources . Further research would be needed to determine the ecological niche and dietary preferences of this species.","Based on the provided documents, Lepidocyrtus lignorum primarily feeds on fungi. It exhibits high trehalase activity and low cellulase and chitinase activity, indicating a preference for fungal resources . Additionally, it transitions from consuming mineral particles and biofilms on younger soils to becoming a typical fungal feeder on older soils .",pmc,2,0,,0,5,2.195,False,1.0,0.0,0.0,0.0,0.0,0.38825757575757575,1.0,0.0,0.0,0.039215686274509796,0.039215686274509796,0.19374416433239963
P044,e2e_sparse_generative,trophic_guild,,What does Lepidocyrtus violaceus feed on?,yeast,-1,,,2.46,,"Based on the provided documents, there is no specific information about the feeding habits of *Lepidocyrtus violaceus*. The sources discuss taxonomic classifications, morphological characteristics, and distributions of various *Lepidocyrtus* species, but none mention their diet or feeding behavior . Further research would be needed to determine the ecological niche and dietary preferences of this species.","Based on the provided documents, there is no specific information about the feeding habits of *Lepidocyrtus violaceus*. The sources discuss taxonomic classifications, morphological characteristics, and distributions of various *Lepidocyrtus* species, but none mention their diet or feeding behavior . Further research would be needed to determine the ecological niche and dietary preferences of this species.",plazi,1,0,,0,5,2.183,False,1.0,0.0,0.0,0.0,0.0,0.3382936507936508,1.0,0.0,0.0,0.0,0.0,0.3382936507936508
P045,e2e_sparse_generative,trophic_guild,,What does Mesaphorura krausbaueri feed on?,pathogenic fungi || fungi,-1,,,2.25,,"Based on the provided documents, there is no specific information regarding the diet of *Mesaphorura krausbaueri*. The sources mention the presence of this species in certain habitats but do not provide details about its feeding habits . Further research would be needed to determine its dietary preferences.","Based on the provided documents, there is no direct information about the diet of *Mesaphorura krausbaueri*. However, it is mentioned as part of the soil mesofauna in salt marsh ecosystems . These organisms typically play roles in decomposition and nutrient cycling, suggesting that *M. krausbaueri* may feed on detritus or microorganisms in its environment. Further specific dietary studies would be required to confirm this hypothesis.",pmc,3,0,,0,1,1.986,False,0.0,0.0,0.0,0.0,0.0,0.046969696969696974,0.0,0.0,0.0,0.0,0.0,0.27596403596403596
P046,e2e_sparse_generative,trophic_guild,,What does Neanura muscorum feed on?,P. polycephalum slime mould || slime mould || slime mold,-1,,,2.05,,"Based on the provided documents, there is no specific information regarding the diet or feeding habits of *Neanura muscorum*. The sources primarily discuss its taxonomy, morphology, and geographic distribution , but do not mention its food source. Further research would be needed to determine what *Neanura muscorum* feeds on.","Based on the provided documents, there is no specific information regarding the diet of Neanura muscorum. The sources mention its ecological roles and responses to environmental factors but do not detail its feeding habits . Further research would be required to determine its dietary preferences.",pmc,3,0,,0,1,1.746,False,1.0,0.0,0.0,0.0,0.0,0.26517273576097106,1.0,0.0,0.0,0.0,0.0,0.23164983164983163
P047,e2e_sparse_generative,trophic_guild,,What does Onychiurus armatus feed on?,fungi,-1,,,2.46,,"Based on the provided documents, there is no specific information regarding the diet of *Onychiurus armatus*. The text mentions that *Onychiurus armatus* has been noted in certain ecological contexts, such as being associated with alpine environments , but details about its feeding habits are not specified. Further research would be needed to determine its dietary preferences.","Based on the provided documents, *Onychiurus armatus* feeds on various fungi, including *Rhizoctonia solani*, *Metapochonia bulbillosa*, *Penicillium spinulosum*, and *Umbelopsis isabellina*. It also perforates the cysts of the nematode *Heterodera cruciferae* and consumes the nematodes within , , .",pmc,3,0,,0,1,2.232,False,0.0,0.0,0.0,0.0,0.0,0.22351097178683385,1.0,0.0,1.0,0.05405405405405406,0.05405405405405406,0.325
P048,e2e_sparse_generative,trophic_guild,,What does Onychiurus armatus feed on?,Verticillium bulbillosum and Penicillium spinulosum || soil fungi || fungal biomass,-1,,,1.82,,"Based on the provided documents, there is no specific information regarding the diet of *Onychiurus armatus*. The text mentions that *Onychiurus armatus* has been noted in certain ecological contexts, such as being associated with alpine environments , but details about its feeding habits are not specified. Further research would be needed to determine its dietary preferences.","Based on the provided documents, *Onychiurus armatus* feeds on various fungi, including *Rhizoctonia solani*, *Metapochonia bulbillosa*, *Penicillium spinulosum*, and *Umbelopsis isabellina*. It also consumes nematodes found inside cysts of *Heterodera cruciferae* , , .",pmc,3,0,,0,1,1.643,False,0.0,0.0,0.0,0.0,0.0,0.22351097178683385,1.0,0.0,0.0,0.16666666666666666,0.1111111111111111,0.225
P049,e2e_sparse_generative,trophic_guild,,What does Onychiurus armatus feed on?,the nematodes within the cysts || nematodes || Heterodera cruciferae,-1,,,1.86,,"Based on the provided documents, there is no specific information regarding the diet of *Onychiurus armatus*. The text mentions that *Onychiurus armatus* has been noted in certain ecological contexts, such as being associated with alpine environments, but details about its feeding habits are not specified . Further research would be needed to determine its dietary preferences.","Based on the provided documents, *Onychiurus armatus* feeds on various fungi, including *Rhizoctonia solani*, *Metapochonia bulbillosa*, *Penicillium spinulosum*, and *Umbelopsis isabellina*. It also consumes nematodes found within cysts of *Heterodera cruciferae* , , .",pmc,3,0,,0,1,1.652,False,0.0,0.0,0.0,0.06666666666666667,0.06666666666666667,0.22351097178683385,1.0,0.0,1.0,0.2222222222222222,0.2222222222222222,0.225
P050,e2e_sparse_generative,trophic_guild,,What does Onychiurus armatus feed on?,U. isabellina || Umbelopsis isabellina,-1,,,2.46,,"Based on the provided documents, there is no specific information regarding the diet of *Onychiurus armatus*. The text mentions that *Onychiurus armatus* has been noted in certain ecological contexts, such as being associated with alpine environments , but details about its feeding habits are not specified. Further research would be needed to determine its dietary preferences.","Based on the provided documents, *Onychiurus armatus* feeds on various fungi, including *Trichoderma harzianum*, *Metapochonia bulbillosa*, *Penicillium spinulosum*, and *Umbelopsis isabellina*. It also consumes nematodes found inside cysts of *Heterodera cruciferae* , , . Additionally, it avoids aggregating on *Tricholoma matsutake* fruiting bodies due to repellent compounds like 1-octen-3-ol and methyl cinnamate .",pmc,3,0,,0,1,2.21,False,0.0,0.0,0.0,0.0,0.0,0.22351097178683385,1.0,0.0,1.0,0.07843137254901959,0.07407407407407407,0.3768518518518519
P051,e2e_sparse_generative,trophic_guild,,What does Onychiurus fimatus feed on?,bacteria,-1,,,1.94,,"Based on the provided documents, there is no specific information regarding the diet of *Onychiurus fimatus*. The sources discuss taxonomic details and morphological characteristics of various springtail species but do not mention feeding habits .","Based on the provided documents, Onychiurus fimatus feeds on bacterial strains, specifically plasmid-bearing, luciferase marker gene tagged bacteria, as studied in microcosm experiments where these bacteria were fed to young adult specimens . There is no direct mention of its dietary preferences beyond this context.",medline,3,0,,0,5,1.72,False,1.0,0.0,0.0,0.0,0.0,0.3484848484848485,1.0,0.0,1.0,0.044444444444444446,0.04347826086956522,0.41203703703703703
P052,e2e_sparse_generative,trophic_guild,,What does Onychiurus sinensis feed on?,Trichoderma polysporum,-1,,,2.77,,"Based on the provided documents, there is no specific information about the diet of *Onychiurus sinensis*. The sources discuss various species feeding on plants such as *Camellia sinensis*, but none mention *Onychiurus sinensis* or its host plants. Therefore, it is not possible to determine the food source of *Onychiurus sinensis* from the given data.","Based on the provided documents, Onychiurus sinensis feeds on fungi colonizing holm oak litter (Quercus rotundifolia Lam.) . Additionally, it has been observed to feed on Trichoderma polysporum and other fungal species, which can influence its growth, reproduction, and fitness . The specific dietary preferences may vary depending on the available fungal resources in the environment.",pmc,3,0,,0,1,2.591,False,1.0,0.0,0.0,0.0,0.0,0.1134029369323487,1.0,0.0,1.0,0.07142857142857142,0.07142857142857142,0.3474747474747475
P053,e2e_sparse_generative,trophic_guild,,What does Orchesella cincta feed on?,algae,-1,,,2.76,,"Based on the provided documents, there is no specific information regarding the diet of *Orchesella cincta*. The sources describe its ecological preferences, such as habitats in soil, leaf litter, and association with certain plant types, but do not mention feeding habits , , , . Further research would be needed to determine its dietary preferences.","Based on the provided documents, Orchesella cincta feeds on a variety of food sources including amorphous organic matter, fungal hyphae and spores, and algae. Specifically, in experimental settings, they are fed the alga *Pleurococcus* (syn. *Desmococcus*) and baker's yeast as the fungal component . Additionally, they consume bacteria, fungi, and other microorganisms as part of their detritivorous diet .",pmc,3,0,,0,4,2.426,False,1.0,0.0,0.0,0.0,0.0,0.28484848484848485,1.0,0.0,1.0,0.034482758620689655,0.03389830508474576,0.40176435406698563
P054,e2e_sparse_generative,trophic_guild,,What does Orchesella cincta feed on?,C. cladosporioides || Cladosporium cladosporioides,-1,,,2.21,,"Based on the provided documents, there is no explicit mention of what *Orchesella cincta* feeds on. The sources describe its distribution, habitats, and some anatomical features but do not provide information about its diet . Further research would be needed to determine its feeding habits.","Based on the provided documents, Orchesella cincta feeds on algal biomass, specifically the alga Pleurococcus (syn. Desmococcus), which was found to be the most consumed in its natural habitat. Additionally, it consumes baker's yeast as part of its fungal component in the diet. It also ingests amorphous organic matter, fungal hyphae, and spores .",pmc,3,0,,0,5,2.027,False,0.0,0.0,0.0,0.0,0.0,0.2589225589225589,1.0,0.0,0.0,0.0,0.0,0.32772227772227774
P055,e2e_sparse_generative,trophic_guild,,What does Orchesella cincta feed on?,plants and algae || algae,-1,,,2.5,,"Based on the provided documents, there is no specific information regarding the diet of *Orchesella cincta*. The sources describe its ecological preferences, such as habitats in soil, leaf litter, and association with certain plant types like alder trees and moss, but do not mention feeding habits , , , . Further research would be needed to determine its dietary preferences.","Based on the provided documents, Orchesella cincta feeds on a variety of food sources including amorphous organic matter, fungal hyphae and spores, and algae. Specifically, in experimental settings, they are fed the alga *Pleurococcus* (syn. *Desmococcus*) and baker's yeast as the fungal component . Additionally, they are known to consume bacteria, fungi, and other microorganisms as part of their detritivorous diet .",pmc,3,0,,0,4,2.254,False,1.0,0.0,0.0,0.03389830508474576,0.03389830508474576,0.30707070707070705,1.0,0.0,1.0,0.06349206349206349,0.0625,0.40911729524345625
P056,e2e_sparse_generative,trophic_guild,,What does Orchesella flavescens feed on?,plant particles || plant-synthesised FAs and plant particles || plant material,-1,,,1.88,,"Based on the provided documents, there is no specific information regarding the diet of *Orchesella flavescens*. The sources mention its distribution and taxonomy but do not provide details on feeding habits . Additional research would be required to determine its dietary preferences.","Based on the provided documents, Orchesella flavescens feeds primarily on plant-derived materials, including plant synthesized fatty acids and plant particles, indicating a diet rich in plant matter . Additionally, some studies suggest that they may consume fungal hyphae and spores, along with amorphous organic matter .",pmc,2,0,,0,1,1.661,False,0.0,0.0,0.0,0.04347826086956522,0.0425531914893617,0.1494949494949495,1.0,0.0,1.0,0.1224489795918367,0.1568627450980392,0.2540106951871658
P057,e2e_sparse_generative,trophic_guild,,What does Orchesella villosa feed on?,wheat plants || primary decomposers || plant material || plant-derived resources,-1,,,1.9,,"Based on the provided documents, there is no specific information about the diet of *Orchesella villosa*. The available sources discuss its taxonomy, morphological features, and geographic distribution but do not mention feeding habits . Further research would be needed to determine its dietary preferences.","Based on the provided documents, Orchesella villosa feeds primarily on amorphous organic matter, with fungal hyphae and spores also present in their diet . Additionally, some studies mention their occurrence in various habitats such as arable fields and forests, suggesting a broad dietary adaptability .",pmc,3,0,,0,3,1.724,False,1.0,0.0,0.0,0.0,0.0,0.2966131907308378,1.0,0.0,0.0,0.0,0.0,0.28888888888888886
P058,e2e_sparse_generative,trophic_guild,,What does Parisotoma notabilis feed on?,microorganisms associated with roots || microorganisms,-1,,,2.57,,"Based on the provided documents, there is no specific mention of the feeding habits of *Parisotoma notabilis*. However, it is noted that *Parisotoma notabilis* has been found in association with debris of various trees and mixed forests . This suggests that it may be an opportunistic feeder, possibly consuming organic matter or detritus found in such environments. Further research would be needed to determine its exact diet.","Based on the provided documents, *Parisotoma notabilis* feeds on microbial biomass and organic matter in the soil. This species is involved in the decomposition process, incorporating mineral nitrogen into the soil food web . Additionally, it is classified as a secondary decomposer, indicating its role in breaking down complex organic materials . Some studies suggest that *P. notabilis* may also utilize bacteria through an external rumen-like feeding strategy .",pmc,3,0,,0,1,2.252,False,1.0,0.0,0.0,0.028571428571428574,0.028571428571428574,0.37412280701754386,1.0,0.0,0.0,0.0,0.0,0.36778520499108736
P059,e2e_sparse_generative,trophic_guild,,What does Prabhergia mana feed on?,fungi,-1,,,1.64,,"Based on the provided documents, Prabhergia mana sp. nov. likely feeds on fungi, as it was found in bee nesting holes, suggesting a probable diet consisting of fungal material . There is no direct mention of specific feeding habits in the source text.","Based on the provided documents, there is no specific information regarding the diet or feeding habits of *Prabhergia mana* . The source only mentions that this species was discovered in bee nests within the Rio de Janeiro Botanical Garden, but it does not describe its food sources. Further research would be needed to determine its dietary preferences.",pmc,3,1,1,1,1,1.408,False,1.0,0.0,1.0,0.046511627906976744,0.046511627906976744,0.4346153846153846,1.0,0.0,0.0,0.0,0.0,0.10846560846560846
P060,e2e_sparse_generative,trophic_guild,,What does Proisotoma minuta feed on?,mycophagous || mycelia || fungi,-1,,,2.41,,"Based on the provided documents, there is no explicit mention of the feeding habits of *Proisotoma minuta*. However, as a springtail (Collembola), it is likely that *Proisotoma minuta* feeds on organic matter, such as decaying plant material, fungi, or detritus, which are typical food sources for many collembolan species . Further specific dietary information would require additional studies.","Based on the provided documents, Proisotoma minuta feeds on PDA (potato dextrose agar) plugs, as indicated by the study where it aggregated to feed on them . Additionally, Proisotoma minuta is mentioned in the context of being part of a soil food web, suggesting it likely consumes organic matter found in soil environments . However, specific dietary details beyond this are not explicitly stated in the given sources.",pmc,3,0,,0,1,2.23,False,1.0,0.0,1.0,0.034482758620689655,0.034482758620689655,0.25,1.0,0.0,0.0,0.0,0.0,0.3492063492063492
P061,e2e_sparse_generative,trophic_guild,,What does Proisotoma minuta feed on?,Rhizoctonia solani || mycophagous || fungi,-1,,,2.3,,"Based on the provided documents, there is no explicit mention of the feeding habits of *Proisotoma minuta*. However, given its classification within the family Isotomidae, which includes springtails that are typically detritivores, it is likely that *Proisotoma minuta* feeds on decaying organic matter . These organisms are commonly found in moist environments rich in organic material, such as soil and leaf litter, suggesting a diet composed of decomposing plant and animal matter .","Based on the provided documents, Proisotoma minuta feeds on PDA (potato dextrose agar) plugs, as indicated by experiments where they aggregated to feed on them . Additionally, it is mentioned that this species, along with others, was cultured in laboratories by feeding them with dry yeast . However, specific details about its natural diet in the wild are not explicitly stated in the given sources.",pmc,3,0,,0,2,2.019,False,1.0,0.0,0.0,0.0,0.0,0.40323565323565325,1.0,0.0,0.0,0.0,0.0,0.29444444444444445
P062,e2e_sparse_generative,trophic_guild,,What does Proisotoma minuta feed on?,fungivorous || fungi,-1,,,2.25,,"Based on the provided documents, there is no explicit mention of the feeding habits of *Proisotoma minuta*. However, given its classification within the family Isotomidae, which includes springtails that are typically detritivores, it is likely that *Proisotoma minuta* feeds on decaying organic matter . These organisms are commonly found in moist environments such as soil, leaf litter, and compost, suggesting a diet composed of decomposing plant material and microbial biomass .","Based on the provided documents, Proisotoma minuta feeds on PDA (potato dextrose agar) plugs, as indicated by the study where it aggregated to feed on them . Additionally, Proisotoma minuta is mentioned in the context of being one of three Collembola species cultured on dry yeast . However, specific dietary preferences beyond these contexts are not detailed in the given sources.",pmc,3,0,,0,2,2.011,False,1.0,0.0,0.0,0.0,0.0,0.38461538461538464,1.0,0.0,0.0,0.0,0.0,0.3817878028404344
P063,e2e_sparse_generative,trophic_guild,,What does Protaphorura armata feed on?,saprophytic fungal species || fungi,-1,,,2.76,,"Based on the provided documents, Protaphorura armata is not explicitly stated to have specific feeding habits. However, it is mentioned to be found in moss on soil . Additionally, it is noted as part of the fauna associated with certain ecological habitats such as Querceto-carpinetum serbicum and associations with Quercus robur . These observations suggest that Protaphorura armata likely feeds on organic matter in soil or moss environments, but no direct dietary information is given in the sources.","Based on the provided documents, *Protaphorura armata* feeds on bacterial nutrition, as evidenced by studies showing bacterial nutrition in this species . Additionally, it has been noted that *P. armata* is a fungal feeder, specifically consuming fungal conidia . This dietary flexibility allows it to thrive in diverse environments, including caves and permafrost wetlands where warming influences its abundance .",pmc,3,0,,0,2,2.576,False,1.0,0.0,0.0,0.0,0.0,0.3338400729705078,1.0,0.0,0.0,0.06666666666666667,0.03333333333333333,0.30967261904761906
P064,e2e_sparse_generative,trophic_guild,,What does Protaphorura armata feed on?,Trichoderma sp. || Trichoderma,-1,,,2.05,,"Based on the provided documents, Protaphorura armata is associated with moss on soil . It is described as euedaphic, indicating it lives in the upper layers of soil or organic matter . However, no specific feeding habits are mentioned in the given sources.","Based on the provided documents, *Protaphorura armata* feeds on bacterial nutrition, as evidenced by studies showing bacterial nutrition in this species . Additionally, it has been noted that *P. armata* is a fungal feeder, specifically consuming fungal conidia . This dietary flexibility allows it to thrive in diverse environments, including caves and permafrost wetlands where warming influences its abundance .",pmc,3,0,,0,2,1.849,False,1.0,0.0,0.0,0.0,0.0,0.4086452762923351,1.0,0.0,0.0,0.0,0.0,0.30967261904761906
P065,e2e_sparse_generative,trophic_guild,,What does Protaphorura armata feed on?,Fusarium species || Fusarium,-1,,,2.25,,"Based on the provided documents, Protaphorura armata is associated with moss on soil . It is described as euedaphic, indicating it lives in the upper layers of soil or organic matter . However, no specific feeding habits are mentioned in the given texts. Therefore, the exact diet of Protaphorura armata is not specified in the provided sources.","Based on the provided documents, *Protaphorura armata* feeds on bacterial nutrition and is noted as a fungal feeder, specifically mentioned in relation to fungal feeding Collembola . It is also highlighted as a dominant species in warming treatments and is associated with changes in Collembola community structures under varying environmental conditions . Additionally, it has been linked to alterations in soil carbon dynamics due to its role in soil food web interactions .",pmc,3,0,,0,2,2.052,False,0.0,0.0,0.0,0.0,0.0,0.41362681436210846,1.0,0.0,0.0,0.02777777777777778,0.02777777777777778,0.44761904761904764
P066,e2e_sparse_generative,trophic_guild,,What does Protaphorura fimata feed on?,seeds and germinating seedlings of lettuce || seeds || seedlings,-1,,,2.15,,"Based on the provided documents, no specific information about the diet of *Protaphorura fimata* is given. The sources discuss taxonomic details and morphological characteristics of various *Protaphorura* species but do not mention feeding habits .","Based on the provided documents, *Protaphorura fimata* feeds on both detritus and plant materials. It has been reported to act as a root herbivore, primarily feeding on roots . Additionally, it exhibits specialized feeding on ectomycorrhizal fungi, specifically *Agrocybe gibberosa* . Thus, its diet includes plant roots, detritus, and fungal resources.",pmc,3,0,,0,5,1.924,False,1.0,0.0,0.0,0.1,0.1,0.3762626262626263,1.0,0.0,0.0,0.03636363636363636,0.03636363636363636,0.4148268398268398
P067,e2e_sparse_generative,trophic_guild,,What does Protaphorura fimata feed on?,roots,-1,,,1.66,,"Based on the provided documents, no specific information about the diet of *Protaphorura fimata* is given. The sources discuss taxonomic details and morphological characteristics of various *Protaphorura* species but do not mention feeding habits .","Based on the provided documents, *Protaphorura fimata* feeds on both plant materials and fungi. It has been reported to act as a root herbivore, primarily feeding on roots . Additionally, it exhibits specialized feeding on ectomycorrhizal fungi, specifically *Agrocybe gibberosa* .",pmc,3,0,,0,5,1.487,False,1.0,0.0,0.0,0.0,0.0,0.3762626262626263,1.0,0.0,1.0,0.05,0.05,0.4901394901394901
P068,e2e_sparse_generative,trophic_guild,,What does Protaphorura fimata feed on?,the fungus Agrocybe gibberosa || Agrocybe gibberosa || fungus,-1,,,1.67,,"Based on the provided documents, no specific information about the diet of *Protaphorura fimata* is given. The sources discuss taxonomic details and morphological characteristics of various *Protaphorura* species but do not mention feeding habits .","Based on the provided documents, *Protaphorura fimata* feeds on both plant materials and fungi. It has been reported to act as a root herbivore, primarily feeding on roots . Additionally, it exhibits specialized feeding on ectomycorrhizal fungi, specifically *Agrocybe gibberosa* .",pmc,3,0,,0,5,1.486,False,1.0,0.0,0.0,0.05263157894736842,0.05263157894736842,0.3762626262626263,1.0,0.0,1.0,0.13953488372093026,0.13953488372093026,0.4901394901394901
P069,e2e_sparse_generative,trophic_guild,,What does Protaphorura fimata feed on?,fine roots of Zea mays || fine roots || litter resources,-1,,,1.88,,"Based on the provided documents, no specific information about the diet of *Protaphorura fimata* is given. The sources discuss taxonomic details and morphological characteristics of various *Protaphorura* species but do not mention feeding habits .","Based on the provided documents, *Protaphorura fimata* feeds on both detritus and plant materials. It has been reported to act as a root herbivore, primarily feeding on roots . Additionally, it exhibits specialized feeding on ectomycorrhizal fungi, specifically *Agrocybe gibberosa* . Thus, its diet includes both plant roots and fungal resources.",pmc,3,0,,0,5,1.601,False,1.0,0.0,0.0,0.05128205128205128,0.05128205128205128,0.3762626262626263,1.0,0.0,0.0,0.039215686274509796,0.039215686274509796,0.4148268398268398
P070,e2e_sparse_generative,trophic_guild,,What does Protaphorura fimata feed on?,the fungal diet || fungal,-1,,,1.75,,"Based on the provided documents, no specific information about the diet of *Protaphorura fimata* is given. The sources discuss taxonomic details and morphological characteristics of various *Protaphorura* species but do not mention feeding habits .","Based on the provided documents, *Protaphorura fimata* feeds on both detritus and plant material. It has been reported to act as a root herbivore, primarily feeding on roots . Additionally, it is known to feed on ectomycorrhizal fungi, specifically *Agrocybe gibberosa* .",pmc,3,0,,0,5,1.512,False,1.0,0.0,0.0,0.10810810810810811,0.10810810810810811,0.3762626262626263,1.0,0.0,0.0,0.046511627906976744,0.046511627906976744,0.44047619047619047
P071,e2e_sparse_generative,trophic_guild,,What does Sinella curviseta feed on?,nematodes || entomopathogenic nematodes,-1,,,1.74,,"Based on the provided documents, there is no specific information regarding the diet of *Sinella curviseta*. The sources discuss its taxonomy, geographic distribution, and morphological features, but none mention feeding habits . Further research would be needed to determine its dietary preferences.","Based on the provided documents, Sinella curviseta primarily feeds on filamentous fungi, as it is described as a fungivorous springtail that consumes these organisms . Additionally, it is noted to feed on humus and lichens .",pmc,3,0,,0,4,1.489,False,1.0,0.0,0.0,0.0,0.0,0.34545454545454546,1.0,0.0,0.0,0.0,0.0,0.3078947368421052
P072,e2e_sparse_generative,trophic_guild,,What does Sinella curviseta feed on?,fungivorous || fungi,-1,,,1.52,,"Based on the provided documents, there is no specific information regarding the diet of *Sinella curviseta*. The sources discuss its taxonomy, geographic distribution, and morphological features, but none mention feeding habits . Further research would be needed to determine its dietary preferences.","Based on the provided documents, Sinella curviseta primarily feeds on filamentous fungi, as it is described as a fungivorous springtail that consumes filamentous fungi . Additionally, it is noted to feed on fungi, humus, and lichens, indicating a diet that includes various organic materials .",pmc,3,0,,0,4,1.339,False,1.0,0.0,0.0,0.0,0.0,0.34545454545454546,1.0,0.0,1.0,0.04545454545454545,0.04545454545454545,0.2894736842105263
P073,e2e_sparse_generative,trophic_guild,,What does Stenaphorura denisi feed on?,microorganisms associated with roots || microorganisms,-1,,,2.12,,"Based on the provided documents, there is no specific information regarding the diet or feeding habits of *Stenaphorura denisi*. The available sources describe morphological characteristics and taxonomic details but do not mention dietary preferences . Further research would be needed to determine the feeding ecology of this species.","Based on the provided documents, Stenaphorura denisi is mentioned in the context of ecological studies involving plant communities and soil fauna, but none of the sources explicitly state what Stenaphorura denisi feeds on. Therefore, the dietary preferences of Stenaphorura denisi are not specified in the given sources .",pmc,2,0,,0,5,1.937,False,1.0,0.0,0.0,0.0,0.0,0.3155067155067155,0.0,0.0,0.0,0.0,0.0,0.4464285714285714
P074,e2e_sparse_generative,trophic_guild,,What does Tetrodontophora bielanensis feed on?,a large spectrum of fungi || fungi,-1,,,1.95,,"Based on the provided documents, there is no specific information regarding the diet of *Tetrodontophora bielanensis*. The sources describe morphological characteristics of the genus *Tetrodontophora* but do not mention feeding habits or dietary preferences . Further research would be needed to determine its food source.","Based on the provided documents, Tetrodontophora bielanensis feeds on a large spectrum of fungi, including not only wood-inhabiting fungi but also others . Additionally, they have the ability to transport fungal spores on their body surface and in their intestines .",pmc,3,0,,0,1,1.774,False,1.0,0.0,0.0,0.04081632653061225,0.04081632653061225,0.06734006734006734,1.0,0.0,1.0,0.22727272727272727,0.2222222222222222,0.3529411764705882
P075,e2e_sparse_generative,trophic_guild,,What does Thalassaphorura debilis feed on?,marine C4 plants/algae || C3 plant carbon || algae,-1,,,2.5,,"Based on the provided documents, there is no specific information regarding the diet or feeding habits of *Thalassaphorura debilis*. The sources describe morphological characteristics and taxonomic details rather than ecological interactions or dietary preferences . Further research would be needed to determine the feeding ecology of this species.","Based on the provided documents, there is no direct information about the diet of *Thalassaphorura debilis*. However, it is noted that *Thalassaphorura debilis* is a species of springtail found in salt marsh environments . Springtails typically feed on decaying organic matter, algae, and detritus in their habitat . For more specific dietary preferences, additional research would be required.",pmc,3,0,,0,1,2.164,False,1.0,0.0,0.0,0.0,0.0,0.06984126984126984,0.0,0.0,1.0,0.03508771929824561,0.03508771929824561,0.2560674619498149
P076,e2e_sparse_generative,trophic_guild,,What does Tomocerina varia feed on?,litter,-1,,,2.35,,"Based on the provided documents, there is no specific information regarding the dietary habits of *Tomocerina varia*. The available data describe morphological characteristics and taxonomic details but do not mention feeding behavior or food sources . Further research would be needed to determine its diet.","Based on the provided documents, Tomocerina varia exhibits a dietary shift towards feeding more on microorganisms, microbial residues, or other isotopically enriched resources at higher elevations . However, specific details about its exact food sources are not explicitly mentioned in the given texts.",pmc,3,0,,0,1,2.145,False,1.0,0.0,0.0,0.0,0.0,0.1574074074074074,1.0,0.0,0.0,0.0,0.0,0.16517857142857142
P077,e2e_sparse_generative,trophic_guild,,What does Tomocerus flavescens feed on?,algae,-1,,,2.76,,"Based on the provided documents, there is no specific information regarding the diet of *Tomocerus flavescens*. The sources mention taxonomic details and distribution but do not provide data on feeding habits . Further research would be required to determine its dietary preferences.","Based on the provided documents, Tomocerus flavescens is mentioned as being found in both soil and litter environments. It is noted that some Collembola species, including Tomocerus flavescens, exhibit dietary preferences influenced by their habitat and the availability of resources like plant materials and fungi. Specifically, it is implied that Tomocerus flavescens may consume organic matter derived from plants and possibly fungi, given its association with these substrates in the environment . However, direct evidence about its diet is limited in the provided texts.",pmc,3,0,,0,1,2.509,False,0.0,0.0,0.0,0.0,0.0,0.06060606060606061,1.0,0.0,0.0,0.0,0.0,0.396011396011396
P078,e2e_sparse_generative,trophic_guild,,What does Tomocerus laxalamella feed on?,litter,-1,,,0.76,,,"Based on the provided documents, Tomocerus laxalamella likely feeds on litter, as indicated by its negative 15N values at lower elevations, which are associated with feeding on litter components depleted in 15N . This dietary preference aligns with the role of large Collembola as primary decomposers .",pmc,,0,,0,0,0.581,False,0.0,0.0,0.0,0.0,0.0,,1.0,0.0,1.0,0.04347826086956522,0.04347826086956522,0.34045584045584043
P079,e2e_sparse_generative,trophic_guild,,What does Tomocerus minor feed on?,fresh plant litter || plant litter,-1,,,2.11,,"Based on the provided documents, there is no specific information regarding the diet or feeding habits of *Tomocerus minor*. The sources describe morphological characteristics, habitat preferences, and distribution details but do not mention what *Tomocerus minor* feeds on .","Based on the provided documents, Tomocerus minor is associated with plant and non-specific bacteria parameters, as well as fungi and amorphous material in the gut . However, the exact diet of Tomocerus minor is not explicitly stated in the given sources.",pmc,3,0,,0,5,1.849,False,1.0,0.0,0.0,0.0,0.0,0.4605263157894737,1.0,0.0,0.0,0.047619047619047616,0.046511627906976744,0.4
P080,e2e_sparse_generative,trophic_guild,,What does Vertagopus pseudocinereus feed on?,the yeast Rhodotorula glutinis || Rhodotorula glutinis || yeast,-1,,,2.43,,"Based on the provided documents, there is no specific information regarding the diet or feeding habits of *Vertagopus pseudocinereus*. The sources primarily discuss its taxonomy, geographic distribution, and morphological characteristics . Further research would be required to determine its dietary preferences.","Based on the provided documents, Vertagopus pseudocinereus feeds on young leaves. These leaves can be either toxic or non-toxic depending on their growth conditions; those grown under sterile conditions are toxic, while those grown naturally are not .",medline,2,0,,0,2,2.231,False,1.0,0.0,0.0,0.045454545454545456,0.045454545454545456,0.16536796536796536,1.0,0.0,0.0,0.04878048780487805,0.04761904761904762,0.6474358974358975
P081,e2e_sparse_generative,trophic_guild,,What does Vertagopus sarekensis feed on?,algae and microorganisms found on mosses || algae,-1,,,1.76,,"Based on the provided documents, there is no specific information regarding the diet of *Vertagopus sarekensis*. The sources discuss taxonomic details, morphology, and distribution but do not mention feeding habits . Further research would be needed to determine its dietary preferences.","Based on the provided documents, Vertagopus sarekensis feeds on algae and microorganisms found on mosses .",pmc,3,0,,0,1,1.523,False,1.0,0.0,0.0,0.08695652173913045,0.04347826086956522,0.14155844155844155,1.0,0.0,1.0,0.5714285714285715,0.5714285714285715,0.5
P082,e2e_sparse_generative,trophic_guild,,What does Agrenia feed on?,this biofilm || biofilm || diatoms,-1,,,1.84,,"Based on the provided documents, there is no explicit information about the diet of Agrenia species. The texts describe morphological characteristics and distribution details but do not mention specific food sources . Further research would be needed to determine their feeding habits.","Based on the provided documents, Agrenia bidenticulata feeds on biofilms containing terrestrial diatoms, which are consumed through ingestion of the slimy biofilm produced on moist surfaces of sand and silt . Additionally, it is noted that Agrenia may consume organic matter such as plant material and fungi, indicating a somewhat generalized feeding habit .",pmc,3,0,,0,1,1.6,False,1.0,0.0,0.0,0.0,0.0,0.1686868686868687,1.0,0.0,1.0,0.03773584905660378,0.03773584905660378,0.35363636363636364
P083,e2e_sparse_generative,trophic_guild,,What does Bourletiella feed on?,herbivorous || herbivore,-1,,,2.05,,"Based on the provided documents, there is no specific information regarding the diet of Bourletiella species. The sources describe the taxonomy, distribution, and morphological features of Bourletiella species but do not mention feeding habits . Further research would be needed to determine their dietary preferences.","Based on the provided documents, Bourletiella feeds on mosses and possibly fungal hyphae, as evidenced by the presence of moss fragments and fungal hyphae in the gut contents of Bourletiella hortensis . Additionally, some species within the genus Bourletiella are described as moss-eaters .",pmc,2,0,,0,5,1.795,False,1.0,0.0,0.0,0.0,0.0,0.47878787878787876,1.0,0.0,0.0,0.0,0.0,0.26398601398601396
P084,e2e_sparse_generative,trophic_guild,,What does Crossodonthina feed on?,slime mold || slime molds,-1,,,2.25,,"Based on the provided documents, there is no specific information regarding the diet or feeding habits of any species within the genus *Crossodonthina*. The descriptions focus on morphological characteristics such as tubercles, chaetae arrangements, and mouthpart structures, but do not mention dietary preferences or food sources . Further research would be needed to determine the feeding ecology of these organisms.","Based on the provided documents, Crossodonthina sp. feeds exclusively on slime molds. This is indicated by the observation that it inserts the tip of its buccal cone into the plasmodia and veins of the slime mold to suck out protoplasm . There is no mention of other food sources for this particular species.",pmc,3,0,,0,5,2.003,False,1.0,0.0,0.0,0.0,0.0,0.28638672116932984,1.0,0.0,1.0,0.07407407407407407,0.07407407407407407,0.26904761904761904
P085,e2e_sparse_generative,trophic_guild,,What does Desoria feed on?,this biofilm || biofilm || diatoms,-1,,,1.84,,"Based on the provided documents, there is no specific information regarding the diet of *Desoria* species. The sources focus on morphological characteristics, taxonomic classifications, and geographical distributions rather than feeding habits . Further research would be needed to determine their dietary preferences.","Based on the provided documents, Desoria species primarily feed on diatom algae, as evidenced by the presence of diatoms in their gut contents . Additionally, some studies suggest that certain Desoria species may also consume other food resources, such as fungal materials or mineral particles, depending on availability . However, specific dietary preferences vary among species and environmental contexts.",pmc,3,0,,0,5,1.618,False,1.0,0.0,0.0,0.0,0.0,0.2818181818181818,1.0,0.0,1.0,0.034482758620689655,0.034482758620689655,0.34444444444444444
P086,e2e_sparse_generative,trophic_guild,,What does Entomobrya feed on?,litter and its associated fungi and bacteria || litter || fungi and bacteria,-1,,,2.25,,"Based on the provided documents, there is no specific information regarding the diet or feeding habits of *Entomobrya* species. The sources describe morphological characteristics, distribution, and taxonomic details but do not mention dietary preferences . Further research would be needed to determine the feeding ecology of these organisms.","Based on the provided documents, *Entomobrya* feeds on dead organic matter, functioning as decomposers, and also acts as herbivores by consuming plant tissue and fine roots . Additionally, specific studies mention *Entomobrya proxima* being involved in responses to organic fertilizer addition, suggesting it may utilize organic materials in its diet .",pmc,3,0,,0,5,2.012,False,1.0,0.0,0.0,0.04,0.04,0.33772893772893775,1.0,0.0,0.0,0.10714285714285714,0.07142857142857142,0.45341614906832295
P087,e2e_sparse_generative,trophic_guild,,What does Entomobrya feed on?,litter material and the adhering fungi and bacteria || litter material || fungi and bacteria,-1,,,1.95,,"Based on the provided documents, there is no specific information regarding the diet or feeding habits of *Entomobrya* species. The sources describe morphological characteristics, distribution, and taxonomic details but do not mention dietary preferences . Further research would be needed to determine the feeding ecology of these organisms.","Based on the provided documents, *Entomobrya* feeds on dead organic matter, functioning as decomposers, and also acts as herbivores by consuming plant tissue and fine roots . Additionally, specific studies mention *Entomobrya proxima* being involved in responses to organic fertilizer addition, suggesting it may utilize organic materials in its diet .",pmc,3,0,,0,5,1.661,False,1.0,0.0,0.0,0.07272727272727272,0.07272727272727272,0.33772893772893775,1.0,0.0,0.0,0.10526315789473682,0.07017543859649122,0.45341614906832295
P088,e2e_sparse_generative,trophic_guild,,What does Folsomia feed on?,litter material and the adhering fungi and bacteria || litter material || fungi and bacteria,-1,,,2.05,,"Based on the provided documents, there is no specific information regarding the diet of *Folsomia* species. The texts focus on taxonomic descriptions, morphological comparisons, and distribution records rather than feeding habits . Further research would be needed to determine their dietary preferences.","Based on the provided documents, Folsomia is primarily associated with feeding on litter and detritus . Additionally, there is mention that some members of this genus may consume fungi, although fungi are not considered a major food resource for this group .",pmc,3,0,,0,5,1.826,False,1.0,0.0,0.0,0.0816326530612245,0.0816326530612245,0.32626262626262625,1.0,0.0,0.0,0.16666666666666669,0.12499999999999999,0.31
P089,e2e_sparse_generative,trophic_guild,,What does Isotomiella feed on?,fungivores || fungi,-1,,,2.33,,"Based on the provided documents, there is no specific information regarding the diet or feeding habits of *Isotomiella* species. The sources describe morphological characteristics and taxonomic relationships but do not mention dietary preferences . Further research would be needed to determine their feeding ecology.","Based on the provided documents, Isotomiella minor is described as a euedaphic species that reproduces via parthenogenesis and is noted to be a microbivore in undisturbed ecosystems, indicating it feeds on microorganisms such as bacteria and fungi . Additionally, it is mentioned that Isotomiella minor is part of the group that shows similar feeding strategies to other microbivorous Collembola . However, specific dietary details beyond microbial consumption are not explicitly stated in the given texts.",pmc,3,0,,0,5,2.149,False,1.0,0.0,0.0,0.0,0.0,0.2238095238095238,1.0,0.0,1.0,0.027027027027027025,0.027027027027027025,0.2724206349206349
P090,e2e_sparse_generative,trophic_guild,,What does Isotomiella feed on?,microbivores || microbial,-1,,,2.13,,"Based on the provided documents, there is no specific information regarding the diet or feeding habits of *Isotomiella* species. The sources describe morphological characteristics and taxonomic relationships but do not mention dietary preferences . Further research would be needed to determine their ecological niche and food source.","Based on the provided documents, Isotomiella minor is described as a species that reproduces via parthenogenesis and lives deeper in the soil (euedaphic) . However, specific dietary preferences for Isotomiella are not explicitly mentioned in the given texts. It can be inferred that, like other Collembola, it may feed on microbial biomass, given the general ecological role of such organisms in soil ecosystems . Further research would be needed to determine its exact diet.",pmc,3,0,,0,5,1.835,False,1.0,0.0,0.0,0.0,0.0,0.24175824175824176,1.0,0.0,1.0,0.0273972602739726,0.0273972602739726,0.38817460317460317
P091,e2e_sparse_generative,trophic_guild,,What does Lepidocyrtus feed on?,pollen,-1,,,2.4,,"Based on the provided documents, Lepidocyrtus species, including *Lepidocyrtus chorus* and *Lepidocyrtus nigrosetosus*, are known to ingest pollen, either directly by visiting flowers or through consumption of wind-borne pollen . However, not all species within the genus possess the digestive capability to break down the pollen wall .","Based on the provided documents, *Lepidocyrtus* species exhibit dietary flexibility. *Lepidocyrtus lignorum* and *Lepidocyrtus lanuginosus* primarily feed on fungi, particularly fungal hyphae and spores, although they can also consume mineral particles and biofilms under varying environmental conditions . Their diet shifts depending on resource availability, indicating adaptability to different substrates .",pmc,2,1,1,1,1,2.189,False,1.0,0.0,1.0,0.042553191489361694,0.04166666666666667,0.16299019607843138,1.0,0.0,0.0,0.0,0.0,0.13271604938271606
P092,e2e_sparse_generative,trophic_guild,,What does Onychiurus feed on?,decomposers || first trophic level,-1,,,2.77,,"Based on the provided documents, Onychiurus species, such as Onychiurus pseudofimetarius, can digest the pollen wall . However, specific feeding habits of Onychiurus spp. are not detailed in the given sources. The document mentions that some Collembola species, including Onychiurus pseudofimetarius, can digest pollen walls, suggesting potential pollination-related diets . Further research would be needed to confirm the exact diet of Onychiurus species.","Based on the provided documents, Onychiurus feeds on a variety of resources including fungi, bacteria, leaf litter, and possibly other organic matter. Specifically, it has been noted to feed on fungi colonizing holm oak litter . Additionally, some studies suggest that certain species of Onychiurus may have dietary preferences involving gram-positive bacteria and amorphous materials .",pmc,3,0,,0,1,2.558,False,1.0,0.0,0.0,0.0,0.0,0.17934287934287935,1.0,0.0,0.0,0.0,0.0,0.25458442486306265
P093,e2e_sparse_generative,trophic_guild,,What does Orchesella feed on?,the alga Pleurococcus || Pleurococcus || Desmococcus || alga,-1,,,2.25,,"Based on the provided documents, there is no specific information regarding the diet of *Orchesella* species. The sources discuss the taxonomy, distribution, and ecological roles of various springtail genera but do not mention feeding habits related to *Orchesella*. Therefore, the dietary preferences of *Orchesella* cannot be determined from the given data.","Based on the provided documents, Orchesella feeds primarily on amorphous organic matter, with fungal hyphae and spores also being commonly observed in their digestive tracts . Additionally, in experimental settings, Orchesella has been fed algae such as Pleurococcus and baker's yeast as part of their dietary components .",pmc,3,0,,0,1,1.878,False,1.0,0.0,0.0,0.037037037037037035,0.037037037037037035,0.20279720279720279,1.0,0.0,1.0,0.08163265306122448,0.08,0.24404761904761904
P094,e2e_sparse_generative,trophic_guild,,What does Orchesella feed on?,litter material and the adhering fungi and bacteria || litter material || fungi and bacteria,-1,,,1.81,,"Based on the provided documents, there is no specific information regarding the diet of *Orchesella* species. The texts primarily discuss taxonomic classifications, distributions, and ecological roles of various springtail genera, but do not mention feeding habits of *Orchesella*. Therefore, the dietary preferences of *Orchesella* cannot be determined from the given sources.","Based on the provided documents, Orchesella feeds primarily on amorphous organic matter, with fungal hyphae and spores also being observed in their digestive tracts . Additionally, in experimental settings, Orchesella is fed algae such as Pleurococcus and baker's yeast as part of their dietary components .",pmc,3,0,,0,1,1.625,False,1.0,0.0,0.0,0.06779661016949153,0.06779661016949153,0.17249417249417248,1.0,0.0,0.0,0.11538461538461538,0.07547169811320754,0.23157894736842105
P095,e2e_sparse_generative,trophic_guild,,What does Proisotoma feed on?,litter and some fungi || litter || fungi,-1,,,2.0,,"Based on the provided documents, there is no specific information regarding the diet of *Proisotoma*. The sources describe taxonomic details, morphological characteristics, and distributions of species within the genus *Proisotoma* and related genera, but none mention feeding habits . Further research would be needed to determine their dietary preferences.","Based on the provided documents, *Proisotoma* feeds on dead organic matter, functioning as decomposers, and also acts as herbivores by consuming plant tissue and fine roots . Additionally, it has been observed to aggregate around PDA plugs, suggesting it may also consume fungal materials .",pmc,3,0,,0,5,1.819,False,1.0,0.0,0.0,0.038461538461538464,0.038461538461538464,0.263768115942029,1.0,0.0,0.0,0.0425531914893617,0.0425531914893617,0.36134453781512604
P096,e2e_sparse_generative,trophic_guild,,What does Protaphorura feed on?,fungi || fungi-synthesised FAs and fungi in the gut,-1,,,2.46,,"Based on the provided documents, no specific information about the diet or feeding habits of Protaphorura species is given. The texts focus on morphological characteristics and taxonomic distinctions among various Protaphorura species . Therefore, the dietary preferences of Protaphorura remain unspecified in the available sources.","Based on the provided documents, Protaphorura feeds on a variety of resources including leaf litter, fungi, bacteria, roots, and algae . Additionally, bacterial nutrition was specifically demonstrated in the onychiurid springtail *Protaphorura armata* .",pmc,3,0,,0,5,2.283,False,1.0,0.0,0.0,0.1176470588235294,0.11538461538461538,0.2316849816849817,1.0,0.0,1.0,0.20512820512820512,0.2,0.29166666666666663
P097,e2e_sparse_generative,trophic_guild,,What does Pseudosinella feed on?,fungivores || fungi,-1,,,2.23,,"Based on the provided documents, there is no direct information about what Pseudosinella feeds on. The sources mention Pseudosinella species in ecological contexts, such as being part of cave ecosystems , but do not specify their diet. Further research would be needed to determine their feeding habits.","Based on the provided documents, 15N values indicate that *Pseudosinella* sp.1 may feed on mycorrhizal fungi or act as predators, potentially consuming nematodes . Additionally, some studies suggest that certain *Pseudosinella* species might feed on bacteria or bacterial-feeding nematodes . However, specific dietary preferences for all *Pseudosinella* species are not fully detailed in the given sources.",pmc,2,0,,0,1,2.005,False,0.0,0.0,0.0,0.0,0.0,0.031746031746031744,1.0,0.0,1.0,0.03636363636363636,0.03508771929824561,0.2800480769230769
P098,e2e_sparse_generative,trophic_guild,,What does Pseudosinella feed on?,predator or scavenger || predator || scavenger || microbivores,-1,,,2.25,,"Based on the provided documents, there is no direct information about the diet of *Pseudosinella* species. The sources mention various *Pseudosinella* species along with other organisms in ecological contexts, such as predator-prey interactions, but do not specify what *Pseudosinella* feeds on . Further research would be needed to determine their dietary habits.","Based on the provided documents, 15N values indicate that *Pseudosinella* sp.1 may feed on mycorrhizal fungi or act as predators, potentially consuming nematodes . Additionally, other *Pseudosinella* species, like *Pseudosinella immaculata*, are associated with grassland habitats, suggesting they might feed on detritus or microorganisms commonly found in such environments . However, specific dietary preferences for *Pseudosinella* are not explicitly detailed in the sources.",pmc,2,0,,0,1,1.967,False,0.0,0.0,1.0,0.0,0.03773584905660378,0.11393939393939394,1.0,0.0,1.0,0.03125,0.03076923076923077,0.21461538461538462
P099,e2e_sparse_generative,trophic_guild,,What does Superodontella feed on?,bacteria or bacterial feeding nematodes || bacteria || bacterial feeding nematodes,-1,,,1.53,,"Based on the provided documents, there is no explicit information regarding the diet of Superodontella species. The text mentions that ""a function in the feeding habits of the species concerned, which remains to be elucidated"" . Therefore, the specific dietary preferences of Superodontella are not detailed in the given sources.","Based on the provided documents, Superodontella sp.1 is suggested to feed on bacteria or bacterial feeding nematodes . This inference is drawn from the observation that certain Collembola species, including Superodontella sp.1, exhibit associations with specific microbial communities in their environment. However, direct evidence of dietary preferences for Superodontella is limited in the given sources.",pmc,2,0,,0,1,1.349,False,1.0,0.0,0.0,0.03846153846153846,0.03846153846153846,0.39815447710184554,1.0,0.0,1.0,0.1694915254237288,0.1639344262295082,0.34675324675324676
P100,e2e_sparse_generative,trophic_guild,,What does Tomocerus feed on?,"a variety of food materials including litter but also fungi and bacteria in the rhizosphere, algae as well as Nematoda || litter || fungi and bacteria || algae || Nematoda",-1,,,2.36,,"Based on the provided documents, there is no specific information regarding the diet or feeding habits of *Tomocerus* species. The sources focus on taxonomic descriptions, morphological characteristics, and geographical distributions rather than ecological interactions or dietary preferences . Further research would be needed to determine their feeding behavior.","Based on the provided documents, Tomocerus species have varied diets. They primarily feed on nematodes, as indicated by their classification within the Uropodina order . Additionally, some species like T. aegrota may also consume fungi . There is evidence suggesting that root-derived carbon contributes to their diet through mycorrhizal fungi, although this constitutes a smaller portion of their overall intake .",pmc,3,0,,0,5,2.074,False,1.0,0.0,0.0,0.08955223880597013,0.05970149253731343,0.1841269841269841,1.0,0.0,0.0,0.15384615384615385,0.05063291139240507,0.3004761904761905
P101,e2e_sparse_generative,trophic_guild,,What does Willowsia feed on?,superficial molds and fine organic debris || molds || fine organic debris || fungivorous – detritivorous,-1,,,2.15,,"Based on the provided documents, there is no specific information regarding the diet or feeding habits of Willowsia species. The sources primarily focus on taxonomy, morphology, and geographic distribution of various Willowsia species . Therefore, the feeding ecology of Willowsia remains unspecified in the given context.","Based on the provided documents, Willowsia feeds on detritus and associated microorganisms, similar to other Collembola . Additionally, some Collembola species, including those in the family Entomobryidae, may also consume plant tissue . However, no direct dietary information specifically about Willowsia is provided in the given sources.",pmc,3,0,,0,5,1.961,False,1.0,0.0,0.0,0.0392156862745098,0.0392156862745098,0.4007936507936508,1.0,0.0,0.0,0.0392156862745098,0.0392156862745098,0.2815295815295815
P102,e2e_sparse_generative,trophic_guild,,What does Xenylla feed on?,bacteria or bacterial feeding nematodes || bacteria || bacterial feeding nematodes,-1,,,2.15,,"Based on the provided documents, Xenylla species are described as having mouthparts adapted for feeding, with a strong modification towards a type suitable for chewing . However, specific dietary preferences are not detailed in the given sources. The general habitat mention suggests they may feed on organic matter or detritus found in their environment, such as particles suspended in water or substrates like sand . Further research would be needed to determine precise feeding habits.","Based on the provided documents, Xenylla species are suggested to feed on bacteria or bacterial feeding nematodes . This inference is drawn from the association of Xenylla sp.1 with microbial-rich environments in plantations . No direct dietary information about Xenylla is explicitly stated in the sources.",pmc,3,0,,0,2,1.946,False,1.0,0.0,0.0,0.05128205128205128,0.05128205128205128,0.14726430976430976,1.0,0.0,1.0,0.20408163265306123,0.19607843137254902,0.36666666666666664
P002,e2e_dense_generative,trophic_guild,,What does Anurida maritima feed on?,"marine and terrestrial invertebrates, as well as marine macrophytes || marine and terrestrial invertebrates || invertebrates || marine macrophytes",-1,,,4.5,,"Based on the provided documents, *Anurida maritima* is fed upon by the larvae of *Micralymma marinum*, which are predatory and consume Collembola such as *Anurida maritima*, along with mites and Thysanura. There is no direct mention of the diet of *Anurida maritima* itself in the given texts .","Based on the provided documents, Anurida maritima feeds on organic matter present on the mud surface of saltmarshes, which becomes available after the retreat of the tide . However, specific details regarding its diet are not explicitly mentioned in the given sources.",medline,3,0,,0,1,4.146,False,1.0,0.0,0.0,0.07142857142857142,0.07142857142857142,0.3293269230769231,1.0,0.0,0.0,0.0,0.0,0.38961038961038963
P003,e2e_dense_generative,trophic_guild,,What does Archisotoma pulchella feed on?,diatoms,-1,,,5.04,,"Based on the provided documents, there is no specific information about the host plants or diet of *Archisotoma pulchella*. The available data pertains to other species such as *Penthicodes pulchella*, *Soritia pulchella subsp. pulchella*, *Erasmia pulchella*, and *Acentroptera pulchella* . Therefore, it cannot be determined what *Archisotoma pulchella* feeds on from the given sources.","Based on the provided documents, Archisotoma pulchella feeds on microalgae and bacteria . Additionally, it has been noted that some related species, such as Heterohapla pulchella, feed on bacteria and fungi as well as decaying wood . However, specific details about the dietary preferences of Archisotoma pulchella are limited in the given sources.",pmc,3,0,,0,4,4.866,False,1.0,0.0,0.0,0.0,0.0,0.48214285714285715,1.0,0.0,0.0,0.0,0.0,0.27186853002070394
P004,e2e_dense_generative,trophic_guild,,What does Archisotoma theae feed on?,first order predator lifestyle || first order predator || predator || trophic level III,-1,,,4.95,,"Based on the provided documents, there is no specific information indicating what *Archisotoma theae* feeds on. The sources mention related species such as *Archisotoma catiae* and *Archisotoma jariani*, but none provide dietary habits for *Archisotoma theae*. Therefore, the feeding preferences of *Archisotoma theae* cannot be determined from the given data.","Based on the provided documents, there is no direct mention of what *Archisotoma theae* feeds on. However, related species such as *Acaphylla theae* are known to be pests in tea gardens, suggesting that *Archisotoma theae* might have a similar ecological role, potentially feeding on plants or other small organisms in its habitat . Further research would be needed to confirm its specific diet.",pmc,2,0,,0,1,4.752,False,1.0,0.0,0.0,0.0,0.0,0.22597402597402597,1.0,0.0,0.0,0.0,0.0,0.2138047138047138
P005,e2e_dense_generative,trophic_guild,,What does Bourletiella hortensis feed on?,Tiny pioneer mosses || mosses,-1,,,4.58,,"Based on the provided documents, there is no direct information indicating what Bourletiella hortensis feeds on. The sources describe taxonomic details and distribution of Bourletiella hortensis but do not mention its diet . For feeding habits, additional studies would be required.","Based on the provided documents, Bourletiella hortensis feeds on mosses and is considered a moss-eating specialist among the pioneer arthropods . It also consumes nutrient-rich diaspore bulbils and occasionally fungal hyphae . Additionally, it is noted as a generalist feeder, capable of consuming a variety of materials including leaves .",pmc,2,0,,0,4,4.4,False,0.0,0.0,0.0,0.0,0.0,0.3390151515151515,1.0,0.0,1.0,0.08,0.039999999999999994,0.3287581699346405
P006,e2e_dense_generative,trophic_guild,,What does Bourletiella hortensis feed on?,pepino || Solanum muricatum,-1,,,4.44,,"Based on the provided documents, there is no direct information indicating what Bourletiella hortensis feeds on. The sources primarily discuss taxonomic classifications and geographical distributions of Bourletiella species, including B. hortensis, but do not specify their dietary habits . Further research would be needed to determine its feeding preferences.","Based on the provided documents, Bourletiella hortensis feeds on mosses and is considered a moss-eating specialist among the pioneer arthropods . It also consumes fungal hyphae and may ingest small amounts of detritus or algae . Additionally, it is noted as a generalist feeder, capable of consuming a variety of materials including leaf tissue .",pmc,2,0,,0,4,4.262,False,0.0,0.0,0.0,0.0,0.0,0.34667207792207794,1.0,0.0,0.0,0.0,0.0,0.40793650793650793
P007,e2e_dense_generative,trophic_guild,,What does Ceratophysella denticulata feed on?,bacteria and fungi || bacteria || fungi || nematodes,-1,,,4.45,,"Based on the provided documents, there is no specific information regarding the feeding habits of *Ceratophysella denticulata*. The sources primarily focus on taxonomic descriptions, synonyms, geographical distributions, and morphological characteristics rather than ecological or dietary preferences . Further research would be needed to determine its diet.","Based on the provided documents, Ceratophysella denticulata feeds on bacteria and fungi, and it is presumed to also consume other soil organisms like nematodes .",pmc,3,0,,0,5,4.192,False,1.0,0.0,0.0,0.04166666666666667,0.04166666666666667,0.24610136452241715,1.0,0.0,1.0,0.2222222222222222,0.2222222222222222,0.21052631578947367
P008,e2e_dense_generative,trophic_guild,,What does Cryptopygus clavatus feed on?,algae || grazing on algae under water,-1,,,4.05,,"Based on the provided documents, there is no specific information about what Cryptopygus clavatus feeds on. The sources discuss taxonomic classifications and descriptions of species within the genera Cryptopygus and related groups, but none mention dietary habits or food sources of Cryptopygus clavatus .","Based on the provided documents, Cryptopygus clavatus feeds on algae when it is submerged during the summer . During the winter, it resides on dry land, but the specific diet during this time is not mentioned in the given sources.",medline,3,0,,0,4,3.867,False,1.0,0.0,0.0,0.041666666666666664,0.041666666666666664,0.3400673400673401,0.0,0.0,1.0,0.09090909090909091,0.09090909090909091,0.4962121212121212
P009,e2e_dense_generative,trophic_guild,,What does Desoria choi feed on?,a more microbial-based diet || litter resources || microbial,-1,,,4.75,,"Based on the provided documents, there is no direct mention of what *Desoria choi* feeds on. However, several related species such as *Pseudococcus odermatti*, *Pseudococcus cryptus*, and *Lobophora misera* are described as feeding on plant material, specifically leaves and stems of host-plants , , and . These observations suggest that *Desoria choi* may have a similar diet, though this cannot be confirmed without explicit documentation.","Based on the provided documents, 15N values of *Desoria choi* increase at higher elevations, suggesting that this species shifts its diet towards feeding more on microorganisms, microbial residues, or other isotopically enriched resources at higher elevations . However, specific dietary preferences are not explicitly detailed in the given texts.",pmc,3,0,,0,3,4.574,False,1.0,0.0,0.0,0.06060606060606061,0.058823529411764705,0.3362868450587749,1.0,0.0,1.0,0.07692307692307693,0.07547169811320754,0.2217741935483871
P011,e2e_dense_generative,trophic_guild,,What does Entomobrya proxima feed on?,carrion,-1,,,4.42,,"Based on the provided documents, Entomobrya proxima feeds on Heliconia sp. (Heliconiaceae) .","Based on the provided documents, *Entomobrya proxima* exhibits a diverse diet, feeding on various organic materials such as litter, fungi, pollen, algae, leaves, and roots . Additionally, it has been observed to consume carrion, indicating its ability to utilize unconventional food sources . However, specific details about its exact dietary preferences in natural settings are not fully detailed in the given sources.",pmc,3,0,,0,1,4.162,False,1.0,0.0,0.0,0.0,0.0,0.16666666666666666,1.0,0.0,1.0,0.03278688524590164,0.03278688524590164,0.40285087719298246
P012,e2e_dense_generative,trophic_guild,,What does Entomobrya proxima feed on?,organic fertilizer,-1,,,3.91,,"Based on the provided documents, Entomobrya proxima feeds on Heliconia sp. (Heliconiaceae) .","Based on the provided documents, *Entomobrya proxima* exhibits a diverse diet, feeding on various organic materials such as litter, fungi, pollen, algae, leaves, and roots . Additionally, it has been observed to consume carrion, indicating its ability to utilize unconventional food sources . However, specific details about its feeding behavior and preferences require further investigation.",pmc,3,0,,0,1,3.734,False,1.0,0.0,0.0,0.0,0.0,0.16666666666666666,1.0,0.0,0.0,0.03636363636363636,0.03636363636363636,0.4013888888888889
P013,e2e_dense_generative,trophic_guild,,What does Folsomia candida feed on?,F. oxysporum mycelium || Fusarium oxysporum || mycelium,-1,,,4.58,,"Based on the provided documents, there is no specific information about the diet of *Folsomia candida*. The sources discuss morphological characteristics, distribution, and taxonomy but do not mention feeding habits . Further research would be needed to determine its dietary preferences.","Based on the provided documents, Folsomia candida primarily feeds on fungal hyphae and bacteria, and to some extent, on dead organic matter and fine roots . They are known to play a role in decomposition processes and nutrient cycling in the soil due to their feeding habits and high population densities .",pmc,3,0,,0,2,4.346,False,1.0,0.0,0.0,0.0,0.0,0.24978354978354977,1.0,0.0,0.0,0.0,0.0,0.415
P014,e2e_dense_generative,trophic_guild,,What does Folsomia candida feed on?,"F. verticillioides, F. graminearum, A. ochraceus, and A. nidulans || mycotoxin-producing fungi || fungi",-1,,,4.09,,"Based on the provided documents, there is no specific information regarding the diet of *Folsomia candida*. The sources discuss morphological characteristics, distribution, and taxonomy but do not mention feeding habits . Further research would be needed to determine its dietary preferences.","Based on the provided documents, Folsomia candida primarily feeds on fungal hyphae and bacteria, and to some extent, on dead organic matter and fine roots . They are known to play a significant role in decomposition processes and nutrient cycling in the soil due to their feeding habits and high population densities .",pmc,3,0,,0,2,3.886,False,1.0,0.0,0.0,0.04081632653061225,0.04081632653061225,0.24978354978354977,1.0,0.0,0.0,0.06666666666666667,0.06666666666666667,0.40576923076923077
P015,e2e_dense_generative,trophic_guild,,What does Folsomia candida feed on?,vegetative hyphae and conidia || A. nidulans || hyphae,-1,,,4.14,,"Based on the provided documents, there is no specific information about the diet of *Folsomia candida*. The sources discuss morphological characteristics, distribution, and taxonomy but do not mention feeding habits . Further research would be needed to determine its dietary preferences.","Based on the provided documents, *Folsomia candida* primarily feeds on fungal hyphae and bacteria, and to some extent, on dead organic matter and fine roots . They are also known to consume plant material such as maize .",pmc,3,0,,0,2,3.955,False,1.0,0.0,0.0,0.045454545454545456,0.045454545454545456,0.24978354978354977,1.0,0.0,1.0,0.09999999999999999,0.09999999999999999,0.4727272727272727
P016,e2e_dense_generative,trophic_guild,,What does Folsomia candida feed on?,Phanerochaete velutina mycelial systems || Phanerochaete velutina || mycelial,-1,,,3.95,,"Based on the provided documents, there is no specific information regarding the diet of *Folsomia candida*. The sources discuss morphological characteristics, distribution, and taxonomy but do not mention feeding habits . Further research would be needed to determine its dietary preferences.","Based on the provided documents, Folsomia candida primarily feeds on fungal hyphae and bacteria, and to some extent, on dead organic matter and fine roots . They are not known to feed on living plant tissue or other organisms directly .",pmc,3,0,,0,2,3.727,False,1.0,0.0,0.0,0.0,0.0,0.24978354978354977,1.0,0.0,0.0,0.0,0.0,0.38928571428571423
P017,e2e_dense_generative,trophic_guild,,What does Folsomia candida feed on?,the filamentous fungus Aspergillus nidulans || Aspergillus nidulans,-1,,,4.16,,"Based on the provided documents, there is no specific information about the diet of *Folsomia candida*. The sources discuss morphological characteristics, distribution, and taxonomy but do not mention feeding habits . Further research would be needed to determine its dietary preferences.","Based on the provided documents, *Folsomia candida* primarily feeds on fungal hyphae and bacteria, and to some extent, on dead organic matter and fine roots . They are known to play a role in decomposition processes and nutrient cycling in the soil due to their feeding habits and high population numbers .",pmc,3,0,,0,2,3.979,False,1.0,0.0,0.0,0.04444444444444445,0.04444444444444445,0.24978354978354977,1.0,0.0,0.0,0.03636363636363636,0.03636363636363636,0.435
P018,e2e_dense_generative,trophic_guild,,What does Folsomia candida feed on?,S. perfoliatum litter || litter,-1,,,4.34,,"Based on the provided documents, there is no specific information regarding the diet of *Folsomia candida*. The sources discuss morphological characteristics, distribution, and taxonomy but do not mention feeding habits . Further research would be needed to determine its dietary preferences.","Based on the provided documents, Folsomia candida primarily feeds on fungal hyphae and bacteria, and to some extent, on dead organic matter and fine roots . They are known to play a role in decomposition processes and nutrient cycling in the soil due to their feeding habits and high population numbers .",pmc,3,0,,0,2,4.099,False,1.0,0.0,0.0,0.0,0.0,0.24978354978354977,1.0,0.0,0.0,0.0,0.0,0.435
P019,e2e_dense_generative,trophic_guild,,What does Folsomia candida feed on?,the Streptomyces colonies || Streptomyces,-1,,,4.2,,"Based on the provided documents, there is no specific information regarding the diet of *Folsomia candida*. The sources discuss morphological characteristics, distribution, and taxonomy but do not mention feeding habits . Further research would be needed to determine its dietary preferences.","Based on the provided documents, *Folsomia candida* primarily feeds on fungal hyphae and bacteria, and to some extent, on dead organic matter and fine roots . They are also known to consume plant material such as maize .",pmc,3,0,,0,2,3.96,False,1.0,0.0,0.0,0.046511627906976744,0.046511627906976744,0.24978354978354977,1.0,0.0,0.0,0.05128205128205128,0.05128205128205128,0.4727272727272727
P020,e2e_dense_generative,trophic_guild,,What does Folsomia candida feed on?,black fungi,-1,,,4.3,,"Based on the provided documents, there is no specific information regarding the diet of *Folsomia candida*. The sources discuss morphological characteristics, distribution, and taxonomy but do not mention feeding habits . Further research would be needed to determine its dietary preferences.","Based on the provided documents, Folsomia candida primarily feeds on fungal hyphae and bacteria, and to some extent, on dead organic matter and fine roots . They are not known to consume plant material directly .",pmc,3,0,,0,2,4.02,False,1.0,0.0,0.0,0.0,0.0,0.24978354978354977,1.0,0.0,0.0,0.0,0.0,0.3416666666666667
P021,e2e_dense_generative,trophic_guild,,What does Folsomia candida feed on?,the external hyphae of AMF || hyphae of AMF || AMF,-1,,,4.13,,"Based on the provided documents, there is no specific information about the diet of *Folsomia candida*. The sources discuss morphological characteristics, distribution, and taxonomy but do not mention feeding habits . Further research would be needed to determine its dietary preferences.","Based on the provided documents, *Folsomia candida* primarily feeds on fungal hyphae and bacteria, and to some extent, on dead organic matter and fine roots . They are also known to consume plant material such as maize, as indicated by enzymatic activity analysis in studies involving different maize varieties .",pmc,3,0,,0,2,3.946,False,1.0,0.0,0.0,0.0888888888888889,0.0888888888888889,0.24978354978354977,1.0,0.0,0.0,0.07547169811320754,0.07547169811320754,0.3956521739130435
P022,e2e_dense_generative,trophic_guild,,What does Folsomia candida feed on?,fungi growing on organic surfaces || fungi,-1,,,4.27,,"Based on the provided documents, there is no specific information about the diet of *Folsomia candida*. The sources discuss morphological characteristics, distribution, and taxonomy but do not mention feeding habits . Further research would be needed to determine its dietary preferences.","Based on the provided documents, *Folsomia candida* primarily feeds on fungal hyphae and bacteria, and to some extent, on dead organic matter and fine roots . They are known to play a role in decomposition processes and nutrient cycling in soil due to their feeding habits and high population densities .",pmc,3,0,,0,2,4.017,False,1.0,0.0,0.0,0.04444444444444445,0.04444444444444445,0.24978354978354977,1.0,0.0,0.0,0.07407407407407406,0.07407407407407406,0.4041666666666667
P023,e2e_dense_generative,trophic_guild,,What does Folsomia candida feed on?,seven saprophytic fungal species || saprophytic fungal species || fungi,-1,,,4.19,,"Based on the provided documents, there is no specific information about the diet of *Folsomia candida*. The sources discuss morphological characteristics, distribution, and taxonomy but do not mention feeding habits . Further research would be needed to determine its dietary preferences.","Based on the provided documents, Folsomia candida primarily feeds on fungal hyphae and bacteria, and to some extent, on dead organic matter and fine roots . They are known to play a role in decomposition processes and nutrient cycling in the soil due to their feeding habits and high population densities .",pmc,3,0,,0,2,4.011,False,1.0,0.0,0.0,0.0,0.0,0.24978354978354977,1.0,0.0,0.0,0.03773584905660377,0.03773584905660377,0.415
P024,e2e_dense_generative,trophic_guild,,What does Folsomia candida feed on?,T. virens || Trichoderma virens || T. virens Gv29.8,-1,,,4.1,,"Based on the provided documents, there is no specific information regarding the diet of *Folsomia candida*. The sources discuss morphological characteristics, distribution, and taxonomy but do not mention feeding habits . Further research would be needed to determine its dietary preferences.","Based on the provided documents, Folsomia candida primarily feeds on fungal hyphae and bacteria, and to some extent, on dead organic matter and fine roots . They are not known to feed on living plant tissue or other organisms directly .",pmc,3,0,,0,2,3.856,False,1.0,0.0,0.0,0.0,0.0,0.24978354978354977,1.0,0.0,0.0,0.0,0.0,0.38928571428571423
P025,e2e_dense_generative,trophic_guild,,What does Folsomia candida feed on?,preferred fungal species || fungal species || fungi,-1,,,3.86,,"Based on the provided documents, there is no specific information regarding the diet of *Folsomia candida*. The sources discuss morphological characteristics, distribution, and taxonomy but do not mention feeding habits . Further research would be needed to determine its dietary preferences.","Based on the provided documents, Folsomia candida primarily feeds on fungal hyphae and bacteria, and to some extent, on dead organic matter and fine roots . They are also known to consume plant material such as maize .",pmc,3,0,,0,2,3.68,False,1.0,0.0,0.0,0.0,0.0,0.24978354978354977,1.0,0.0,0.0,0.05263157894736842,0.05263157894736842,0.4727272727272727
P026,e2e_dense_generative,trophic_guild,,What does Folsomia candida feed on?,fungi without chemical defenses || fungi without repellant crystalline structures || modified A. nidulans || fungi,-1,,,3.92,,"Based on the provided documents, there is no specific information about the diet of *Folsomia candida*. The sources discuss morphological characteristics, distribution, and taxonomy but do not mention feeding habits . Further research would be needed to determine its dietary preferences.","Based on the provided documents, *Folsomia candida* primarily feeds on fungal hyphae and bacteria, and to some extent, on dead organic matter and fine roots . They are also known to consume plant material such as maize .",pmc,3,0,,0,2,3.698,False,1.0,0.0,0.0,0.0,0.0,0.24978354978354977,1.0,0.0,0.0,0.0,0.0,0.4727272727272727
P028,e2e_dense_generative,trophic_guild,,What does Folsomia fimetarioides feed on?,metal-tolerant fungi || fungi,-1,,,4.59,,"Based on the provided documents, there is no specific information about the feeding habits of *Folsomia fimetarioides*. The sources discuss taxonomic details and morphological characteristics of various *Folsomia* species but do not mention dietary preferences . Further research would be needed to determine its diet.","Based on the provided documents, Folsomia fimetarioides shows a higher preference for metal-tolerant fungi compared to Isotomiella minor when given choices between different fungal types . However, specific details about its dietary preferences beyond fungi are not explicitly mentioned in the sources.",medline,3,0,,0,5,4.411,False,1.0,0.0,0.0,0.0,0.0,0.3148148148148148,1.0,0.0,1.0,0.09302325581395349,0.13333333333333333,0.45
P029,e2e_dense_generative,trophic_guild,,What does Folsomia octoculata feed on?,root-derived carbon || mycorrhizal fungi,-1,,,5.19,,"Based on the provided documents, there is no specific information about the diet of *Folsomia octoculata*. The sources mention related species such as *Erpobdella octoculata* and describe morphological characteristics of *Folsomia* species, but none provide feeding habits for *Folsomia octoculata* .","Based on the provided documents, Folsomia octoculata feeds on small invertebrates, specifically mentioning A. aquaticus and, to a lesser extent, L. peregra . However, it is important to note that Folsomia octoculata is actually a type of springtail, not a leech, and thus its diet differs from that of leeches like Erpobdella octoculata, which feed on blood and small invertebrates .",pmc,3,0,,0,5,4.905,False,1.0,0.0,0.0,0.0,0.0,0.5473484848484849,1.0,0.0,0.0,0.0,0.0,0.30702130702130703
P030,e2e_dense_generative,trophic_guild,,What does Folsomia quadrioculata feed on?,litter,-1,,,4.91,,"Based on the provided documents, there is no specific information regarding the diet of *Folsomia quadrioculata*. The sources describe morphological characteristics, distribution, and ecological preferences but do not mention feeding habits . Further research would be needed to determine its dietary preferences.","Based on the provided documents, Folsomia quadrioculata is described as a litter-dwelling species . While specific feeding habits are not explicitly mentioned, its classification as a litter-dweller suggests it likely feeds on organic matter present in leaf litter, such as decaying plant material and fungal biomass . This aligns with the general diet of many Collembola species, which are detritivores .",pmc,3,0,,0,2,4.715,False,1.0,0.0,0.0,0.0,0.0,0.304040404040404,1.0,0.0,1.0,0.03389830508474576,0.03278688524590164,0.42467948717948717
P031,e2e_dense_generative,trophic_guild,,What does Heteromurus nitidus feed on?,nematodes,-1,,,4.61,,"Based on the provided documents, there is no specific information about the diet or feeding habits of *Heteromurus nitidus*. The sources describe its distribution, habitat, and taxonomic details but do not mention what it feeds on .","Based on the provided documents, Heteromurus nitidus feeds on nematodes, as indicated by Lee and Widden (1996) and Fiera (2014) . Additionally, it exhibits avoidance behavior toward chitinase-producing fungi such as Trichoderma . There is no direct mention of its dietary preferences beyond nematodes and interactions with fungi.",pmc,3,0,,0,5,4.339,False,1.0,0.0,0.0,0.0,0.0,0.3550420168067227,1.0,0.0,1.0,0.042553191489361694,0.04166666666666667,0.2606060606060606
P032,e2e_dense_generative,trophic_guild,,What does Heteromurus nitidus feed on?,Zymoseptoria tritici || Z. tritici || fungal pathogen,-1,,,4.39,,"Based on the provided documents, there is no specific information about the diet or feeding habits of *Heteromurus nitidus*. The sources describe its distribution, habitat, and taxonomic details but do not mention what it feeds on .","Based on the provided documents, Heteromurus nitidus feeds on a variety of food sources, including nematodes and possibly other small organisms found in cave environments . It also shows avoidance behavior toward certain fungi, such as those producing chitinase, indicating that these fungi are not part of its diet . Additionally, it is mentioned as a potential prey item for rove beetles . However, specific details about its dietary preferences beyond these observations are limited in the given sources.",pmc,3,0,,0,5,4.211,False,1.0,0.0,0.0,0.0,0.0,0.3550420168067227,1.0,0.0,0.0,0.0,0.0,0.4562952898550725
P033,e2e_dense_generative,trophic_guild,,What does Isotoma caerulea feed on?,plant litter and root exudates || plant litter || root exudates,-1,,,4.42,,"Based on the provided documents, there is no specific information about the diet of *Isotoma caerulea*. The available sources discuss other species such as *Altica caerulea* and *Sordaria caerulea*, but not *Isotoma caerulea* . Therefore, the feeding habits of *Isotoma caerulea* cannot be determined from the given sources.","Based on the provided documents, Isotoma caerulea feeds on older plant material and microorganisms, as indicated by isotopic analysis showing a shift towards these resources in their diet compared to younger substrates . This suggests that Isotoma caerulea utilizes both plant matter and microbial components as part of its dietary preferences.",pmc,3,0,,0,4,4.071,False,1.0,0.0,0.0,0.03846153846153846,0.03846153846153846,0.4904507257448434,1.0,0.0,0.0,0.07272727272727272,0.07272727272727272,0.2962962962962963
P034,e2e_dense_generative,trophic_guild,,What does Isotoma viridis feed on?,Fungal hyphae || Fungal spores || Diatom algae,-1,,,4.71,,"Based on the provided documents, there is no specific information regarding the diet or feeding habits of *Isotoma viridis*. The sources primarily discuss taxonomic details, distribution, and morphological characteristics of *Isotoma viridis* and related species . Therefore, the feeding preferences of *Isotoma viridis* cannot be determined from the given data.","Based on the provided documents, 13C and 15N isotopic analyses suggest that *Isotoma viridis* feeds on a diet that can include minerals, biofilms, and later, fungal material depending on environmental conditions . Additionally, it has been noted that this species can adapt its feeding habits over time, transitioning from consuming mineral particles and biofilms to becoming a typical fungal feeder in older soils .",pmc,3,0,,0,4,4.517,False,1.0,0.0,0.0,0.0,0.0,0.431547619047619,1.0,0.0,0.0,0.03125,0.03125,0.21215880893300249
P035,e2e_dense_generative,trophic_guild,,What does Isotoma viridis feed on?,dead organic matter || microorganisms,-1,,,4.4,,"Based on the provided documents, there is no specific information regarding the diet or feeding habits of *Isotoma viridis*. The sources primarily discuss taxonomy, distribution, and morphological characteristics of *Isotoma viridis* and related species . For detailed ecological information including dietary preferences, additional research would be required.","Based on the provided documents, *Isotoma viridis* feeds on a variety of resources including mineral particles, biofilms, fungal hyphae, spores, and possibly other organic matter depending on the age and conditions of the habitat . It is noted as a generalist feeder among Collembola .",pmc,3,0,,0,4,4.027,False,1.0,0.0,0.0,0.0,0.0,0.2984126984126984,1.0,0.0,0.0,0.08695652173913045,0.08695652173913045,0.3007662835249042
P038,e2e_dense_generative,trophic_guild,,What does Isotomurus palustris feed on?,nematodes || nematode,-1,,,4.54,,"Based on the provided documents, there is no specific information regarding the diet or feeding habits of *Isotomurus palustris*. The sources describe its ecological preferences and distribution but do not mention what it feeds on .","Based on the provided documents, *Isotomurus palustris* feeds on nematodes, specifically the cysts of *Heterodera cruciferae*, which it perforates and consumes the nematodes within the cysts . There is no additional specific dietary information provided about *I. palustris* beyond its interaction with nematodes.",pmc,2,0,,0,1,4.348,False,1.0,0.0,0.0,0.0,0.0,0.29464285714285715,1.0,0.0,1.0,0.046511627906976744,0.046511627906976744,0.07936507936507936
P039,e2e_dense_generative,trophic_guild,,What does Lepidocyrtus chorus feed on?,pollen || plant material || fungal hyphae,-1,,,5.0,,"Based on the provided documents, Lepidocyrtus chorus sp. nov. feeds exclusively on pollen grains during the bloom of certain plants and may also feed opportunistically during other seasons . The mandibular molar plate of L. chorus sp. nov. is adapted for digesting pollen grains, as some pollen grains found in its gut had broken walls indicating digestion .","Based on the provided documents, Lepidocyrtus chorus sp. nov. feeds exclusively on pollen grains during the bloom of certain plants and may also feed opportunistically during other seasons . The mandibular molar plate of L. chorus sp. nov. is adapted for digesting pollen grains, as some pollen grains found in its gut had broken walls indicating digestion .",plazi,1,1,1,1,1,4.782,False,1.0,0.0,1.0,0.03508771929824561,0.03508771929824561,0.41228070175438597,1.0,0.0,1.0,0.03508771929824561,0.03508771929824561,0.41228070175438597
P040,e2e_dense_generative,trophic_guild,,What does Lepidocyrtus curvicollis feed on?,mycelium || fungi || fungivore,-1,,,4.28,,"Based on the provided documents, there is no specific information regarding the diet or feeding habits of *Lepidocyrtus curvicollis*. The sources describe its taxonomy, geographic distribution, and morphological characteristics but do not mention its food source . Further research would be needed to determine its dietary preferences.","Based on the provided documents, Lepidocyrtus curvicollis is a fungivorous microarthropod that feeds on fungal material, specifically mycelium. It consumes significantly more than its own body weight per day, indicating a high dietary intake of fungi .",medline,3,0,,0,3,4.101,False,1.0,0.0,0.0,0.0,0.0,0.16358543417366947,1.0,0.0,1.0,0.05405405405405406,0.05405405405405406,0.32478632478632474
P041,e2e_dense_generative,trophic_guild,,What does Lepidocyrtus cyaneus feed on?,fungivorous || fungi,-1,,,5.0,,"Based on the provided documents, there is no specific information regarding the diet of *Lepidocyrtus cyaneus*. The sources describe morphological characteristics, taxonomy, and distribution but do not mention feeding habits . Further research would be needed to determine its dietary preferences.","Based on the provided documents, Lepidocyrtus cyaneus feeds on ectomycorrhizal fungi. This is supported by evidence showing that this species specializes in consuming these fungi, unlike other fungivorous microarthropods which may graze on them . Additionally, its feeding behavior involves sucking up the cytoplasm of mycorrhizal hyphae rather than ingesting fungal membranes .",pmc,2,0,,0,5,4.741,False,1.0,0.0,0.0,0.0,0.0,0.22597402597402597,1.0,0.0,1.0,0.038461538461538464,0.038461538461538464,0.3320545609548167
P042,e2e_dense_generative,trophic_guild,,What does Lepidocyrtus cyaneus feed on?,fungi || bacteria,-1,,,4.71,,"Based on the provided documents, there is no specific information regarding the diet of *Lepidocyrtus cyaneus*. The sources describe morphological characteristics, taxonomy, and distribution but do not mention feeding habits . Further research would be needed to determine its dietary preferences.","Based on the provided documents, Lepidocyrtus cyaneus feeds on ectomycorrhizal fungi. This is supported by evidence showing that this species specializes in consuming these fungi, differing from other fungivorous microarthropods like Collembola which graze on fungi . Additionally, its feeding behavior involves sucking up the cytoplasm of mycorrhizal hyphae rather than ingesting fungal membranes .",pmc,2,0,,0,5,4.467,False,1.0,0.0,0.0,0.0,0.0,0.22597402597402597,1.0,0.0,1.0,0.037037037037037035,0.037037037037037035,0.3517647058823529
P043,e2e_dense_generative,trophic_guild,,What does Lepidocyrtus lignorum feed on?,Fungal hyphae || Fungal spores,-1,,,5.06,,"Based on the provided documents, there is no specific information regarding the diet of *Lepidocyrtus lignorum*. The sources describe morphological characteristics and taxonomic relationships within the genus *Lepidocyrtus*, but do not mention feeding habits . Further research would be needed to determine the dietary preferences of this species.","Based on the provided documents, *Lepidocyrtus lignorum* primarily feeds on fungi. This is indicated by its preference for fungal materials, as evidenced by high trehalase activity and low cellulase and chitinase activity, suggesting a diet focused on fungal resources . Additionally, it has been observed to transition from consuming mineral particles and biofilms on younger soils to becoming a typical fungal feeder on older soils .",pmc,3,0,,0,5,4.791,False,1.0,0.0,0.0,0.0,0.0,0.39795389795389796,1.0,0.0,0.0,0.030303030303030304,0.030303030303030304,0.2426984126984127
P046,e2e_dense_generative,trophic_guild,,What does Neanura muscorum feed on?,P. polycephalum slime mould || slime mould || slime mold,-1,,,4.67,,"Based on the provided documents, there is no specific information regarding the diet of *Neanura muscorum*. The sources discuss taxonomic details, morphology, and distribution but do not mention feeding habits .","Based on the provided documents, Neanura muscorum feeds on slime moulds. This conclusion is drawn from studies aiming to investigate the potential of using slime moulds as a dietary resource for Neanuridae, with Neanura muscorum serving as a representative species . However, specific details about its feeding habits beyond this context are not elaborated upon in the given sources.",pmc,2,0,,0,5,4.49,False,1.0,0.0,0.0,0.0,0.0,0.3701298701298701,1.0,0.0,1.0,0.03333333333333333,0.03333333333333333,0.4731800766283525
P047,e2e_dense_generative,trophic_guild,,What does Onychiurus armatus feed on?,fungi,-1,,,4.81,,"Based on the provided documents, there is no specific information about the feeding habits of *Onychiurus armatus*. However, related species such as *Onychiurus antennalis* and *Onychiurus heilongjiangensis* are mentioned to occur under leaf litter, stones, and bricks, suggesting they may inhabit similar microhabitats , . These environments often support detritivorous diets, but this cannot be directly attributed to *Onychiurus armatus* without further evidence.","Based on the provided documents, Onychiurus armatus feeds on fungi, specifically showing feeding preferences influenced by fungal species and their nutritional content, including protein and metal concentrations . There is no explicit mention of other food sources in the given texts.",medline,3,0,,0,2,4.626,False,1.0,0.0,0.0,0.0,0.0,0.20797720797720798,1.0,0.0,1.0,0.04878048780487806,0.04878048780487806,0.4353146853146853
P048,e2e_dense_generative,trophic_guild,,What does Onychiurus armatus feed on?,Verticillium bulbillosum and Penicillium spinulosum || soil fungi || fungal biomass,-1,,,4.36,,"Based on the provided documents, there is no specific information about the feeding habits of *Onychiurus armatus*. However, related species such as *Onychiurus antennalis* and *Onychiurus heilongjiangensis* are mentioned to occur under leaf litter, stones, and bricks, suggesting they may inhabit similar microhabitats , . These environments often support detritivorous diets, but this cannot be directly attributed to *Onychiurus armatus* without further evidence.","Based on the provided documents, Onychiurus armatus feeds on fungi, specifically showing feeding preferences influenced by fungal species and their nutritional content, including protein and metal concentrations . There is no explicit mention of other food sources in the given texts.",medline,3,0,,0,2,4.147,False,1.0,0.0,0.0,0.030303030303030307,0.030303030303030307,0.20797720797720798,1.0,0.0,0.0,0.047619047619047616,0.047619047619047616,0.4353146853146853
P049,e2e_dense_generative,trophic_guild,,What does Onychiurus armatus feed on?,the nematodes within the cysts || nematodes || Heterodera cruciferae,-1,,,3.92,,"Based on the provided documents, there is no specific information about the feeding habits of *Onychiurus armatus*. The available data focus on morphological characteristics and distribution rather than dietary preferences . Further research would be needed to ascertain its diet.","Based on the provided documents, Onychiurus armatus feeds on fungi, specifically showing feeding preferences influenced by fungal species and their nutritional content, including protein and heavy metals like zinc and copper . There is no explicit mention of other food sources in the given texts.",medline,3,0,,0,1,3.738,False,1.0,0.0,0.0,0.09090909090909091,0.09090909090909091,0.22507122507122507,1.0,0.0,0.0,0.0816326530612245,0.0816326530612245,0.40384615384615385
P050,e2e_dense_generative,trophic_guild,,What does Onychiurus armatus feed on?,U. isabellina || Umbelopsis isabellina,-1,,,4.35,,"Based on the provided documents, there is no specific information about the feeding habits of *Onychiurus armatus*. However, related species such as *Onychiurus antennalis* and *Onychiurus heilongjiangensis* are mentioned to occur under leaf litter, stones, and bricks, suggesting they may inhabit similar microhabitats , . These environments often support detritivorous diets, but this cannot be directly attributed to *Onychiurus armatus* without further evidence.","Based on the provided documents, Onychiurus armatus feeds on fungi, specifically showing feeding preferences influenced by the presence of certain fungal species in metal-polluted environments . There is no explicit mention of other food sources in the given texts.",medline,3,0,,0,2,4.176,False,1.0,0.0,0.0,0.0,0.0,0.20797720797720798,1.0,0.0,0.0,0.0,0.0,0.4807692307692308
P052,e2e_dense_generative,trophic_guild,,What does Onychiurus sinensis feed on?,Trichoderma polysporum,-1,,,4.42,,"Based on the provided documents, there is no information indicating what Onychiurus sinensis feeds on. The available sources discuss various insect species, but none mention Onychiurus sinensis or its host plants. Therefore, it is not possible to determine the diet of Onychiurus sinensis from the given sources.","Based on the provided documents, there is no specific mention of what *Onychiurus sinensis* feeds on. However, document  refers to *Onychiurus folsomi*, which is a different species, and discusses its response to methyl tert-butyl ether toxicity. Therefore, the dietary habits of *Onychiurus sinensis* are not addressed in the given sources.",medline,3,0,,0,1,4.142,False,0.0,0.0,0.0,0.0,0.0,0.30833333333333335,1.0,0.0,0.0,0.0,0.0,0.32965367965367964
P053,e2e_dense_generative,trophic_guild,,What does Orchesella cincta feed on?,algae,-1,,,4.63,,"Based on the provided documents, there is no specific mention of the diet or food sources of *Orchesella cincta*. The sources describe its habitats and geographical distributions but do not provide information about its feeding habits . Therefore, the dietary preferences of this species remain unspecified in the given context.","Based on the provided documents, Orchesella cincta feeds on algae, specifically the alga Pleurococcus (syn. Desmococcus), and also consumes fungal components like baker's yeast . Additionally, they are described as detritivores that feed on fungi, bacteria, algae, and actinomycetes .",pmc,3,0,,0,4,4.454,False,0.0,0.0,0.0,0.0,0.0,0.33171730230553764,1.0,0.0,1.0,0.05128205128205127,0.05,0.3846560846560847
P054,e2e_dense_generative,trophic_guild,,What does Orchesella cincta feed on?,C. cladosporioides || Cladosporium cladosporioides,-1,,,4.38,,"Based on the provided documents, there is no specific mention of the diet or food sources of *Orchesella cincta*. The sources describe its habitats and distributions but do not provide information about what it feeds on . Therefore, the dietary preferences of this species remain unspecified in the given context.","Based on the provided documents, Orchesella cincta feeds on algae, specifically the alga Pleurococcus (syn. Desmococcus), and also consumes fungal components like baker's yeast . Additionally, they are described as detritivores that feed on fungi, bacteria, algae, and actinomycetes .",pmc,3,0,,0,4,4.154,False,0.0,0.0,0.0,0.0,0.0,0.35132514544279253,1.0,0.0,0.0,0.0,0.0,0.3846560846560847
P055,e2e_dense_generative,trophic_guild,,What does Orchesella cincta feed on?,plants and algae || algae,-1,,,4.33,,"Based on the provided documents, there is no specific mention of the diet or food sources of *Orchesella cincta*. The sources describe its habitats and geographical distributions but do not provide information about its feeding habits . Therefore, the dietary preferences of this species remain unspecified in the given context.","Based on the provided documents, Orchesella cincta feeds on algae, specifically the alga Pleurococcus (syn. Desmococcus), and also consumes fungal components like baker's yeast . Additionally, they are described as detritivores that feed on fungi, bacteria, algae, and actinomycetes .",pmc,3,0,,0,4,4.153,False,0.0,0.0,0.0,0.03846153846153846,0.03846153846153846,0.33171730230553764,1.0,0.0,1.0,0.09756097560975609,0.09523809523809523,0.3846560846560847
P056,e2e_dense_generative,trophic_guild,,What does Orchesella flavescens feed on?,plant particles || plant-synthesised FAs and plant particles || plant material,-1,,,4.27,,"Based on the provided documents, there is no specific information about the feeding habits of *Orchesella flavescens*. The document  provides details about its distribution but does not mention its diet. Therefore, the dietary preferences of *Orchesella flavescens* cannot be determined from the given sources.","Based on the provided documents, Orchesella flavescens feeds primarily on amorphous organic matter, with fungal hyphae and spores commonly observed in their diet . Additionally, it is associated with high proportions of plant-synthesized fatty acids and plant particles in its gut, indicating a preference for plant-derived materials .",pmc,2,0,,0,1,4.062,False,1.0,0.0,0.0,0.0,0.0,0.15445665445665446,1.0,0.0,1.0,0.11764705882352941,0.14814814814814814,0.3285024154589372
P057,e2e_dense_generative,trophic_guild,,What does Orchesella villosa feed on?,wheat plants || primary decomposers || plant material || plant-derived resources,-1,,,4.61,,"Based on the provided documents, there is no specific information about the diet of *Orchesella villosa*. The available sources discuss its taxonomy, morphological features, and geographic distribution but do not mention feeding habits . Further research would be needed to determine its dietary preferences.","Based on the provided documents, there is no direct information about the feeding habits of *Orchesella villosa*. The sources discuss aspects such as mating behavior, sperm structure, and population dynamics related to other organisms like *Spodoptera frugiperda* and *Oribatida*, but none specifically mention the diet of *Orchesella villosa* . Further research would be needed to determine its dietary preferences.",medline,3,0,,0,3,4.435,False,1.0,0.0,0.0,0.0,0.0,0.2966131907308378,0.0,0.0,0.0,0.0,0.0,0.4324372759856631
P058,e2e_dense_generative,trophic_guild,,What does Parisotoma notabilis feed on?,microorganisms associated with roots || microorganisms,-1,,,4.7,,"Based on the provided documents, there is no specific information about the diet of *Parisotoma notabilis*. The texts primarily discuss the taxonomy, distribution, and morphological characteristics of *Parisotoma notabilis* and related species, but do not mention feeding habits . Further research would be needed to determine its dietary preferences.","Based on the provided documents, *Parisotoma notabilis* is described as a secondary decomposer that likely relies more on bacteria through an external rumen feeding strategy . It is also noted to be part of the soil food web where it incorporates mineral nitrogen, suggesting its diet includes organic matter and microorganisms . However, specific details about its exact dietary preferences are not explicitly stated in the given texts.",pmc,3,0,,0,5,4.458,False,1.0,0.0,0.0,0.0,0.0,0.4484848484848485,1.0,0.0,1.0,0.02985074626865672,0.02985074626865672,0.39
P060,e2e_dense_generative,trophic_guild,,What does Proisotoma minuta feed on?,mycophagous || mycelia || fungi,-1,,,4.68,,"Based on the provided documents, there is no specific information about the feeding habits of *Proisotoma minuta*. The sources discuss its morphology, distribution, and ecological preferences but do not mention its diet . Further research would be needed to determine its food source.","Based on the provided documents, *Proisotoma minuta* feeds primarily on soil fungi, including both mycorrhizal and saprotrophic fungi. It is described as a generalist predator that also consumes other soil microorganisms such as protozoa, nematodes, rotifers, and possibly plant material like leaf litter or living roots . Additionally, it has been noted to aggregate around fungal cultures, suggesting a significant reliance on fungal resources .",pmc,3,0,,0,2,4.482,False,1.0,0.0,0.0,0.0,0.0,0.15555555555555556,1.0,0.0,1.0,0.03125,0.03125,0.31377935789700495
P061,e2e_dense_generative,trophic_guild,,What does Proisotoma minuta feed on?,Rhizoctonia solani || mycophagous || fungi,-1,,,4.3,,"Based on the provided documents, there is no specific information about the feeding habits of *Proisotoma minuta*. The sources discuss its morphology, distribution, and ecological preferences but do not mention its diet . Further research would be needed to determine its food source.","Based on the provided documents, *Proisotoma minuta* feeds primarily on soil fungi, including both mycorrhizal and saprotrophic fungi. It is described as a generalist predator that also consumes other soil microorganisms such as protozoa, nematodes, rotifers, and possibly plant material like leaf litter or living roots . Additionally, it has been noted to aggregate around fungal cultures, suggesting a significant reliance on fungal resources .",pmc,3,0,,0,2,4.106,False,1.0,0.0,0.0,0.0,0.0,0.15555555555555556,1.0,0.0,1.0,0.03125,0.03125,0.31377935789700495
P062,e2e_dense_generative,trophic_guild,,What does Proisotoma minuta feed on?,fungivorous || fungi,-1,,,4.33,,"Based on the provided documents, there is no specific information about the feeding habits of *Proisotoma minuta*. The sources discuss its morphology, distribution, and ecological preferences but do not mention its diet . Further research would be needed to determine its food source.","Based on the provided documents, *Proisotoma minuta* feeds primarily on soil fungi, including both mycorrhizal and saprotrophic fungi. It is described as a generalist predator that also consumes other soil microorganisms such as protozoa, nematodes, rotifers, and possibly plant material like leaf litter or living roots . Additionally, it has been noted to aggregate around fungal cultures, suggesting a significant reliance on fungal resources .",pmc,3,0,,0,2,4.147,False,1.0,0.0,0.0,0.0,0.0,0.15555555555555556,1.0,0.0,1.0,0.03125,0.03125,0.31377935789700495
P063,e2e_dense_generative,trophic_guild,,What does Protaphorura armata feed on?,saprophytic fungal species || fungi,-1,,,4.99,,"Based on the provided documents, Protaphorura armata is an euedaphic species, meaning it lives in the upper layers of soil. However, specific dietary information for Protaphorura armata is not directly mentioned in the given texts. The ecological notes refer to its presence in certain plant associations but do not specify its food source . Therefore, the exact diet of Protaphorura armata cannot be determined from the available information.","Based on the provided documents, *Protaphorura armata* feeds on bacterial nutrition, as evidenced by its ability to utilize bacteria as a food source . Additionally, it is noted that *P. armata* is a fungal feeder, indicating that it also consumes fungi . These findings suggest that *P. armata* has a diet that includes both bacteria and fungi.",pmc,3,0,,0,1,4.81,False,1.0,0.0,0.0,0.028571428571428574,0.028571428571428574,0.34484126984126984,1.0,0.0,1.0,0.03571428571428572,0.03571428571428572,0.3482828282828283
P064,e2e_dense_generative,trophic_guild,,What does Protaphorura armata feed on?,Trichoderma sp. || Trichoderma,-1,,,4.5,,"Based on the provided documents, there is no specific information regarding the diet of *Protaphorura armata*. The ecological notes mention its habitat preferences but not its food source . Therefore, the feeding habits of *Protaphorura armata* cannot be determined from the given sources.","Based on the provided documents, *Protaphorura armata* feeds on bacterial nutrition, as evidenced by its ability to utilize bacteria as a food source . Additionally, it is noted that *P. armata* is a fungal feeder, indicating that it also consumes microfungal conidia . These dietary preferences suggest that *P. armata* has a varied diet, potentially including other organic matter available in its habitat .",pmc,3,0,,0,1,4.223,False,1.0,0.0,0.0,0.0,0.0,0.2958152958152958,1.0,0.0,0.0,0.0,0.0,0.3103174603174603
P065,e2e_dense_generative,trophic_guild,,What does Protaphorura armata feed on?,Fusarium species || Fusarium,-1,,,4.52,,"Based on the provided documents, Protaphorura armata is an edaphic species, meaning it lives in soil environments. However, specific dietary information for Protaphorura armata is not directly mentioned in the given texts. The ecological notes refer to its presence in certain plant associations but do not specify what it feeds on . Therefore, the exact diet of Protaphorura armata is not detailed in the available sources.","Based on the provided documents, Protaphorura armata feeds on bacterial nutrition, as evidenced by its ability to utilize bacteria as a food source . Additionally, it is noted that Protaphorura armata is a fungal feeder, indicating that it also consumes fungi . These findings suggest that P. armata has a diet that includes both bacteria and fungi.",pmc,3,0,,0,1,4.338,False,1.0,0.0,0.0,0.029850746268656723,0.029850746268656723,0.343765664160401,1.0,0.0,0.0,0.0,0.0,0.3199346405228758
P066,e2e_dense_generative,trophic_guild,,What does Protaphorura fimata feed on?,seeds and germinating seedlings of lettuce || seeds || seedlings,-1,,,4.39,,"Based on the provided documents, there is no specific information regarding the diet of *Protaphorura fimata*. The sources discuss taxonomic details and morphological characteristics of various *Protaphorura* species but do not mention feeding habits .","Based on the provided documents, Protaphorura fimata feeds on germinating lettuce seeds and seedlings . Additionally, it has been observed consuming soil fungi such as Agrocybe gibberosa and Chaetomium globosum . There is no mention of other specific dietary items in the given sources.",medline,3,0,,0,5,4.183,False,1.0,0.0,0.0,0.1,0.1,0.3762626262626263,1.0,0.0,1.0,0.25,0.16666666666666666,0.5766381766381766
P067,e2e_dense_generative,trophic_guild,,What does Protaphorura fimata feed on?,roots,-1,,,4.3,,"Based on the provided documents, there is no specific information regarding the diet of *Protaphorura fimata*. The sources discuss taxonomic details and morphological characteristics of various *Protaphorura* species but do not mention feeding habits .","Based on the provided documents, Protaphorura fimata feeds on germinating lettuce seeds and seedlings . Additionally, it has been observed consuming soil fungi such as Agrocybe gibberosa and Chaetomium globosum . There is no mention of other specific dietary items in the given sources.",medline,3,0,,0,5,4.013,False,1.0,0.0,0.0,0.0,0.0,0.3762626262626263,1.0,0.0,0.0,0.0,0.0,0.5766381766381766
P068,e2e_dense_generative,trophic_guild,,What does Protaphorura fimata feed on?,the fungus Agrocybe gibberosa || Agrocybe gibberosa || fungus,-1,,,4.15,,"Based on the provided documents, there is no specific information regarding the diet of *Protaphorura fimata*. The sources discuss taxonomic details and morphological characteristics of various *Protaphorura* species but do not mention feeding habits .","Based on the provided documents, Protaphorura fimata feeds on germinating lettuce seeds and seedlings . Additionally, it has been observed consuming soil fungi such as Agrocybe gibberosa and Chaetomium globosum . There is no mention of other specific dietary items in the given sources.",medline,3,0,,0,5,3.973,False,1.0,0.0,0.0,0.05263157894736842,0.05263157894736842,0.3762626262626263,1.0,0.0,1.0,0.13043478260869565,0.13043478260869565,0.5766381766381766
P069,e2e_dense_generative,trophic_guild,,What does Protaphorura fimata feed on?,fine roots of Zea mays || fine roots || litter resources,-1,,,4.13,,"Based on the provided documents, there is no specific information regarding the diet of *Protaphorura fimata*. The sources discuss taxonomic details and morphological characteristics of various *Protaphorura* species but do not mention feeding habits .","Based on the provided documents, Protaphorura fimata feeds on germinating lettuce seeds and seedlings . Additionally, it has been observed consuming soil fungi such as Agrocybe gibberosa and Chaetomium globosum . There is no mention of other specific dietary items in the given sources.",medline,3,0,,0,5,3.924,False,1.0,0.0,0.0,0.05128205128205128,0.05128205128205128,0.3762626262626263,1.0,0.0,0.0,0.0425531914893617,0.0425531914893617,0.5766381766381766
P070,e2e_dense_generative,trophic_guild,,What does Protaphorura fimata feed on?,the fungal diet || fungal,-1,,,4.09,,"Based on the provided documents, there is no specific information regarding the diet of *Protaphorura fimata*. The sources discuss taxonomic details and morphological characteristics of various *Protaphorura* species but do not mention feeding habits .","Based on the provided documents, Protaphorura fimata feeds on germinating lettuce seeds and seedlings . Additionally, it has been observed consuming soil fungi such as Agrocybe gibberosa and Chaetomium globosum . There is no mention of other specific dietary items in the given sources.",medline,3,0,,0,5,3.908,False,1.0,0.0,0.0,0.10810810810810811,0.10810810810810811,0.3762626262626263,1.0,0.0,0.0,0.044444444444444446,0.044444444444444446,0.5766381766381766
P071,e2e_dense_generative,trophic_guild,,What does Sinella curviseta feed on?,nematodes || entomopathogenic nematodes,-1,,,4.91,,"Based on the provided documents, there is no specific information regarding the diet of *Sinella curviseta*. The sources describe morphological characteristics, distribution, and taxonomic notes but do not mention feeding habits , , . Additional research would be required to determine the ecological niche and dietary preferences of this species.","Based on the provided documents, Sinella curviseta primarily feeds on filamentous fungi, as well as fungi, humus, and lichens . It is noted to be a fungivorous springtail that interacts with filamentous fungi like *Aspergillus nidulans* . Additionally, it is mentioned that these microarthropods consume fungi, bacteria, algae, and actinomycetes, contributing to the nutrient cycle .",pmc,3,0,,0,3,4.615,False,1.0,0.0,0.0,0.0,0.0,0.3640151515151515,1.0,0.0,0.0,0.0,0.0,0.5208333333333334
P072,e2e_dense_generative,trophic_guild,,What does Sinella curviseta feed on?,fungivorous || fungi,-1,,,4.73,,"Based on the provided documents, there is no specific information regarding the diet of *Sinella curviseta*. The sources describe morphological characteristics, geographical distribution, and taxonomic notes, but none mention feeding habits , , . Additional research would be required to determine the dietary preferences of this species.","Based on the provided documents, Sinella curviseta primarily feeds on filamentous fungi, as well as fungi, humus, and lichens . It is noted to be a fungivorous springtail that interacts with filamentous fungi like *Aspergillus nidulans* . Additionally, it is mentioned that Sinella curviseta, along with other microarthropods, plays a role in altering soil ecosystems by affecting microbial and nematode communities .",pmc,3,0,,0,3,4.458,False,1.0,0.0,0.0,0.0,0.0,0.37202797202797205,1.0,0.0,1.0,0.03333333333333333,0.03333333333333333,0.5069444444444444
P076,e2e_dense_generative,trophic_guild,,What does Tomocerina varia feed on?,litter,-1,,,4.52,,"Based on the provided documents, there is no specific information regarding the diet of *Tomocerina varia*. The available sources discuss the habitat and morphology of related species but do not mention feeding habits for *Tomocerina varia* .","Based on the provided documents, Tomocerina varia feeds on plants, specifically mentioned as being fed upon by larvae of *Colias philodice* in studies involving *Coronilla varia*, *Medicago sativa*, and *Medicago alba*. However, no direct information about the specific dietary preferences of *Tomocerina varia* itself is provided in the sources.",medline,3,0,,0,5,4.308,False,1.0,0.0,0.0,0.0,0.0,0.5931818181818183,0.0,0.0,0.0,0.0,0.0,0.4358974358974359
P077,e2e_dense_generative,trophic_guild,,What does Tomocerus flavescens feed on?,algae,-1,,,4.91,,"Based on the provided documents, there is no specific information regarding the diet of *Tomocerus flavescens*. The sources mention taxonomic details, distribution, and morphological characteristics but do not address feeding habits . Further research would be required to determine its dietary preferences.","Based on the provided documents, Tomocerus flavescens is not explicitly mentioned as having a specific diet. However, related species within the genus Tomocerus, such as Tomocerus caecus sp. nov. and others, are described as feeding on algae . Additionally, Monema flavescens, which is closely related, is noted to be polyphagous and feeds on broadleaves, with reports on 51 plant species across 24 families . Therefore, it is plausible that Tomocerus flavescens may have a similar dietary preference, potentially including both algae and plant material.",medline,2,0,,0,1,4.719,False,1.0,0.0,0.0,0.0,0.0,0.06060606060606061,1.0,0.0,1.0,0.024096385542168676,0.024096385542168676,0.43906060606060604
P079,e2e_dense_generative,trophic_guild,,What does Tomocerus minor feed on?,fresh plant litter || plant litter,-1,,,4.49,,"Based on the provided documents, there is no specific information about the feeding habits of *Tomocerus minor*. The sources describe morphological characteristics, habitat, and distribution but do not mention dietary preferences . Further research would be needed to determine its diet.","Based on the provided documents, there is no direct information about the diet of *Tomocerus minor*. The sources discuss its morphology, predation dynamics, and life history traits but do not specify its feeding habits . Further studies would be needed to determine its dietary preferences.",medline,3,0,,0,5,4.29,False,1.0,0.0,0.0,0.0,0.0,0.38756613756613756,0.0,0.0,0.0,0.0,0.0,0.29225589225589227
P081,e2e_dense_generative,trophic_guild,,What does Vertagopus sarekensis feed on?,algae and microorganisms found on mosses || algae,-1,,,4.52,,"Based on the provided documents, there is no specific information regarding the diet of *Vertagopus sarekensis*. The sources discuss taxonomic details, morphological characteristics, and geographic distribution of various *Vertagopus* species, but none mention feeding habits or food sources for *V. sarekensis* . Further research would be required to determine its dietary preferences.","Based on the provided documents, Vertagopus sarekensis feeds on algae and microorganisms found on mosses . Additionally, it is noted that the predominant feeding strategy of T. velatus sarekensis is detritivory, potentially including microbial residues .",pmc,3,0,,0,4,4.308,False,1.0,0.0,0.0,0.07017543859649122,0.03508771929824561,0.28510101010101013,1.0,0.0,1.0,0.3,0.3,0.3742424242424242
P084,e2e_dense_generative,trophic_guild,,What does Crossodonthina feed on?,slime mold || slime molds,-1,,,4.52,,"Based on the provided documents, there is no specific information regarding the diet or feeding habits of any species within the genus *Crossodonthina*. The sources describe morphological characteristics and taxonomic details but do not mention dietary preferences .","Based on the provided documents, there is no specific information regarding the diet or feeding habits of Crossodonthina species. The descriptions focus on morphological characteristics rather than ecological preferences or dietary sources , , , , . Further research would be needed to determine their feeding ecology.",medline,3,0,,0,5,4.319,False,1.0,0.0,0.0,0.0,0.0,0.26587301587301587,1.0,0.0,0.0,0.0,0.0,0.28644688644688643
P086,e2e_dense_generative,trophic_guild,,What does Entomobrya feed on?,litter and its associated fungi and bacteria || litter || fungi and bacteria,-1,,,4.84,,"Based on the provided documents, there is no specific information regarding the diet or feeding habits of *Entomobrya* species. The sources describe morphological characteristics, distribution, and taxonomic details but do not mention dietary preferences . Further research would be needed to determine their ecological niche and food sources.","Based on the provided documents, *Entomobrya proxima* feeds on a variety of organic materials including dead organic matter, plant tissue, and fine roots, functioning as both decomposers and herbivores . It also utilizes carrion as a food source, indicating a diet that includes animal remains . Additionally, it may consume fungi, as some Collembola species exhibit mycophagy . However, specific details about its exact dietary preferences are limited in the given sources.",pmc,3,0,,0,5,4.603,False,1.0,0.0,0.0,0.07407407407407407,0.07407407407407407,0.3155067155067155,1.0,0.0,0.0,0.10526315789473682,0.05263157894736841,0.5122564935064935
P087,e2e_dense_generative,trophic_guild,,What does Entomobrya feed on?,litter material and the adhering fungi and bacteria || litter material || fungi and bacteria,-1,,,4.54,,"Based on the provided documents, there is no specific information regarding the diet or feeding habits of *Entomobrya* species. The sources describe morphological characteristics, distribution, and taxonomic details but do not mention dietary preferences . Further research would be needed to determine their food sources.","Based on the provided documents, *Entomobrya proxima* feeds on a variety of organic materials including dead organic matter, plant tissues, fine roots, and potentially fungi. It may also consume other small soil organisms, as it is known to interact with various food sources at different trophic levels . Additionally, some studies suggest that certain species within the genus *Entomobrya* might exhibit mycophagy, feeding on fungi such as those in the Agaricomycetes class .",pmc,3,0,,0,5,4.301,False,1.0,0.0,0.0,0.07692307692307693,0.07692307692307693,0.3206349206349206,1.0,0.0,0.0,0.0759493670886076,0.0759493670886076,0.6090909090909091
P089,e2e_dense_generative,trophic_guild,,What does Isotomiella feed on?,fungivores || fungi,-1,,,5.13,,"Based on the provided documents, there is no specific information regarding the diet or feeding habits of *Isotomiella* species. The sources describe morphological characteristics and distribution but do not mention dietary preferences . Further research would be needed to determine their food source.","Based on the provided documents, Isotomiella feeds primarily on microbial biomass, including bacteria and fungi, and shows a preference for microbivorous diets. It is noted that species like *Isotomiella cf. minor* are considered microbivores in undisturbed ecosystems, indicating their diet consists mainly of microorganisms rather than plant material . Additionally, some studies suggest that certain Collembola species, including those in the genus Isotomiella, may exhibit omnivorous tendencies, incorporating both microbial and detrital materials into their diet .",pmc,3,0,,0,5,4.882,False,1.0,0.0,0.0,0.0,0.0,0.20549450549450549,1.0,0.0,1.0,0.02631578947368421,0.02631578947368421,0.26749727668845313
P090,e2e_dense_generative,trophic_guild,,What does Isotomiella feed on?,microbivores || microbial,-1,,,4.71,,"Based on the provided documents, there is no specific information regarding the diet or feeding habits of *Isotomiella* species. The sources describe morphological characteristics and distribution but do not mention dietary preferences . Further research would be needed to determine their food source.","Based on the provided documents, Isotomiella feeds primarily on microbial biomass, including bacteria and fungi, and shows a preference for microbivorous diets. This is indicated by their high proportion of fungal material in the gut compared to other Collembola genera and their role as microbivores in undisturbed ecosystems . Additionally, they exhibit trophic niche differentiation, suggesting utilization of diverse food resources depending on habitat conditions .",pmc,3,0,,0,5,4.435,False,1.0,0.0,0.0,0.0,0.0,0.20549450549450549,1.0,0.0,1.0,0.03076923076923077,0.03076923076923077,0.3793363499245852
P091,e2e_dense_generative,trophic_guild,,What does Lepidocyrtus feed on?,pollen,-1,,,5.12,,"Based on the provided documents, Lepidocyrtus species are known to ingest pollen, either directly by visiting flowers or potentially through consumption of wind-borne pollen . The ability to digest pollen walls varies among Collembola species, with some capable of breaking down the pollen wall while others cannot . Specific dietary preferences within the genus Lepidocyrtus are not detailed in the given sources.","Based on the provided documents, Lepidocyrtus species are noted to have varied diets depending on the age and condition of the habitat. In younger habitats, they primarily consume mineral particles, while in older habitats, they transition to feeding on fungal hyphae and spores, eventually becoming typical fungal feeders . Additionally, they are mentioned as part of the mesofauna involved in the soil food web, where they interact with various components including plant communities and mineral nitrogen .",pmc,2,1,1,1,1,4.879,False,1.0,0.0,1.0,0.03278688524590164,0.03225806451612903,0.18466621098200045,1.0,0.0,0.0,0.0,0.0,0.431316686218647
P092,e2e_dense_generative,trophic_guild,,What does Onychiurus feed on?,decomposers || first trophic level,-1,,,4.67,,"Based on the provided documents, there is no specific information regarding the diet of Onychiurus species. The sources describe morphological characteristics and taxonomic details but do not mention feeding habits . Further research would be needed to determine their dietary preferences.","Based on the provided documents, Onychiurus feeds primarily on fungi and organic matter, including gram-positive bacteria and amorphous materials . It has been observed feeding on fungi colonizing holm oak litter . Additionally, it may consume detritus and interact with other soil organisms, influencing plant growth and aphid reproduction .",pmc,3,0,,0,5,4.489,False,1.0,0.0,0.0,0.0,0.0,0.13852813852813853,1.0,0.0,0.0,0.0,0.0,0.2995925642984466
P095,e2e_dense_generative,trophic_guild,,What does Proisotoma feed on?,litter and some fungi || litter || fungi,-1,,,4.52,,"Based on the provided documents, there is no specific information regarding the diet of *Proisotoma*. The sources discuss taxonomic classifications, morphological characteristics, and phylogenetic relationships within the genus *Proisotoma* and related groups, but none mention feeding habits or food sources . Further research would be needed to determine the dietary preferences of this genus.","Based on the provided documents, *Proisotoma* feeds on dead organic matter, functioning as decomposers, and also acts as herbivores by consuming plant tissue and fine roots . Additionally, it aggregates to feed on PDA plugs, indicating a preference for fungal-related substrates .",pmc,3,0,,0,5,4.295,False,1.0,0.0,0.0,0.03508771929824561,0.03508771929824561,0.40153846153846157,1.0,0.0,0.0,0.045454545454545456,0.04444444444444444,0.39285714285714285
P096,e2e_dense_generative,trophic_guild,,What does Protaphorura feed on?,fungi || fungi-synthesised FAs and fungi in the gut,-1,,,4.71,,"Based on the provided documents, there is no specific information regarding the diet or feeding habits of *Protaphorura* species. The sources focus on morphological characteristics and taxonomic distinctions rather than ecological data related to feeding behavior .","Based on the provided documents, Protaphorura feeds on fungal synthesized fatty acids and fungi, indicating a diet primarily composed of fungal materials . Additionally, bacterial nutrition has been demonstrated in the onychiurid springtail *Protaphorura armata* . This suggests that *Protaphorura* species have a dietary preference towards fungi and possibly bacteria.",pmc,3,0,,0,5,4.519,False,1.0,0.0,0.0,0.09302325581395349,0.04545454545454545,0.32563025210084034,1.0,0.0,1.0,0.14545454545454545,0.14285714285714285,0.3356676003734827
P097,e2e_dense_generative,trophic_guild,,What does Pseudosinella feed on?,fungivores || fungi,-1,,,4.71,,"Based on the provided documents, there is no specific information regarding the diet or feeding habits of *Pseudosinella* species. The sources focus on taxonomic descriptions and morphological characteristics rather than ecological or dietary preferences . Further research would be needed to determine their feeding behavior.","Based on the provided documents, Pseudosinella sp.1 is suggested to occupy the highest trophic position among Collembola species, potentially feeding on mycorrhizal fungi or acting as predators on nematodes . Additionally, some studies indicate that certain Pseudosinella species might consume bacteria or bacterial-feeding nematodes, as their abundance correlates with specific Collembola densities in different habitats . However, direct observations of feeding behavior on living organisms are limited in the available literature.",pmc,3,0,,0,5,4.529,False,1.0,0.0,0.0,0.0,0.0,0.2523809523809524,1.0,0.0,1.0,0.02857142857142857,0.02777777777777778,0.4361352657004831
P098,e2e_dense_generative,trophic_guild,,What does Pseudosinella feed on?,predator or scavenger || predator || scavenger || microbivores,-1,,,4.66,,"Based on the provided documents, there is no specific information regarding the diet or feeding habits of *Pseudosinella* species. The sources focus on taxonomic descriptions and morphological characteristics rather than ecological or dietary preferences . Further research would be needed to determine the feeding behavior of these organisms.","Based on the provided documents, Pseudosinella sp.1 is suggested to occupy the highest trophic position among Collembola species, possibly due to its diet consisting of microorganisms such as mycorrhizal fungi or predation on nematodes . Additionally, certain species like Pseudosinella sp.1 and others may feed on bacteria or bacterial-feeding nematodes, as their abundance correlates with specific microbial communities in the soil and litter . However, direct observations on the feeding behavior of Pseudosinella on living organisms are limited .",pmc,3,0,,0,5,4.414,False,1.0,0.0,0.0,0.04,0.04,0.2882783882783883,1.0,0.0,0.0,0.02531645569620253,0.024390243902439022,0.4954710144927536
P100,e2e_dense_generative,trophic_guild,,What does Tomocerus feed on?,"a variety of food materials including litter but also fungi and bacteria in the rhizosphere, algae as well as Nematoda || litter || fungi and bacteria || algae || Nematoda",-1,,,4.62,,"Based on the provided documents, there is no specific information regarding the diet of *Tomocerus* species. The sources describe morphological features, taxonomy, and ecology but do not mention feeding habits . Further research would be needed to determine their dietary preferences.","Based on the provided documents, Tomocerus feeds on mycorrhizal fungi and possibly other fungal resources. Specifically, it is noted that Tomocerus species vary in their diet, with some individuals consuming mycorrhizal fungi, which contribute to their diet through root-derived carbon . Additionally, there is evidence suggesting that at least one species, T. aegrota, may also feed on fungi directly .",pmc,3,0,,0,5,4.44,False,1.0,0.0,0.0,0.13333333333333333,0.06666666666666667,0.20216450216450216,1.0,0.0,0.0,0.12820512820512822,0.0759493670886076,0.31233766233766236
P101,e2e_dense_generative,trophic_guild,,What does Willowsia feed on?,superficial molds and fine organic debris || molds || fine organic debris || fungivorous – detritivorous,-1,,,4.5,,"Based on the provided documents, there is no specific information regarding the diet or feeding habits of Willowsia species. The sources primarily focus on taxonomy, morphology, and geographic distribution of various Willowsia species . Therefore, the feeding preferences of Willowsia remain unspecified in the given context.","Based on the provided documents, there is no specific information regarding the diet or feeding habits of Willowsia species. The sources focus on taxonomic descriptions, morphological characteristics, and geographical distributions of Willowsia species, but do not mention their ecological interactions or food sources . Further research would be needed to determine the feeding ecology of these springtails.",medline,3,0,,0,5,4.241,False,1.0,0.0,0.0,0.0392156862745098,0.0392156862745098,0.376984126984127,1.0,0.0,0.0,0.03225806451612903,0.03225806451612903,0.37225274725274726
