qid,docid,taxon,family,question_type,question,gold_answer,gold_context,answer_offset,text_length,treatment_title,article_title,doi,treatment_uri,curation_note
K001,038187D3FFFEFFAEFF27FF3DFA3EAA55,Arrhopalites potapovi,unassigned,body_length,What is the body length of Arrhopalites potapovi?,0.88 mm || up to 0.88 mm,"Diagnosis. Body length up to 0.88 mm. White or very slightly pigmented with reddish spots. Trichobothria ABC form right angle and AB =2 BC. Antenna about 1.3× of head length; Ant IV not subdivided or with about 5 pseudosubsegments, with 12 whorls of setae. Head dorsum with 13 spine-like setae. All claws with inner tooth, claws II and ",29,13052,"Arrhopalites potapovi Vargovitsh, 2015, sp. nov.","Arrhopalites potapovi sp. nov. (Collembola, Symphypleona) from Russia",10.11646/zootaxa.3955.1.5,http://treatment.plazi.org/id/038187D3FFFEFFAEFF27FF3DFA3EAA55,
K002,2A2387A2FFC3215FFF06FB4DFC001A22,Heteroisotoma sinorossica,Isotomidae,etymology,What does the name of Heteroisotoma sinorossica refer to?,its distribution || China and Russia," from normal sensilla in width and form of tip. The specimens from Bikin have no guard e7 on labium. Since presence of this guard is not stable in other populations (may be absent on one side) we assume Bikin specimens to belong to H.sinorossica sp. nov. , too. Etymology. The species is named after its distribution. China and Russia were two countries where the species had been found first. Distribution and ecology. Probably widely distributed in coastal ridges of NE China, North Korea, and South of Far East of Russia. In moist and rich forest litter, rather eurytopic.",7483,7758,"Heteroisotoma sinorossica Jie, Potapov & Sokolova, 2011, sp. nov.",Further study on the labial palp in the Isotomidae (Collembola) with reference to the genus Heteroisotoma Stach,10.5281/zenodo.203949,http://treatment.plazi.org/id/2A2387A2FFC3215FFF06FB4DFC001A22,
K003,03F06833FFAF647A8CC6F741FCDBFD87,Ephemerotoma skarzynskii,Hypogastruridae,habitat,What is the habitat of Ephemerotoma skarzynskii?,oak leaf litter || in oak leaf litter and on the ground,"ism between the two species is impossible since E. skarzynskii sp. nov. is described based on females and non reproductive males while E. porcella was collected in a reproducing population. Distribution and ecology. Known only from the type locality. The species was observed in mass aggregations in oak leaf litter and on the ground. It was recorded only in January and February and was absent in June and September. Name derivation. It is our pleasure to dedicate this species to our colleague, Dr. Dariusz Skarżyński, the leading expert on collembolans of the family Hypogastruridae .",5337,5624,"Ephemerotoma skarzynskii Potapov, Kahrarian, Deharveng & Shayanmehr, 2015, sp. nov.",Taxonomy of the Proisotoma complex. V. Sexually dimorphic Ephemerotoma gen. nov. (Collembola: Isotomidae),10.11646/zootaxa.4052.3.4,http://treatment.plazi.org/id/03F06833FFAF647A8CC6F741FCDBFD87,candidate span was not the type locality; habitat stated instead
K004,A05387E7F331450CFF46B0B7FB41F644,Folsomia wanxianesis,Isotomidae,type_locality,What is the type locality of Folsomia wanxianensis?,Wanxian,"Type material. Holotype: female, China: Chongqing: Wanxian, Lihua Village, 252m alt., under stones in the village, 6.ix.1998, collection number C8639, coll. Meng Wen-xin et al. Paratypes: 3 females and 1 male, the same data as holotype. Deposited in the Department of Biology, Nanjing University. Description. Body length. Up to 0.62mm. Color. Background col",51,7746,"Folsomia wanxianesis Ji, Ding & Chen, 2007, sp. nov.",A new species of Folsomia (Collembola: Isotomidae) from China,10.5281/zenodo.177573,http://treatment.plazi.org/id/A05387E7F331450CFF46B0B7FB41F644,span captured a heading; type locality given in etymology; name spelled as in text
K005,03C387C2FFE6FFC7FE9C435EAF713706,Arrhopalites plectrifer,Arrhopalitidae,body_length,What is the body length of Arrhopalites plectrifer?,1.0 mm || ~1.0 mm,"Type locality: El Salvador. Cochlearifer ­group. Total length, ~1.0 mm. Ant. III swollen basally, with a clear papilla. Ant. IV divided into five subsegments. All ungues with a small inner tooth, and tunica. First and second unguiculi with corner tooth, apical filament exceeding the unguis tip in all unguiculi. Dental chaetotaxy in table 3, ventral dental formula 3: 2",64,470,Arrhopalites plectrifer Huther 1963,"The genus Arrhopalites Börner, 1906 (Collembola, Appendiciphora, Arrhopalitidae) in the Neotropical Region, with description of four new cave species from Brazil",10.5281/zenodo.171788,http://treatment.plazi.org/id/03C387C2FFE6FFC7FE9C435EAF713706,
K006,D21E1033FFE6FFB1FF1374B9E4D3FA78,Simonachorutes weinerae,Neanuridae,etymology,Who is Simonachorutes weinerae named after?,Wanda M. Weiner,"(S Poland), 29.viii.2014, leg. A. Piwnik, D. Skarżyński (IEB) ; paratype, female, same data as holotype (IEB) . Other material. Male, grassland on southern slope of gypsum hill, Wola Zagojska near Busko-Zdrój, Małopolska Upland (S Poland), 4.vii.1991, leg. M. Bieniek (ISEA). Etymology. Dedicated to Wanda M. Weiner, the excellent specialist in Collembola . Description. Body length without antennae 0.51–0.52 mm. Colour in alcohol blue. Granulation fine. Antennae slightly shorter than head (Fig. 18). Ant. I with 7, Ant. II with 11 and Ant. III with 22 ordinary setae. Ant. III and IV fused dorsally and separated",429,2619,"Simonachorutes weinerae Skarżyński, Arbea & Piwnik, 2016, sp. nov.","Simonachorutes, a new genus of Pseudachorutinae (Collembola, Neanuridae) from Europe",10.11646/zootaxa.4205.2.6,http://treatment.plazi.org/id/D21E1033FFE6FFB1FF1374B9E4D3FA78,abbreviation cut the span
K007,03FF1701192EFF8F95AAFF229FB420E1,Plutomurus ruseki,Tomoceridae,habitat,What is the habitat of Plutomurus ruseki?,entrance and twilight zone of caves || caves || troglophilous,".v.i., Institute of Soil Biology, České Budějovice, Czech Republic), an outstanding Collembola taxonomist and ecologist, and Ph.D. supervisor and a great colleague of the last author. Ecology. It is a troglophilous species, considering the presence of pigmented body and 6+6 eyes. It lives mostly in entrance and twilight zone of caves, in several cases it was found to occupy even dark cave zone. It was also found to occupy forest soils and mosses. Distribution. This species is distributed in different karst regions of the Western Carpathians, Slovakia, with exception of the Pieniny Mountains. A Plutomurus specimen with 3 Mc on t",12802,13310,"Plutomurus ruseki Barjadze, Kovac & Parimuchova 2022, sp. nov.",Two new species of Plutomurus Yosii (Collembola: Tomoceridae) from the Caucasus and central Europe,10.11646/zootaxa.5169.3.2,http://treatment.plazi.org/id/03FF1701192EFF8F95AAFF229FB420E1,
K009,4ADF2244913052D886C0579DA546420B,Szeptyckitheca kac,Sminthuridae,distribution,What is the known distribution of Szeptyckitheca kac?,Brazil,"ithin the genus due the presence of 4+4 modified mac on the upper clypeus (f line) and the dens ventral chaetotaxy formula of 4,1...1 chaetae. Further data on the species are presented in Table I. Habitat. Specimens were found in the canopy of rainforest (Zeppelini et al. 2018). Known distribution. Brazil (Zeppelini et al. 2018).",1609,1640,"Szeptyckitheca kac Zeppelini, Lopes & Lima 2018","Revisiting Szeptyckitheca Betsch & Weiner (Collembola, Symphypleona, Sminthuridae): new species, updated diagnoses, and a key",http://dx.doi.org/10.3897/zookeys.1186.111837,http://treatment.plazi.org/id/4ADF2244913052D886C0579DA546420B,
K010,AA5587BF5C3EFFB3FF22F8E3FC6C6694,Stenaphorura shaconage,Tullbergiidae,etymology,What does the name of Stenaphorura shaconage refer to?,a Cherokee word meaning “place (or land) of blue smoke” || place (or land) of blue smoke || Cherokee word,"; aperture flanked posteriorly by two wavy setulae; granule-free zones each with one seta in posterior area. Anal lobes of Abd. VI with complete complement of setae. Pleural regions of Abd. II‒IV each with anterior and posterior blunt sensilliform setae. Etymology. The specific name, shaconage , is a Cherokee word meaning “place (or land) of blue smoke”, referring to the hazy bluish appearance of the southern Appalachian Mountains and peaks along the Blue Ridge Parkway, where most of the specimens were collected. Remarks. Stenaphorura shaconage n. sp. is the first member of its genus reported from North America. The presence of two pairs of pseudo",6348,8661,"Stenaphorura shaconage Bernard, 2016, n. sp.","Two new genera and five new species of Tullbergiidae (Collembola) from the southern Appalachian Mountains of North America, with redescription of Tullbergia clavata Mills",10.11646/zootaxa.4162.3.3,http://treatment.plazi.org/id/AA5587BF5C3EFFB3FF22F8E3FC6C6694,
K011,3D404F72FFDBFFD85E8FFB3CDC0BF977,Metacoelura majeri,Paronellidae,body_length,What is the body length of Metacoelura majeri?,2.3 mm || up to 2.3 mm,"Description. Body length up to 2.3 mm. Ant. I and proximal part of Ant. II blue, Ant. III & IV white. Eye patches dark blue and narrow blue stripe present anteriorly between eye patches. Two irregular medial longitudinal stripes present from Th. II to Abd. IV. Tibiotarsus with slight blue pigment; furcula white (Figs 5−6, 27). Antenna ",31,2948,"Metacoelura majeri Ma, Zhao & Greenslade, 2016, sp. nov.","A new species of Metacoelura (Collembola: Paronellidae) from Australia, and redescription of Metacoelura articulata",10.11646/zootaxa.4105.4.6,http://treatment.plazi.org/id/3D404F72FFDBFFD85E8FFB3CDC0BF977,
K012,F8468796FF92FFE0FD855DAAFAD537C0,Spinaethorax adamantis,Neelidae,body_length,What is the body length of Spinaethorax adamantis?,550 µm || ~ 550 µm,"erial examined Paratypes VIETNAM: 3 ♀♀, 1 ♂, 1 specimen of unknown sex on 3 slides, same data as the holotype, three paratypes deposited in the collection of the MNHN (France), two paratypes in the collection of the HCMU (Vietnam) . Description SIZE. Length from labrum to anus of largest specimen ~ 550 µm. PIGMENTATION. Whitish in alcohol. GENERAL SHAPE AND BODY SEGMENTATION (Fig. 1). Orthognathous. Antennae directed laterally with a slight curve toward the anterior direction, slender. Ant. III and IV fused. Total length of antenna ~ 148 µm; max width (Ant. III) ~ 18 µm; ratio width: length ~ 0.12; ",1734,15884,"Spinaethorax adamantis Schneider & Deharveng & Umr & Umr 2017, sp. nov.","First record of the genus Spinaethorax Papáč & Palacios-Vargas, 2016 (Collembola, Neelipleona, Neelidae) in Asia, with a new species from a Vietnamese cave",10.5852/ejt.2017.363,http://treatment.plazi.org/id/F8468796FF92FFE0FD855DAAFAD537C0,holotype depository not stated in this treatment; size given instead
K013,03BB9D1CFF8095204AC1FF2EFF46F819,Superodontella gladiator,Odontellidae,type_locality,What is the type locality of Superodontella gladiator?,"Pulchauki, in Mahabarat range, near Godavari || Pulchauki","presence of a genital plate cannot be confirmed due to the position of the furca), 4 adult or subadult paratypes mounted on the same slide as holotype; 2 paratypes prepared for SEM, 1 paratype in alcohol. Material deposited in the Muséum national d’Histoire naturelle de Paris. Type locality. Nepal: Pulchauki, in Mahabarat range, near Godavari, alt. 2300 m., in thick humus and leaf litter of a Rhododendron forest, 26 x 1977 sample NEP77B-208, L. Deharveng leg. Description. Habitus typical of adult Superodontella (Figs 1 and 11) as opposed to “large juvenile” form encountered in some species. Blue pigment sparse, more concentrated dorsall",376,12074,"Superodontella gladiator Agolin, Houssin & Deharveng, 2009, sp. nov.","Superodontella gladiator, a new species of the family Odontellidae (Collembola: Poduromorpha) from Nepal with extremely elongated mouthparts",10.5281/zenodo.189772,http://treatment.plazi.org/id/03BB9D1CFF8095204AC1FF2EFF46F819,
K014,C9E98ADD8F7F5DB0B7EE9E6D7F575FDB,Mastigoceras handschini,Orchesellidae,body_length,What is the body length of Mastigoceras handschini?,1.65 mm || 1.32 to 2.22 mm,"Figs 3, 4, 5, 6, 7, Table 1 Type material. Holotype: Brazil • 1 male, 1.65 mm; Piauí state, Pedro II municipality, Urubu-rei waterfall; 4 ° 19 ' 37.90 "" S, 41 ° 27 ' 45.89 "" W; 06 Nov. 2019; E. P. Santos leg.; soil surface / entomological aspirators; GenBank: PP 960563; deposited at CC / UFRN, Mastigoceras handschini . Paratypes: • 4 females and 4 males in slides, same data ",70,11612,"Mastigoceras handschini Rodrigues, Souza & Bellini 2024, sp. nov.","A century later: a new species of Mastigoceras Handschin, 1924 (Collembola, Orchesellidae), with morphological and systematic updates on the genus",10.3897/zookeys.1217.132351,http://treatment.plazi.org/id/C9E98ADD8F7F5DB0B7EE9E6D7F575FDB,
K015,887986AEB71CC457F209CDF0CADEB76C,Micronella longisensilla,Brachystomellidae,etymology,What does the name of Micronella longisensilla refer to?,the size of the sensilla in relation to ordinary chaetae || size of the sensilla," absent, but with a well-defined furcal area with six chaetae (Figs 24-25).Each anal valve with 11-12 chaetae and 2 hr chaetae; Abd VI with 3+3 chaetae on ventral side, 4+4 chaetae on dorsal side and one unpaired chaetae (Figs 26-27). Female genital plate as in Fig. 28. Etymology. In a reference to the size of the sensilla in relation to ordinary chaetae on body of the new species. Discussion. The new species, Micronella longisensilla sp. n., is well characterized in the genus (see Table 1). It differs from its congeners in relation to the ratio of ordinary chaetae: sensilla, that is 1:2, only four sensilla on Ant IV, a PAO with 12-13 vesicles, the",3877,4414,"Micronella longisensilla Queiroz & Mendonca, 2013, sp. n.","New species of Brachystomellidae and characterization of Micronella porcus (Denis, 1933) from Brazil",http://dx.doi.org/10.3897/zookeys.316.4869,http://treatment.plazi.org/id/887986AEB71CC457F209CDF0CADEB76C,
K016,03E0BD5B6056FFA0FF2CFC89FE26F869,Denisiella betschi,Sminthurididae,etymology,Who is Denisiella betschi named after?,Dr. Jean-Marie Betsch || Jean-Marie Betsch,"NUBRIUM WITH 7+7 SETAE, DENS WITH 37 POSTERIOR SETAE (FIG. 22), ANTERIOR SURfAcE WITH SETAL fORMULA 3,3,3,3,2,1,1,1 (FIG. 23). MUcRO WITH TWO LAMELLAE, INNER WITH ABOUT 16 SERRATIONS, OUTER SMOOTH, ONE MUcRONAL OUTER SETA (FIGS. 24 AND 25F). FEMALE UNKNOWN. Etymology. THE NEW SPEcIES IS NAMED AfTER DR. JEAN-MARIE BETScH, AS A REcOGNITION fOR HIS MAJOR cONTRIBUTIONS TO THE KNOWLEDGE ON COLLEMBOLA SYMPHYPLEONA . Distribution and habitat. THE SPEcIMENS WERE cOLLEcTED DURING THE BEGINNING Of THE RAINY SEASON IN A SEMIARID CAATINGA DOMAIN, LOcATED IN STATE Of PARAIBA, NORTHEASTERN BRAZIL (06°58' 27.7' 'S/34° 27' 32.2' ",3116,4083,"Denisiella betschi Palacios-Vargas & Ferreira & Zeppelini 2018, sp. nov.","Redefinition of Denisiella Folsom & Mills, 1938 (Collembola: Sminthurididae) with description of three new species from Brazil",10.11646/zootaxa.4434.1.7,http://treatment.plazi.org/id/03E0BD5B6056FFA0FF2CFC89FE26F869,treatment text has garbled capitalisation (OCR)
K017,03F0C638FFCEFFCCFDD8CF6C63EEFCC2,Sinoncopodura nana,Oncopoduridae,holotype_depository,Where is the holotype of Sinoncopodura nana deposited?,"College of Plant Protection, Nanjing Agricultural University || Nanjing Agricultural University || NJAU","ted on 22 May 2011, Baishanzu National Nature Reserve, Qingyuan County, Zhejiang Province, Southeast China, by Feng ZHANG and Daoyuan YU (sample C9662) . Paratypes: two males and two females on slides, a specimen on SEM stub, same data as holotype. Holotype and 2 paratypes on slide deposited in the College of Plant Protection, Nanjing Agricultural University (NJAU), Nanjing, China. Two paratypes on slide and a paratype on SEM stub deposited in the Muséum National d’ Histoire Naturelle (MNHN), Paris, France. Description Body appearance (Figure 1A). Length 580 μm on average without antennae (N = 6, maximum 625 μm for a female, minimum 540 μm for a male; ",359,11232,"Sinoncopodura nana Yu & Zhang & Deharveng 2014, sp. nov.",A remarkable new genus of Oncopoduridae (Collembola) from China,10.1080/00222933.2014.908968,http://treatment.plazi.org/id/03F0C638FFCEFFCCFDD8CF6C63EEFCC2,
K018,F00AC45AFFB8FFF694D5FBEA4DA113F7,Stenognathriopes janssensi,Bourletiellidae,distribution,What is the known distribution of Stenognathriopes janssensi?,Northeastern and Central Brazil," with predominance of crawling vegetation and shrubs. The sand dune is sparsely covered by leaf litter which is the habitat of the new species. The litter dries up completely from mid summer to the beginning autumn. Climate according to Köppen’s system is Am (Koppen 1936; Shear 1966). Distribution. Northeastern and Central Brazil (Good’s biogeographic zone 27) (Good 1974, Christiansen & Bellinger 1995, Culik & Zeppelini 2003). All specimens were found in similar habitats on four localities, municipalities of Mataraca, Conde, Pitimbú and type locality João Pessoa. The distribution covers the whole coast of Paraíba State (Fig",5777,9231,"Stenognathriopes (Tenentiella) janssensi Zeppelini & Silva 2012, sp. nov.","A new Stenognathriopes (Collembola, Symphypleona, Bourletiellidae) from Brazilian coast",,http://treatment.plazi.org/id/F00AC45AFFB8FFF694D5FBEA4DA113F7,
K019,6CB1AEDA09E85EB254C928B8B074EDF1,Cyphoderus khaochakanus,Cyphoderidae,habitat,What is the habitat of Cyphoderus khaochakanus?,on guano in the dark zone of a karstic cave || guano in the dark zone of a karstic cave || guano,"ZC2011.SAK-001H, male). Body Ant Head Ant.I Ant.II Ant.III Ant.IV Th.II Th.III Abd.I Abd.II Abd.III Abd.IV Abd.V Abd.VI Man Dens Mucro Etymology. From the locality ""Khao Chakan"" district, in SaKaeo province, where this species is found. Distribution. Only known from type locality. Ecology. Abundant on guano in the dark zone of a karstic cave.",7069,7113,"Cyphoderus khaochakanus Jantarit, Satasook & Deharveng, 2014, sp. n.","Cyphoderus (Cyphoderidae) as a major component of collembolan cave fauna in Thailand, with description of two new species",http://dx.doi.org/10.3897/zookeys.368.6393,http://treatment.plazi.org/id/6CB1AEDA09E85EB254C928B8B074EDF1,
K020,903A2131FFCFFFF792FDFC1150CCF837,Katianna maryae,Katiannidae,etymology,Who is Katianna maryae named after?,Mary Fitzpatrick," Description of male. Males similar to females in most respects. Length 0.7–0.9 mm. Head with variable violet patches on gena; large abdomen with large white patches; legs pale orange (Fig. 4 A). Three medial setae on Abd. VI (Fig. 3 I). Etymology. This species is named in loving memory of the late Mary Fitzpatrick, spouse of the noted nature photographer Kevin Fitzpatrick and a skilled photographer in her own right. Relationships. Because of the relatively little attention given to Katianna for many years, the relationships of K. maryae n. sp. to other species of the genus are difficult to determine. In the ",8226,10673,"Katianna maryae Bernard, 2014, n. sp.","Katianna maryae n. sp. (Collembola: Katiannidae), a southern Appalachian species of a Gondwanan genus",10.11646/zootaxa.3754.2.4,http://treatment.plazi.org/id/903A2131FFCFFFF792FDFC1150CCF837,
K021,03AB457E0926FFB124E7F9AD3075FBF8,Papirioides zhejiangensis,Dicyrtomidae,habitat,What is the habitat of Papirioides zhejiangensis?,under wet wood and in litter in deciduous forest,"seta VL2 (L) as strong spine; av1–4 serrate, av1 & av2 stronger than av3 & av4; appendices anales av5 as thick spines and shorter than av1–4; sa1–3 ciliate, sa3 much larger than sa1 & sa2; AV1 as cup sensilla, AV2–8 small and smooth; cuticular cone near and internal to AV2 (Fig. 31). Ecology. Found under wet wood and in litter in deciduous forest. Etymology. Named after the type locality, Zhejiang Province, China. Discussion. The new species, Papirioides zhejiangensis , is most close to the Indonesian species P. tonsori in the circumanal and dens setae. However, it differs from the latter in the facial setal pattern, length of dorsal club o",6120,8098,"Papirioides zhejiangensis Li, Chen & Li, 2007, sp. nov.",A new species of the genus Papirioides (Collembola: Dicyrtomidae) from China,10.5281/zenodo.177081,http://treatment.plazi.org/id/03AB457E0926FFB124E7F9AD3075FBF8,
K022,0DFE1A6C23E9CF326AA6BA2F7EC63B75,Isotogastrura trichaetosa,Isotogastruridae,holotype_depository,Where is the holotype of Isotogastrura trichaetosa deposited?,"Shanghai Institute of Plant Physiology and Ecology, Shanghai Institutes for Biological Sciences, CAS || Shanghai Institute of Plant Physiology and Ecology","oast), Changjiang County, vicinity of Changhua town, Qizi Bay, 19°21'12""N, 108°40'25""E, beach, flotation of sand samples (No. 34, 35 and 38). 7. IV. 2011, Y. Bu, C.W. Huang, M.B. Potapov and N. A. Kuznetsova leg. Paratype: Three females, same as holotype. Holotype and two paratypes are deposited in Shanghai Institute of Plant Physiology and Ecology, Shanghai Institutes for Biological Sciences, CAS (China); one paratype is deposited at Moscow State Pedagogical University (Russia). Description. Body length under slide (n=4): 0.42 mm (range 0.4-0.5 mm), holotype length 0.4 mm. Pale in alcohol, with grey pigmentation uniformly distributed over dorsal areas except for the darker eye patches. Body",367,6336,"Isotogastrura trichaetosa Potapov, Bu & Gao, 2011, sp. n.",First record of the littoral family Isotogastruridae (Collembola) in Asia,http://dx.doi.org/10.3897/zookeys.136.1666,http://treatment.plazi.org/id/0DFE1A6C23E9CF326AA6BA2F7EC63B75,
K023,C2C10B38AC375B2982BE4D52133532B3,Coenaletes colombianus,Coenaletidae,distribution,What is the known distribution of Coenaletes colombianus?,"shores of Chocó, Colombia || Chocó, Colombia","and variation (in parentheses) are given in Table 2. Etymology. The specific epithet colombianus is a geographical adjective in the masculine nominative singular, referring to Colombia, the country where the type material was collected. Distribution. Coenaletes colombianus sp. nov. is only known on shores of Chocó, Colombia.",6936,6962,"Coenaletes colombianus Palacios-Vargas, Arango & Ojeda 2026, sp. nov.","One new obligate commensal species of Coenaletes (Collembola, Coenaletidae) from the hermit crab Coenobita compressus (Crustacea, Coenobitidae) from Colombia",10.3897/zookeys.1293.206618,http://treatment.plazi.org/id/C2C10B38AC375B2982BE4D52133532B3,
K024,C16E0551217CFFA6C1A0FB497D294201,Deutonura gibbosa,Neanuridae,etymology,What does the name of Deutonura gibbosa refer to?,humped || prominent Di tubercle of Abd. V,"A–135). Slovenia. Lokev: Divaca, Vilenica cave, 5 ex., 27.vi.1981, E. Christian leg. (SLN–Christ001). Switzerland. Vaud: Bex, Solalex, massif des Diablerets, 1 ex., 1.viii.1982, fir and spruce forest, litter, L. Deharveng leg. (SUI –004). Etymology. The species name gibbosa is a latine word meaning humped, in reference to the prominent Di tubercle of Abd. V of the new species. Description. Length: 1–2 mm. Color: deep blue to light blue. Habitus usual for the genus, rather parallel. Abd. VI completely hidden under Abd. V, deeply bilobed. All tubercles well developed on tergites, indicated by reticula",4397,9912,"Deutonura gibbosa Porco, Bedos & Deharveng, 2010, sp. nov.","Description and DNA barcoding assessment of the new species Deutonura gibbosa (Collembola: Neanuridae: Neanurinae), a common springtail of Alps and Jura",10.5281/zenodo.198510,http://treatment.plazi.org/id/C16E0551217CFFA6C1A0FB497D294201,
K025,3F2B64127F2214239E8C41E82727C418,Sinella qixiaensis,Entomobryidae,habitat,What is the habitat of Sinella qixiaensis?,decomposing leaves along the roads,"de of one specimen. Abd. III with one (m3) central, three (am6, pm6, p6) lateral mac and two sens; ms absent (Fig. 35). Abd. IV with seven central (I, M, A5-6, B4-6), six lateral mac (D3, E2-4, E2p, F1), and at least 17 sens; sens as and ps short (Fig. 36). Abd. V with 3 sens (Fig. 37). Ecology. In decomposing leaves along the roads. Remarks. Sinella qixiaensis sp. n. is characterized by blindness, the paddle-like sens of Ant. III organ and abundant smooth chaetae on the manubrium. It is most similar to Sinella insolens Chen & Christiansen, 1993 and Sinella sineocula Chen & Christiansen, 1993. It differs from the former in the",4224,4799,"Sinella qixiaensis Xu & Zhang, 2016, sp. n.","New blind species and new records of Sinella from Nanjing, China (Collembola, Entomobryidae)",http://dx.doi.org/10.3897/zookeys.604.7902,http://treatment.plazi.org/id/3F2B64127F2214239E8C41E82727C418,
K026,03B287DDFFFEFD69F582F95A8AEE5FA8,Hypogastrura gracilis,Hypogastruridae,body_length,What is the body length of Hypogastrura gracilis?,1.9 mm || up to 1.9 mm,"s, China, Jiangsu Province , Lianyungang City, Huaguoshan Park, 6 November 2006, in soil under bricks and piles of decayed peanut plants, collected by Jian-xiu Chen et al.; collection number C9530, deposited in the Department of Biology, Nanjing University, China . Redescription. Body length: up to 1.9 mm; color in ethanol violet to violet-black dorsally, pale to yellow ventrally and on tibiotarsi, furca and ventral tube. Tegumentary granulation fine and uniform, dorsum of Abd. V with 9–19 (usually 13–15) granules between setae p 1. Body setae similar in length. Dorsal cephalic setae weakly differen",610,9302,Hypogastrura gracilis,"Redescription of Hypogastrura gracilis, synonymy of Ceratophysella quinidentis with C. duplicispinosa, and additional information on C. adexilis (Collembola: Hypogastruridae)",10.11646/zootaxa.2822.1.2,http://treatment.plazi.org/id/03B287DDFFFEFD69F582F95A8AEE5FA8,
K027,038A87F82C187F4BC8B1FCBEFDE7FE9E,Subisotoma guzeriplica,Isotomidae,distribution,What is the known distribution of Subisotoma guzeriplica?,Northern Caucasus || Known only from the type locality in Northern Caucasus,"Type material. Holotype, female, Russia, Northern Caucasus, Adygeya, vicinity of Guzeripl' [43° 50’N, 40° 11’E], beech litter, 30.i.–03.ii.2003, leg. D. Shitikov (MSPU). Paratypes: 2 females and 2 males, the same data as the holotype (MSPU). Description. Size up to 0.9–1.1 mm. Colour dark, almost-black, with numerous colourless spots, ventral side also int",41,2954,"Subisotoma guzeriplica Potapov, Babenko, Fjellberg & Greenslade, 2009, sp. nov.",Taxonomy of the Proisotoma complex. II. A revision of the genus Subisotoma and a description of Isotopenola gen. nov. (Collembola: Isotomidae),10.5281/zenodo.191990,http://treatment.plazi.org/id/038A87F82C187F4BC8B1FCBEFDE7FE9E,
K028,8F2F2F2DA72EFF86FF1F4A3835AEFB36,Pygmarrhopalites trisetosus,Arrhopalitidae,holotype_depository,Where is the holotype of Pygmarrhopalites trisetosus deposited?,"Schmalhausen Institute of Zoology, National Academy of Sciences of Ukraine, Kyiv || Schmalhausen Institute of Zoology","at abdomen; C-1081a-1-3: Abd VI and furca), W Caucasus, Abkhazia, Gagra Mt. R., Arabika Massif, 2,354 m a.s.l., Nadezhda Cave, -20 to - 25 m, on liquid surface of Barber traps, exposed 13.vii.2016 – 08.ix.2017, R.S. Vargovitsh leg. The holotype and 8 paratypes are deposited in the collection of the Schmalhausen Institute of Zoology, National Academy of Sciences of Ukraine, Kyiv. Description. Female: Body measurements and ratios in Tables 1 and 2. Maximum body length without appendages 1.4 mm. Pigmentation in alcohol slightly reddish (Fig. 10A). Head (Figs 7A, 10B). Eyes 1 + 1, relatively large (~16 μm) but indistinct, poorly defined cornea covered by almost typical cuticu",2229,15471,"Pygmarrhopalites trisetosus Vargovitsh, 2025, sp. nov.","Antennal troglomorphy in Arrhopalitidae (Collembola: Symphypleona) with the description of two new cave Pygmarrhopalites Vargovitsh, 2009 species from the Arabika Massif in the Caucasus",10.11646/zootaxa.5673.4.3,http://treatment.plazi.org/id/8F2F2F2DA72EFF86FF1F4A3835AEFB36,
K029,5306878ECC17FFF2DE73F911FD9A6996,Friesea najtae,Neanuridae,body_length,What is the body length of Friesea najtae?,1.0- 1.7mm || 1.0-1.7 mm || 1.0–1.7 mm,"ear friend of Wanda Weiner. The new species is named in her honour. DESCRIPTION General habitus Large animal for the genus, habitus with strong head with diverging antennae shorter than head length and a large abdo- men in midline (Abd. III-IV), ending by a pointed Abd. VI (Figs 2, 3). Body length: 1.0- 1.7mm. Body colour dark blue, almost black (Fig. 2), slightly lighter on the ventral side with inner sides of ventral tube and furcula tip almost white. Dorsal clothing strong, with long and pointed ordinary chaetae as well as shorter chaetae, slightly crenulated (macro-, meso- and microchaetae; Fig. 3A,",2623,5853,"Friesea najtae D’Haese & Stevens & Weiner 2017, n. sp.","Friesea najtae n. sp. (Collembola, Neanuridae, Frieseinae) from southern Western Australia",10.5252/z2017n1a3,http://treatment.plazi.org/id/5306878ECC17FFF2DE73F911FD9A6996,
K030,52368796FFB2FFDE49A4F8D20610FAE3,Tomocerus deharvengi,Tomoceridae,body_length,What is the body length of Tomocerus deharvengi?,4.1–4.8mm || 4.1–4.8 mm || 4.1-4.8 mm,"ted in Lengshuicao Cave, Shuinongtun, Nabu Village, Baisheng Township, Napo County, Baise, Guangxi Province, China, 6.X.2015, by Youbang Li, Zhouquan Wei and Yueting Feng . Paratypes four female adults on slides, 10 in 99% alcohol, same data as holotype. All types in NJAU . Description. Body length 4.1–4.8mm. Body with uniform light to dark grey pigment, with unpigmented patches. Clypeus, antero-dorsal area of head, Ant.I and Ant. II darker. Eye patches black (Fig. 1 C). Intact antenna not seen, longest regenerated antenna approximately 1.4 times as long as body. Antenna length ratio as I:II:III+IV= 1.",354,5428,"Tomocerus deharvengi Yu & Li, 2016, sp. nov.",New troglomorphic species of Tomocerus with well-developed postantennal organs (Collembola: Tomoceridae),10.11646/zootaxa.4162.2.10,http://treatment.plazi.org/id/52368796FFB2FFDE49A4F8D20610FAE3,
K031,3125C75D87B78CA097BA8A6706450B21,Sensillonychiurus vitimicus,Onychiuridae,type_locality,What is the type locality of Sensillonychiurus vitimicus?,"Vitim Plateau, vicinity of Telemba || Vitim Plateau || Telemba","Material. Holotype ♂, Russia, Siberia, Buryatia, Vitim Plateau, vicinity of Telemba [52°44'N, 113°16'E], larch forest with Betula fruticosa , 23.viii.2009, leg. A. Chimitova (MSPU). Paratypes 7 ♀ and 3 ♂, same data as holotype; 1♀ same region but... larch forest with rich herbaceous cover, 04.x.2009, leg. A. Chimitova (MSPU). Description. Colour white. Size 0.58-0.68 mm (females),",49,4536,"Sensillonychiurus vitimicus Babenko, Chimitova & Stebaeva, 2011, sp. n.","New Palaearctic species of the tribe Thalassaphorurini Pomorski, 1998 (Collembola, Onychiuridae)",http://dx.doi.org/10.3897/zookeys.126.1229,http://treatment.plazi.org/id/3125C75D87B78CA097BA8A6706450B21,candidate span was a remark on Kamchatka; type locality taken from the holotype record
K033,EC74E08AE8FBA335E11732F05FDF2F95,Prabhergia imadatei,Tullbergiidae,distribution,What is the known distribution of Prabhergia imadatei?,"Yunnan Province, southeast China || Yunnan || Tibet","5'N, 95°28'E, 3-XI-2015, coll. Y. Bu & G. Yang. Holotype (SEM). female, China, Yunnan, Mengla county, Menglun town, Xishuangbanna Tropical Botanic Garden, Alt. 550 m, 28-X-1992. Paratypes (SEM), 4 females, same data as for holotype. Distribution. The species was only known from its type locality in Yunnan Province, southeast China. It is here recorded for the first time in Tibet. Remarks. The description of dorsal chaetotaxy of Prabhergia imadatei in the original paper contains some errors, such as nominations and numbers of anterior and medial setae on Th. II and III, Abd. I-V. The type specimens were examined and a revised",480,935,Prabhergia imadatei Tamura & Zhao 1996,"Study on Tullbergiidae of Tibet, China I. Metaphorura, Mesaphorura and Prabhergia (Hexapoda, Collembola)",http://dx.doi.org/10.3897/zookeys.686.11468,http://treatment.plazi.org/id/EC74E08AE8FBA335E11732F05FDF2F95,treatment adds a first record for Tibet
K034,94176063FB2A5DAA9E626EF7B42441D1,Troglopedetes takensis,Paronellidae,holotype_depository,Where is the holotype of Troglopedetes takensis deposited?,NHM-PSU,"ave) Mae Usu, 17°18'15.0""N, 98°09'19.9""E, 145 m a.s.l., 7 March 2019, S. Jantarit, A. Nilsai and K. Jantapaso leg., dark zone of cave, by aspirator (sample # THA_SJ_TAK03). Paratypes: 5 paratypes on slides (all subadult), same locality and date as the holotype. Holotype and 5 paratypes deposited in NHM-PSU, measurements of holotype in Table 2. Head Tergites Appendages Ant. I 192 Th. II 200 Man 540 Ant. II 390 Th. III 212 Dens 580 Ant. III 390 Abd. I 110 Mucro 48 Ant. IVa 322 Abd. II 120 Furca 1,168 Ant. IVb 230 Abd. III 140 Claw I 62 Ant. 1,524 Abd. IV 655 Claw II 62 Head 465 Abd. V 80 Claw III 65 - ",540,12026,"Troglopedetes takensis Surakhamhaeng 1 & Deharveng 2 & Jantarit 3 2021, sp. nov.","Three new species of cave Troglopedetes (Collembola, Paronellidae, Troglopedetinae) from Thailand, with a key to the Thai species",http://dx.doi.org/10.3897/subtbiol.40.73143,http://treatment.plazi.org/id/94176063FB2A5DAA9E626EF7B42441D1,
K035,0C0C6C18FFBEFF8B7C43FE2AFABAFC10,Megalothorax calvignacensis,Neelidae,type_locality,What is the type locality of Megalothorax calvignacensis?,the commune of Calvignac || Calvignac,"d chaeta a0 and similar chaetotaxy. However, in M. calvignacensis sp. nov. the chaeta β1 is absent (vs present in M. willemi ) and the chaeta ζ1 is present (vs absent in M. willemi ); and M. willemi lacks pigmentation. Etymology Megalothorax calvignacensis sp. nov. is named after its type locality, the commune of Calvignac. Type material Holotype FRANCE • 1 ♀; Lot, Calvignac, mosses on rock face; 1.78475° E, 44.46041° N; 178 m a.s.l.; 25 Dec. 2023; Guy Bariviéra leg.; sample code nos 46-Q23-086, SMNG, slide no. SMNG-APT-AA04651. Paratypes (9 ♀♀) FRANCE • 5 ♀♀; Lot, Calvignac, mosses on rock face; 1.78475° E, 44.46041",2029,6827,"Megalothorax calvignacensis Panina, Bedos, Deharveng & Schneider, 2026, sp. nov.",Three new species of the genus Megalothorax (Collembola: Neelidae) from France,10.5852/ejt.2026.1034.3153,http://treatment.plazi.org/id/0C0C6C18FFBEFF8B7C43FE2AFABAFC10,
K036,1E482D44FFE9F47DFF36F99C91F3F937,Superodontella tayaensi,Odontellidae,holotype_depository,Where is the holotype of Superodontella tayaensi deposited?,LBEA,"e locality. Northeastern Algeria: Taya, Guelma Province, 36º31'04'' N, 07º03'51'' E, 810 m. Type material. Holotype female and 16 paratypes, Algeria, Guelma province, Taya, moss on soil, November 2009, Hayette Brahim-Bounab leg. (sample # ALG-HKTAYA11.09 M/S). Holotype and 12 paratypes deposited in LBEA, 2 paratypes in MZNA, 2 paratypes in JIAP. Other material: 2 juveniles and 1 male on slide, Algeria, Annaba Province, Edough massif, 36º54'34'' N, 07º39'21'' E, 635 m, Quercus faginea and Quercus suber forest, années 2000–2004, Salah Hamra Kroua leg. The material is preserved in the collection of M",303,6211,"Superodontella tayaensi Arbea, Brahim-Bounab & Kroua, 2013, sp. nov.","Collembola Poduromorpha from Guelma Province (Northeastern Algeria), with description of a new Superodontella species (Collembola: Odontellidae)",10.11646/zootaxa.3709.2.5,http://treatment.plazi.org/id/1E482D44FFE9F47DFF36F99C91F3F937,
K037,03BF1C65DAAA58D8A59926FA780957C2,Alloscopus jantapasoae,Orchesellidae,habitat,What is the habitat of Alloscopus jantapasoae?,dark zone of a cave on ground floor with small patch of bat guano || dark zone of a cave || bat guano,"Ms. Kanchana Jantapaso, a member of our research team who has made significant contributions to the study of cave fauna in Thailand and assisted in the collection and analysis of cave fauna both across the country and in the laboratory. Ecology. The new species was collected and only known from the dark zone of a cave on ground floor with small patch of bat guano. Seven caves in the surrounding area, including Tham Khao Chang Hai — which is known for having one of the richest cave faunas in the country — were surveyed for Collembola . However, none of the specimens of this species were found in these caves, suggesting a high degree of endemism to Tham Khao ",13980,14354,"Alloscopus jantapasoae Jantarit, Nilsai & Manee 2025, sp. nov.","Two new species of the genus Alloscopus Börner, 1906 (Collembola, Orchesellidae, Heteromurinae) from southern Thailand",10.3897/zookeys.1245.148100,http://treatment.plazi.org/id/03BF1C65DAAA58D8A59926FA780957C2,
K038,03DC87BAFFA9FF857A9DFB9CC9F1FBB8,Micronella najtae,Brachystomellidae,type_locality,What is the type locality of Micronella najtae?,"Tierra de Fuego, near Rio Grande, Argentina || Tierra de Fuego || Tierra del Fuego","(Figs1, 2; Tables1, 2) type mAteriAl.— Holotype. ♀, Tierra de Fuego, near Rio Grande, Argentina, Chiliotrichum Cass. dense scrub, with Festuca gracillima Hook.F. and Chiliotrichum diffusum (G.Forst), S.M. Bonaventura and V.Mascitti leg., II.2001, deposited in MNCN . Paratypes. All specimens from same locality as holotype, 2 ♀ and 1juvenile. ♀ paratype deposited in MNCN, ♀ and juvenil paratype",52,6577,"Micronella najtae Arbea, 2017, n.sp.","Micronella najtae n. sp. (Collembola: Brachystomellidae), a new species from Tierra del Fuego with a key to the species Javier",10.5252/z2017n1a2,http://treatment.plazi.org/id/03DC87BAFFA9FF857A9DFB9CC9F1FBB8,candidate span was a comparison table; type locality taken from the holotype record
K039,03E0BD5B6053FFACFF2CFE81FB8CFCA2,Denisiella rhizophorae,Sminthurididae,etymology,What does the name of Denisiella rhizophorae refer to?,the mangrove of the genus Rhizophora || Rhizophora || mangrove," AND EAcH RAMUS WITH 3 TEETH AND ONE APPENDIX. MANUBRIUM WITH 7+7 SETAE, DENS WITH ABOUT 40 POSTERIOR SETAE; ANTERIOR SURfAcE WITH SETAL fORMULA 3,3,3,3,2,1,1,1. MUcRO WITH TWO LAMELLAE, INNER WITH ABOUT 17- 18 SERRATIONS, OUTER SMOOTH, ONE MUcRONAL OUTER SETA. Etymology. THE NAME IS A REfERENcE TO THE MANGROVE Of THE GENUS Rhizophora ( RHIZOPHORAcEAE ) WHERE THE SPEcIMENS Of THE NEW SPEcIES WERE cOLLEcTED. Distribution and habitat. THE SPEcIMENS WERE cOLLEcTED IN MANGROVE RIO PARAíBA DO NORTE, PARAíBA, BRAZIL (06°57'07°02S/34°50'3455W). GOOD’S BIOGEOGRAPHIc ZONE 27 (GOOD 1974; CULIK & ZEPPELINI 2003). Remarks. D. rhizophorae sp",5537,6392,"Denisiella rhizophorae Palacios-Vargas & Ferreira & Zeppelini 2018, sp. nov.","Redefinition of Denisiella Folsom & Mills, 1938 (Collembola: Sminthurididae) with description of three new species from Brazil",10.11646/zootaxa.4434.1.7,http://treatment.plazi.org/id/03E0BD5B6053FFACFF2CFE81FB8CFCA2,treatment text has garbled capitalisation (OCR)
K040,03B7878BD91CE33ACFE657122021D794,Pseudosinella grauae,Entomobryidae,holotype_depository,Where is the holotype of Pseudosinella grauae deposited?,MZNA,"(Figs 2 A–M) Type material. Holotype. Female, slide Co 190113 -1, ‘ Coves de Campanet, Sala de les Arrels’, municipality of Campanet, Mallorca, Spain, 19.I.2013, pitfall, M. Vadell leg., AT 20.1, ST 18.6 and 85% of RH. Deposited in MZNA . Paratypes (all from ‘ Sala de les Arrels’ as the Holotype) deposited in MZNA: seven specimens in ethyl alcohol, 19.I.2013 (Co 190113 -1) . Paratypes deposited in MBCN: one female on slide and one specimen in ethyl alcohol, pitfall ref. J 27-13-1, AT 19.58, ST 18.8 and 90.42% of RH, 21.IX.2013 (Co",232,6674,"Pseudosinella grauae Seminario-Córdova & Baquero & Jordana & Vadell 2018, sp. nov.","Collembola of the Campanet cave (Mallorca, Balearic Islands), with descriptions of new species of Pseudosinella (Entomobryidae) and Oncopodura (Oncopoduridae)",10.11646/zootaxa.4532.1.2,http://treatment.plazi.org/id/03B7878BD91CE33ACFE657122021D794,
K043,039D131BFFF9FB301E8EF929FBF8B3BE,Borgesminthurinus andinus,Katiannidae,type_locality,What is the type locality of Borgesminthurinus andinus?,"Pucarani-Condoriri, River Palcoco || Bolivia, Department of La Paz, Province Los Andes || River Palcoco","Figs. 1‒32 Type locality: Bolivia, Department of La Paz, Province Los Andes Location Pucarani-Condoriri, River Palcoco, sample taken with surfer in the river, with riverside vegetation corresponding to ecological floor of PUNA, geographical coordinates of sampling 16°30’01” S and 68°35’08” W to 4,139 m. a.s.l. Collection date corresponding to the end of the wet season in the region 21/iv/2017, Adilen Fernández coll",85,5236,"Borgesminthurinus andinus Palacios-Vargas & Vacaflores-Argandoña 2020, gen. nov., sp. nov.",A new genus and species of Katiannidae (Collembola: Symphypleona) from Bolivia,10.11646/zootaxa.4819.2.1,http://treatment.plazi.org/id/039D131BFFF9FB301E8EF929FBF8B3BE,
K044,03AB5E67186AD17AFF0FFD3982D316F7,Ptenothrix koreanensis,Dicyrtomidae,habitat,What is the habitat of Ptenothrix koreanensis?,litter and soil mass of a coniferous forest dominated by the Korean pine || coniferous forest || Pinus koraiensis,"ae, ventral chaetae formula as 3, 2, 1, 1... 1 from the apex to the basis (Fig. 8). Mucro without chaeta, dorsal side with about 28–33 inner and 28–37 outer teeth (Fig. 8). Etymology. The species was named after the country (Korea) where it was collected. Habitat. The new species was collected from litter and soil mass of a coniferous forest dominated by the Korean pine Pinus koraiensis Siebold & Zuccarini. Characteristics Ptenothrix koreanensis sp. nov. P. saxatilis (1) P. higashihirajii (2) P. ciliophora (1) Locality South Korea South Korea Japan South Korea Color pattern head uniformly black except for a median pale area uniformly black except for a median pale",7808,11165,"Ptenothrix koreanensis Jo & Park 2023, sp. nov.","A new species of Ptenothrix Börner, 1906 (Collembola, Symphypleona, Dicyrtomidae) from South Korea",10.11646/zootaxa.5301.1.6,http://treatment.plazi.org/id/03AB5E67186AD17AFF0FFD3982D316F7,
K045,03F6757CFF7CA64EFF4CFF46DBE36CD6,Deuteraphorura schoenviszkyi,Onychiuridae,distribution,What is the known distribution of Deuteraphorura schoenviszkyi?,Slovak and Aggtelek Karst || southern Slovakia and northeastern Hungary,"honychiurus schoenviszkyi Dányi 2011: 423 Diagnosis. Dorsal pso formula: 33/033/33343, ventral: 2/000/0111, subcoxae 1 of legs I–III with 1 pso each. Subcoxae 2 of legs I–III with 0, 3, 3 chaetae, respectively. C-verticil of Tita I –III with 2, 1, 1 chaetae, respectively. Neotype, female. Slovakia: Slovak and Aggtelek Karst, Gombasecká jaskyňa Cave (approximately 15 km west from the type locality, in the same karst area), “ Mramorová sieň” Hall, 1 female (Nr. 920-09), collected on rotten wood, 1.x.2009, leg P. Ľuptáčik . Neotype herein designated, deposited in IBE FS UPJS, Košice [Type material not specified in the or",542,5122,Deuteraphorura schoenviszkyi Loksa 1967,"Redescription of two troglobiotic species of Deuteraphorura Absolon, 1901 (Collembola, Onychiuridae) from the Western Carpathians",10.11646/zootaxa.4168.2.6,http://treatment.plazi.org/id/03F6757CFF7CA64EFF4CFF46DBE36CD6,
K046,03A8146EFFA5FF742B9CFA11FCF55D68,Willowsia jacobsoni,Entomobryidae,type_locality,What is the type locality of Willowsia jacobsoni?,"Java, Samarang (= Semarang) || Samarang || Semarang"," 2 juveniles in 3 rd instar, 3 juveniles in 4 th instar, 2 males and 11 females on slides and 82 specimens in alcohol (NUS), plus 3 females on slides (INPA): idem, except in Botany Department of the National University of Singapore, 01.xi.1990, HK Lua coll. Geographical records (Fig. 8). INDONESIA: Java, Samarang (= Semarang) (type locality) (Börner 1913: 49); West Java, Tjibodas (actually Cibodas) (Handschin 1925: 237); New Guinea (actually Papua, Indonesia), Cyclops Mountains (Womersley 1937b: 205); Sumatra, Jambi Province (Mawan et al. 2022: 5); Sumatra, Ranau and Wadi Kuala (Handschin 1931: 481). PHILIPPINES: Luzon ",7320,18218,Willowsia jacobsoni,"Systematics of Willowsia jacobsoni (Börner, 1913) (Collembola, Entomobryidae): morphology, postembryonic development, distribution, mitogenome and phylogeny",10.11646/zootaxa.5604.3.1,http://treatment.plazi.org/id/03A8146EFFA5FF742B9CFA11FCF55D68,candidate span was a citation fragment
K047,40426A098B05A51BECEAFD5BFBB3FBC7,Ceratophysella tupamara,Hypogastruridae,body_length,What is the body length of Ceratophysella tupamara?,1.5 mm || up to 1.5 mm,"he bark of a tree and the trunk; 18-X-1980; sample PE-80/8; leg. C. Vaucher. PARATYPES: MNHG, without registration number 1 juvenile; same locality and date as holotype .- UNAM, without registration number; 1 ♂, 1 juvenile; same locality and date as holotype. DESCRIPTION: Maximum body length: up to 1.5 mm. Body granules fine and uniform, dorsal of Abd. V with 10-14 granules between p1 setae. Color: dark blue. Tergite setae of different lengths, some barbulate macrosetae (50-90 µm), others smooth microsetae (22-50 µm), besides the sensorial setae (42-50 µm) (Fig. 1). Head: Dorsal cephalic chaetotaxy ",433,5984,"Ceratophysella tupamara Palacios-Vargas & Bocanegra, 2012, sp. nov.",A new species of Ceratophysella from Peru (Collembola: Hypogastruridae),10.5962/bhl.part.150201,http://treatment.plazi.org/id/40426A098B05A51BECEAFD5BFBB3FBC7,
K048,03898792FFF3BD28FF75FE4BFC01FEF1,Skadisotoma inpericulosa,Isotomidae,holotype_depository,Where is the holotype of Skadisotoma inpericulosa deposited?,South Australian Museum,"36.84176o S, 147.33351o E, 1874 m a.s.l, with Celmisia pugioniformis (Asteraceae) , 10.xi.2012, pitfalls, leg. Y. Endo. Paratypes: 8 specimens (4 ad., 4 juv.) in alcohol, from the same locality and date as holotype; 11 specimens on three slides from same sample. Holotype and paratypes housed in the South Australian Museum. Other material examined. VICTORIA: Mt Nelse, -36o 50' 39¨S, 147o 20.35E', 10.xi.2012, 1894 m asl, pitfalls 26 individuals, 3 slides, leg. M. Nash; Bogong High Plains 24.xi.2012, 36o 55' 26""S 147o 17' 41""E pitfalls, 1892 m asl, 1 slide, leg. J. Drummond; Mt Bogong, - 36o 43' 57""S 14o 18' 20""E, alpi",415,10487,"Skadisotoma inpericulosa Greenslade & Fjellberg, 2015, sp.nov","Skadisotoma, a new genus of Isotomidae (Collembola) from Australia",10.11646/zootaxa.3972.4.8,http://treatment.plazi.org/id/03898792FFF3BD28FF75FE4BFC01FEF1,
K049,03CC7853487FFFD9FF65FCD7FCA19E73,Arrhopalites macronyx,Arrhopalitidae,body_length,What is the body length of Arrhopalites macronyx?,about 1.2 mm || 1.23 mm || 1.2 mm,".s.l., 25.viii.2009, R.S. Vargovitsh leg. Paratypes on slides: 2 males, 10 females, Anukhvinskaya Cave, 25.viii.2009, R.S. Vargovitsh leg.; male, female, same cave and collector, 22.viii.2010. Types are preserved in SIZNAS. Besides slides, 62 specimens are kept in alcohol. Description. Female: body about 1.2 mm length (holotype 1.23 mm). Coloration (alcohol material): specimens collected in 2010 with usually very weak diffuse reddish-brownish pigment spots on dorsal side, a little more intensive on head dorsum and with very small eye spots (Fig. 25); the largest specimen is pigmented more intensively; spe",1293,13051,"Arrhopalites macronyx Vargovitsh, 2012, sp. nov.",New troglomorphic Arrhopalitidae (Collembola: Symphypleona) from the Western Caucasus,10.5281/zenodo.279882,http://treatment.plazi.org/id/03CC7853487FFFD9FF65FCD7FCA19E73,candidate span was male length; female/holotype length used
K050,03F687A1FFC4A5058B1C79869A0FFA22,Crossodonthina tiantongshana,Neanuridae,type_locality,What is the type locality of Crossodonthina tiantongshana?,"China: Zhejiang Province, Mountain Tiantong || Mountain Tiantong || Tiantong","(Figure 2, Table 2) Type locality China: Zhejiang Province, Mountain Tiantong. Material examined Holotype (female) and eight paratypes (seven females, one male), Mountain Tiantong (29°48′N, 121° 47′E, alt. 350 m), Zhejiang Province, China, deposited in SIPPE. Redescription Body length. Up to 3.0 mm. Colour. Bright red while living, white in alcohol. Head. Eyes 3+3, slightly ",34,5962,Crossodonthina tiantongshana Xiong 2005,Redescription of two Crossodonthina species (Collembola: Neanuridae: Lobellini) from China,10.1080/00222933.2010.488751,http://treatment.plazi.org/id/03F687A1FFC4A5058B1C79869A0FFA22,
K051,DB28A21D9214FF8EFF18FBD2FC9FFEE8,Plutomurus weinerae,Tomoceridae,habitat,What is the habitat of Plutomurus weinerae?,twilight zone of the cave || troglophilous,"gy. The species is named in the honour of Prof. Wanda Maria Weiner (Institute of Systematics and Evolution of Animals, Polish Academy of Sciences, Kraków, Poland), an outstanding Collembola taxonomist. Ecology. It is a troglophilous species with pigmented body and well developed 6+6 eyes, occupying twilight zone of the cave. Distribution. For now, the species is known only from the single cave. This cave is distinctly isolated from other caves of Racha karst massif (Tatashidze et al. 2009) inhabited by Plutomurus birsteini Djanashvili & Barjadze, 2011 known from Nikortsminda Melia, Sakishore (type locality), Shareula ",6619,7034,"Plutomurus weinerae Barjadze, Kovac & Parimuchova 2024, sp. nov.",Two new species of Plutomurus Yosii (Collembola: Tomoceridae) from Georgia and Iran,10.11646/zootaxa.5463.4.6,http://treatment.plazi.org/id/DB28A21D9214FF8EFF18FBD2FC9FFEE8,
K052,6037673DD320475F7DB73D904A4D5CAB,Protaphorura sayanica,Onychiuridae,etymology,What does the name of Protaphorura sayanica refer to?,the Sayan Mountains in Southern Siberia || Sayan Mountains,"e (distal whorl (A+T)+B+C): 11+8+3, 11+8+4-5, 11+8+4-5 chaetae respectively. Claw with strong denticle in 1/2 of inner edge of claw and pair of lateral denticles (Figs 42, 43). Empodial appendage as long as the claw, without basal lamella. (Fig. 43). Etymology. The name of the new species refers to the Sayan Mountains in Southern Siberia, an area where the type specimens were collected. Discussion. Protaphorura sayanica sp. n. is probably the most similar to such Asiatic Protaphorura species as Protaphorura pjasinae (Martynova, 1976), Protaphorura microtica (Dunger, 1978) and Protaphorura subarctica (Martynova, 1976) due to the pre",5514,6260,"Protaphorura sayanica Kaprus', Weiner & Pasnik, 2016, sp. n.","Collembola of the genus Protaphorura Absolon, 1901 (Onychiuridae) in the Eastern Palearctic: morphology, distribution, identification key",http://dx.doi.org/10.3897/zookeys.620.9372,http://treatment.plazi.org/id/6037673DD320475F7DB73D904A4D5CAB,
K053,3FF0ED456B995B5680990F2F80BBD53E,Szeptyckitheca implicata,Sminthuridae,habitat,What is the habitat of Szeptyckitheca implicata?,associated to bushes || bushes,"al appendage (surpassing the ventral anal valves), acuminate, apically serrated. Manubrium with 7+7 chaetae, dens ventral chaetotaxy formula from the apex to the base as: 2,2... 1, dorsal chaetotaxy with 19 chaetae; mucronal notch prominent (adapted from Huether 1967). Habitat. Specimens were found associated to bushes (Huether 1967). Known distribution. South Sudan (Huether 1967).",1198,1282,Szeptyckitheca implicata,"Revisiting Szeptyckitheca Betsch & Weiner (Collembola, Symphypleona, Sminthuridae): new species, updated diagnoses, and a key",http://dx.doi.org/10.3897/zookeys.1186.111837,http://treatment.plazi.org/id/3FF0ED456B995B5680990F2F80BBD53E,
K054,03E7B87DFFAFF90CBCCCFA156EB196DF,Neonaphorura alicatai,Tullbergiidae,holotype_depository,Where is the holotype of Neonaphorura alicatai deposited?,MZNA,"is. PAO with 12 compound vesicles. Abd VI with 4 anal spines and 2 lateral tubercles, without unpair spiniform process. Pseudocellar formula 11/122/22211. Type locality. Caronia (Messina), Sicily, Italy. Coordinates: 38°00'36.82""N, 14°32'27.99""E; 460 m asl. Type material. Holotype (female) on slide MZNASI20100305-1-1, date: 05.iii.2010. Paratypes of same date and locality as holotype: 1 juvenile on slide MZNASI20100305-3-2. Paratypes collected at same locality as holotype with date 07.ii.2011: 1 female on slide MZNASI20110207-01; 6 specimens in ethyl alcohol 70%; 3 specimens on stub for SEM. Holot",307,5152,"Neonaphorura alicatai Giuga & Jordana, 2013, sp. nov.",Three new species of Collembola from soils of Mediterranean cork-oak forests of Sicily (Italy),10.11646/zootaxa.3664.2.9,http://treatment.plazi.org/id/03E7B87DFFAFF90CBCCCFA156EB196DF,span confirmed in full text: 'Holotype and 11 paratypes deposited in MZNA'
K055,03DF090CFFEAFFF510038FF9FE09F807,Salina colombiana,Paronellidae,holotype_depository,Where is the holotype of Salina colombiana deposited?,ICN / UNAL || ICN,"ide with 13 + 13 smooth mic. (Figs. 40 and 41). Furcula.Dens with rows of ciliated chaetae and mucro two teeth, d1 and v1 (4 out of 5 specimens) and sometimes with one reduced accessory teeth present (ap) (1 out of 5 specimens) (Figs.26 and 27). Type material. Holotype female, on slide deposited in ICN / UNAL: Colombia, Nariño, San Andres de Tumaco municipality, University campus (01 ◦ 48 lN; 78 ◦ 452 lW), Andean Region, 4-14.iii. 2015, 3 m, Malaise trap, Animal Taxonomy students coll . Paratypes on slides deposited in ICN / UNAL: 1 male, 2 females and in alcohol 31 specimens in ethanol, same data as ho",6321,7646,"Salina colombiana Oliveira & Cipola, 2016, sp. nov.","Two new species of Salina MacGillivray (Collembola, Paronellidae) with rectangular mucro from South America",10.1016/j.rbe.2016.01.002,http://treatment.plazi.org/id/03DF090CFFEAFFF510038FF9FE09F807,
K056,ADEE91046267A35124EC122FCB879B3F,Megalothorax potapovi,Neelidae,type_locality,What is the type locality of Megalothorax potapovi?,Russia: Primorye: south of Posyet || south of Posyet || Primorye,"Taxon classification Animalia Collembola Neelidae Material examined. Holotype: male on slide (MNHN-EA040223), Russia: Primorye: south of Posyet: peninsula facing to the town; 130.8034°E, 42.5709°N; alt=30 m; 28.ix.2004; Berlese extraction, forest litter; Louis Deharveng and Anne Bedos leg (RU-120) [MNHN]. Paratypes: 2 males and 5 females on slides (MNHN-EA040224-229), same data as the holotype [MNHN]; 1 specimen (sex unknown) on mount for ",110,12926,"Megalothorax potapovi Schneider, Porco & Deharveng, 2016, sp. n.","Two new Megalothorax species of the minimus group (Collembola, Neelidae)",http://dx.doi.org/10.3897/zookeys.554.6069,http://treatment.plazi.org/id/ADEE91046267A35124EC122FCB879B3F,candidate span was a DNA-barcode remark; type locality taken from the holotype record
K057,03F8C314FFD5FF87FF60F9708C9DF841,Superodontella multisensillata,Odontellidae,etymology,What does the name of Superodontella multisensillata refer to?,its numerous sensilla on antennal segment IV || numerous sensilla,"ans, Chorna Mt., Vynohradove town, Quercetum forest, litter, 23. iv.1987, adult female on slide, coll. Ighor Kaprus'; Chernivets'ka district, Vyzhenka villige, Fagaetum forest, wood decompose on the ground, 6.vi.1992, adult male on slide, coll. Volodymyr Melamud. Etymology. The species is named for its numerous sensilla on antennal segment IV. Description. Holotype (female) length 1.09 mm, paratype (female and male) length 1.19–1.22 mm. Colour in alcohol spotted pale bluish, ocular plate blue-black. Body integument strongly granulated. The central granulated area on head between d1–d5 and sd5 setae as in Fig. 5, abdominal terga V–VI wit",1444,4832,"Superodontella multisensillata Kaprus' & Weiner, 2007, sp. nov.","New species of Superodontella Stach, 1949 (Collembola, Odontellidae) from western part of Ukraine",10.5281/zenodo.177312,http://treatment.plazi.org/id/03F8C314FFD5FF87FF60F9708C9DF841,
K058,039C87CB02440C73FF76FEC88AF7FD29,Dicranocentrus pampaensis,Orchesellidae,habitat,What is the habitat of Dicranocentrus pampaensis?,Eucalyptus plantations with a semiopen canopy || Eucalyptus plantations," 3–5 rows in the proximo-medial region (Fig. 7C). Mucronal apical tooth larger than subapical one, spine reaching apex of subapical tooth (Fig. 7D). Etymology. The species is named after the Pampa biome, where it was discovered. Habitat. Specimens of Dicranocentrus pampaensis sp. nov. were found in Eucalyptus plantations with a semiopen canopy with considerable input of sunlight. The local altitude is 146 m and the climate is classified as Cfa according to the Köppen classification (Kottek et al. 2006); mean annual temperature and rainfall are 17°C and 1301 mm, respectively. During the sampling days (November 2018), the temperature range",7153,18259,"Dicranocentrus pampaensis Silva, Nunes, Winck & Bellini, 2024, sp. nov.","A new species of Dicranocentrus Schött (Collembola, Orchesellidae) from the Brazilian Pampa, with a key to the gracilis-group taxa",10.11646/zootaxa.5471.5.2,http://treatment.plazi.org/id/039C87CB02440C73FF76FEC88AF7FD29,candidate span cut at 'sp. nov.'
K059,03B487EFFFD1FFECFF24FCC004526D3A,Setanodosa jacquesi,Brachystomellidae,habitat,What is the habitat of Setanodosa jacquesi?,floating on water in a rock pool || rock pool,"Figs 1–8 Type material. South Africa, Western Cape Province. Stellenbosch Mountain, floating on water in a rock pool, collected by hand (RSA10_STB002) , 33.9697°S; 18.9006°E, 1000 m above sea level, 29 August 2010, C. JanionScheepers and J. Scheepers leg. Holotype: one female. Paratypes: three females and two juveniles. Material deposit. Three specimens on two slides deposited at the SAMC (one slide with the fema",84,5189,"Setanodosa jacquesi Janion-Scheepers & Deharveng 2022, sp. nov.","A shocking-red new species of Setanodosa Salmon, 1942 (Collembola: Brachystomellidae) from South Africa",10.11646/zootaxa.5154.4.6,http://treatment.plazi.org/id/03B487EFFFD1FFECFF24FCC004526D3A,candidate span cut at 'sp. nov.'
K060,093474030C34FFA388A5F96B44CDFD73,Denisiella colombiana,Sminthurididae,holotype_depository,Where is the holotype of Denisiella colombiana deposited?,"Laboratorio de Artrópodos de suelo, Centro Internacional de Agricultura Tropical || Centro Internacional de Agricultura Tropical","one mucronal outer seta (Fig. 14). Length of manubrium 76 µm, dens 227 µm, and mucro 104 µm, their ratio as 1: 2.9: 1.3. Maximum length (µm) of setae on head 45, body 52, dens 42, tibiotarsus 43. Type material. Holotype male, 11 paratypes males, 7 paratypes females, all slides-mounted, preserved in Laboratorio de Artrópodos de suelo, Centro Internacional de Agricultura Tropical Cali, Colombia. Type locality. Colombia: Tolima: Espinal, Nataima (4º9’ N; 74º53’ W), collected between 16 April and 1 June 2004 (12 males and 5 females). From pitfall traps, maize field, G. Fabio Velez coll. Other locality. Meta, Villavicencio, collected on May 7, 2004 (2 females). From pitfall tr",4936,6335,"Denisiella colombiana Ospina & Palacios-Vargas, 2009, sp. nov.","A new Denisiella Folsom and Mills, 1938 (Collembola: Sminthurididae) from Colombia",10.5281/zenodo.189144,http://treatment.plazi.org/id/093474030C34FFA388A5F96B44CDFD73,
K061,0DE942F0F13A50969C29E2D6D831820D,Oncopodura moghanensis,Oncopoduridae,type_locality,What is the type locality of Oncopodura moghanensis?,"Moghan Cave || Iran, Razavi Khorasan province, Mashhad city, Moghan village, Moghan Cave","; unguiculus acuminate. Dorsal side of manubrium with 11 + 11 setae. Dens at basal part with 1 dorsoexternal and 2 dorsointernal hooks, at the distal part with 1 dorsoexternal and 3 dorsointernal hooks. Mucro with 4 teeth. Type locality. Iran, Razavi Khorasan province, Mashhad city, Moghan village, Moghan Cave, Coordinates: 36 ° 06 ' 59 "" N, 59 ° 22 ' 06 "" E, 2193 m a. s. l. Type material. Holotype: female on slide [MoCa 101], dark zone, the end part of the cave, 2 nd cave floor, collected from water pond surface, 28. ix. 2022, temperature = 11.9 ° C, RH 73.0 %, leg. M. Mehrafrooz. Paratypes: 4 specimens",479,11605,"Oncopodura moghanensis Mehrafrooz Mayvan & Kovac 2024, sp. nov.","A new subterranean species of Oncopodura Carl & Lebedinsky, 1905 (Collembola, Entomobryomorpha, Oncopoduridae) from a cave in Northeastern Iran",10.3897/subtbiol.49.118293,http://treatment.plazi.org/id/0DE942F0F13A50969C29E2D6D831820D,
K062,1D54879FFFEFFFA8FEC38429FC67C250,Polydiscia deuterosminthurus,Bourletiellidae,habitat,From which plant was the holotype of Polydiscia deuterosminthurus collected?,Genista hispanica,"Type­specimens: Holotype (female) and allotype (male) ex Genista hispanica L. MZNA00309­01, 26.V.1999, E. Baquero and L. Hernández leg.; paratypes: two specimens on slide MZNA00309­02, eight specimens on SEM stub and six in ethyl alcohol. Additional material: SPAIN, Navarra, Otazu,: MZNA 00310 (28.V.1999, 3 on slide, 12 on SEM stub, 32 in ethyl alcohol), MZNA 00353 (9.V. ",57,7076,Polydiscia deuterosminthurus,"A new species of Polydiscia (Acari, Prostigmata, Tanaupodidae) with reference to its host: a new species of Deuterosminthurus (Collembola, Symphypleona, Bourletiellidae)",10.5281/zenodo.156331,http://treatment.plazi.org/id/1D54879FFFEFFFA8FEC38429FC67C250,candidate span was a heading; host plant from the type record
K063,159CFDABE5646F475BD021373A0399B9,Cyphoderus songkhlaensis,Cyphoderidae,type_locality,In which province was Cyphoderus songkhlaensis discovered?,Songkhla,"Type locality. Thailand: Songkhla Province, Rattaphum District, Tham Khao Nui (12°12.227'N, 99°59.524'E), 120 m. above sea level, dark zone in cave, pitfall traps and Berlese extraction, S. Jantarit leg, 05 May 2012 (Sample #Songkhla-SJ.001). Type material. Holotype, male adult (#PSUZC2011.SONG-001H) and 44 paratypes (6 males, 3 fe",25,11509,"Cyphoderus songkhlaensis Jantarit, Satasook & Deharveng, 2014, sp. n.","Cyphoderus (Cyphoderidae) as a major component of collembolan cave fauna in Thailand, with description of two new species",http://dx.doi.org/10.3897/zookeys.368.6393,http://treatment.plazi.org/id/159CFDABE5646F475BD021373A0399B9,distribution only said 'type locality'; province from etymology
K064,10737675FFD98F5CBDB027556661A88C,Spinonychiurus edinensis,Onychiuridae,body_length,What is the body length of Spinonychiurus edinensis?,1.1–1.2 mm || 1.1-1.2 mm,". Onychiurus spinosus Bagnall, 1949: 51 . Type material. Five paratypes (females mounted on two slides); Great Britain, Scotland, Edinburgh district, Corstorphine, ii.1935, leg.? (preserved in the collection of the Museum National d’Histoire Naturelle, Paris). Redescription. Body length of females: 1.1–1.2 mm. Body shape cylindrical with relatively long and strong anal spines (ratio anal spine/inner edge of claw = 1.3) (Fig. 6). Granulation of body surface fine and uniform, areas of stronger granulation invisible. Antennal bases not marked. Antennae nearly as long as head or slightly longer. Antennal se",345,3899,Spinonychiurus edinensis Bagnall 1935,Revision of the genus Spinonychiurus Weiner 1996 (Collembola: Onychiuridae) with description of five new species,10.11646/zootaxa.3914.2.1,http://treatment.plazi.org/id/10737675FFD98F5CBDB027556661A88C,
K066,A441878A305DFF96FF448930FCEDC620,Austrogastrura marambaia,Hypogastruridae,distribution,What is the known distribution of Austrogastrura marambaia?,Good’s biogeographic zone 27: South Brazilian || South Brazilian || Mangaratiba || Rio de Janeiro,"s et al. (2009ab), with data of the Poduromorpha fauna of Restinga de Maricá, Autrogastrura specimens were also incorrectly identified as A. travassosi , since the identifications were based on Thibaud & Palacios-Vargas (1999). Etymology. The species was named after its type locality. Distribution. Good’s biogeographic zone 27: South Brazilian (Good 1974). Habitat. A. marambaia was found in Mangaratiba municipality, in Rio de Janeiro State, southeastern Brazil, during dry season on soil and litter of halophyte-psammophyte vegetation. The climate of Mangaratiba is ‘Aw’ according to Koeppen’s system (Mattos 2005). The area is located in a ",4790,5329,"Austrogastrura marambaia Fernandes, Bellini & Mendonça, 2010, sp. nov.","Revision of the genus Austrogastrura Thibaud & Palacios-Vargas, 1999 (Collembola: Poduromorpha: Hypogastruridae)",10.5281/zenodo.196708,http://treatment.plazi.org/id/A441878A305DFF96FF448930FCEDC620,
K067,504F2D6CFFD2FF8297BEF08EFDC91BDE,Desoria cryophila,Isotomidae,etymology,What does the name of Desoria cryophila refer to?,the cold environment in which the species lives || cold environment,"setae along each side of median line (Fig. 63). Claws of normal shape, with small laterobasal teeth and a weak tooth in the middle of the inner edge; unguiculus with high basal lamella, usually with a small corner tooth. Males present, reproductive individuals not seen. Etymology. The name reflects the cold environment in which the species lives. Discussion. Recognised by the white colour, bifurcate maxillary palp, more than 5 lateral setae on the ventral tube, more than 10 dorsal setae on dens, rarely more than 4 basomedian setae on labium, and subcoxa 1 having only one seta. Otherwise it is similar to rosea which has a slightly larger PA",3340,4027,"Desoria cryophila Fjellberg, 2010, sp. n.","Cryophilic Isotomidae (Collembola) of the Northwestern Rocky Mountains, U. S. A.",10.5281/zenodo.196078,http://treatment.plazi.org/id/504F2D6CFFD2FF8297BEF08EFDC91BDE,
K068,03EDEE2852136F5EFE9EF9C6FDF62115,Arrhopalites kolymensis,Arrhopalitidae,body_length,What is the body length of Arrhopalites kolymensis?,0.7 mm,"Type locality: Russia, Sibik­Tyallakh, Tenkhinsk district, Magadan from tundra . Principalis­group. Total length, 0.7 mm. Colour ro­ochre with dark brown eye patches, eyes 1+1. Cephalic spinelike setae present. Ant. III not swollen basally. Ant. IV divided into 6 subsegments. Second and third ungues with inner tooth and tunica, all unguiculi with apical filament and without corner tooth. Dental chaetotaxy shown in ta",114,521,Arrhopalites kolymensis Tshelnokov 1990,"The genus Arrhopalites (Collembola, Arrhopalitidae) in Asia, with the description of two new Japanese species of Yosiis collection",10.11646/zootaxa.430.1.1,http://treatment.plazi.org/id/03EDEE2852136F5EFE9EF9C6FDF62115,
K069,1D10480A3B4BDC1D4EAD395686A7DD54,Lobellina hunanensis,Neanuridae,body_length,What is the body length of Lobellina hunanensis?,2.3–3.4mm || 2.3–3.4 mm || 3.2mm || 3.2 mm,"ca 50m a.s.l., under leaves at a small ditch in forest, 7.iv.2011, leg.: JiGang Jiang, Ya-Ru Wang and Wan-Jun Yu (collection number: J2012040701). All types deposited in Zoology Key Laboratory of Hunan Higher Education, Hunan University of Arts and Science, Changde, China. Description. Body length: 2.3–3.4mm (holotype: 3.2mm). Body color: red alive and white in alcohol. Tubercle Number and type of chaetae Names of chaetae Cl 2 Mc 2 me F G An 1 Ml 1 Mc 1 me 1 mi B E C D Fr 2 Ml 1 Mc A O Oc 2 Ml 1 mi Oca, Ocm Ocp Di 1 Ml Di1 De 2 Ml 1 mi (or me) De1, Di2 De2, Dl 2Ml(orMc) 1 me 2 mi Dl1, Dl4 Dl3 Dl2, Dl5 ",466,4019,"Lobellina hunanensis Wan, Wang & Jiang, 2016, sp. nov.",New Neanurinae (Collembola: Neanuridae) from Central China,10.11646/zootaxa.4139.2.3,http://treatment.plazi.org/id/1D10480A3B4BDC1D4EAD395686A7DD54,
K070,03DEBC14AA684C4C27CB47C3E12224E4,Tomocerus persimilis,Tomoceridae,habitat,What is the habitat of Tomocerus persimilis?,humus layer of mixed forest,"ellae, outer basal tooth with or without toothlet; apical tooth longer than subapical one; structure of dorsal lamellae of Tomocerus type, outer lamella with 2–4 moderate sized intermediate teeth (Fig. 5 D). Etymology. Specific name from the Latin word persimilis , meaning more similar. Ecology. In humus layer of mixed forest. Remarks. In the old material, the population from the Purple Mountain (“Mt. Zijing” in Chen and Ma 1997) is represented by paratype No. 8355. The old specimen was not well preserved and many characters are obscure, but some details on legs and furca are still recognisable. In “ paratype 8355” and ",4377,5338,"Tomocerus persimilis Yu, Ding & Ma, 2017, sp. nov.","Revision of Tomocerus similis Chen & Ma, with discussion of the kinoshitai complex and the distal tibiotarsal chaetae in Tomocerinae (Collembola, Tomoceridae)",10.11646/zootaxa.4268.3.5,http://treatment.plazi.org/id/03DEBC14AA684C4C27CB47C3E12224E4,
K071,79D36D0EF35AE7526F2D9706D66054A4,Allonychiurus subvolinensis,Onychiuridae,distribution,What is the known distribution of Allonychiurus subvolinensis?,Tuva || Tuva Republic,"Material. Holotype ♂, Russia, Tuva Republic, northern macroslope of Eastern Tannu-Ola Mt Range, 5 km S of Lake Chagytai [51°00'N, 94°43'E], larch forest belt, 1,300 m alt., under larch ( Larix sibirica ), 16.vi.2003, leg. S.K. Stebaeva (MSPU). Paratypes ♂, same region and locality, ca 1,400 m, 17.vi.2003; ♀, same region, meadow step",30,5553,"Allonychiurus subvolinensis Babenko, Chimitova & Stebaeva, 2011, sp. n.","New Palaearctic species of the tribe Thalassaphorurini Pomorski, 1998 (Collembola, Onychiuridae)",http://dx.doi.org/10.3897/zookeys.126.1229,http://treatment.plazi.org/id/79D36D0EF35AE7526F2D9706D66054A4,candidate span cut at 's.str.'
K072,5C078AB1E856532EB5F209F69958BDB8,Szeptyckitheca cyanea,Sminthuridae,habitat,What is the habitat of Szeptyckitheca cyanea?,forest litter covering sandy soils in shady areas || forest litter || Atlantic Forest,"ate, Brazil: in the central campus of the Federal University of Rio Grande do Norte, Natal municipality, and the National Forest of Nisia Floresta, Nisia Floresta municipality (Fig. 6). Both localities are inserted in the Atlantic Forest phytogeographic domain. The specimens were collected from the forest litter covering sandy soils in shady areas. The climate of the sampled municipalities is ""As"" following the Koeppen-Geiger system, which means an equatorial climate with dry summer (Kottek et al. 2006). The specimens were collected during the raining season of 2022. Remarks. Szeptyckitheca cyanea sp. nov. is the sole species of the genus wi",9270,10454,"Szeptyckitheca cyanea Oliveira, Medeiros & Bellini 2023, sp. nov.","Revisiting Szeptyckitheca Betsch & Weiner (Collembola, Symphypleona, Sminthuridae): new species, updated diagnoses, and a key",http://dx.doi.org/10.3897/zookeys.1186.111837,http://treatment.plazi.org/id/5C078AB1E856532EB5F209F69958BDB8,candidate span cut at 'S.'
K073,635CDAF4A788D35ED832B7A5DDFC6306,Metaphorura motuoensis,Tullbergiidae,type_locality,What is the type locality of Metaphorura motuoensis?,Motuo county || Motuo,"Material examined. Holotype, female (slide no. XZ-C2015014) (SNHM), China, Tibet, Motuo county, Dexing town, extracted from soil samples in broad-leaved forest, Alt. 1100 m, 29°40'N, 95°26'E, 3-XI-2015, coll. Y. Bu & G. Yang. Paratypes, 8 females (slides nos. XZ-C2015008-XZ-C2015013, XZ-C2015015, XZ-C2015037) (SNHM), 10 males (slides nos. XZ-C2015016 -XZ-C2015025), same data as holotype. Oth",82,6316,"Metaphorura motuoensis Bu & Gao, 2017, sp. n.","Study on Tullbergiidae of Tibet, China I. Metaphorura, Mesaphorura and Prabhergia (Hexapoda, Collembola)",http://dx.doi.org/10.3897/zookeys.686.11468,http://treatment.plazi.org/id/635CDAF4A788D35ED832B7A5DDFC6306,distribution only said 'type locality'; county from etymology
K074,03DF87B4E03A5D4CFF58FD2F3DDDFD26,Dicranocentrus icelosmarias,Entomobryidae,body_length,What is the body length of Dicranocentrus icelosmarias?,2.6 mm,"(Figs. 1–12) DESCRIPTION Size. Largest specimen (holotype) 2.6 mm. Color. Background color greenish white or orange. Scale Distribution. Antennal segments 1 to 3, head, body, legs to tibiotarsus, collophore scales only on posterior face, and ventral face of furcula. Head. Antennae missing 2 apical segments. Eyes apparently 6+6, but actual number and relative size",59,9430,"Dicranocentrus icelosmarias Soto-Adames & Anderson, 2017, sp. nov.","Two new species and new records of springtails (Collembola: Entomobryidae, Paronellidae) from Nevis, Lesser Antilles",10.1653/024.100.0107,http://treatment.plazi.org/id/03DF87B4E03A5D4CFF58FD2F3DDDFD26,"candidate span was scale distribution on the body, not geography"
K075,0389879EFFDACA4334AAFF16FC4AFB72,Megalothorax processus,Neelidae,holotype_depository,Where is the holotype of Megalothorax processus deposited?,"Department of Zoology & Ecology, Moscow State Pedagogical University || Moscow State Pedagogical University","pe Material. Holotype, Russia (European part), Nenets Autonomous Okrug, Yugorsky Peninsula, surroundings of Amderma [69075′ N, 610 67′ E], meadow with dryad, 15– 16.07.2018, leg. M. Bizin and B. Efeikin. 10 paratypes, in same location. The holotype and 8 paratypes deposited in the collection of the Department of Zoology & Ecology, Moscow State Pedagogical University. 2 paratypes deposited in SMNG. Other material. Russia (Asian part), Republic of Altai, Chuysky tract, Kosh-Agachsky district, at the exit from the Chuysky basin [50 ° 10′ N, 88 ° 34′ E], floodplain forest (larch with willow undergrowth), 06.10.2020 (Fig. 37); Altai Republic, Chuisky tract, Ongudai",324,7532,"Megalothorax processus Panina & Babenko & Potapov 2022, sp. nov.",Two new « nosed » species of the genus Megalothorax (Collembola: Neelidae) from Russia,10.11646/zootaxa.5188.4.6,http://treatment.plazi.org/id/0389879EFFDACA4334AAFF16FC4AFB72,
K076,03F8C314FFD0FF81FF60FD8D8C4EFBDD,Superodontella ruta,Odontellidae,etymology,What does the name of Superodontella ruta refer to?,Carpathian flower “chervona ruta” ( Rhododendron kotschyi ) || chervona ruta || Rhododendron kotschyi," coll. Ighor Kaprus'; Ukraine, Eastern Carpathians, Chornohora Range, Pozhyzhevska Mnt., Vorochta village, subalpine meadow, Carex sp., soil, 1900 m alt., 15. iii.1982, adult female and adult male on slides, coll. Jevgenia Rukavets'. Etymology. The species is named after romantic Carpathian flower “chervona ruta ” ( Rhododendron kotschyi ), which is praised in Ukrainian songs. Description. Holotype (female) length 1.03 mm, paratypes (two males and four females) length 0.80– 0.97 mm. Colour in alcohol spotted pale bluish, ocular plate blue-black. Body integument strongly granulated. The central granulated a",1656,5491,"Superodontella ruta Kaprus' & Weiner, 2007, sp. n.","New species of Superodontella Stach, 1949 (Collembola, Odontellidae) from western part of Ukraine",10.5281/zenodo.177312,http://treatment.plazi.org/id/03F8C314FFD0FF81FF60FD8D8C4EFBDD,
K077,027087B5A8537858CCE7FFE1FC20FDCF,Entomobrya multisetis,Entomobryidae,habitat,What is the habitat of Entomobrya multisetis?,the litter of montane deciduous forests || litter of montane deciduous forests,"I without Mc on A3, and two Mc on areas A4 (a 2 and a 3) and A5 (m 3 and m 3e), a 6, m 6, m 7 and p 6 as Mc, ‘s’ between m 6 and p 6, ‘ms’ interior, bothriotricha surrounded by small microchaetae (m 2 with 10); Abd IV with plurichaetosis; AbdV with three sensilla. Habitat. It is a common species of the litter of montane deciduous forests. The species is widely distributed in the East Caucasus. Etymology. The specific epithet refers to many macrochaetae on Th II and in the sutural area of the head. Remarks. Compared with the twelve species that share the dorsal macrochaetotaxy of Abd III ( E. armeniensis Jordana, Potapov & Baquero, ",5330,10197,"Entomobrya multisetis Jordana & Baquero 2021, sp. nov.",New species and records of Entomobryidae and Orchesellidae (Collembola) from the East Caucasus (Russia),10.11646/zootaxa.4991.2.2,http://treatment.plazi.org/id/027087B5A8537858CCE7FFE1FC20FDCF,
K078,0383AD20A935FF9FFF1BBD46FE9DFCFD,Brachystomella garayae,Brachystomellidae,holotype_depository,Where is the holotype of Brachystomella garayae deposited?,MNRJ,"Type material. Holotype female (Nº 1968 CM/ MNRJ) 20.xi.2008 and 5 paratypes: 1 female and 1 juvenile (Nº 1829 CM/ MNRJ) 10.iv.2007; 1 female and 1 male same data of holotype; deposited in MNRJ; 1 male, same data of holotype deposited in ISEA. Type locality. Sooretama, Espírito Santo, Brazil. Forest leaf litter of Table Land Atlantic Forest, abou",44,6552,"Brachystomella garayae Queiroz & Weiner, 2011, sp. nov.",A new species of Brachystomella (Collembola: Brachystomellidae) from the Atlantic Forest of southeast Brazil,10.5281/zenodo.207027,http://treatment.plazi.org/id/0383AD20A935FF9FFF1BBD46FE9DFCFD,
K079,03E0BD5B605DFFBBFF2CFCACFD20FE3E,Denisiella caatingae,Sminthurididae,etymology,What does the name of Denisiella caatingae refer to?,the Brazilian name for the northeastern semiarid vegetation || caatinga,"ITH 7+7 SETAE, DENS WITH 44 POSTERIOR, TWO Of THEM VERY LONG (FIG. 34), ANTERIOR SURfAcE WITH SETAL fORMULA 3,3,3,3,2,2,2,1,1,1 (FIG. 35). MUcRO WITH TWO LAMELLAE, INNER WITH ABOUT 28 SERRATIONS, OUTER SMOOTH, ONE MUcRONAL OUTER SETA (FIG. 36). FEMALE UNKNOWN. Etymology. THE SPEcIES WAS NAMED AfTER THE BRAZILIAN NAME fOR THE NORTHEASTERN SEMIARID VEGETATION. CAATINGA IS AN INDIGENOUS WORD THAT MEANS “WHITE fOREST”, DUE TO THE WHITISH cOLOR Of THE XEROMORPHIc VEGETATION, DOMINANT IN THE TYPE LOcALITY. Distribution and habitat. THE SPEcIMENS WERE cOLLEcTED DURING THE BEGINNING Of THE RAINY SEASON IN A SEMIARID CAATINGA DOMAIN, LOcATED IN STATE Of PARAIB",2837,4043,"Denisiella caatingae Palacios-Vargas & Ferreira & Zeppelini 2018, sp. nov.","Redefinition of Denisiella Folsom & Mills, 1938 (Collembola: Sminthurididae) with description of three new species from Brazil",10.11646/zootaxa.4434.1.7,http://treatment.plazi.org/id/03E0BD5B605DFFBBFF2CFCACFD20FE3E,treatment text has garbled capitalisation (OCR)
K080,03B7878BD918E338CFE652F327DBD183,Entomobrya pazaristei,Entomobryidae,type_locality,What is the type locality of Entomobrya pazaristei?,Pazariste cave in Yugoslavia || Pazariste cave,"d 52% of RH, 16.II .2013 , (Co 160213 -1 and Co 160213 -2) (one slide deposited in MZNA, the remaining in MBCN); one specimen in ethyl alcohol, over flowstones, AT 22.17, ST 19.2 and 77.13 of RH, 5.X.2013 (Co 051013 -3) (deposited in MBCN). All material M. Vadell leg. This species has been found on Pazariste cave in Yugoslavia (type locality), Nerja cave (Spain) and in some caves of Portugal and Romania (Jordana 2012) and this is the first record for the island of Mallorca.",729,907,Entomobrya pazaristei Denis 1933,"Collembola of the Campanet cave (Mallorca, Balearic Islands), with descriptions of new species of Pseudosinella (Entomobryidae) and Oncopodura (Oncopoduridae)",10.11646/zootaxa.4532.1.2,http://treatment.plazi.org/id/03B7878BD918E338CFE652F327DBD183,candidate span was the list of later records
K082,980887A1B840FFF8FF32E0459BF0DE91,Lepidocyrtus thoracicus,Entomobryidae,body_length,What is the body length of Lepidocyrtus thoracicus?,1.1 mm || 1.0– 1.3 mm || 1.0-1.3 mm," Cox2 and EF sequences of the individuals LP386-1 to LP386-5 (Table 1), with significant support in an adequate molecular delimitation model. Etymology. The species name refers to the presence of a pair of dorsal macrochaetae on mesothorax. Description. Holotype body length (without head nor furca) 1.1 mm, paratypes 1.0– 1.3 mm. Body color pattern (Fig. 3) with dark blue pigment on Abd.II–III, lateral dot on Abd.IV, and coxae I–II; Ant.II-IV slightly pigmented; densely black pigmented ocular areas. Mesothorax slightly projected over the head. HEAD. Eyes 8+8; eyes A to F subequal, G and H slightly sm",1635,8519,"Lepidocyrtus thoracicus Mateos & Zhang & Álvarez-Presas 2023, sp. nov.","New species of Lepidocyrtus (Collembola, Entomobryidae) from Italy with a discussion of characters defining European Lepidocyrtus lignorum-group",10.11646/zootaxa.5270.2.7,http://treatment.plazi.org/id/980887A1B840FFF8FF32E0459BF0DE91,
K083,CC6EA129DE3A0C3C9FB18CFA63EC91A7,Entomobrya ligata,Entomobryidae,distribution,What is the known distribution of Entomobrya ligata?,Endemic to North America || North America,"ong the posterior margin of Th. 2 (Suppl. material 3: D-G). Therefore, the combination Entomobrya ligata is reserved for populations in which individuals carry the posterior band on Th. 2, whereas populations without this band are referred to Entomobrya unifasciata sp. n. (see below). Distribution. Endemic to North America. The species has been reported as having a wide distribution, occurring east of the Mississippi River to the Atlantic coast (Suppl. material 2: I). However, in light of the new circumscription provided above and the possible confusion with Entomobrya unifasciata sp. n., most historical reports are ",4606,6001,Entomobrya ligata Folsom 1924,"Taxonomic review and phylogenetic analysis of fifteen North American Entomobrya (Collembola, Entomobryidae), including four new species",http://dx.doi.org/10.3897/zookeys.525.6020,http://treatment.plazi.org/id/CC6EA129DE3A0C3C9FB18CFA63EC91A7,
K084,985F87902F58FFC197BEFCF8DCAE369F,Xenylla duchesnea,Hypogastruridae,type_locality,What is the type locality of Xenylla duchesnea?,"Duchesne, Utah || Duchesne"," not able to examine X. duchesnea type specimens, but rather based their interpretation and illustrations of the species on specimens from another locality, Blacksmith Fork Canyon (given in Christiansen & Bellinger (1980, 1998) as Blacksmith Canyon). This site is near Logan, Utah, about 225 km from Duchesne, Utah, the type locality. Examination of the lectotype clearly showed that the Ant. IV sensilla are stalked and conoid, dens and mucro are fused, and the mucro is reduced to a small terminal sclerotization. The anal spines were more substantial than illustrated by Wray, and dissimilar to those from Black",4285,5647,Xenylla duchesnea Wray 1958,Redescriptions of Hypogastruridae and Onychiuridae (Collembola) described by David L. Wray,10.11646/zootaxa.3918.3.1,http://treatment.plazi.org/id/985F87902F58FFC197BEFCF8DCAE369F,candidate span was the next sentence
K085,877F1C3EFFC76F4F21DB5AC0FB18FB04,Hemisotoma quadrioculatus,Isotomidae,habitat,What is the habitat of Hemisotoma quadrioculatus?,soil inside cracks in rocks || soil under oak trees,"Material studied. IRAN, 16 specimens, Ilam Province: soil under oak trees ( Quercus brantii ), Arghavan Forest Park (33°38′57.694″N, 46°26′54.900″E, alt. 1517 m), Ilam, May 2014, leg. M. Mirab-Balou. Ecology: The species was recorded for the first time from soil inside cracks in rocks in Tadjikistan (Potapov, 2001), and no information about its ecology is available. Distribution: Middle Asia, Tajikistan, Ganzhino, Aruk-Tau Range (Potapov, 2001). Remarks. The species was recorded as Cryptopygus quadrioculatus in the Isotomidae key written by Potapov (2001), but the genus Cryptopy",258,747,Hemisotoma quadrioculatus Martynova 1967,New additions to Iranian Collembola (Entognatha: Hexapoda) from Ilam Province (western Iran),10.3906/zoo-1605-15,http://treatment.plazi.org/id/877F1C3EFFC76F4F21DB5AC0FB18FB04,first record and new Iranian record
K086,03C387C2FFEEFFC1FE9C4196A8073356,Arrhopalites paranaensis,Arrhopalitidae,type_locality,What is the type locality of Arrhopalites paranaensis?,"Lancinha cave || Rio Branco do Sul, Lancinha cave","Etymology. This species is named after Paraná state where the Lancinha cave is located. Type Material. Holotype female Ψ, BRAZIL, Paraná. Rio Branco do Sul, Lancinha cave x­1986. R. Pinto­da­Rocha (MZUSP). Paratypes: BRAZIL, Paraná: 3 female ΨΨ, same data as Holotype. Description. Caecus ­group (figs. 11 A–K). Body sparsely clothed with very short setae on anterior part of",62,2337,"Arrhopalites paranaensis Zeppelini, 2006, sp. n.","The genus Arrhopalites Börner, 1906 (Collembola, Appendiciphora, Arrhopalitidae) in the Neotropical Region, with description of four new cave species from Brazil",10.5281/zenodo.171788,http://treatment.plazi.org/id/03C387C2FFEEFFC1FE9C4196A8073356,distribution gave only a biogeographic zone number
K087,6C8DBFFDED1DB7930149B56BCEDBCA7B,Pseudachorutes nica,Neanuridae,habitat,What is the habitat of Pseudachorutes nica?,pasture fields || two different pasture fields,"the type locality. Distribution. Known only from type locality. Province Esteli: Mesas de Moropotente, Acacia pennatula , Oplinemus , Croton jalapensis forest, 23 August 2007, ex soil from pit fall traps. Ecology. More than 135 specimens were found in the samples of pitfall traps from two different pasture fields on August 23, 2007.The species is very abundant in most of the collecting traps. Discussion. Pseudachorutes nica sp. n. is easily distinguished from all other species of the genus by the combination of the following characters: presence of many vesicles in the postantennal organ, well-differentiate",4557,5941,"Pseudachorutes nica Palacios-Vargas & Mejia-Madrid, 2012, sp. n.","A new Pseudachorutes (Collembola, Neanuridae, Pseudachorutinae) from Nicaragua",http://dx.doi.org/10.3897/zookeys.187.2362,http://treatment.plazi.org/id/6C8DBFFDED1DB7930149B56BCEDBCA7B,
K088,CFDEFF1339251149C64196287E16F253,Tomocerus tiani,Tomoceridae,etymology,Who is Tomocerus tiani named after?,Prof. Mingyi Tian || Mingyi Tian,"th with proximal lamellae, outer tooth with a toothlet; apical and subapical tooth subequal; two dorsal lamellae running from subapical tooth, outer lamella ending in inner basal tooth, inner lamella ending at base of mucro; without intermediate teeth (Fig. 3F). Etymology. Named after the collector Prof. Mingyi Tian. Remarks. Tomocerus tiani sp. n. is similar to Tomocerus caecus Yu & Deharveng, 2015, Tomocerus kinoshitai (materials from Changbai Mountain, China) and Tomocerus similis Chen & Ma, 1997 (type materials) in the length of antennae, the general pattern of chaetotaxy on Th. II, the number and position",5245,7649,"Tomocerus tiani Yu, sp. n.","New cave-dwelling species of Tomoceridae from China, with a study on the pattern of mesothoracic bothriotricha in Tomocerinae (Collembola, Entomobryomorpha)",http://dx.doi.org/10.3897/zookeys.574.7312,http://treatment.plazi.org/id/CFDEFF1339251149C64196287E16F253,abbreviation 'Prof.' cut the span
K089,4E7D4972DE5B0F0C66EAF96CFCEEF957,Deuteraphorura montagudi,Onychiuridae,holotype_depository,Where is the holotype of Deuteraphorura montagudi deposited?,MNSV,"a.s.l. Type material. Holotype ¡ Female mounted on slide¡ Spain, Baamonde, Lugo (Galicia), 400 m a.s.l., leaf litter, 12.IX.2003, S. Montagud leg. Paratypes ¡ One male, three females, and two juvenile specimens mounted on slides collected together with Holotype . Holotype and Paratypes deposited in MNSV . Etymology. The species is cordially dedicated to Sergio Montagud, University of Valencia, responsible for the sampling of this new species. Description. Colour in alcohol, white. Body length (excluding antennae) of adults¡ male 1.03 mm, females 1.12- 1.43 mm. Cuticle granulation more or less unif",401,3563,"Deuteraphorura montagudi Arbea, 2015, sp. nov.","New Onychiurinae (Collembola ¡ Onychiuridae) from Lugo, northwestern Iberian Peninsula.",10.5281/zenodo.12715881,http://treatment.plazi.org/id/4E7D4972DE5B0F0C66EAF96CFCEEF957,
K090,512F3FEACFAC5B28B5AD4BBE73FC8679,Szeptyckitheca nepalica,Sminthuridae,distribution,What is the known distribution of Szeptyckitheca nepalica?,Nepal,"eca , especially due to the presence of the spines on trochanters I-III, its description is quite limited considering the current taxonomy of Symphypleona (see Table 2), and the species needs a formal redescription, as already noted by Betsch and Weiner (2009). Habitat. Unknown. Known distribution. Nepal (Yosii 1966).",1357,1376,Szeptyckitheca nepalica,"Revisiting Szeptyckitheca Betsch & Weiner (Collembola, Symphypleona, Sminthuridae): new species, updated diagnoses, and a key",http://dx.doi.org/10.3897/zookeys.1186.111837,http://treatment.plazi.org/id/512F3FEACFAC5B28B5AD4BBE73FC8679,
K091,877F1C3EFFC46F4F227E598BFDCDFA0E,Metaphorura riozoi,Tullbergiidae,habitat,What is the habitat of Metaphorura riozoi?,the soil of a meadow in Hungary || soil of a meadow || leaf litter under oak trees,"lam University (33°45′6.806″N, 46°22′49.648″E, alt. 1395 m) , Ilam, September 2015; soil and leaf litter under oak trees ( Quercus brantii ), Gachan Mountain (33°38′43.08″N, 46°29′9.96″E, alt. 2330 m) , Ilam, July 2014, leg. M. Mirab-Balou . Ecology: The species was recorded for the first time from the soil of a meadow in Hungary (Castano-Meneses et al., 2000), and no information about its ecology is available. Distribution: Central Europe, Hungary (Castano-Meneses et al., 2000; Dunger and Schlitt, 2011).",549,759,"Metaphorura riozoi Castano-Meneses, Palacios-Vargas & Traser 2000",New additions to Iranian Collembola (Entognatha: Hexapoda) from Ilam Province (western Iran),10.3906/zoo-1605-15,http://treatment.plazi.org/id/877F1C3EFFC46F4F227E598BFDCDFA0E,
K092,03B3879EFFC4FF9CFF6EFE462AE3649A,Cyphoderopsis nepalensis,Paronellidae,distribution,What is the known distribution of Cyphoderopsis nepalensis?,"India: Terai Grassland, Valmiki Tiger Reserve || India || Nepal","ak sub apical tooth; unguiculus lanceolate; a single row of spine on each dens, dens thickly covered with setae. The main diagnostic character of this species is dentes with one row of dental spines, eyes absent, manubrium longer than mucrodens and claw with two strong internal teeth. Distribution: India: Terai Grassland, Valmiki Tiger Reserve, West Champaran district of Bihar. Elsewhere: Nepal.",937,1035,Cyphoderopsis nepalensis,"Short Communication Cyphoderopsis nepalensis (Wilson, 1982): A New Record of Collembola (Entomobryomorpha: Paronellidae) from India",10.26515/rzsi/v120/i4/2020/147037,http://treatment.plazi.org/id/03B3879EFFC4FF9CFF6EFE462AE3649A,
K093,03FC6644DC422C76FF79F8746E17FAAB,Megalothorax incertus,Neelidae,habitat,What is the habitat of Megalothorax incertus?,anthropized environments || mostly found in anthropized environments,"ost similar species are M. perspicillum , M. boerneri sp. nov. and M. laevis Denis, 1948 . The differential diagnosis is provided in Table 2. Also see the updated interactive key of the Megalothorax species of the world (Schneider 2022). Ecology. The species seems widespread, and is mostly found in anthropized environments. In the garden of the Laboratory of Tropical Ecology (France), it was co-existing with both M. willemi and M. minimus (found in the same sample). In Sicily, it was found in close proximity with M. perspicillum . This species assemblage is possibly resulting from the input of soils of various origin",6777,7500,Megalothorax incertus Borner 1903,"Revision of Megalothorax incertus Börner, 1903 reveals it to be another widespread Palearctic species of the genus (Collembola, Neelidae)",10.11646/zootaxa.5318.4.2,http://treatment.plazi.org/id/03FC6644DC422C76FF79F8746E17FAAB,
K094,65497666FFA5446A50C942C4FA1BD3F1,Friesea kariae,Neanuridae,body_length,What is the body length of Friesea kariae?,0.40–0.69 mm || 0.40-0.69 mm || 0.62 mm,"type, 27.IX.2006, 3.X.2006, 22.IX.2007, A. Smolis coll., 15 and 6 paratypes housed in ZIWU and OSAC respectively. Etymology. The new species is named in honour of Kari Brisbee O’Connell, the former Forest Director of the H. J. Andrews Experimental Forest. Description. Body length (without antennae) 0.40–0.69 mm (holotype: 0.62 mm). Colour of body in alive and alcohol white. Habitus typical for genus (Fig. 1) Area ocularis without eyes, with 3 setae Oc (Fig. 2). Granulation homogenous, rather fine. Labium and labrum as in Figs 4–5. Chaetotaxy of labrum: 4/5,3,4. Mandible with 7 teeth (Fig. 7). Maxilla with",835,4659,"Friesea kariae Smolis, 2010, sp. nov.",Two new species of Collembola: Friesea kariae sp. nov. (Neanuridae) and Stachia oregonensis sp. nov. (Odontellidae) from North America,10.5281/zenodo.196109,http://treatment.plazi.org/id/65497666FFA5446A50C942C4FA1BD3F1,
K095,766F1830FFB77557C2B7FD5DFA4EFD16,Alloscopus arborealis,Orchesellidae,etymology,What does the name of Alloscopus arborealis refer to?,"‘arboreal’, which means ‘living in trees’ || living in trees || arboreal","ola et al. (2016) Mari-Mutt (1985b); Cipola et al. (2016) Jantarit & Sangsiri (2020) Legends:?– no information; c–ciliated; se–serrated and s–smooth. The chaetotaxy of Th. II of A. tetracanthus follows Mari-Mutt (1977, 1982 b) and Prabhoo (1971). Etymology. The species name is derived from the word ‘arboreal’, which means ‘living in trees’, referring to the presence of A. arborealis in forest canopies. The name also highlights the presence of springtails in the canopy forests of the Philippines. Remarks. Alloscopus arborealis sp. nov. differs from all other blind Alloscopus species by the following combination of characters: head wit",17511,20305,"Alloscopus arborealis Alviola & Lucañas & Lit & Soto-Adames & Jantarit 2024, sp. nov.","A new canopy-dwelling species of the genus Alloscopus Börner (Collembola: Orchesellidae: Heteromurinae) from Mt. Makiling, Philippines",10.11646/zootaxa.5405.2.8,http://treatment.plazi.org/id/766F1830FFB77557C2B7FD5DFA4EFD16,
K096,37ABD66B53D6413112437ECD1CFCC7D8,Micronella itacaman,Brachystomellidae,type_locality,What is the type locality of Micronella itacaman?,"Itatiaia municipality, Parque Nacional de Itatiaia || Parque Nacional de Itatiaia || Itatiaia","/MNRJ, Itatiaia, RJ, Brasil, Queiroz, G.C. leg, 27.iii.2012, 22°22'59""S, 44°40'1""W. Paratype: 1 female on slide, Label: N° 2138 CM/MNRJ (D), Itatiaia, RJ, Brasil; Queiroz, G.C. leg, 14.vii.2011, 22°22'59""S, 44°40'1""W. Deposited at MNRJ, Rio de Janeiro, Brazil. Type locality. Brasil, Rio de Janeiro: Itatiaia municipality, Parque Nacional de Itatiaia (ICMBio), 22°22'59""S, 44°40'1""W, leaf litter and soil of ""campos de altitude"", 2,400 m a.s.l. Other material. One female on slide, Label: N° 2153 CM/MNRJ (A), Alto Caparao, MG, Brasil, Queiroz, G.C. leg, 27.vii.2011, 20°26'7""S, 41°47'54""W. Deposited at MNRJ, Rio de Janeiro, Brazil. One specimen dep",360,3943,"Micronella itacaman Queiroz & Mendonca, 2013, sp. n.","New species of Brachystomellidae and characterization of Micronella porcus (Denis, 1933) from Brazil",http://dx.doi.org/10.3897/zookeys.316.4869,http://treatment.plazi.org/id/37ABD66B53D6413112437ECD1CFCC7D8,
K097,C872CB77A9965C57B90F34A0C16B8F00,Sphaeridia piauiensis,Sminthurididae,etymology,What does the name of Sphaeridia piauiensis refer to?,"its type locality, Piaui State, Brazil || Piaui State || Piaui"," tooth, ungues without tunica and pseudonychia; unguiculi I-III without teeth, with all lamellae smooth, unguiculi filament pre-apical and reaching the apex of the ungues in legs I and II, absent in leg III; ratio of ungues I-III in the holotype = 1:0.97:0.96. Etymology. The species was named after its type locality, Piaui State, Brazil. Remarks. Sphaeridia piauiensis sp. nov. belongs to the Sphaeridia irmleri group sensu Bretfeld and Gauer (1994) due to its complex male ventral tube without asymmetrical structures or medial processes. The Sphaeridia irmleri group holds only three Neotropical species: S. irmleri Bretfeld & Gauer, ",8595,10488,"Sphaeridia piauiensis Medeiros & Bellini 2023, sp. nov.","Two new species of Sminthurididae (Hexapoda, Collembola, Symphypleona) from Brazil with notes on Denisiella Folsom & Mills and Sphaeridia Linnaniemi",http://dx.doi.org/10.3897/zookeys.1173.106855,http://treatment.plazi.org/id/C872CB77A9965C57B90F34A0C16B8F00,
K098,03B7878BD91AE338CFE65379204ED455,Oncopodura siquierae,Entomobryidae,etymology,Who is Oncopodura siquierae dedicated to?,Mrs. María Antònia Siquier || María Antònia Siquier,"one two or three toothed internal distal spines (more or less falcate) and one large, slightly spinate, external distal falcate spines. Mucro with four teeth: two apical, one medial and one basal, sharp, between them a wavy membranous crest (Figs 3N, 3O). Etymology. The species name is dedicated to Mrs. María Antònia Siquier, general manager of ‘Coves de Campanet’. Remarks. The new species is similar to O. gledensis Baquero, Vadell & Jordana, 2007 , with which it shares the morphology of the PAO (with a single vesicle), and unlike all other members of the genus. However, O. siquierae sp. nov. and O. gledensis differ in",4230,5825,"Oncopodura siquierae Seminario-Córdova & Baquero & Jordana & Vadell 2018, sp. nov.","Collembola of the Campanet cave (Mallorca, Balearic Islands), with descriptions of new species of Pseudosinella (Entomobryidae) and Oncopodura (Oncopoduridae)",10.11646/zootaxa.4532.1.2,http://treatment.plazi.org/id/03B7878BD91AE338CFE65379204ED455,abbreviation 'Mrs.' cut the span
K099,883C87CAFFD35950AFAE51908249A042,Pseudosinella dungeri,Entomobryidae,holotype_depository,Where is the holotype of Pseudosinella dungeri deposited?,"Hungarian Natural History Museum, Budapest || Hungarian Natural History Museum","il-litter, hand collecting, 11.iv.2017, leg. D. Winkler. Paratypes: two females (slide codes HNHM-collpr-803 and WD-coll-114) and one male (slide code: WDcoll-115) on slides; 8 specimens in alcohol (vial code HNHM-coll-954) ; same data as holotype. The holotype and one paratype are deposited in the Hungarian Natural History Museum, Budapest; two paratypes preserved in the first author’s collection at the University of Sopron, Faculty of Forestry, Sopron, Hungary . Diagnosis. Small white species, eyes absent. Labial chaetotaxy M1M2rEL1L2, chaeta r strongly reduced. Dorsal macrochaetae formula R0R1s R1R2TP/10/0201+2. Abdominal tergite I",468,7624,"Pseudosinella dungeri Winkler & Mateos 2018, sp. nov.","New species of Pseudosinella Schäffer, 1897 (Collembola, Entomobryidae) from Hungary",10.11646/zootaxa.4382.2.7,http://treatment.plazi.org/id/883C87CAFFD35950AFAE51908249A042,
K100,3F166F7E67AEE8B41076FED7B9FC81C0,Entomobrya citrensis,Entomobryidae,distribution,What is the known distribution of Entomobrya citrensis?,"Chassahowitzka National Wildlife Refuge in Citrus County, Florida || Florida || Endemic to North America","rks for Entomobrya assuta for additional diagnosis information. Only a few specimens of Entomobrya citrensis sp. n. were observed from one locality. Additional sampling may reveal more variation in color pattern or chaetotaxy. Distribution. Endemic to North America. Reported from a single locality: Chassahowitzka National Wildlife Refuge in Citrus County, Florida (Suppl. material 2: D).",4187,4276,"Entomobrya citrensis Katz & Soto-Adames, sp. n.","Taxonomic review and phylogenetic analysis of fifteen North American Entomobrya (Collembola, Entomobryidae), including four new species",http://dx.doi.org/10.3897/zookeys.525.6020,http://treatment.plazi.org/id/3F166F7E67AEE8B41076FED7B9FC81C0,
K101,144E1D5BFF8FFFAC4CD4BCEEFA29B428,Hypogastrura sheyangensis,Hypogastruridae,body_length,What is the body length of Hypogastrura sheyangensis?,1.5 mm || up to 1.5 mm,"unty, National Nature Reserve of Red-Crowned Cranes, 26.iv.2006, collection number C9465, coll. Ji-Qiang Qu et al. Paratypes: 7 females and 9 males, 12 in alcohol, same data as holotype. Deposited in the Department of Biology, Nanjing University, China. Description. Size. Maximum body length: up to 1.5 mm. Colour. Dorsum of body, antennae and legs violet-black, ventral side paler. Eye patches dark. Vestiture. Tegumentary granulation: coarse, dorsal of Abd. V with 5–7 (usually 6) granules between p1 setae. Antennae. Antennae short, 0.55–0.75 and 0.09–0.16 times as long as cephalic diagonal and body l",378,6929,"Hypogastrura sheyangensis Jiang, Tang & Chen, 2007, sp. nov.",A new species of the genus Hypogastrura from coastal wetlands of East China (Collembola: Hypogastruridae),10.5281/zenodo.179400,http://treatment.plazi.org/id/144E1D5BFF8FFFAC4CD4BCEEFA29B428,
K102,69C2CE12F7A35C5F8BFAE2161DB28876,Narynia alxaica,Isotomidae,type_locality,What is the type locality of Narynia alxaica?,the foothills of Helan Mountain || Helan Mountain,"II and the same chaetotaxy of the dens. However, they can easily be distinguished from each other by the location of the medial sensilla on Abd. V. The main differences between the three species are described in the Remarks of N. ritongensis sp. nov. Distribution. Known only from the type locality, the foothills of Helan Mountain. Etymology. The new species is named after the type locality.",4045,4138,"Narynia alxaica Huang, 2025, sp. nov.","Two new species of the genus Narynia (Collembola, Isotomidae) from China",10.3897/zookeys.1240.141871,http://treatment.plazi.org/id/69C2CE12F7A35C5F8BFAE2161DB28876,
K103,3F328793FFAC0620FF43F920FE63AFA1,Arrhopalites prutensis,Arrhopalitidae,holotype_depository,Where is the holotype of Arrhopalites prutensis deposited?,"Schmalhausen Institute of Zoology, NAS of Ukraine, Kiev || Schmalhausen Institute of Zoology","ically serrated. Type material. 5 specimens on 3 slides. Holotype on slide B-5: female, Republic of Moldova, Leuşeni (46°46'36""N, 28°10'29""E) (Fig. 1 point 1), forest belt of the water protection on the bank of Prut River, 12.x.2006, leg. G. Buşmachiu. Holotype is deposited in the collection of the Schmalhausen Institute of Zoology, NAS of Ukraine, Kiev. Paratypes: moulting female and juv., same locality as holotype, 11.v.2006 (slide B-3); juv., same data as holotype (slide B-5); female, Republic of Moldova, Branişte (47°49'1""N, 27°13'2""E) (Fig. 1, point 2), forest belt of the water protection on the bank of Prut River, 11.x.2006 (slide B-16). Par",1069,13235,"Arrhopalites prutensis Vargovitsh & Buşmachiu, 2015, sp. nov.",A new species and new records of Arrhopalitidae (Collembola: Symphypleona) from the Republic of Moldova,10.11646/zootaxa.3973.3.8,http://treatment.plazi.org/id/3F328793FFAC0620FF43F920FE63AFA1,
K104,03E2E70DFFB5FFCBFF63FE88775FFEA1,Palmanura axelretanai,Neanuridae,type_locality,What is the type locality of Palmanura axelretanai?,"Costa Rica, Turrialba, forest close to CATIE || Turrialba || CATIE","Type material. HOLOTyPE: fEMALE. PARATyPES: 2 fEMALES. Type locality. COSTA RICA, TURRIALbA, FOREST cLOSE TO CATIE, Ex LITTER, 18.VII.2010, LEg. J. G. PALAcIOS-VARgAS. Description. LENgTh 848 µM. WhITE. GRANULATION fINE. TUbERcLES NOT wELL dEvELOPEd. BOdy dORSALLy wITh PALMATE MAcROSETAE (PM) (40 µM) (40 µM–57 µM), fEw bARbULATE MAcROSETAE (BM) (32) (32 µM–46 µM) ANd SENSORIAL SETAE (S) (14 µM) (14 µM–24 µM), v",70,2997,"Palmanura axelretanai Arango & Palacios-Vargas & Vázquez & Marín 2018, sp. nov.","Revision of the genus Palmanura Cassagnau, 1983 (Collembola: Neanuridae: Neanurinae: Sensillanurini)",10.11646/zootaxa.4483.1.5,http://treatment.plazi.org/id/03E2E70DFFB5FFCBFF63FE88775FFEA1,treatment text has garbled capitalisation (OCR)
K105,039987FCFFC9FF9BFF14398D6DF08B95,Plutomurus revazi,Tomoceridae,habitat,What is the habitat of Plutomurus revazi?,troglophilous || probably troglophilous species,"0 0 1 in P. grahami ; (2) dorsal macrochaetotaxy: 52/ 33433 in the new species, while it is 42/ 32413 in P. grahami . Etymology. The species is dedicated to Dr. Revaz Djanashvili, who, beginning in the 1960s, was the first Georgian biospeleologist and collembolan taxonomist. Ecology. It is probably troglophilous species, because the body and eye patches are pigmented.",6949,7019,"Plutomurus revazi Barjadze, Baquero, Soto-Adames, Giordano & Jordana, 2016, sp. nov.","New diagnosis for species of Plutomurus Yosii (Collembola, Tomoceridae), with descriptions of two new species from Georgian caves",10.11646/zootaxa.4126.1.3,http://treatment.plazi.org/id/039987FCFFC9FF9BFF14398D6DF08B95,only a general ecological statement is given
K106,243B8CAC5DF6CDC27CA851695A52183D,Protaphorura tuvinica,Onychiuridae,etymology,What does the name of Protaphorura tuvinica refer to?,the Tuva Republic (Russian Federation) || Tuva Republic || Tuva," rows of chaetae (distal whorl (A+T)+B+C): 11+8+3, 11+8+3, 11+8+3-4 chaetae respectively. Claw with strong denticle in 1/2 of inner edge of claw (Fig. 49). Empodial appendage of the same length as inner edge of claw, without basal lamella. (Fig. 49). Etymology. The name of the new species refers to the Tuva Republic (Russian Federation), the place where the type specimens were collected. Discussion. Protaphorura tuvinica sp. n. belongs to the group of Protaphorura species without pseudocelli on subcoxa 1 of all legs and with 2+2 pso ventrally on head: Protaphorura ombrophila (Stach, 1960), Protaphorura kopetdagi Pomorski, 1994, Pr",4651,5824,"Protaphorura tuvinica Kaprus', Weiner & Pasnik, 2016, sp. n.","Collembola of the genus Protaphorura Absolon, 1901 (Onychiuridae) in the Eastern Palearctic: morphology, distribution, identification key",http://dx.doi.org/10.3897/zookeys.620.9372,http://treatment.plazi.org/id/243B8CAC5DF6CDC27CA851695A52183D,
K109,0C92AD2CF23BFC0A7D646A84597040CF,Pseudosinella vulcana,Entomobryidae,distribution,What is the known distribution of Pseudosinella vulcana?,"Santa Cruz Island, Galapagos, Ecuador","hile. Species Light (Lux) Relative humidity (%) Air temperature (°C) Soil temperature (°C) Elevation (m) Cave zone Heteromurus (Heteromurtrella) nitens Lepidocyrtus nigrosetosus Pseudosinella stewartpecki Pseudosinella vulcana Coecobrya Entomobrya darwini Cyphoderus cf. agnotus Salina Distribution. Santa Cruz Island, Galapagos, Ecuador.",7765,7803,"Pseudosinella vulcana Katz, Soto-Adames & Taylor, sp. n.","New records and new species of springtails (Collembola: Entomobryidae, Paronellidae) from lava tubes of the Galapagos Islands (Ecuador)",http://dx.doi.org/10.3897/subtbiol.17.7660,http://treatment.plazi.org/id/0C92AD2CF23BFC0A7D646A84597040CF,
K110,01379830FFF45076E0E90970BD8DD156,Megalothorax zealanterolenis,Neelidae,holotype_depository,Where is the holotype of Megalothorax zealanterolenis deposited?,"Museum of New Zealand Te Papa Tongarewa, Wellington, New Zealand || Museum of New Zealand Te Papa Tongarewa || Te Papa","hern beech forest ( F. cliffortioides with some F. fusca and L. menziesii ), in soil and litter with moss Ptychomnion aciculare (Brid.) Mitt. , sample MtAb_ T 3-6. Material deposit. The holotype (CSCOL _1327) and two paratypes (a female and a male, CSCOL _1328, CSCOL _1329) will be deposited at the Museum of New Zealand Te Papa Tongarewa, Wellington, New Zealand . Three female paratypes (CSCOL _1326) will be deposited at the Senckenberg Museum für Naturkunde, Görlitz, Germany . Diagnosis. Whitish in ethanol, labrum a1 chaetae with bifurcate tip, maxillary palp with an internal bifurcate hair, basomedian and basolateral fields of labium each with 1 + 1 chae",3217,8413,"Megalothorax zealanterolenis Schneider & Minor & D’Haese 2023, sp. nov.","A new group of species of the genus Megalothorax (Collembola, Neelidae) with Gondwanan distribution, and introducing an open interactive identification key of Megalothorax species",10.11646/zootaxa.5228.2.1,http://treatment.plazi.org/id/01379830FFF45076E0E90970BD8DD156,
K111,03A987C9B258720F56FFFBDA17647D92,Austrodontella monticola,Odontellidae,etymology,What does the name of Austrodontella monticola refer to?,the high alpine zone where the species was found || high alpine zone,"fications were found in the single juvenile available (Old Man’s Range, cushionfield). Most probably it is the result of ecomorphosis as understood by Cassagnau (1956) —temporary changes in some morphological traits in unfavourable environmental conditions. Etymology. The specific epithet refers to the high alpine zone where the species was found. Affinities. The new species is similar to A. trispina . Based on the existing descriptions (Womersley 1935; Massoud 1967) of the latter, these two species can be distinguished by their sizes (0.9–1.2 mm in A. monticola sp. nov. vs 0.55 mm in A. trispina ), number of lobes in PA O (three in A. tris",6908,9181,"Austrodontella monticola Babenko & Minor, 2015, sp. nov.","Austrodontella monticola sp. nov., a new species of Collembola from montane New Zealand",10.11646/zootaxa.3974.1.9,http://treatment.plazi.org/id/03A987C9B258720F56FFFBDA17647D92,
K112,0EF6CE3D67555C8F93347918DB4C684B,Alloscopus sago,Orchesellidae,habitat,What is the habitat of Alloscopus sago?,the old bark of the sago palm ( Metroxylon sagu Rottb ) at the lower trunk level || old bark of the sago palm || sago palm," to southern Thailand, and underscores the ecological significance of the sago palm that serves not only as a major source of starch for commercial purposes but also as a habitat for numerous species, including the newly described Collembola species. Ecology. The new species is exclusively found on the old bark of the sago palm ( Metroxylon sagu Rottb ) at the lower trunk level (Figs 1 B, 2 F). The sago palm population in this area is dense and is located within a protected zone managed by the local community at Ban Huay Pru, Khaun Khanun Subdistrict, Khaun Khanun District, Phatthalung Province, designated for the cultivation and harvesting of sago palm. The sago palm pat",20607,21160,"Alloscopus sago Jantarit & Manee 2025, sp. nov.","Two new species of the genus Alloscopus Börner, 1906 (Collembola, Orchesellidae, Heteromurinae) from southern Thailand",10.3897/zookeys.1245.148100,http://treatment.plazi.org/id/0EF6CE3D67555C8F93347918DB4C684B,
K113,E75F96C1532AAEE2F42F5D9D8A0E5B3A,Neorganella rotundatae,Brachystomellidae,body_length,What is the body length of Neorganella rotundatae?,0.88 mm || 0.47-1.20 mm,"z, G.C. leg, 25.x.2011, 22°22'59""S, 44°40'1""W. Type locality. Brasil, Rio de Janeiro: Itatiaia municipality, Parque Nacional de Itatiaia (ICMBio), 22°22'59""S, 44°40'1""W, leaf litter and soil of ""campos de altitude"", 2,400 m a.s.l. Description. Habitus typical of the family. Body length of holotype: 0.88 mm; body length range of paratypes: 0.47-1.20 mm. Color in ethanol: white, no pigmentation. Ratio head diagonal: antenna = 1:0.63. Ant I with 7-8 chaetae. Ant II with 12 chaetae. Ant III and IV fused dorsally, ventral separation marked. Sensory organ of Ant III with two small club-shaped sensilla, the",865,3754,"Neorganella rotundatae Queiroz & Mendonca, 2013, sp. n.","New species of Brachystomellidae and characterization of Micronella porcus (Denis, 1933) from Brazil",http://dx.doi.org/10.3897/zookeys.316.4869,http://treatment.plazi.org/id/E75F96C1532AAEE2F42F5D9D8A0E5B3A,
K114,A742F903FF9DFFA3CAB3FDFDC19310F8,Denisiella diomedesi,Sminthurididae,holotype_depository,Where is the holotype of Denisiella diomedesi deposited?,"Laboratorio de Ecología y Sistemática de Microartrópodos, Sciences Faculty, UNAM, México || UNAM"," dens and mucro as 1: 3.3: 1.5. Maximum length in µm of setae on head 40, body 37, dens 61, tibiotarsus 42. Type locality. Panama: Panama Province, Chepo, Chichebere, in pitfall traps, rice paddyfield, B. Zachrisson coll., 15.viii.2002. Type material. Holotype and two paratype males will be kept at Laboratorio de Ecología y Sistemática de Microartrópodos, Sciences Faculty, UNAM, México. Etymology. This species is dedicated to Dr. Diomedes Quintero (Universidad de Panamá), for his help in the study of springtails from Panama. Discussion. The sexual dimorphism of species in the genus Denisiella is very remarkable. Antennae of males are highly modified as a clasping organ and there ",2990,4065,"Denisiella diomedesi Palacios-Vargas, 2007, sp. nov.","A new species of Denisiella (Collembola: Sminthurididae) from Panama and new records for D. sexpinnata (Denis, 1938)",10.5281/zenodo.179561,http://treatment.plazi.org/id/A742F903FF9DFFA3CAB3FDFDC19310F8,
K116,9A39404FF88A0799FFC10F6AA37FF53D,Entomobrya atrocincta,Entomobryidae,distribution,What is the known distribution of Entomobrya atrocincta?,"North America, Hawaii and possibly Europe || North America","rocincta Schӧtt, 1896 has priority over Entomobrya nigrocincta Denis, 1923, and also because the holotype designated for Entomobrya atrocincta was collected in North America, the specimens along with the descriptions outlined in this study have been assigned to Entomobrya atrocincta . Distribution. North America, Hawaii and possibly Europe. Records of Entomobrya multifasciata in North America and Hawaii (Christiansen and Bellinger 1992) are suspect due to their similarity to the female Entomobrya atrocincta color form. A considerable number of collections of Entomobrya atrocincta from Hawaii also include Entomobrya multifasciata , in",7752,9868,Entomobrya atrocincta Schӧtt 1896,"Taxonomic review and phylogenetic analysis of fifteen North American Entomobrya (Collembola, Entomobryidae), including four new species",http://dx.doi.org/10.3897/zookeys.525.6020,http://treatment.plazi.org/id/9A39404FF88A0799FFC10F6AA37FF53D,
K117,D420C10EF21FFFD4FF137483FDFDFDB2,Hypogastrura yosii,Hypogastruridae,body_length,What is the body length of Hypogastrura yosii?,1.5 mm || up to 1.5 mm,"d 2 males on slides, China, Jiangsu Province, Yancheng, Sheyang County, National Nature Reserve of Red-Crowned Cranes, 26.iv.2006, collection number C9465, leg. Ji-Qiang Qu et al. (deposited in the collection of the Department of Biology, Nanjing University, China). Redescription. Body length up to 1.5 mm. Colour violet-black, ventrally paler, eye patches black. Granulation uniform, 5–7 granules between setae p1 on abd. V. Chaetotaxy of head typical of the genus. Setae short and smooth. Body sensilla (s) 2 times longer than ordinary setae, fine and smooth. Dorsal chaetotaxy of th. II and abd. III–VI",842,5998,Hypogastrura yosii Stach 1964,"A taxonomic study on Hypogastrura Bourlet, 1839 (Collembola, Hypogastruridae) from China",10.5281/zenodo.201154,http://treatment.plazi.org/id/D420C10EF21FFFD4FF137483FDFDFDB2,
K118,03D2AD21BD25A73F86CEF9A467A0875C,Folsomotoma amyliuae,Isotomidae,type_locality,What is the type locality of Folsomotoma amyliuae?,near Premier Resort Sani Pass || Sani Pass || KwaZulu-Natal,"Figs 21–33 Type material. Holotype male on slide and 10 paratypes. South Africa, KwaZulu-Natal, Forest leaf litter, Tullgren extraction, 24 Jan 2019, near Premier Resort Sani Pass, leg. C. Janion-Scheepers. Holotype and 3 paratypes in SAMC, 3 paratypes in MNHN; 3 paratypes in MSPU. Description. Body length of adults 0.8–1.0 mm. White, with scattered pigment grains on corpus, eye spot darker (Fig. 26). Ant.I with 4 s-chaetae ventro-laterally (2 long and thick and 2 very short",150,3839,"Folsomotoma amyliuae Janion-Scheepers & Potapov & Deharveng 2023, sp. nov.","New and little-known Isotominae (Collembola, Isotomidae) from South Africa",10.11646/zootaxa.5346.3.8,http://treatment.plazi.org/id/03D2AD21BD25A73F86CEF9A467A0875C,distribution only said 'type locality'; locality from the type record
K119,8F2F2F2DA735FF85FF1F4CB1377FFAA6,Pygmarrhopalites sericus,Arrhopalitidae,body_length,What is the body length of Pygmarrhopalites sericus?,0.7 mm || ~ 0.7 mm,", Abkhazia, Gagra Mt. R ., Arabika Massif, 2,223 m a.s.l., Zh-13 Cave, -5 m, on liquid surface of Barber trap, 11.ix.2017, A.G. Koval and R. S. Vargovitsh leg. Taxonomic remarks. The examined specimens generally correspond to the original descriptions of P. sericus (Gisin 1947, 1960): body length ~ 0.7 mm; body and eyes with greyish pigmentation; head dorsum bearing ordinary setae, with 2 + 2 posterior setae thicker than anterior ones; Ant IV divided into 5 subsegments, basal subsegment ~1.3× as long as apical; all claws with inner tooth; Abd VI with 13 broadened setae; appendices anales palmated ( ",1052,2980,Pygmarrhopalites sericus,"Antennal troglomorphy in Arrhopalitidae (Collembola: Symphypleona) with the description of two new cave Pygmarrhopalites Vargovitsh, 2009 species from the Arabika Massif in the Caucasus",10.11646/zootaxa.5673.4.3,http://treatment.plazi.org/id/8F2F2F2DA735FF85FF1F4CB1377FFAA6,length quoted from the original description
K120,391C87D9FFC6FFB8C1CDF9FFFA54F80C,Sernatropiella pinzonae,Neanuridae,type_locality,What is the type locality of Sernatropiella pinzonae?,COLOMBIA: Cundinamarca province: Chingaza || Chingaza,"(Figs 1–31) Type locality. COLOMBIA: Cundinamarca province: Chingaza. Type material. Holotype: Male, Idem: La Calera. Parque Natural Nacional Chingaza, Sector San José, Road to San Juanito 2.966 m alt. 4° 29’ 28” N, 73° 41’ 22” W, necrotrap, 22– 24.11.2003, I. Quintero and M. Torres col. Paratypes: Female, Idem: Mpio. Guasca. PNN Chingaza, Sector Palacio, 2.920 m al",27,5319,"Sernatropiella pinzonae Palacios-Vargas 2019, gen. et sp. nov.",An extraordinary new genus and species of Pseudachorutinae (Collembola: Neanuridae) from Colombia,10.11646/zootaxa.4609.2.11,http://treatment.plazi.org/id/391C87D9FFC6FFB8C1CDF9FFFA54F80C,
K121,03BE075BFFC7FFAA17B8FBBBFB8BB5CC,Monodontocerus mulunensis,Tomoceridae,body_length,What is the body length of Monodontocerus mulunensis?,3.5–4.0 mm || 3.5-4.0 mm,"egion, China, x= 107.969942°E; y= 25.146986°N; elevation 583 m, 27.vi.2011, by Youbang Li, Zheng Tang and Shiyi Lu (sample code: CHIgx11-LYB09). Holotype, two paratype on slide and two paratypes in alcohol in NJAU, one paratype on slide and two paratypes in alcohol in MNHN. Description. Body length 3.5–4.0 mm. Color pale without trace of pigment except the small black eye patches (Fig. 4). Postantennal organ absent. Ommatidia 6+6, small. Antennae about 0.65 times length of body, antennal length ratio as I: II: III: IV= 1.0: 1.5: 5.9: 1.1. Ant. I and Ant. II dorsally scaled, base of Ant. III dorsally wit",524,6289,"Monodontocerus mulunensis Yu, Deharveng & Zhang, 2014, sp. nov.",New species of Monodontocerus (Collembola: Tomoceridae) from southern China with diagnostic notes on the genus and introduction of new taxonomic characters,10.11646/zootaxa.3768.5.3,http://treatment.plazi.org/id/03BE075BFFC7FFAA17B8FBBBFB8BB5CC,
K122,039F2F46FFEFFFBBFC633E46FDED796D,Thalassaphorura whitteni,Onychiuridae,holotype_depository,Where is the holotype of Thalassaphorura whitteni deposited?,IGA-CAS,"s on slides (CHIgx05–109), China: Guangxi: Huanjiang: Min Li forest (107.96647°E 25.09935°N), litter, Berlese extraction, coll. Deharveng Louis & Bedos Anne, 14 March 2005. Both collecting sites are located in the karst of the Mulun National Nature Reserve . Holotype and 1 paratype are deposited in IGA-CAS; 2 paratypes in MNHN. Description. Body length: 0.93–0.98 mm; holotype 0.94 mm. Shape of body cylindrical, Abd. III–IV more or less broadened and anal spines absent (Fig. 3A, F). Colour white in alcohol. Pso formula: 32/233/33343 dorsally and 11/000/01110 ventrally (Fig. 3A, F). Subcoxae 1 of legs ",542,7377,"Thalassaphorura whitteni Sun,, Deharveng & Louis, 2020, new species",Two new species of Thalassaphorura from China (Collembola: Onychiuridae),,http://treatment.plazi.org/id/039F2F46FFEFFFBBFC633E46FDED796D,
K123,CE8739D088AC526E962DB20C4A333FC4,Szeptyckitheca kesongensis,Sminthuridae,habitat,What is the habitat of Szeptyckitheca kesongensis?,"Robinia sp., shrubs, pines, and plant debris || Robinia || plant debris","nterantennal area, while the male lack such morphology (Betsch and Weiner 2009). Although only one couple of specimens was analyzed for this description, no other Szeptyckitheca species has such a sexual dimorphism, including the species herein described. Habitat. Specimens were found associated to Robinia sp., shrubs, pines, and plant debris (Betsch and Weiner 2009). Known distribution. North Korea (Betsch and Weiner 2009).",1617,1745,Szeptyckitheca kesongensis Betsch & Weiner 2009,"Revisiting Szeptyckitheca Betsch & Weiner (Collembola, Symphypleona, Sminthuridae): new species, updated diagnoses, and a key",http://dx.doi.org/10.3897/zookeys.1186.111837,http://treatment.plazi.org/id/CE8739D088AC526E962DB20C4A333FC4,span cut at 'sp.'
K124,462C4399517288EDC0A8EF3142DDD8B8,Mexicaphorura guerrerensis,Tullbergiidae,habitat,What is the habitat of Mexicaphorura guerrerensis?,marine littoral sand,"at their bases (Fig. 4). Ratio anal spine:ungues: 1:1.9. row Thorax Abdomen I II III I II III IV V * * ** ** ** Etymology. The species is named after the State of Guerrero, where it was found. Distribution. Known only from the type locality, at Guerrero State, Mexico. Ecology. This species lives in marine littoral sand.The first specimen was obtained in the floating foam of samples of sand taken from a nest of the Golf turtle Lepidochelys olivacea ( Cheloniidae ). Other specimens were obtained from 12 different places where 4 samples of sand were taken at each and washed. It seems to be very rare species as only ",4314,6370,"Mexicaphorura guerrerensis Palacios-Vargas & Catalan, 2013, sp. n.",A new genus and species of Tullbergiidae (Collembola) from the Pacific Mexican coast,http://dx.doi.org/10.3897/zookeys.326.5451,http://treatment.plazi.org/id/462C4399517288EDC0A8EF3142DDD8B8,
K125,E72B73340A205C6FB00058D0F2128C22,Troglopedetes rungsimae,Paronellidae,holotype_depository,Where is the holotype of Troglopedetes rungsimae deposited?,NHM-PSU," Tham (cave) Khang Khao, 14°11'23.8""N, 98°59'37.0""E, 262 m a.s.l., 28 February 2019, S. Jantarit, A. Nilsai and K. Jantapaso leg., dark zone of cave, by aspirator (sample # THA_SJ_KRI11). Paratypes: 2 subadults on slides, same locality and date as the holotype. Holotype and 2 paratypes deposited in NHM-PSU, measurements of holotype in Table 3. Head Tergites Appendages Ant. I 95 Th. II 128 Man 340 Ant. II 240 Th. III 120 Dens 338 Ant. III 210 Abd. I 70 Mucro 37 Ant. IVa 200 Abd. II 80 Furca 715 Ant. IVb 160 Abd. III 90 Claw I 30 Ant. 905 Abd. IV 430 Claw II 32 Head 260 Abd. V 70 Claw III 32 - - Abd. V",524,12780,"Troglopedetes rungsimae Surakhamhaeng 1 & Deharveng 2 & Jantarit 3 2021, sp. nov.","Three new species of cave Troglopedetes (Collembola, Paronellidae, Troglopedetinae) from Thailand, with a key to the Thai species",http://dx.doi.org/10.3897/subtbiol.40.73143,http://treatment.plazi.org/id/E72B73340A205C6FB00058D0F2128C22,
K126,01379830FFFE507EE0E90BF7BD9DD419,Megalothorax anterolenis,Neelidae,holotype_depository,Where is the holotype of Megalothorax anterolenis deposited?,"Museo Nacional de Historia Natural de Chile, Santiago, Chile || Museo Nacional de Historia Natural de Chile","_213, 214, 221), Chile, Región de Aysén, Sendero Laguna Los Pumas, 2011.xii.04, 44.2354°S, 72.5195°W, among mosses growing on the base of a tree, sample CHL218. All material collected by C. Schneider. Material deposit. The holotype and two paratypes (CSCOL _104, CSCOL _111) will be deposited at the Museo Nacional de Historia Natural de Chile, Santiago, Chile . Four paratypes (CSCOL _105) will be deposited at the Muséum National d’Histoire Naturelle, Paris, France . Rest of the material will be deposited at the Senckenberg Museum für Naturkunde, Görlitz, Germany. Obtained molecular data and genbank accession number. One specimen from sample CHL002 (same",1263,9282,"Megalothorax anterolenis Schneider & Minor & D’Haese 2023, sp. nov.","A new group of species of the genus Megalothorax (Collembola, Neelidae) with Gondwanan distribution, and introducing an open interactive identification key of Megalothorax species",10.11646/zootaxa.5228.2.1,http://treatment.plazi.org/id/01379830FFFE507EE0E90BF7BD9DD419,
K127,0391006FFFAA201C1FB288AAE1F2FD18,Odontella rapoporti,Odontellidae,type_locality,What is the type locality of Odontella rapoporti?,"Argentina, Tierra del Fuego Province, near Rio Grande city || near Rio Grande city || Tierra del Fuego","Figs. 1–19, Tables 1−3 Type locality. Argentina, Tierra del Fuego Province, near Rio Grande city (53º 36’ S 68º 04’ W) . Type material. Holotype female, 2 female and 3 juvenile paratypes, Tierra del Fuego Province, near Rio Grande city, Argentina, dense Chiliotrichum scrub, with Festuca gracillima and Chiliotrichum diffusum , leg. S.M. Bonaventura and V. Mascitti, February 2001. Holotype and p",38,6642,"Odontella rapoporti Arbea & Palacios-Vargas 2020, sp. nov.","A new species of Odontella from Tierra del Fuego and notes on Afrodontella Deharveng, 1981 (Collembola: Odontellidae)",10.11646/zootaxa.4808.3.7,http://treatment.plazi.org/id/0391006FFFAA201C1FB288AAE1F2FD18,
K128,B14287AAFF9470513E83B315FC1BF8AB,Dicranocentrus dolosus,Orchesellidae,etymology,What does the name of Dicranocentrus dolosus refer to?,deceitful || its similarity with D. inermodentes,"ot remarkably different in size or shape from other dental surrounding chaetae; dens without spines or smooth chaetae; mucro apical tooth larger than the basal one, mucronal spine present, reaching the apex of the basal tooth (Fig. 7E). Etymology. The new species was named “ dolosus ” (from Latin = deceitful) due to its similarity with D. inermodentes (Uchida, 1944) , which led us to firstly identify it mistakenly as the former species. Distribution and habitat. The new species was collected from Cocos and Keeling West Island (Fig. 8), from sandy beaches in the upper intertidal zone, along with F. pulu",6921,9857,"Dicranocentrus dolosus Bellini & Greenslade & Baquero & Jordana & Souza 2022, sp. nov.","A synthesis of the current knowledge on the Australian Orchesellidae (Collembola, Entomobryoidea)",10.11646/zootaxa.5115.2.3,http://treatment.plazi.org/id/B14287AAFF9470513E83B315FC1BF8AB,span cut at 'D.'
K129,D3CB1B7A2460D5107B1A84372804678C,Brachystomella porcus,Brachystomellidae,body_length,What is the body length of Brachystomella porcus?,0.45-0.95 mm,"7""S, 41°47'54""W. Locality. Brasil, Minas Gerais: Alto Caparao municipality, Parque Nacional do Caparao (ICMBio), 20°26'7""S, 41°47'54""W, leaf litter and soil of ""campos de altitude"", 2,700 m a.s.l. Characterization of Brazilian specimens. Habitus typical of the genus. Body length range of specimens: 0.45-0.95 mm. Color in ethanol: white, no pigmentation. Ratio head diagonal: antenna = 1:0.57. Ant I with 7 chaetae. Ant II with 12 chaetae. Ant III and IV fused dorsally, ventral separation marked. Sensory organ of Ant III with two club-shaped sensilla; two longer and subcylindrical guard sensilla, the dorsal ",1127,3317,Brachystomella porcus Denis 1933,"New species of Brachystomellidae and characterization of Micronella porcus (Denis, 1933) from Brazil",http://dx.doi.org/10.3897/zookeys.316.4869,http://treatment.plazi.org/id/D3CB1B7A2460D5107B1A84372804678C,range of Brazilian specimens in a redescription
K130,18630065BE965A79B8B75AED4A8D9A99,Denisiella piracurucaensis,Sminthurididae,type_locality,What is the type locality of Denisiella piracurucaensis?,"Piracuruca municipality, Piaui state, Brazil || Piracuruca","assing the apex of the ungues in legs I-III; male unguiculi apical filament surpassing the apex of the ungues in legs I and II, unguiculus III apical filament absent or reduced in leg III; ratio of ungues I-III in the holotype = 1.0:0.9:0.8. Etymology. The species was named after its type locality, Piracuruca municipality, Piaui state, Brazil. Remarks. As said before, D. piracurucaensis sp. nov. belongs to the Denisiella seurati group due to the absence of the nasal organ on males. Within this group, it is more similar to D. betschi , D. colombiana , D. maesorum and D. rhizophorae due to the presence four serrated spines on the tibiotar",8825,9808,"Denisiella piracurucaensis Silva, Medeiros & Bellini 2023, sp. nov.","Two new species of Sminthurididae (Hexapoda, Collembola, Symphypleona) from Brazil with notes on Denisiella Folsom & Mills and Sphaeridia Linnaniemi",http://dx.doi.org/10.3897/zookeys.1173.106855,http://treatment.plazi.org/id/18630065BE965A79B8B75AED4A8D9A99,
K131,038587D73378FF8FFF66FAE0CAE1B68E,Uralaphorura yanensis,Onychiuridae,distribution,What is the known distribution of Uralaphorura yanensis?,north-eastern Yakutia || Yakutia || Taimyr Peninsula,"e of unpaired axial setae on the tergum of Abd.VI. In addition, mature specimens of U. schilovi always have 3+3 pso on Th.II–III, whereas the absence of pso2 on these terga is a frequent character of U. yanensis sp. nov. Etymology. Named after Yana River. Distribution. Apart from the type locality (north-eastern Yakutia) a few immature specimens which probably belong to U. yanensis sp. nov. were recorded on the Taimyr Peninsula as U. cf. schilovi by Babenko (2003) and Babenko & Fjellberg (2006). Character U. schilovi U. tunguzica U. varicellata U. yanensis known distribution Northern Europe: Siberia: Yenisei River",3486,4970,"Uralaphorura yanensis Babenko, 2009, sp. nov.","Two new species of the genus Uralaphorura Martynova, 1978 (Collembola: Onychiuridae) from Siberia",10.5281/zenodo.187822,http://treatment.plazi.org/id/038587D73378FF8FFF66FAE0CAE1B68E,span cut at 'U.'
K132,03B787FAFFB3597080A6FC86927ACFF0,Sinella whitteni,Entomobryidae,etymology,Who is Sinella whitteni named after?,Tony Whitten,"oglobitic species of Chinese Sinella , though only moderately modified in relation to cave life. However, the species is likely to be a strict troglobite as we never got it from samples made in humid and dark habitats outside caves, where oculated Sinella are abundant. Etymology. Named in honour of Tony Whitten for his enthusiastic support of biodiversity surveys and conservation of the caves in southern China. Remarks. This cave species is most close to S. trogla Chen & Christiansen, 1993 , the other cave species of Guangxi, described from a Guilin cave about 370 km from Yachang. They share absence of ey",4859,7406,"Sinella whitteni Zhang & Deharveng, 2009, sp. nov.",A new cave Sinella species from South China (Collembola: Entomobryidae),10.5281/zenodo.185768,http://treatment.plazi.org/id/03B787FAFFB3597080A6FC86927ACFF0,
K133,03E003481F0E8C04FEF6017FFAA8FAEF,Hypogastrura crinigera,Hypogastruridae,type_locality,What is the type locality of Hypogastrura crinigera?,"East Kyzylkum sandy desert, basin of Syr Darya River, 85 km W of Arys || East Kyzylkum sandy desert || Kyzylkum","Figs 1–20. TYPE MATERIAL: Holotype female, Kazakhstan, Turkistan Region, East Kyzylkum sandy desert, basin of Syr Darya River, 85 km W of Arys, 42.2325 oN 67.8128 oE, 230 m alt., pitfall-traps, 14–16 October 2023, L. Kim leg. Deposited in MSPU. Paratypes, 11 female, 11 males on slides, 8 slides with head parts, same data and deposition . 1 female, 3 males and 1 slide with mouthparts kept in the author’s collection. OTHER MATERIAL: ca 100 ",73,14483,"Hypogastrura crinigera Antipova, 2025, sp.n.","A new species of the springtail genus Hypogastrura (Collembola: Hypogastruridae) from southern Kazakhstan, Middle Asia",10.15298/rusentj.34.1.01,http://treatment.plazi.org/id/03E003481F0E8C04FEF6017FFAA8FAEF,candidate span was a heading; locality from the holotype record
K134,8F68E959EE6FA71FE20D7DCEFF55F954,Folsomides whitteni,Isotomidae,etymology,Who is Folsomides whitteni named after?,the late Tony Whitten || Tony Whitten,". Dens very short, slightly longer than claw, with 2 (sometimes 1) posterior chaetae, anterior chaetae absent. Mucro short, bidentate or triangular, fused to dens. Genital plate. Female genital plate with 1+1 anterior and no posterior mic. Males unknown. Etymology. The species is named in honour of the late Tony Whitten, in recognition of his tireless dedication to the conservation of the endangered cave faunas of Asia, especially in the Hòn Chông karst. Discussion. The new species Folsomides whitteni belongs to the parvulus group, characterised by the internal S-chaetae of Abd. IV close to and behind the mac Md (",5988,9573,"Folsomides whitteni Deharveng,, Lukić & Marko, 2020, new species","The genus Folsomides in the Hòn Chông hills, Vietnam (Collembola: Isotomidae)",,http://treatment.plazi.org/id/8F68E959EE6FA71FE20D7DCEFF55F954,
K135,03C387C2FFE2FFC3FE9C471BAF0133BB,Arrhopalites harveyi,Arrhopalitidae,body_length,What is the body length of Arrhopalites harveyi?,1.2 mm,"Type locality: Costa Rica, Santa Rosa, Serrin Viejo. (Fig. 13 A –K) Caecus ­group. Total length, 1.2 mm. Color white, eyes 1+1. Posterior cephalic spinelike setae present. Ant. III not swollen basally. Ant. IV divided into 6 ringed subsegments. All ungues with inner tooth, all unguiculi with clear corner tooth, apical filament absent in the third unguiculus. Dental chaetotaxy as shown in table 3, ven",97,559,Arrhopalites harveyi Denis 1933,"The genus Arrhopalites Börner, 1906 (Collembola, Appendiciphora, Arrhopalitidae) in the Neotropical Region, with description of four new cave species from Brazil",10.5281/zenodo.171788,http://treatment.plazi.org/id/03C387C2FFE2FFC3FE9C471BAF0133BB,
K136,03C9E776FFDDFFBABCABFD45A4A9FF72,Endonura levantica,Neanuridae,body_length,What is the body length of Endonura levantica?,0.84 mm,"3 and 4 chaetae respectively. Tubercles L on abd. III and IV with 3 and 5–6 chaetae respectively. Abd. IV and V with 8 and 3 tubercles respectively. Claw without inner tooth. Tibiotarsi with chaetae B4 and B5 short. Description. Habitus typical of the genus. Body length (without antennae): holotype 0.84 mm, paratype (first instar) 0.77 mm. Colour of the body white. 2+2 medium dark-pigmented eyes (Fig. 1). Types of dorsal ordinary chaetae. Macrochaetae Ml relatively long, strongly thickened, almost cylindrical, arclike or straight, narrowly sheathed, feebly serrated, apically rounded or rarely pointed",927,4541,"Endonura levantica Smolis, Deharveng & Kaprus’, 2011, sp. nov.","Studies on the non-European Endonura Cassagnau, 1979 (Collembola, Neanuridae, Neanurinae)",10.5281/zenodo.278475,http://treatment.plazi.org/id/03C9E776FFDDFFBABCABFD45A4A9FF72,
K137,03903879FFB96401FF4CE917A7F1C4F0,Tomocerus jilinensis,Tomoceridae,body_length,What is the body length of Tomocerus jilinensis?,3.0 mm || up to 3.0 mm," females, same data as holotype; 5 females, CHINA, Jilin, Fusong County, Xianren Bridge, 10.viii. 2009, collection number 1120; 7 females, CHINA, Jilin, Changbaishan Mountain, collection number, 1123. All deposited in School of Life Science, Nantong University, China. Description. Body length up to 3.0 mm. Ground colour pale yellow; eye patches dark blue; ant. segments III & IV pigmented blue; Ant. I & II pigmented pale blue. Head: Ant. 0.8 – 1.1 times length of body, 3.6 – 5.8 times length of head. Ratio of Ant. segments I – IV as 1.0/1.3 – 2.3/ 6.3 – 9.1/1.3 – 3.8 (Fig. 1). Head capsule anteriorly",407,3080,"Tomocerus jilinensis Ma, 2011, sp. nov.",A new species of Tomocerus (Collembola: Tomoceridae) from China,10.5281/zenodo.206575,http://treatment.plazi.org/id/03903879FFB96401FF4CE917A7F1C4F0,
K138,03B487AE1B59093EB3B4FD72ADD9FD74,Thalassaphorura xihuensis,Onychiuridae,habitat,What is the habitat of Thalassaphorura xihuensis?,"broadleaved litter and soil, in an urban recreational park || urban recreational park || broadleaved litter and soil","manubrial row of chaetae (Figs 18, 23). Genital plate with 12–15 chaetae in females, 28–30 in males. Male ventral organ absent. Anal valves with numerous acuminate chaetae; each lateral valve with chaetae a0, 2a1 and 2a2; upper valve with chaetae a0, 2b1, 2b2, c0, 2c1 and 2c2 (Fig. 24). Ecology. In broadleaved litter and soil, in an urban recreational park. Derivatio nominis. Named after the type locality. Discussion. T. xihuensis sp. nov. belongs to the small group of congeners characterized by the presence of only 4 papillae in AIIIO. Up to now, four such species are known: T. butrosi (Christiansen, 1956) , T. franzi (Stach, 1946) , T. cryptopyga (",3235,4643,"Thalassaphorura xihuensis Sun & Li, 2015, sp. nov.","New Chinese species of the genus Thalassaphorura Bagnall, 1949 (Collembola: Onychiuridae)",10.11646/zootaxa.3931.2.5,http://treatment.plazi.org/id/03B487AE1B59093EB3B4FD72ADD9FD74,
K140,03A88104FFA37B51A59CFAFEF4C5AEBD,Multivesicula zhengi,Tullbergiidae,distribution,What is the known distribution of Multivesicula zhengi?,China (Xinjiang) || Xinjiang,"ral tube with 4+4 apical setae and 2+2 basal setae (Fig. 5). Abd. II, III and IV with 20, 22, and 26 ventral setae respectively (Figs 13–14). Female genital plate with 6+6 pregenital setae, 3 circumgenital setae, one pair of eugenital setae and 2 pairs of post-genital setae (Fig. 15). Distribution. China (Xinjiang), only known from the type locality. Etymology. We dedicate this new species in honor of the late Professor Zhemin ZHENG (1932–2021) who was a well-known orthopterist for his great contribution to the knowledge of Chinese grasshoppers. Remarks. The genus Multivesicula contains six species in the wor",3536,4522,"Multivesicula zhengi Gao & Bu 2022, sp. nov.","New species and records of Tullbergiidae (Collembola, Poduromorpha) from Xinjiang province, Northwest China",10.11646/zootaxa.5092.5.2,http://treatment.plazi.org/id/03A88104FFA37B51A59CFAFEF4C5AEBD,
K141,03855C59763D4810FF475D1F80D9FC02,Troglopedetes eberhardi,Paronellidae,etymology,Who is Troglopedetes eberhardi named after?,Stefan M. Eberhard || Eberhard,"reas. In one place in the cave there are soft mud “stalagmites” with central drip holes have built up beneath these muddy stalactites. The collapse dolines result from the roof of a basement and some dolines contain open entrances to caves (Grimes 2001; Humphreys 2014). Etymology. It is named after Stefan M. Eberhard, collector of the new species. Remarks. Troglopedetes eberhardi sp. nov. resembles other congenerics in presence of eyes and Th II with 6 mac in p3 complex (Table 1), but is distinguished by unguis m.t. elongated, surpassing the unguis apex (Figs 4H–I). This character has not been observed in other",11396,13375,"Troglopedetes eberhardi Cipola & Greenslade 2023, sp. nov.","A new species of Troglopedetes Joseph, 1872 with eyes (Collembola, Paronellidae) from a Christmas Island Cave, Australia",10.11646/zootaxa.5239.4.7,http://treatment.plazi.org/id/03855C59763D4810FF475D1F80D9FC02,initial 'M.' cut the span
K142,01379830FFFA5071E0E90FE6BF78D6D5,Megalothorax tasmanterolenis,Neelidae,holotype_depository,Where is the holotype of Megalothorax tasmanterolenis deposited?,"Senckenberg Museum für Naturkunde, Görlitz, Germany || Senckenberg Museum für Naturkunde","OL _98), Australia, Tasmania, Ida Bay, 26.iii.2015, 43.5070°S, 146.8755°E, mosses on the ground and rotten branches, sample number TAS001d. Paratype. Female on slide (CSCOL _99), same data as the holotype. All material collected by C. D’Haese. Material deposit. The holotype will be deposited at the Senckenberg Museum für Naturkunde, Görlitz, Germany . Paratype will be deposited at the Muséum National d’Histoire Naturelle, Paris, France . Obtained molecular data. One specimen from TAS001d (same as holotype), 28S rDNA: OP942370 (806bp), 16S rDNA: OP942367 (468bp). Voucher could not be recovered. Diagnosis. Yellow-orange in ethanol, labrum a1 cha",372,5482,"Megalothorax tasmanterolenis Schneider & Minor & D’Haese 2023, sp. nov.","A new group of species of the genus Megalothorax (Collembola, Neelidae) with Gondwanan distribution, and introducing an open interactive identification key of Megalothorax species",10.11646/zootaxa.5228.2.1,http://treatment.plazi.org/id/01379830FFFA5071E0E90FE6BF78D6D5,
K143,03F8C314FFD6FF83FF60FF318A4DFE5D,Superodontella huculica,Odontellidae,type_locality,What is the type locality of Superodontella huculica?,"Ukraine, Eastern Carpathians, Chornochora Range, Pozhyzhevska Mt. || Pozhyzhevska Mt || Chornochora Range","tle. Anal spines present. Type material. Holotype male, paratypes: three males and female in the State Museum of Natural History, Ukrainian National Academy of Science, L'viv, paratype: male in the Institute of Systematics and Evolution of Animals, Polish Academy of Sciences, Cracow. Type locality. Ukraine, Eastern Carpathians, Chornochora Range, Pozhyzhevska Mt., Vorochta village, subalpine meadow, Vaccinum sp., soil, 1800 m alt., 24. iv.1982. Coll. Jevgenia Rukavets'. Other material. Ukraine, Eastern Carpathians, Chyvchyny Range, Burkut village, Sphagnum bog, wet moss, 15. viii.1990, two adult females and male on slides, coll. Ighor Kaprus'; Gorgany Range",1058,5047,"Superodontella huculica Kaprus' & Weiner, 2007, sp. nov.","New species of Superodontella Stach, 1949 (Collembola, Odontellidae) from western part of Ukraine",10.5281/zenodo.177312,http://treatment.plazi.org/id/03F8C314FFD6FF83FF60FF318A4DFE5D,
K145,E8E1636F3F23B5FC72A97DA44A3025A3,Entomobrya neotenica,Entomobryidae,distribution,What is the known distribution of Entomobrya neotenica?,Endemic to North America || North America,"fact, most individuals were thought to be juvenile forms of Entomobrya ligata prior to the observation of the male genital plate. Entomobrya neotenica sp. n. is very similar to Entomobrya ligata and Entomobrya unifasciata sp. n., but can be separated by characters outlined in Table 6. Distribution. Endemic to North America (Suppl. material 2: K)",4131,4178,"Entomobrya neotenica Katz & Soto-Adames, sp. n.","Taxonomic review and phylogenetic analysis of fifteen North American Entomobrya (Collembola, Entomobryidae), including four new species",http://dx.doi.org/10.3897/zookeys.525.6020,http://treatment.plazi.org/id/E8E1636F3F23B5FC72A97DA44A3025A3,
K146,23C640A4C3D1538A971287779004E869,Xenylla arnei,Hypogastruridae,etymology,Who is Xenylla arnei named after?,Arne Fjellberg,"ong as 1.5-1.7 inner edge of unguis, clearly clavate. Unguis with a pair of lateral teeth and usually with a small tooth in upper third of inner edge. Anal spines short, usually curved and set on tiny cuticular papillae. Etymology. The new species is named after the famous Norwegian collembologist, Arne Fjellberg, who discovered it in the Magadan Region more than 40 years ago. Affinities. Using the most recent key to the Asiatic species of the genus (Jia and Skarzynski 2019), X. arnei sp. nov. keys out to X. humicola (Fabricius, 1790), because their general chaetotaxic codes [h1rt] are identical. Moreover, ",3817,8213,"Xenylla arnei Babenko & Efeykin & Bizin 2020, sp. nov.",Three new and one little-known species of Hypogastruridae (Collembola) from Russia's northeast,http://dx.doi.org/10.3897/zookeys.1005.54882,http://treatment.plazi.org/id/23C640A4C3D1538A971287779004E869,
K147,0D38B345FFBF1D05D952FC81335274F3,Proisotoma pakurensis,Isotomidae,habitat,What is the habitat of Proisotoma pakurensis?,under leaf-litter of moist deciduous forest || leaf-litter of moist deciduous forest || Tussar plantation garden,". II – Abd. V also clothed with normal setae (Figures 18 & 19). Only 1+1 macrochaetae present on sixth abdominal segment (Figure 20). Ant. I with 3 and Ant.II with 2 basal microsensilla present (Figure 21). Ant.III with two peg like structures and Ant.IV with acuminate setae present. Ecology: Found under leaf-litter of moist deciduous forest, particularly Tussar plantation garden of Littipara of Pakur district of Jharkhand. Etymology: The new species is named after the type locality, Pakur district, Jharkhand, India. Discussion: The new species from, Littipara Tussar plantation garden of Pakur district of Jharkhand, India can easily di",3532,7136,"Proisotoma pakurensis Mandal, Suman & Bhattacharya, 2017, n. sp.","Five new species of Collembola (Isotomidae) from Jharkhand, India",10.26515/rzsi/v117/i2/2017/117277,http://treatment.plazi.org/id/0D38B345FFBF1D05D952FC81335274F3,
K148,03A12C18432FC158CC831829B6B7FD28,Pygmarrhopalites buffaloensis,Arrhopalitidae,etymology,What does the name of Pygmarrhopalites buffaloensis refer to?,"a cave near the Buffalo River, in northern Arkansas || Buffalo River"," I). Type material. Holotype (female) (number 1 in the slide): USA, ARKANSAS, Newton Co., Walnut Cave, 29-xii-2003, M.E. Slay, C.J. Bitting leg. (INHS). Paratypes: 1female mounted in a slide and 2 adults in alcohol, same locality as holotype (INHS). Etymology. The type specimens were collected from a cave near the Buffalo River, in northern Arkansas. Remarks. Pygmarrhopalites buffaloensis was found in single cave at Buffalo National River approximately 26 km upstream from the cave containing P. youngsteadtii . The climate is Cfa, physiographic province Springfield Plateau of the Ozark Plateaus. This species resembles P. s a p o by presenting t",1813,2310,"Pygmarrhopalites buffaloensis Zeppelini, Taylor & Slay, 2009, sp. nov.","Cave Pygmarrhopalites Vargovitsh, 2009 (Collembola, Symphypleona, Arrhopalitidae) in United States",10.5281/zenodo.189689,http://treatment.plazi.org/id/03A12C18432FC158CC831829B6B7FD28,
K149,DA63800CFFC51A79FF32F8CAFAC5430C,Lobellina nanjingensis,Neanuridae,habitat,What is the habitat of Lobellina nanjingensis?,leaf litter in deciduous forest,"lar remnant shown in Table 2. Ventral tube with 5+5 setae. Furcular vestige with 3 setae. Unguis carinate with granules and transverse striae, inner tooth small and located at base of unguis. Unguiculus absent (Fig. 13). Etymology. The new species is named after the type locality. Ecology. Found in leaf litter in deciduous forest. Remarks. The new species is assigned to Lobellina although a few of its characters differ from the diagnosis of the genus made by Deharveng and Weiner (1984). The characters that conform to the diagnosis are: integument without tertiary granules; body tubercles rounded; macrosetae thick and blunt ",2613,5677,"Lobellina nanjingensis Ma & Chen, 2008, sp. nov.",A new species of Lobellina (Collembola: Neanuridae) from China,10.5281/zenodo.181371,http://treatment.plazi.org/id/DA63800CFFC51A79FF32F8CAFAC5430C,
K150,03FF1701192BFF8595AAFA539D2821FD,Plutomurus kharagauliensis,Tomoceridae,habitat,What is the habitat of Plutomurus kharagauliensis?,both twilight and dark zones of the cave || twilight and dark zones of the cave || troglophilous,"distinct cryptic species (Barjadze, unpublished data). Etymology. The specific name originates from the type locality––Kharagauli district in which the Kozmani Cave is situated. Ecology. It is a troglophilous species, considering the presence of body pigment and 6+6 well-developed eyes. It occupies both twilight and dark zones of the cave. Distribution. This species is known only from a single cave. This cave is the remotest one from Zemo Imereti plateau karst massif and it is isolated from other known caves in the same karst massif (Tatashidze et al. 2009). The new species is the first known taxon from Kozmani Cave.",6192,6516,"Plutomurus kharagauliensis Barjadze, Kovac & Parimuchova 2022, sp. nov.",Two new species of Plutomurus Yosii (Collembola: Tomoceridae) from the Caucasus and central Europe,10.11646/zootaxa.5169.3.2,http://treatment.plazi.org/id/03FF1701192BFF8595AAFA539D2821FD,
