qid,docid,species,treatment_title,family,article_title,doi,treatment_uri,question_type,question,candidate_answer,gold_context,answer_offset,text_length
K001,038187D3FFFEFFAEFF27FF3DFA3EAA55,Arrhopalites potapovi,"Arrhopalites potapovi Vargovitsh, 2015, sp. nov.",,"Arrhopalites potapovi sp. nov. (Collembola, Symphypleona) from Russia",10.11646/zootaxa.3955.1.5,http://treatment.plazi.org/id/038187D3FFFEFFAEFF27FF3DFA3EAA55,body_length,What is the body length of Arrhopalites potapovi?,0.88 mm,"Diagnosis. Body length up to 0.88 mm. White or very slightly pigmented with reddish spots. Trichobothria ABC form right angle and AB =2 BC. Antenna about 1.3× of head length; Ant IV not subdivided or with about 5 pseudosubsegments, with 12 whorls of setae. Head dorsum with 13 spine-like setae. All claws with inner tooth, claws II and ",29,13052
K002,2A2387A2FFC3215FFF06FB4DFC001A22,Heteroisotoma sinorossica,"Heteroisotoma sinorossica Jie, Potapov & Sokolova, 2011, sp. nov.",Entomobryidae,Further study on the labial palp in the Isotomidae (Collembola) with reference to the genus Heteroisotoma Stach,10.5281/zenodo.203949,http://treatment.plazi.org/id/2A2387A2FFC3215FFF06FB4DFC001A22,etymology,What does the name of Heteroisotoma sinorossica refer to?,The species is named after its distribution," which only slightly differ from normal sensilla in width and form of tip. The specimens from Bikin have no guard e7 on labium. Since presence of this guard is not stable in other populations (may be absent on one side) we assume Bikin specimens to belong to H.sinorossica sp. nov. , too. Etymology. The species is named after its distribution. China and Russia were two countries where the species had been found first. Distribution and ecology. Probably widely distributed in coastal ridges of NE China, North Korea, and South of Far East of Russia. In moist and rich forest litter, rather eurytopic.",7456,7758
K003,03F06833FFAF647A8CC6F741FCDBFD87,Ephemerotoma skarzynskii,"Ephemerotoma skarzynskii Potapov, Kahrarian, Deharveng & Shayanmehr, 2015, sp. nov.",Hypogastruridae,Taxonomy of the Proisotoma complex. V. Sexually dimorphic Ephemerotoma gen. nov. (Collembola: Isotomidae),10.11646/zootaxa.4052.3.4,http://treatment.plazi.org/id/03F06833FFAF647A8CC6F741FCDBFD87,type_locality,What is the type locality of Ephemerotoma skarzynskii?,The species was observed in mass aggregations in oak leaf litter and on the ground,"ollen in males). Strict comparison of the dimorphism between the two species is impossible since E. skarzynskii sp. nov. is described based on females and non reproductive males while E. porcella was collected in a reproducing population. Distribution and ecology. Known only from the type locality. The species was observed in mass aggregations in oak leaf litter and on the ground. It was recorded only in January and February and was absent in June and September. Name derivation. It is our pleasure to dedicate this species to our colleague, Dr. Dariusz Skarżyński, the leading expert on collembolans of the family Hypogastruridae .",5288,5624
K004,A05387E7F331450CFF46B0B7FB41F644,Folsomia wanxianesis,"Folsomia wanxianesis Ji, Ding & Chen, 2007, sp. nov.",Isotomidae,A new species of Folsomia (Collembola: Isotomidae) from China,10.5281/zenodo.177573,http://treatment.plazi.org/id/A05387E7F331450CFF46B0B7FB41F644,type_locality,What is the type locality of Folsomia wanxianesis?,Discussion,"ae (Fig. 16). Dens anteriorly with 10–11, posteriorly with 2 basal and 2 medial setae (Figs 16, 17). Mucro with 2 teeth, subapical one larger than apical (Figs 16, 17). Length ratio of manubrium: dens: mucro as 5.4-6.9:6.3-7.1:1. Etymology. The new species is named after Wanxian, the type locality. Discussion. The new species, Folsomia wanxianensis , belongs to the quadrioculata -group and shares some characters with the Eastern Carpathian species F. albens Kaprus’ & Potapov 1999 in group, such as the absence of ommatidia, sensilla and microsensilla formulae of Th. II–Abd. III respectively as 4, 3 / 2, ",7104,7746
K005,03C387C2FFE6FFC7FE9C435EAF713706,Arrhopalites plectrifer,Arrhopalites plectrifer Huther 1963,Arrhopalitidae,"The genus Arrhopalites Börner, 1906 (Collembola, Appendiciphora, Arrhopalitidae) in the Neotropical Region, with description of four new cave species from Brazil",10.5281/zenodo.171788,http://treatment.plazi.org/id/03C387C2FFE6FFC7FE9C435EAF713706,body_length,What is the body length of Arrhopalites plectrifer?,1.0 mm,"Type locality: El Salvador. Cochlearifer ­group. Total length, ~1.0 mm. Ant. III swollen basally, with a clear papilla. Ant. IV divided into five subsegments. All ungues with a small inner tooth, and tunica. First and second unguiculi with corner tooth, apical filament exceeding the unguis tip in all unguiculi. Dental chaetotaxy in table 3, ventral dental formula 3: 2",64,470
K006,D21E1033FFE6FFB1FF1374B9E4D3FA78,Simonachorutes weinerae,"Simonachorutes weinerae Skarżyński, Arbea & Piwnik, 2016, sp. nov.",Neanuridae,"Simonachorutes, a new genus of Pseudachorutinae (Collembola, Neanuridae) from Europe",10.11646/zootaxa.4205.2.6,http://treatment.plazi.org/id/D21E1033FFE6FFB1FF1374B9E4D3FA78,etymology,What does the name of Simonachorutes weinerae refer to?,Dedicated to Wanda M,"ląska Upland (S Poland), 29.viii.2014, leg. A. Piwnik, D. Skarżyński (IEB) ; paratype, female, same data as holotype (IEB) . Other material. Male, grassland on southern slope of gypsum hill, Wola Zagojska near Busko-Zdrój, Małopolska Upland (S Poland), 4.vii.1991, leg. M. Bieniek (ISEA). Etymology. Dedicated to Wanda M. Weiner, the excellent specialist in Collembola . Description. Body length without antennae 0.51–0.52 mm. Colour in alcohol blue. Granulation fine. Antennae slightly shorter than head (Fig. 18). Ant. I with 7, Ant. II with 11 and Ant. III with 22 ordinary setae. Ant. III and IV fused dorsally and s",416,2619
K007,03FF1701192EFF8F95AAFF229FB420E1,Plutomurus ruseki,"Plutomurus ruseki Barjadze, Kovac & Parimuchova 2022, sp. nov.",Tomoceridae,Two new species of Plutomurus Yosii (Collembola: Tomoceridae) from the Caucasus and central Europe,10.11646/zootaxa.5169.3.2,http://treatment.plazi.org/id/03FF1701192EFF8F95AAFF229FB420E1,habitat,What is the habitat of Plutomurus ruseki?,"It is a troglophilous species, considering the presence of pigmented body and 6+6 eyes","viduals. Etymology. The species is named in the honour of the late prof. Dr. Josef Rusek (Biology Centre, v.v.i., Institute of Soil Biology, České Budějovice, Czech Republic), an outstanding Collembola taxonomist and ecologist, and Ph.D. supervisor and a great colleague of the last author. Ecology. It is a troglophilous species, considering the presence of pigmented body and 6+6 eyes. It lives mostly in entrance and twilight zone of caves, in several cases it was found to occupy even dark cave zone. It was also found to occupy forest soils and mosses. Distribution. This species is distributed in different karst regions of the Western Carpathians, Slovakia, with exception of the",12695,13310
K008,03BD927DFFBEFFA2FF1A57A5FC37FF61,Niphargus tvishiensis,"Niphargus tvishiensis Marin & Barjadze & Maghradze & Palatov 2023, sp. nov.",Onychiuridae,"Diversity, taxonomy and phylogenetic relationships of the “ Niphargus borutzkyi ” ingroup (Crustacea: Amphipoda: Niphargidae) in Western Georgia, SW Caucasus",10.11646/zootaxa.5352.4.2,http://treatment.plazi.org/id/03BD927DFFBEFFA2FF1A57A5FC37FF61,type_locality,What is the type locality of Niphargus tvishiensis?,the Verdzistava I Cave,"re than 2 times shorter than previous one in males (Fig. 9 l) vs. about 1.5 times shorter than previous one (Fig. 5 m); and (5) the presence of 7–10 hooks in retinacules of pleopods vs. 6–7 hooks. Ecology and distribution. Niphargus tvishiensis sp. nov. is presently known from only the type locality, the Verdzistava I Cave. Lekhumian Tvishi Cave mentioned in Djanashvili & Barjadze (2011) and Djanashvili et al. (2014) should be also named as Verdzistava I Cave, from where two springtail species are known: Argonychiurus multiocellatus Djanashvili, Barjadze, Jordana et Burkhardt, 2014 (Onychiuridae) (troglobiont) and Pl",11440,11841
K009,4ADF2244913052D886C0579DA546420B,Szeptyckitheca kac,"Szeptyckitheca kac Zeppelini, Lopes & Lima 2018",Sminthuridae,"Revisiting Szeptyckitheca Betsch & Weiner (Collembola, Symphypleona, Sminthuridae): new species, updated diagnoses, and a key",http://dx.doi.org/10.3897/zookeys.1186.111837,http://treatment.plazi.org/id/4ADF2244913052D886C0579DA546420B,distribution,What is the known distribution of Szeptyckitheca kac?,Brazil (Zeppelini et al,"ithin the genus due the presence of 4+4 modified mac on the upper clypeus (f line) and the dens ventral chaetotaxy formula of 4,1...1 chaetae. Further data on the species are presented in Table I. Habitat. Specimens were found in the canopy of rainforest (Zeppelini et al. 2018). Known distribution. Brazil (Zeppelini et al. 2018).",1609,1640
K010,AA5587BF5C3EFFB3FF22F8E3FC6C6694,Stenaphorura shaconage,"Stenaphorura shaconage Bernard, 2016, n. sp.",Tullbergiidae,"Two new genera and five new species of Tullbergiidae (Collembola) from the southern Appalachian Mountains of North America, with redescription of Tullbergia clavata Mills",10.11646/zootaxa.4162.3.3,http://treatment.plazi.org/id/AA5587BF5C3EFFB3FF22F8E3FC6C6694,etymology,What does the name of Stenaphorura shaconage refer to?,"The specific name, shaconage , is a Cherokee word meaning “place (or land) of blue smoke”, referring to the hazy bluish appearance of the southern Appalachian Mountains and peaks along the Blue Ridge","lapping six smaller, pointed setae; aperture flanked posteriorly by two wavy setulae; granule-free zones each with one seta in posterior area. Anal lobes of Abd. VI with complete complement of setae. Pleural regions of Abd. II‒IV each with anterior and posterior blunt sensilliform setae. Etymology. The specific name, shaconage , is a Cherokee word meaning “place (or land) of blue smoke”, referring to the hazy bluish appearance of the southern Appalachian Mountains and peaks along the Blue Ridge Parkway, where most of the specimens were collected. Remarks. Stenaphorura shaconage n. sp. is the first member of its genus reported from North America. The presence of two pairs of pseudocelli on several segments distinguishes it from most other members of the genus and places it outside the limit",6314,8661
K011,3D404F72FFDBFFD85E8FFB3CDC0BF977,Metacoelura majeri,"Metacoelura majeri Ma, Zhao & Greenslade, 2016, sp. nov.",Paronellidae,"A new species of Metacoelura (Collembola: Paronellidae) from Australia, and redescription of Metacoelura articulata",10.11646/zootaxa.4105.4.6,http://treatment.plazi.org/id/3D404F72FFDBFFD85E8FFB3CDC0BF977,body_length,What is the body length of Metacoelura majeri?,2.3 mm,"Description. Body length up to 2.3 mm. Ant. I and proximal part of Ant. II blue, Ant. III & IV white. Eye patches dark blue and narrow blue stripe present anteriorly between eye patches. Two irregular medial longitudinal stripes present from Th. II to Abd. IV. Tibiotarsus with slight blue pigment; furcula white (Figs 5−6, 27). Antenna ",31,2948
K012,F8468796FF92FFE0FD855DAAFAD537C0,Spinaethorax adamantis,"Spinaethorax adamantis Schneider & Deharveng & Umr & Umr 2017, sp. nov.",Neelidae,"First record of the genus Spinaethorax Papáč & Palacios-Vargas, 2016 (Collembola, Neelipleona, Neelidae) in Asia, with a new species from a Vietnamese cave",10.5852/ejt.2017.363,http://treatment.plazi.org/id/F8468796FF92FFE0FD855DAAFAD537C0,holotype_depository,Where is the holotype of Spinaethorax adamantis deposited?,collection of the MNHN,"amond Cave”, in which the new species was collected. The name emphasizes that one of its richnesses lies in the biodiversity instead of actual diamonds. Material examined Paratypes VIETNAM: 3 ♀♀, 1 ♂, 1 specimen of unknown sex on 3 slides, same data as the holotype, three paratypes deposited in the collection of the MNHN (France), two paratypes in the collection of the HCMU (Vietnam) . Description SIZE. Length from labrum to anus of largest specimen ~ 550 µm. PIGMENTATION. Whitish in alcohol. GENERAL SHAPE AND BODY SEGMENTATION (Fig. 1). Orthognathous. Antennae directed laterally with a slight curve toward the anter",1578,15884
K013,03BB9D1CFF8095204AC1FF2EFF46F819,Superodontella gladiator,"Superodontella gladiator Agolin, Houssin & Deharveng, 2009, sp. nov.",Odontellidae,"Superodontella gladiator, a new species of the family Odontellidae (Collembola: Poduromorpha) from Nepal with extremely elongated mouthparts",10.5281/zenodo.189772,http://treatment.plazi.org/id/03BB9D1CFF8095204AC1FF2EFF46F819,type_locality,What is the type locality of Superodontella gladiator?,"Nepal: Pulchauki, in Mahabarat range, near Godavari, alt","ut the presence of a genital plate cannot be confirmed due to the position of the furca), 4 adult or subadult paratypes mounted on the same slide as holotype; 2 paratypes prepared for SEM, 1 paratype in alcohol. Material deposited in the Muséum national d’Histoire naturelle de Paris. Type locality. Nepal: Pulchauki, in Mahabarat range, near Godavari, alt. 2300 m., in thick humus and leaf litter of a Rhododendron forest, 26 x 1977 sample NEP77B-208, L. Deharveng leg. Description. Habitus typical of adult Superodontella (Figs 1 and 11) as opposed to “large juvenile” form encountered in some species. Blue pigment sparse, more concentrated dorsally on ",369,12074
K014,C9E98ADD8F7F5DB0B7EE9E6D7F575FDB,Mastigoceras handschini,"Mastigoceras handschini Rodrigues, Souza & Bellini 2024, sp. nov.",Orchesellidae,"A century later: a new species of Mastigoceras Handschin, 1924 (Collembola, Orchesellidae), with morphological and systematic updates on the genus",10.3897/zookeys.1217.132351,http://treatment.plazi.org/id/C9E98ADD8F7F5DB0B7EE9E6D7F575FDB,body_length,What is the body length of Mastigoceras handschini?,1.65 mm,"; trochanteral organ with 26–31 spine-like smooth chaetae; ventral tube lateral flap with ~ 4 ciliate and 26 smooth chaetae; manubrial plate with three pseudopores and 5–7 chaetae. Description. Body length (head + trunk) of the type series ranging from 1.32 to 2.22 mm (n = 10). Holotype body length 1.65 mm. Specimens with dark purple pigment on antennae, on head as lateral bands and with an anterior spot between the antennal bases, on trunk as a lateral band from Th. II to Abd. V (sometimes missing on Abd. II) and some dorso-internal spots and / or stripes on the segments; and on femora and tibiotars",1303,11612
K015,887986AEB71CC457F209CDF0CADEB76C,Micronella longisensilla,"Micronella longisensilla Queiroz & Mendonca, 2013, sp. n.",Brachystomellidae,"New species of Brachystomellidae and characterization of Micronella porcus (Denis, 1933) from Brazil",http://dx.doi.org/10.3897/zookeys.316.4869,http://treatment.plazi.org/id/887986AEB71CC457F209CDF0CADEB76C,etymology,What does the name of Micronella longisensilla refer to?,In a reference to the size of the sensilla in relation to ordinary chaetae on body of the new species,". Furca completely absent, but with a well-defined furcal area with six chaetae (Figs 24-25).Each anal valve with 11-12 chaetae and 2 hr chaetae; Abd VI with 3+3 chaetae on ventral side, 4+4 chaetae on dorsal side and one unpaired chaetae (Figs 26-27). Female genital plate as in Fig. 28. Etymology. In a reference to the size of the sensilla in relation to ordinary chaetae on body of the new species. Discussion. The new species, Micronella longisensilla sp. n., is well characterized in the genus (see Table 1). It differs from its congeners in relation to the ratio of ordinary chaetae: sensilla, that is 1:2, only four sensilla on Ant IV, a PAO with 12-13 vesicles, the Ant III organ with two clo",3859,4414
K016,03E0BD5B6056FFA0FF2CFC89FE26F869,Denisiella betschi,"Denisiella betschi Palacios-Vargas & Ferreira & Zeppelini 2018, sp. nov.",Sminthurididae,"Redefinition of Denisiella Folsom & Mills, 1938 (Collembola: Sminthurididae) with description of three new species from Brazil",10.11646/zootaxa.4434.1.7,http://treatment.plazi.org/id/03E0BD5B6056FFA0FF2CFC89FE26F869,etymology,What does the name of Denisiella betschi refer to?,THE NEW SPEcIES IS NAMED AfTER DR,"4 EUGENITAL SETAE (FIG. 21). MANUBRIUM WITH 7+7 SETAE, DENS WITH 37 POSTERIOR SETAE (FIG. 22), ANTERIOR SURfAcE WITH SETAL fORMULA 3,3,3,3,2,1,1,1 (FIG. 23). MUcRO WITH TWO LAMELLAE, INNER WITH ABOUT 16 SERRATIONS, OUTER SMOOTH, ONE MUcRONAL OUTER SETA (FIGS. 24 AND 25F). FEMALE UNKNOWN. Etymology. THE NEW SPEcIES IS NAMED AfTER DR. JEAN-MARIE BETScH, AS A REcOGNITION fOR HIS MAJOR cONTRIBUTIONS TO THE KNOWLEDGE ON COLLEMBOLA SYMPHYPLEONA . Distribution and habitat. THE SPEcIMENS WERE cOLLEcTED DURING THE BEGINNING Of THE RAINY SEASON IN A SEMIARID CAATINGA DOMAIN, LOcATED IN STATE Of PARAIBA, NORTHEASTERN BRAZIL (06°58' 27.7",3085,4083
K017,03F0C638FFCEFFCCFDD8CF6C63EEFCC2,Sinoncopodura nana,"Sinoncopodura nana Yu & Zhang & Deharveng 2014, sp. nov.",Oncopoduridae,A remarkable new genus of Oncopoduridae (Collembola) from China,10.1080/00222933.2014.908968,http://treatment.plazi.org/id/03F0C638FFCEFFCCFDD8CF6C63EEFCC2,holotype_depository,Where is the holotype of Sinoncopodura nana deposited?,"College of Plant Protection, Nanjing Agricultural University","ted on 22 May 2011, Baishanzu National Nature Reserve, Qingyuan County, Zhejiang Province, Southeast China, by Feng ZHANG and Daoyuan YU (sample C9662) . Paratypes: two males and two females on slides, a specimen on SEM stub, same data as holotype. Holotype and 2 paratypes on slide deposited in the College of Plant Protection, Nanjing Agricultural University (NJAU), Nanjing, China. Two paratypes on slide and a paratype on SEM stub deposited in the Muséum National d’ Histoire Naturelle (MNHN), Paris, France. Description Body appearance (Figure 1A). Length 580 μm on average without antennae (N = 6, maximum 625 μm for a female, minimum 540 μm for a male; h",359,11232
K018,F00AC45AFFB8FFF694D5FBEA4DA113F7,Stenognathriopes janssensi,"Stenognathriopes (Tenentiella) janssensi Zeppelini & Silva 2012, sp. nov.",Bourletiellidae,"A new Stenognathriopes (Collembola, Symphypleona, Bourletiellidae) from Brazilian coast",,http://treatment.plazi.org/id/F00AC45AFFB8FFF694D5FBEA4DA113F7,distribution,What is the known distribution of Stenognathriopes janssensi?,"Northeastern and Central Brazil (Good’s biogeographic zone 27) (Good 1974, Christiansen & Bellinger 1995, Culik & Zeppelini 2003)"," with predominance of crawling vegetation and shrubs. The sand dune is sparsely covered by leaf litter which is the habitat of the new species. The litter dries up completely from mid summer to the beginning autumn. Climate according to Köppen’s system is Am (Koppen 1936; Shear 1966). Distribution. Northeastern and Central Brazil (Good’s biogeographic zone 27) (Good 1974, Christiansen & Bellinger 1995, Culik & Zeppelini 2003). All specimens were found in similar habitats on four localities, municipalities of Mataraca, Conde, Pitimbú and type locality João Pessoa. The distribution covers the whole coast of Paraíba State (Fig. 30), meaning that the new species is likely to be found over the coast of northeastern Brazilian",5777,9231
K019,6CB1AEDA09E85EB254C928B8B074EDF1,Cyphoderus khaochakanus,"Cyphoderus khaochakanus Jantarit, Satasook & Deharveng, 2014, sp. n.",Cyphoderidae,"Cyphoderus (Cyphoderidae) as a major component of collembolan cave fauna in Thailand, with description of two new species",http://dx.doi.org/10.3897/zookeys.368.6393,http://treatment.plazi.org/id/6CB1AEDA09E85EB254C928B8B074EDF1,habitat,What is the habitat of Cyphoderus khaochakanus?,Abundant on guano in the dark zone of a karstic cave,"imen #PSUZC2011.SAK-001H, male). Body Ant Head Ant.I Ant.II Ant.III Ant.IV Th.II Th.III Abd.I Abd.II Abd.III Abd.IV Abd.V Abd.VI Man Dens Mucro Etymology. From the locality ""Khao Chakan"" district, in SaKaeo province, where this species is found. Distribution. Only known from type locality. Ecology. Abundant on guano in the dark zone of a karstic cave.",7060,7113
K020,903A2131FFCFFFF792FDFC1150CCF837,Katianna maryae,"Katianna maryae Bernard, 2014, n. sp.",Katiannidae,"Katianna maryae n. sp. (Collembola: Katiannidae), a southern Appalachian species of a Gondwanan genus",10.11646/zootaxa.3754.2.4,http://treatment.plazi.org/id/903A2131FFCFFFF792FDFC1150CCF837,etymology,What does the name of Katianna maryae refer to?,"This species is named in loving memory of the late Mary Fitzpatrick, spouse of the noted nature photographer Kevin Fitzpatrick and a skilled photographer in her own right","near base; A0 simple, not bifurcate (Figs. 3 G, H). Description of male. Males similar to females in most respects. Length 0.7–0.9 mm. Head with variable violet patches on gena; large abdomen with large white patches; legs pale orange (Fig. 4 A). Three medial setae on Abd. VI (Fig. 3 I). Etymology. This species is named in loving memory of the late Mary Fitzpatrick, spouse of the noted nature photographer Kevin Fitzpatrick and a skilled photographer in her own right. Relationships. Because of the relatively little attention given to Katianna for many years, the relationships of K. maryae n. sp. to other species of the genus are difficult to determine. In the key to South American species (Heckman 2001) K. maryae n. sp. traces to K. willincki (Delamare Deboutte",8175,10673
K021,03AB457E0926FFB124E7F9AD3075FBF8,Papirioides zhejiangensis,"Papirioides zhejiangensis Li, Chen & Li, 2007, sp. nov.",Dicyrtomidae,A new species of the genus Papirioides (Collembola: Dicyrtomidae) from China,10.5281/zenodo.177081,http://treatment.plazi.org/id/03AB457E0926FFB124E7F9AD3075FBF8,habitat,What is the habitat of Papirioides zhejiangensis?,Found under wet wood and in litter in deciduous forest," with seta VL2 (L) as strong spine; av1–4 serrate, av1 & av2 stronger than av3 & av4; appendices anales av5 as thick spines and shorter than av1–4; sa1–3 ciliate, sa3 much larger than sa1 & sa2; AV1 as cup sensilla, AV2–8 small and smooth; cuticular cone near and internal to AV2 (Fig. 31). Ecology. Found under wet wood and in litter in deciduous forest. Etymology. Named after the type locality, Zhejiang Province, China. Discussion. The new species, Papirioides zhejiangensis , is most close to the Indonesian species P. tonsori in the circumanal and dens setae. However, it differs from the latter in the facial setal pattern, length of dorsal club o",6114,8098
K022,0DFE1A6C23E9CF326AA6BA2F7EC63B75,Isotogastrura trichaetosa,"Isotogastrura trichaetosa Potapov, Bu & Gao, 2011, sp. n.",Isotogastruridae,First record of the littoral family Isotogastruridae (Collembola) in Asia,http://dx.doi.org/10.3897/zookeys.136.1666,http://treatment.plazi.org/id/0DFE1A6C23E9CF326AA6BA2F7EC63B75,holotype_depository,Where is the holotype of Isotogastrura trichaetosa deposited?,"Shanghai Institute of Plant Physiology and Ecology, Shanghai Institutes for Biological Sciences, CAS","oast), Changjiang County, vicinity of Changhua town, Qizi Bay, 19°21'12""N, 108°40'25""E, beach, flotation of sand samples (No. 34, 35 and 38). 7. IV. 2011, Y. Bu, C.W. Huang, M.B. Potapov and N. A. Kuznetsova leg. Paratype: Three females, same as holotype. Holotype and two paratypes are deposited in Shanghai Institute of Plant Physiology and Ecology, Shanghai Institutes for Biological Sciences, CAS (China); one paratype is deposited at Moscow State Pedagogical University (Russia). Description. Body length under slide (n=4): 0.42 mm (range 0.4-0.5 mm), holotype length 0.4 mm. Pale in alcohol, with grey pigmentation uniformly distributed over dorsal areas except for the darker eye patches. Body ",367,6336
K023,C2C10B38AC375B2982BE4D52133532B3,Coenaletes colombianus,"Coenaletes colombianus Palacios-Vargas, Arango & Ojeda 2026, sp. nov.",Coenaletidae,"One new obligate commensal species of Coenaletes (Collembola, Coenaletidae) from the hermit crab Coenobita compressus (Crustacea, Coenobitidae) from Colombia",10.3897/zookeys.1293.206618,http://treatment.plazi.org/id/C2C10B38AC375B2982BE4D52133532B3,distribution,What is the known distribution of Coenaletes colombianus?,Coenaletes colombianus sp,"st instar to adults. The number of ventral setae and variation (in parentheses) are given in Table 2. Etymology. The specific epithet colombianus is a geographical adjective in the masculine nominative singular, referring to Colombia, the country where the type material was collected. Distribution. Coenaletes colombianus sp. nov. is only known on shores of Chocó, Colombia.",6887,6962
K024,C16E0551217CFFA6C1A0FB497D294201,Deutonura gibbosa,"Deutonura gibbosa Porco, Bedos & Deharveng, 2010, sp. nov.",,"Description and DNA barcoding assessment of the new species Deutonura gibbosa (Collembola: Neanuridae: Neanurinae), a common springtail of Alps and Jura",10.5281/zenodo.198510,http://treatment.plazi.org/id/C16E0551217CFFA6C1A0FB497D294201,etymology,What does the name of Deutonura gibbosa refer to?,"The species name gibbosa is a latine word meaning humped, in reference to the prominent Di tubercle of Abd"," litter, berlese, L. Deharveng & A. Bedos leg. (ITA–135). Slovenia. Lokev: Divaca, Vilenica cave, 5 ex., 27.vi.1981, E. Christian leg. (SLN–Christ001). Switzerland. Vaud: Bex, Solalex, massif des Diablerets, 1 ex., 1.viii.1982, fir and spruce forest, litter, L. Deharveng leg. (SUI –004). Etymology. The species name gibbosa is a latine word meaning humped, in reference to the prominent Di tubercle of Abd. V of the new species. Description. Length: 1–2 mm. Color: deep blue to light blue. Habitus usual for the genus, rather parallel. Abd. VI completely hidden under Abd. V, deeply bilobed. All tubercles well developed on tergites, indicated by reticulations and tertiary granules without papillae, but ",4347,9912
K025,3F2B64127F2214239E8C41E82727C418,Sinella qixiaensis,"Sinella qixiaensis Xu & Zhang, 2016, sp. n.",Entomobryidae,"New blind species and new records of Sinella from Nanjing, China (Collembola, Entomobryidae)",http://dx.doi.org/10.3897/zookeys.604.7902,http://treatment.plazi.org/id/3F2B64127F2214239E8C41E82727C418,habitat,What is the habitat of Sinella qixiaensis?,In decomposing leaves along the roads," side of one specimen. Abd. III with one (m3) central, three (am6, pm6, p6) lateral mac and two sens; ms absent (Fig. 35). Abd. IV with seven central (I, M, A5-6, B4-6), six lateral mac (D3, E2-4, E2p, F1), and at least 17 sens; sens as and ps short (Fig. 36). Abd. V with 3 sens (Fig. 37). Ecology. In decomposing leaves along the roads. Remarks. Sinella qixiaensis sp. n. is characterized by blindness, the paddle-like sens of Ant. III organ and abundant smooth chaetae on the manubrium. It is most similar to Sinella insolens Chen & Christiansen, 1993 and Sinella sineocula Chen & Christiansen, 1993. It differs from the former in the",4221,4799
K026,03B287DDFFFEFD69F582F95A8AEE5FA8,Hypogastrura gracilis,Hypogastrura gracilis,Hypogastruridae,"Redescription of Hypogastrura gracilis, synonymy of Ceratophysella quinidentis with C. duplicispinosa, and additional information on C. adexilis (Collembola: Hypogastruridae)",10.11646/zootaxa.2822.1.2,http://treatment.plazi.org/id/03B287DDFFFEFD69F582F95A8AEE5FA8,body_length,What is the body length of Hypogastrura gracilis?,1.9 mm,"s, China, Jiangsu Province , Lianyungang City, Huaguoshan Park, 6 November 2006, in soil under bricks and piles of decayed peanut plants, collected by Jian-xiu Chen et al.; collection number C9530, deposited in the Department of Biology, Nanjing University, China . Redescription. Body length: up to 1.9 mm; color in ethanol violet to violet-black dorsally, pale to yellow ventrally and on tibiotarsi, furca and ventral tube. Tegumentary granulation fine and uniform, dorsum of Abd. V with 9–19 (usually 13–15) granules between setae p 1. Body setae similar in length. Dorsal cephalic setae weakly differen",610,9302
K027,038A87F82C187F4BC8B1FCBEFDE7FE9E,Subisotoma guzeriplica,"Subisotoma guzeriplica Potapov, Babenko, Fjellberg & Greenslade, 2009, sp. nov.",Isotomidae,Taxonomy of the Proisotoma complex. II. A revision of the genus Subisotoma and a description of Isotopenola gen. nov. (Collembola: Isotomidae),10.5281/zenodo.191990,http://treatment.plazi.org/id/038A87F82C187F4BC8B1FCBEFDE7FE9E,distribution,What is the known distribution of Subisotoma guzeriplica?,Known only from the type locality in Northern Caucasus,brium: dens: mucro = 4–7: 3–5: 1. Each anal lobe with 3 tiny equal setulae. Affinity. The unusual reduction of ocelli C and H and the number of abdominal macrosensilla easily identify the species. In the family Isotomidae ocelli G and H are usually lost at the first step of reduction. Distribution. Known only from the type locality in Northern Caucasus. Name derivation. Named after the village Guzeripl' because of their hospitality to a group of MSPU students when collecting the new species.,2758,2954
K028,8F2F2F2DA72EFF86FF1F4A3835AEFB36,Pygmarrhopalites trisetosus,"Pygmarrhopalites trisetosus Vargovitsh, 2025, sp. nov.",Arrhopalitidae,"Antennal troglomorphy in Arrhopalitidae (Collembola: Symphypleona) with the description of two new cave Pygmarrhopalites Vargovitsh, 2009 species from the Arabika Massif in the Caucasus",10.11646/zootaxa.5673.4.3,http://treatment.plazi.org/id/8F2F2F2DA72EFF86FF1F4A3835AEFB36,holotype_depository,Where is the holotype of Pygmarrhopalites trisetosus deposited?,"collection of the Schmalhausen Institute of Zoology, National Academy of Sciences of Ukraine, Kyiv","1- 2: legs and great abdomen; C-1081a-1-3: Abd VI and furca), W Caucasus, Abkhazia, Gagra Mt. R., Arabika Massif, 2,354 m a.s.l., Nadezhda Cave, -20 to - 25 m, on liquid surface of Barber traps, exposed 13.vii.2016 – 08.ix.2017, R.S. Vargovitsh leg. The holotype and 8 paratypes are deposited in the collection of the Schmalhausen Institute of Zoology, National Academy of Sciences of Ukraine, Kyiv. Description. Female: Body measurements and ratios in Tables 1 and 2. Maximum body length without appendages 1.4 mm. Pigmentation in alcohol slightly reddish (Fig. 10A). Head (Figs 7A, 10B). Eyes 1 + 1, relatively large (~16 μm) but indistinct, poorly defined cornea covered by almost typical cuticu",2211,15471
K029,5306878ECC17FFF2DE73F911FD9A6996,Friesea najtae,"Friesea najtae D’Haese & Stevens & Weiner 2017, n. sp.",Neanuridae,"Friesea najtae n. sp. (Collembola, Neanuridae, Frieseinae) from southern Western Australia",10.5252/z2017n1a3,http://treatment.plazi.org/id/5306878ECC17FFF2DE73F911FD9A6996,body_length,What is the body length of Friesea najtae?,1.0- 1.7mm,"ear friend of Wanda Weiner. The new species is named in her honour. DESCRIPTION General habitus Large animal for the genus, habitus with strong head with diverging antennae shorter than head length and a large abdo- men in midline (Abd. III-IV), ending by a pointed Abd. VI (Figs 2, 3). Body length: 1.0- 1.7mm. Body colour dark blue, almost black (Fig. 2), slightly lighter on the ventral side with inner sides of ventral tube and furcula tip almost white. Dorsal clothing strong, with long and pointed ordinary chaetae as well as shorter chaetae, slightly crenulated (macro-, meso- and microchaetae; Fig. 3A,",2623,5853
K030,52368796FFB2FFDE49A4F8D20610FAE3,Tomocerus deharvengi,"Tomocerus deharvengi Yu & Li, 2016, sp. nov.",Tomoceridae,New troglomorphic species of Tomocerus with well-developed postantennal organs (Collembola: Tomoceridae),10.11646/zootaxa.4162.2.10,http://treatment.plazi.org/id/52368796FFB2FFDE49A4F8D20610FAE3,body_length,What is the body length of Tomocerus deharvengi?,4.1–4.8mm,"ted in Lengshuicao Cave, Shuinongtun, Nabu Village, Baisheng Township, Napo County, Baise, Guangxi Province, China, 6.X.2015, by Youbang Li, Zhouquan Wei and Yueting Feng . Paratypes four female adults on slides, 10 in 99% alcohol, same data as holotype. All types in NJAU . Description. Body length 4.1–4.8mm. Body with uniform light to dark grey pigment, with unpigmented patches. Clypeus, antero-dorsal area of head, Ant.I and Ant. II darker. Eye patches black (Fig. 1 C). Intact antenna not seen, longest regenerated antenna approximately 1.4 times as long as body. Antenna length ratio as I:II:III+IV= 1.",354,5428
K031,3125C75D87B78CA097BA8A6706450B21,Sensillonychiurus vitimicus,"Sensillonychiurus vitimicus Babenko, Chimitova & Stebaeva, 2011, sp. n.",Onychiuridae,"New Palaearctic species of the tribe Thalassaphorurini Pomorski, 1998 (Collembola, Onychiuridae)",http://dx.doi.org/10.3897/zookeys.126.1229,http://treatment.plazi.org/id/3125C75D87B78CA097BA8A6706450B21,type_locality,What is the type locality of Sensillonychiurus vitimicus?,"One more species of the genus Sensillonychiurus was found on Kamchatka (vicinity of Petropavlovsk, sandy sea beach with weed debris, leg","sp. n. can easily be distinguished by the presence of setae on thoracic sterna (a presumed apomorphic condition within Onychiuridae according to Fjellberg (1998). Etymology. The new species was named after its terra typica. Distribution. Known from several biotopes in vicinity of the type locality. One more species of the genus Sensillonychiurus was found on Kamchatka (vicinity of Petropavlovsk, sandy sea beach with weed debris, leg. L. Lobkova). It differs from Sensillonychiurus virginis in having setiform anal spines, from Sensillonychiurus geminus by the absence of lateral ms on Th.3. The lack of material (only a single female is available) did not allow us to describe it, but it is listed in the key and in Table 1 as Sensi",3608,4536
K032,03DD87D0AB1BCC21FF2AFE8AFCC2FE18,Nevadesmus ophimontis,"Nevadesmus ophimontis Shear, new species",Sminthuridae,"Cave millipeds of the United States. VIII. New genera and species of polydesmidan millipeds from caves in the southwestern United States (Diplopoda, Polydesmida, Macrosternodesmidae)",10.5281/zenodo.188725,http://treatment.plazi.org/id/03DD87D0AB1BCC21FF2AFE8AFCC2FE18,etymology,What does the name of Nevadesmus ophimontis refer to?,"The species name refers to the Snake Mountain Range, and to Snake Valley, major geographical features associated with the collection localities","rs [4315 feet]). It is located at an elevation of 2147 meters (7044 feet) in a limestone outcrop adjacent to the riparian zone of Baker Creek. Cyptobunus ungulatus ungulatus and N. ophimontis are fairly common in the deeper, wetter parts of this cave, where a perennial stream is present. Etymology: The species name refers to the Snake Mountain Range, and to Snake Valley, major geographical features associated with the collection localities.",4837,4981
K033,EC74E08AE8FBA335E11732F05FDF2F95,Prabhergia imadatei,Prabhergia imadatei Tamura & Zhao 1996,Tullbergiidae,"Study on Tullbergiidae of Tibet, China I. Metaphorura, Mesaphorura and Prabhergia (Hexapoda, Collembola)",http://dx.doi.org/10.3897/zookeys.686.11468,http://treatment.plazi.org/id/EC74E08AE8FBA335E11732F05FDF2F95,distribution,What is the known distribution of Prabhergia imadatei?,"The species was only known from its type locality in Yunnan Province, southeast China","s in broad-leaved forest, sample 4, Alt. 1480 m, 29°45'N, 95°28'E, 3-XI-2015, coll. Y. Bu & G. Yang. Holotype (SEM). female, China, Yunnan, Mengla county, Menglun town, Xishuangbanna Tropical Botanic Garden, Alt. 550 m, 28-X-1992. Paratypes (SEM), 4 females, same data as for holotype. Distribution. The species was only known from its type locality in Yunnan Province, southeast China. It is here recorded for the first time in Tibet. Remarks. The description of dorsal chaetotaxy of Prabhergia imadatei in the original paper contains some errors, such as nominations and numbers of anterior and medial setae on Th. II and III, Abd. I-V. The type specimens were examined and a revised",427,935
K034,94176063FB2A5DAA9E626EF7B42441D1,Troglopedetes takensis,"Troglopedetes takensis Surakhamhaeng 1 & Deharveng 2 & Jantarit 3 2021, sp. nov.",Paronellidae,"Three new species of cave Troglopedetes (Collembola, Paronellidae, Troglopedetinae) from Thailand, with a key to the Thai species",http://dx.doi.org/10.3897/subtbiol.40.73143,http://treatment.plazi.org/id/94176063FB2A5DAA9E626EF7B42441D1,holotype_depository,Where is the holotype of Troglopedetes takensis deposited?,"NHM-PSU, measurements of holotype in Table 2","ave) Mae Usu, 17°18'15.0""N, 98°09'19.9""E, 145 m a.s.l., 7 March 2019, S. Jantarit, A. Nilsai and K. Jantapaso leg., dark zone of cave, by aspirator (sample # THA_SJ_TAK03). Paratypes: 5 paratypes on slides (all subadult), same locality and date as the holotype. Holotype and 5 paratypes deposited in NHM-PSU, measurements of holotype in Table 2. Head Tergites Appendages Ant. I 192 Th. II 200 Man 540 Ant. II 390 Th. III 212 Dens 580 Ant. III 390 Abd. I 110 Mucro 48 Ant. IVa 322 Abd. II 120 Furca 1,168 Ant. IVb 230 Abd. III 140 Claw I 62 Ant. 1,524 Abd. IV 655 Claw II 62 Head 465 Abd. V 80 Claw III 65 - - Abd. VI 60 - - - - Body 1,577 - - D",540,12026
K035,0C0C6C18FFBEFF8B7C43FE2AFABAFC10,Megalothorax calvignacensis,"Megalothorax calvignacensis Panina, Bedos, Deharveng & Schneider, 2026, sp. nov.",Neelidae,Three new species of the genus Megalothorax (Collembola: Neelidae) from France,10.5852/ejt.2026.1034.3153,http://treatment.plazi.org/id/0C0C6C18FFBEFF8B7C43FE2AFABAFC10,type_locality,What is the type locality of Megalothorax calvignacensis?,the commune of Calvignac,"red chaeta a0 and similar chaetotaxy. However, in M. calvignacensis sp. nov. the chaeta β1 is absent (vs present in M. willemi ) and the chaeta ζ1 is present (vs absent in M. willemi ); and M. willemi lacks pigmentation. Etymology Megalothorax calvignacensis sp. nov. is named after its type locality, the commune of Calvignac. Type material Holotype FRANCE • 1 ♀; Lot, Calvignac, mosses on rock face; 1.78475° E, 44.46041° N; 178 m a.s.l.; 25 Dec. 2023; Guy Bariviéra leg.; sample code nos 46-Q23-086, SMNG, slide no. SMNG-APT-AA04651. Paratypes (9 ♀♀) FRANCE • 5 ♀♀; Lot, Calvignac, mosses on rock face; 1.78475° E, 44.46041",2027,6827
K036,1E482D44FFE9F47DFF36F99C91F3F937,Superodontella tayaensi,"Superodontella tayaensi Arbea, Brahim-Bounab & Kroua, 2013, sp. nov.",Odontellidae,"Collembola Poduromorpha from Guelma Province (Northeastern Algeria), with description of a new Superodontella species (Collembola: Odontellidae)",10.11646/zootaxa.3709.2.5,http://treatment.plazi.org/id/1E482D44FFE9F47DFF36F99C91F3F937,holotype_depository,Where is the holotype of Superodontella tayaensi deposited?,"LBEA, 2 paratypes in MZNA, 2 paratypes in JIAP","e locality. Northeastern Algeria: Taya, Guelma Province, 36º31'04'' N, 07º03'51'' E, 810 m. Type material. Holotype female and 16 paratypes, Algeria, Guelma province, Taya, moss on soil, November 2009, Hayette Brahim-Bounab leg. (sample # ALG-HKTAYA11.09 M/S). Holotype and 12 paratypes deposited in LBEA, 2 paratypes in MZNA, 2 paratypes in JIAP. Other material: 2 juveniles and 1 male on slide, Algeria, Annaba Province, Edough massif, 36º54'34'' N, 07º39'21'' E, 635 m, Quercus faginea and Quercus suber forest, années 2000–2004, Salah Hamra Kroua leg. The material is preserved in the collection of MZNA. Diagnosis. Habitus typical for the ge",303,6211
K037,03BF1C65DAAA58D8A59926FA780957C2,Alloscopus jantapasoae,"Alloscopus jantapasoae Jantarit, Nilsai & Manee 2025, sp. nov.",Orchesellidae,"Two new species of the genus Alloscopus Börner, 1906 (Collembola, Orchesellidae, Heteromurinae) from southern Thailand",10.3897/zookeys.1245.148100,http://treatment.plazi.org/id/03BF1C65DAAA58D8A59926FA780957C2,habitat,What is the habitat of Alloscopus jantapasoae?,The new species was collected and only known from the dark zone of a cave on ground floor with small patch of bat guano,"tymology. Alloscopus jantapasoae is named in honor of Ms. Kanchana Jantapaso, a member of our research team who has made significant contributions to the study of cave fauna in Thailand and assisted in the collection and analysis of cave fauna both across the country and in the laboratory. Ecology. The new species was collected and only known from the dark zone of a cave on ground floor with small patch of bat guano. Seven caves in the surrounding area, including Tham Khao Chang Hai — which is known for having one of the richest cave faunas in the country — were surveyed for Collembola . However, none of the specimens of this species were found in these caves, suggesting a high degree of endemism to Tham Khao ",13926,14354
K038,03DC87BAFFA9FF857A9DFB9CC9F1FBB8,Micronella najtae,"Micronella najtae Arbea, 2017, n.sp.",Brachystomellidae,"Micronella najtae n. sp. (Collembola: Brachystomellidae), a new species from Tierra del Fuego with a key to the species Javier",10.5252/z2017n1a2,http://treatment.plazi.org/id/03DC87BAFFA9FF857A9DFB9CC9F1FBB8,type_locality,What is the type locality of Micronella najtae?,?? Peru – p3 Brazil – p3 Brazil – p3 Costa Rica + p4 Tierra del Fuego Antennae Ratio head diagonal: antenna = 1:0,"d, opposite sense one bilobed, one “club” “cloverleaf” “club” “club” PAO vesicles 15 7-8 12-13 6-8 7-8 Ratio ordinary chaetae: s-chaetae on Abd I-III? 1:1 1:2 1:1.3 1:2.3-2.6 Serrated chaetae on body? + – – – Unguis tooth + + – – – a2 chaetae on Th II position of s-chaetae on Abd I-III Type locality?? Peru – p3 Brazil – p3 Brazil – p3 Costa Rica + p4 Tierra del Fuego Antennae Ratio head diagonal: antenna = 1:0.66. Ant I with 7chaetae. Ant II with 12 chaetae. Ant III and IV fused dorsally, ventral separation marked. AIIIO with 2 small club shaped sensilla, 2longer and subcylindrical guard sensilla; ventral microsensillum present. Ant IV with simple apical bulb and 6 sensilla (S1-4, S7, S8), two weakly dif",2211,6577
K039,03E0BD5B6053FFACFF2CFE81FB8CFCA2,Denisiella rhizophorae,"Denisiella rhizophorae Palacios-Vargas & Ferreira & Zeppelini 2018, sp. nov.",Sminthurididae,"Redefinition of Denisiella Folsom & Mills, 1938 (Collembola: Sminthurididae) with description of three new species from Brazil",10.11646/zootaxa.4434.1.7,http://treatment.plazi.org/id/03E0BD5B6053FFACFF2CFE81FB8CFCA2,etymology,What does the name of Denisiella rhizophorae refer to?,THE NAME IS A REfERENcE TO THE MANGROVE Of THE GENUS Rhizophora ( RHIZOPHORAcEAE ) WHERE THE SPEcIMENS Of THE NEW SPEcIES WERE cOLLEcTED,"Of TENAcULUM WITH TWO SETAE AND EAcH RAMUS WITH 3 TEETH AND ONE APPENDIX. MANUBRIUM WITH 7+7 SETAE, DENS WITH ABOUT 40 POSTERIOR SETAE; ANTERIOR SURfAcE WITH SETAL fORMULA 3,3,3,3,2,1,1,1. MUcRO WITH TWO LAMELLAE, INNER WITH ABOUT 17- 18 SERRATIONS, OUTER SMOOTH, ONE MUcRONAL OUTER SETA. Etymology. THE NAME IS A REfERENcE TO THE MANGROVE Of THE GENUS Rhizophora ( RHIZOPHORAcEAE ) WHERE THE SPEcIMENS Of THE NEW SPEcIES WERE cOLLEcTED. Distribution and habitat. THE SPEcIMENS WERE cOLLEcTED IN MANGROVE RIO PARAíBA DO NORTE, PARAíBA, BRAZIL (06°57'07°02S/34°50'3455W). GOOD’S BIOGEOGRAPHIc ZONE 27 (GOOD 1974; CULIK & ZEPPELINI 2003). Remarks. D. rhizophorae sp. nov. DIffERS fROM D. maesorum , D. diomedesi , AND D. colombiana IN THE",5510,6392
K040,03B7878BD91CE33ACFE657122021D794,Pseudosinella grauae,"Pseudosinella grauae Seminario-Córdova & Baquero & Jordana & Vadell 2018, sp. nov.",Oncopoduridae,"Collembola of the Campanet cave (Mallorca, Balearic Islands), with descriptions of new species of Pseudosinella (Entomobryidae) and Oncopodura (Oncopoduridae)",10.11646/zootaxa.4532.1.2,http://treatment.plazi.org/id/03B7878BD91CE33ACFE657122021D794,holotype_depository,Where is the holotype of Pseudosinella grauae deposited?,"MZNA: seven specimens in ethyl alcohol, 19",") Type material. Holotype. Female, slide Co 190113 -1, ‘ Coves de Campanet, Sala de les Arrels’, municipality of Campanet, Mallorca, Spain, 19.I.2013, pitfall, M. Vadell leg., AT 20.1, ST 18.6 and 85% of RH. Deposited in MZNA . Paratypes (all from ‘ Sala de les Arrels’ as the Holotype) deposited in MZNA: seven specimens in ethyl alcohol, 19.I.2013 (Co 190113 -1) . Paratypes deposited in MBCN: one female on slide and one specimen in ethyl alcohol, pitfall ref. J 27-13-1, AT 19.58, ST 18.8 and 90.42% of RH, 21.IX.2013 (Co 210913 -1); two specimens, pitfall, AT 19.21, ST 17.8 and 91.54% of RH, 5.X.2013 (Co 051013 -2); one specimen, pitfa",311,6674
K041,1B1DB82EF40F0F187CB993C43377FD70,Adisianus pinheadi,"Adisianus pinheadi Rodrigues, Medeiros, Nunes & Bellini, 2025, sp. nov.",Bourletiellidae,"The rare Adisianus Bretfeld (Collembola, Bourletiellidae): a new species from Northeastern Brazil and an identification key to the genus",10.11646/zootaxa.5632.3.10,http://treatment.plazi.org/id/1B1DB82EF40F0F187CB993C43377FD70,body_length,What is the body length of Adisianus pinheadi?,0.53 mm,"nnae and legs striped with dark purple pigments, head and lateral body weakly violet with purple spots, large abdomen dorsally with an anterior longitudinal stripe, posteriorly with a large dark spot, furca and ventral tube pale (Fig. 3). Head (Figs 3–5). Antennae shorter than the body length, with 0.53 mm in holotype. Antennae segments ratio I: II: III: IV of the holotype as 1: 1.78: 3.19: 5.02 mm (Figs 3, 4A–C). Ant I with 6–7 chaetae, one of them rough, blunt and spine-like (Fig. 4A). Ant II with 17–18 chaetae plus one apical bothriotrichum-like sensillum, one apical chaeta rough, blunt and spine-",1382,12283
K042,03F9351AAF56C00D3ADF444FCD97FE14,Metagonia diamantina,"Metagonia diamantina Machado & Ferreira & Brescovit 2011, new species",Cyphoderidae,"A new troglomorphic Metagonia Simon 1893 (Araneae, Pholcidae) from Brazil",10.11646/zootaxa.3135.1.4,http://treatment.plazi.org/id/03F9351AAF56C00D3ADF444FCD97FE14,distribution,What is the known distribution of Metagonia diamantina?,Known only from the type locality,"ssing, tibia IV 3.6. In general very similar to male, eyeless and without clypeus modification (Fig. 6). Habitus as in fig. 11. Epigynum pale yellow, the epigynal plate with distinct scape (Figs. 7). Internal genitalia with a complex system of asymmetrical, sclerotized ducts (Fig. 8). Distribution. Known only from the type locality. Other material examined. None. Remarks. The species probably belongs to Huber (2000) ’s ‘group 4’. It shows similarities to M. lancetilla Huber 1998 , sharing the long hinged process and the epigynal scape (very small in M. lancetilla ). Habitat description and natural history. The two specimens w",2262,3651
K043,039D131BFFF9FB301E8EF929FBF8B3BE,Borgesminthurinus andinus,"Borgesminthurinus andinus Palacios-Vargas & Vacaflores-Argandoña 2020, gen. nov., sp. nov.",Katiannidae,A new genus and species of Katiannidae (Collembola: Symphypleona) from Bolivia,10.11646/zootaxa.4819.2.1,http://treatment.plazi.org/id/039D131BFFF9FB301E8EF929FBF8B3BE,type_locality,What is the type locality of Borgesminthurinus andinus?,"Bolivia, Department of La Paz, Province Los Andes Location Pucarani-Condoriri, River Palcoco, sample taken with surfer in the river, with riverside vegetation corresponding to ecol","Figs. 1‒32 Type locality: Bolivia, Department of La Paz, Province Los Andes Location Pucarani-Condoriri, River Palcoco, sample taken with surfer in the river, with riverside vegetation corresponding to ecological floor of PUNA, geographical coordinates of sampling 16°30’01” S and 68°35’08” W to 4,139 m. a.s.l. Collection date corresponding to the end of the wet season in the region 21/iv/2017, Adilen Fernández coll. Type material. Holotype female and 9 paratypes will be kept at senior author instituti",26,5236
K044,03AB5E67186AD17AFF0FFD3982D316F7,Ptenothrix koreanensis,"Ptenothrix koreanensis Jo & Park 2023, sp. nov.",Dicyrtomidae,"A new species of Ptenothrix Börner, 1906 (Collembola, Symphypleona, Dicyrtomidae) from South Korea",10.11646/zootaxa.5301.1.6,http://treatment.plazi.org/id/03AB5E67186AD17AFF0FFD3982D316F7,habitat,What is the habitat of Ptenothrix koreanensis?,The new species was collected from litter and soil mass of a coniferous forest dominated by the Korean pine Pinus koraiensis Siebold & Zuccarini,"l smooth; ventral side with 8 chaetae, ventral chaetae formula as 3, 2, 1, 1... 1 from the apex to the basis (Fig. 8). Mucro without chaeta, dorsal side with about 28–33 inner and 28–37 outer teeth (Fig. 8). Etymology. The species was named after the country (Korea) where it was collected. Habitat. The new species was collected from litter and soil mass of a coniferous forest dominated by the Korean pine Pinus koraiensis Siebold & Zuccarini. Characteristics Ptenothrix koreanensis sp. nov. P. saxatilis (1) P. higashihirajii (2) P. ciliophora (1) Locality South Korea South Korea Japan South Korea Color pattern head uniformly black except for a median pale area uniformly black except for a median pale area pale, but mottled in the fronta",7773,11165
K045,03F6757CFF7CA64EFF4CFF46DBE36CD6,Deuteraphorura schoenviszkyi,Deuteraphorura schoenviszkyi Loksa 1967,,"Redescription of two troglobiotic species of Deuteraphorura Absolon, 1901 (Collembola, Onychiuridae) from the Western Carpathians",10.11646/zootaxa.4168.2.6,http://treatment.plazi.org/id/03F6757CFF7CA64EFF4CFF46DBE36CD6,distribution,What is the known distribution of Deuteraphorura schoenviszkyi?,The species represent troglobiotic and endemic form with distribution range restricted to the Slovak and Aggtelek Karst situated in southern Slovakia and northeastern Hungary,"I (3 vs. 2), ventral pso on head (2 vs. 1) and papillae in AOIII (5 vs. 4). We consider this form with only 1 pso on subcoxae and Abd. II –IV sterna identical to Loksa ´s species in spite of the outlined differences that are most probably the result of inaccurate original description. Distribution. The species represent troglobiotic and endemic form with distribution range restricted to the Slovak and Aggtelek Karst situated in southern Slovakia and northeastern Hungary. Discussion. D. schoenviszkyi is the only representative of the species-group lacking pso on Th.I that has reduced number of pso on abdominal sterna (0,1,1,1) and subcoxae 1 of legs I-III (1,1,1). It is rather similar to D. kratochvili but clearly differs by dorsal (33/033/33343 vs 33/033/33354) an",4512,5122
K046,03A8146EFFA5FF742B9CFA11FCF55D68,Willowsia jacobsoni,Willowsia jacobsoni,Entomobryidae,"Systematics of Willowsia jacobsoni (Börner, 1913) (Collembola, Entomobryidae): morphology, postembryonic development, distribution, mitogenome and phylogeny",10.11646/zootaxa.5604.3.1,http://treatment.plazi.org/id/03A8146EFFA5FF742B9CFA11FCF55D68,type_locality,What is the type locality of Willowsia jacobsoni?,) (Börner 1913: 49),"n 4 th instar, 2 males and 11 females on slides and 82 specimens in alcohol (NUS), plus 3 females on slides (INPA): idem, except in Botany Department of the National University of Singapore, 01.xi.1990, HK Lua coll. Geographical records (Fig. 8). INDONESIA: Java, Samarang (= Semarang) (type locality) (Börner 1913: 49); West Java, Tjibodas (actually Cibodas) (Handschin 1925: 237); New Guinea (actually Papua, Indonesia), Cyclops Mountains (Womersley 1937b: 205); Sumatra, Jambi Province (Mawan et al. 2022: 5); Sumatra, Ranau and Wadi Kuala (Handschin 1931: 481). PHILIPPINES: Luzon (Gapud 1971: 14); Laguna, Mount Ma",7362,18218
K047,40426A098B05A51BECEAFD5BFBB3FBC7,Ceratophysella tupamara,"Ceratophysella tupamara Palacios-Vargas & Bocanegra, 2012, sp. nov.",Hypogastruridae,A new species of Ceratophysella from Peru (Collembola: Hypogastruridae),10.5962/bhl.part.150201,http://treatment.plazi.org/id/40426A098B05A51BECEAFD5BFBB3FBC7,body_length,What is the body length of Ceratophysella tupamara?,1.5 mm,"he bark of a tree and the trunk; 18-X-1980; sample PE-80/8; leg. C. Vaucher. PARATYPES: MNHG, without registration number 1 juvenile; same locality and date as holotype .- UNAM, without registration number; 1 ♂, 1 juvenile; same locality and date as holotype. DESCRIPTION: Maximum body length: up to 1.5 mm. Body granules fine and uniform, dorsal of Abd. V with 10-14 granules between p1 setae. Color: dark blue. Tergite setae of different lengths, some barbulate macrosetae (50-90 µm), others smooth microsetae (22-50 µm), besides the sensorial setae (42-50 µm) (Fig. 1). Head: Dorsal cephalic chaetotaxy ",433,5984
K048,03898792FFF3BD28FF75FE4BFC01FEF1,Skadisotoma inpericulosa,"Skadisotoma inpericulosa Greenslade & Fjellberg, 2015, sp.nov",Isotomidae,"Skadisotoma, a new genus of Isotomidae (Collembola) from Australia",10.11646/zootaxa.3972.4.8,http://treatment.plazi.org/id/03898792FFF3BD28FF75FE4BFC01FEF1,holotype_depository,Where is the holotype of Skadisotoma inpericulosa deposited?,South Australian Museum,"36.84176o S, 147.33351o E, 1874 m a.s.l, with Celmisia pugioniformis (Asteraceae) , 10.xi.2012, pitfalls, leg. Y. Endo. Paratypes: 8 specimens (4 ad., 4 juv.) in alcohol, from the same locality and date as holotype; 11 specimens on three slides from same sample. Holotype and paratypes housed in the South Australian Museum. Other material examined. VICTORIA: Mt Nelse, -36o 50' 39¨S, 147o 20.35E', 10.xi.2012, 1894 m asl, pitfalls 26 individuals, 3 slides, leg. M. Nash; Bogong High Plains 24.xi.2012, 36o 55' 26""S 147o 17' 41""E pitfalls, 1892 m asl, 1 slide, leg. J. Drummond; Mt Bogong, - 36o 43' 57""S 14o 18' 20""E, alpi",415,10487
K049,03CC7853487FFFD9FF65FCD7FCA19E73,Arrhopalites macronyx,"Arrhopalites macronyx Vargovitsh, 2012, sp. nov.",Arrhopalitidae,New troglomorphic Arrhopalitidae (Collembola: Symphypleona) from the Western Caucasus,10.5281/zenodo.279882,http://treatment.plazi.org/id/03CC7853487FFFD9FF65FCD7FCA19E73,body_length,What is the body length of Arrhopalites macronyx?,1 mm,"+ 10 setae, each of lateral valve bears 17 setae (totally 56 setae on Abd VI). Appendices anales (44.8 µm in holotype) rod-like, smooth, gradually narrowed, curved in distal half, with acuminated tip, inserted into semiglobular papilla (Figs 11, 12). Male: smaller than females, body length is about 1 mm or less (Table 1). Chaetotaxy is the same as in females except Abd VI (Fig. 2) with no broadened or winged setae, with 7 + 2 axial + 7 setae on upper anal valve, 13 setae on each of lateral valves (totally 42 setae on Abd VI versus 56 in female) and different chaetotaxy around genital opening on Ab",9196,13051
K050,03F687A1FFC4A5058B1C79869A0FFA22,Crossodonthina tiantongshana,Crossodonthina tiantongshana Xiong 2005,Neanuridae,Redescription of two Crossodonthina species (Collembola: Neanuridae: Lobellini) from China,10.1080/00222933.2010.488751,http://treatment.plazi.org/id/03F687A1FFC4A5058B1C79869A0FFA22,type_locality,What is the type locality of Crossodonthina tiantongshana?,"China: Zhejiang Province, Mountain Tiantong","(Figure 2, Table 2) Type locality China: Zhejiang Province, Mountain Tiantong. Material examined Holotype (female) and eight paratypes (seven females, one male), Mountain Tiantong (29°48′N, 121° 47′E, alt. 350 m), Zhejiang Province, China, deposited in SIPPE. Redescription Body length. Up to 3.0 mm. Colour. Bright red while living, white in alcohol. Head. Eyes 3+3, slightly ",34,5962
K051,DB28A21D9214FF8EFF18FBD2FC9FFEE8,Plutomurus weinerae,"Plutomurus weinerae Barjadze, Kovac & Parimuchova 2024, sp. nov.",Tomoceridae,Two new species of Plutomurus Yosii (Collembola: Tomoceridae) from Georgia and Iran,10.11646/zootaxa.5463.4.6,http://treatment.plazi.org/id/DB28A21D9214FF8EFF18FBD2FC9FFEE8,habitat,What is the habitat of Plutomurus weinerae?,"It is a troglophilous species with pigmented body and well developed 6+6 eyes, occupying twilight zone of the cave","e localities of the two new species are approximately 1000 km apart (see Fig. 1). Etymology. The species is named in the honour of Prof. Wanda Maria Weiner (Institute of Systematics and Evolution of Animals, Polish Academy of Sciences, Kraków, Poland), an outstanding Collembola taxonomist. Ecology. It is a troglophilous species with pigmented body and well developed 6+6 eyes, occupying twilight zone of the cave. Distribution. For now, the species is known only from the single cave. This cave is distinctly isolated from other caves of Racha karst massif (Tatashidze et al. 2009) inhabited by Plutomurus birsteini Djanashvili & Barjadze, 2011 known from Nikortsminda Melia, Sakishore (type locality), Shareula ",6530,7034
K052,6037673DD320475F7DB73D904A4D5CAB,Protaphorura sayanica,"Protaphorura sayanica Kaprus', Weiner & Pasnik, 2016, sp. n.",Onychiuridae,"Collembola of the genus Protaphorura Absolon, 1901 (Onychiuridae) in the Eastern Palearctic: morphology, distribution, identification key",http://dx.doi.org/10.3897/zookeys.620.9372,http://treatment.plazi.org/id/6037673DD320475F7DB73D904A4D5CAB,etymology,What does the name of Protaphorura sayanica refer to?,"The name of the new species refers to the Sayan Mountains in Southern Siberia, an area where the type specimens were collected","3, tibiotarsi with four rows of chaetae (distal whorl (A+T)+B+C): 11+8+3, 11+8+4-5, 11+8+4-5 chaetae respectively. Claw with strong denticle in 1/2 of inner edge of claw and pair of lateral denticles (Figs 42, 43). Empodial appendage as long as the claw, without basal lamella. (Fig. 43). Etymology. The name of the new species refers to the Sayan Mountains in Southern Siberia, an area where the type specimens were collected. Discussion. Protaphorura sayanica sp. n. is probably the most similar to such Asiatic Protaphorura species as Protaphorura pjasinae (Martynova, 1976), Protaphorura microtica (Dunger, 1978) and Protaphorura subarctica (Martynova, 1976) due to the presence of the same number of pso on subcoxae 1 of ",5476,6260
K053,3FF0ED456B995B5680990F2F80BBD53E,Szeptyckitheca implicata,Szeptyckitheca implicata,Sminthuridae,"Revisiting Szeptyckitheca Betsch & Weiner (Collembola, Symphypleona, Sminthuridae): new species, updated diagnoses, and a key",http://dx.doi.org/10.3897/zookeys.1186.111837,http://treatment.plazi.org/id/3FF0ED456B995B5680990F2F80BBD53E,habitat,What is the habitat of Szeptyckitheca implicata?,Specimens were found associated to bushes (Huether 1967),"ale with a long subanal appendage (surpassing the ventral anal valves), acuminate, apically serrated. Manubrium with 7+7 chaetae, dens ventral chaetotaxy formula from the apex to the base as: 2,2... 1, dorsal chaetotaxy with 19 chaetae; mucronal notch prominent (adapted from Huether 1967). Habitat. Specimens were found associated to bushes (Huether 1967). Known distribution. South Sudan (Huether 1967).",1177,1282
K054,03E7B87DFFAFF90CBCCCFA156EB196DF,Neonaphorura alicatai,"Neonaphorura alicatai Giuga & Jordana, 2013, sp. nov.",Tullbergiidae,Three new species of Collembola from soils of Mediterranean cork-oak forests of Sicily (Italy),10.11646/zootaxa.3664.2.9,http://treatment.plazi.org/id/03E7B87DFFAFF90CBCCCFA156EB196DF,holotype_depository,Where is the holotype of Neonaphorura alicatai deposited?,MZNA," Paratypes of same date and locality as holotype: 1 juvenile on slide MZNASI20100305-3-2. Paratypes collected at same locality as holotype with date 07.ii.2011: 1 female on slide MZNASI20110207-01; 6 specimens in ethyl alcohol 70%; 3 specimens on stub for SEM. Holotype and 11 paratypes deposited in MZNA. Description. Female: length 0.93 mm (holotype). White. Dorsal setae well differentiated in microsetae, mesosetae and macrosetae (Figs 1, 16–17). Head. Antennae slightly shorter than head (Ant/head ratio 0.8–0.9). Ant IV (Figs 2, 11) with 7 thickened sensilla, 1 subapical organite, 1 small sensillu",645,5152
K055,03DF090CFFEAFFF510038FF9FE09F807,Salina colombiana,"Salina colombiana Oliveira & Cipola, 2016, sp. nov.",Paronellidae,"Two new species of Salina MacGillivray (Collembola, Paronellidae) with rectangular mucro from South America",10.1016/j.rbe.2016.01.002,http://treatment.plazi.org/id/03DF090CFFEAFFF510038FF9FE09F807,holotype_depository,Where is the holotype of Salina colombiana deposited?,"ICN / UNAL: Colombia, Nariño, San Andres de Tumaco municipality, University campus","ide with 13 + 13 smooth mic. (Figs. 40 and 41). Furcula.Dens with rows of ciliated chaetae and mucro two teeth, d1 and v1 (4 out of 5 specimens) and sometimes with one reduced accessory teeth present (ap) (1 out of 5 specimens) (Figs.26 and 27). Type material. Holotype female, on slide deposited in ICN / UNAL: Colombia, Nariño, San Andres de Tumaco municipality, University campus (01 ◦ 48 lN; 78 ◦ 452 lW), Andean Region, 4-14.iii. 2015, 3 m, Malaise trap, Animal Taxonomy students coll . Paratypes on slides deposited in ICN / UNAL: 1 male, 2 females and in alcohol 31 specimens in ethanol, same data as holotype . Paratypes on slide N ◦ COLLE 041 A-C/ INPA: 3 females and in 10 ",6321,7646
K056,ADEE91046267A35124EC122FCB879B3F,Megalothorax potapovi,"Megalothorax potapovi Schneider, Porco & Deharveng, 2016, sp. n.",Neelidae,"Two new Megalothorax species of the minimus group (Collembola, Neelidae)",http://dx.doi.org/10.3897/zookeys.554.6069,http://treatment.plazi.org/id/ADEE91046267A35124EC122FCB879B3F,type_locality,What is the type locality of Megalothorax potapovi?,specimens lost),"horax potapovi sp. n. is dedicated to Mikhail Potapov, who led the 2004 field trip in Primorye which allowed to discover the new species. DNA barcode. A 658bp fragment of the COI gene was amplified and sequenced from paratype (MNHN-EA040229, voucher 00620C05) and seven other specimens (type locality, specimens lost). 251 bases in 5' were not readable, thus a final sequence of 407bp is available. The sequences are identical. The sequence is deposited into the GenBank database under accession number KR736069. The base composition of the sequence is A = 26%, C = 23.1%, G = 13.5%, T = 37.4% (A + T = 63.4%). 5 '- T",12200,12926
K057,03F8C314FFD5FF87FF60F9708C9DF841,Superodontella multisensillata,"Superodontella multisensillata Kaprus' & Weiner, 2007, sp. nov.",Odontellidae,"New species of Superodontella Stach, 1949 (Collembola, Odontellidae) from western part of Ukraine",10.5281/zenodo.177312,http://treatment.plazi.org/id/03F8C314FFD5FF87FF60F9708C9DF841,etymology,What does the name of Superodontella multisensillata refer to?,The species is named for its numerous sensilla on antennal segment IV,"Ukraine, Eastern Carpathians, Chorna Mt., Vynohradove town, Quercetum forest, litter, 23. iv.1987, adult female on slide, coll. Ighor Kaprus'; Chernivets'ka district, Vyzhenka villige, Fagaetum forest, wood decompose on the ground, 6.vi.1992, adult male on slide, coll. Volodymyr Melamud. Etymology. The species is named for its numerous sensilla on antennal segment IV. Description. Holotype (female) length 1.09 mm, paratype (female and male) length 1.19–1.22 mm. Colour in alcohol spotted pale bluish, ocular plate blue-black. Body integument strongly granulated. The central granulated area on head between d1–d5 and sd5 setae as in Fig. 5, abdominal terga V–VI wit",1419,4832
K058,039C87CB02440C73FF76FEC88AF7FD29,Dicranocentrus pampaensis,"Dicranocentrus pampaensis Silva, Nunes, Winck & Bellini, 2024, sp. nov.",Orchesellidae,"A new species of Dicranocentrus Schött (Collembola, Orchesellidae) from the Brazilian Pampa, with a key to the gracilis-group taxa",10.11646/zootaxa.5471.5.2,http://treatment.plazi.org/id/039C87CB02440C73FF76FEC88AF7FD29,habitat,What is the habitat of Dicranocentrus pampaensis?,Specimens of Dicranocentrus pampaensis sp,"n its dorso-proximal region, dens with 45–64 ciliate spines in 3–5 rows in the proximo-medial region (Fig. 7C). Mucronal apical tooth larger than subapical one, spine reaching apex of subapical tooth (Fig. 7D). Etymology. The species is named after the Pampa biome, where it was discovered. Habitat. Specimens of Dicranocentrus pampaensis sp. nov. were found in Eucalyptus plantations with a semiopen canopy with considerable input of sunlight. The local altitude is 146 m and the climate is classified as Cfa according to the Köppen classification (Kottek et al. 2006); mean annual temperature and rainfall are 17°C and 1301 mm, respectivel",7091,18259
K059,03B487EFFFD1FFECFF24FCC004526D3A,Setanodosa jacquesi,"Setanodosa jacquesi Janion-Scheepers & Deharveng 2022, sp. nov.",Brachystomellidae,"A shocking-red new species of Setanodosa Salmon, 1942 (Collembola: Brachystomellidae) from South Africa",10.11646/zootaxa.5154.4.6,http://treatment.plazi.org/id/03B487EFFFD1FFECFF24FCC004526D3A,habitat,What is the habitat of Setanodosa jacquesi?,Setanodosa jacquesi sp,"whorl and 8,8, 7 in the basal whorl, chaetae M present); among them, 4,4,4 thick and strongly clavate chaetae (of which 2,2,2 dorsal and 2,2,2 ventral). Femur I, II, III with 12, 12, 11 chaetae; trochanter I, II, III with 6, 6, 6 chaetae; coxae I, II, III with 3, 6, 7 chaetae respectively. Ecology. Setanodosa jacquesi sp. nov. is only know from a single location in the Cape region. It has been collected floating on water in a rock pool. Etymology. We dedicate this species to its collector, Jacques Scheepers. Barcoding results. The mitochondrial genome of Brachystomella parvula has been recently published by Jiang e",4231,5189
K060,093474030C34FFA388A5F96B44CDFD73,Denisiella colombiana,"Denisiella colombiana Ospina & Palacios-Vargas, 2009, sp. nov.",Sminthurididae,"A new Denisiella Folsom and Mills, 1938 (Collembola: Sminthurididae) from Colombia",10.5281/zenodo.189144,http://treatment.plazi.org/id/093474030C34FFA388A5F96B44CDFD73,holotype_depository,Where is the holotype of Denisiella colombiana deposited?,"Laboratorio de Artrópodos de suelo, Centro Internacional de Agricultura Tropical Cali, Colombia","one mucronal outer seta (Fig. 14). Length of manubrium 76 µm, dens 227 µm, and mucro 104 µm, their ratio as 1: 2.9: 1.3. Maximum length (µm) of setae on head 45, body 52, dens 42, tibiotarsus 43. Type material. Holotype male, 11 paratypes males, 7 paratypes females, all slides-mounted, preserved in Laboratorio de Artrópodos de suelo, Centro Internacional de Agricultura Tropical Cali, Colombia. Type locality. Colombia: Tolima: Espinal, Nataima (4º9’ N; 74º53’ W), collected between 16 April and 1 June 2004 (12 males and 5 females). From pitfall traps, maize field, G. Fabio Velez coll. Other locality. Meta, Villavicencio, collected on May 7, 2004 (2 females). From pitfall traps, maize fiel",4936,6335
K061,0DE942F0F13A50969C29E2D6D831820D,Oncopodura moghanensis,"Oncopodura moghanensis Mehrafrooz Mayvan & Kovac 2024, sp. nov.",Oncopoduridae,"A new subterranean species of Oncopodura Carl & Lebedinsky, 1905 (Collembola, Entomobryomorpha, Oncopoduridae) from a cave in Northeastern Iran",10.3897/subtbiol.49.118293,http://treatment.plazi.org/id/0DE942F0F13A50969C29E2D6D831820D,type_locality,What is the type locality of Oncopodura moghanensis?,"Iran, Razavi Khorasan province, Mashhad city, Moghan village, Moghan Cave, Coordinates: 36 ° 06 ' 59 "" N, 59 ° 22 ' 06 "" E, 2193 m a","ided into 3–6 fingers. Unguis normal, not elongated, untoothed; unguiculus acuminate. Dorsal side of manubrium with 11 + 11 setae. Dens at basal part with 1 dorsoexternal and 2 dorsointernal hooks, at the distal part with 1 dorsoexternal and 3 dorsointernal hooks. Mucro with 4 teeth. Type locality. Iran, Razavi Khorasan province, Mashhad city, Moghan village, Moghan Cave, Coordinates: 36 ° 06 ' 59 "" N, 59 ° 22 ' 06 "" E, 2193 m a. s. l. Type material. Holotype: female on slide [MoCa 101], dark zone, the end part of the cave, 2 nd cave floor, collected from water pond surface, 28. ix. 2022, temperature = 11.9 ° C, RH 73.0 %, leg. M. Mehrafrooz. Paratypes: 4 specimens on slides [MoCa 102, MoCa 103, MoCa 104, MoCa 105] , ibide",417,11605
K062,1D54879FFFEFFFA8FEC38429FC67C250,Polydiscia deuterosminthurus,Polydiscia deuterosminthurus,Bourletiellidae,"A new species of Polydiscia (Acari, Prostigmata, Tanaupodidae) with reference to its host: a new species of Deuterosminthurus (Collembola, Symphypleona, Bourletiellidae)",10.5281/zenodo.156331,http://treatment.plazi.org/id/1D54879FFFEFFFA8FEC38429FC67C250,type_locality,What is the type locality of Polydiscia deuterosminthurus?,Antennae (Figures 19­22)," specimens which are completely yellow (Otazu) (Figures 39 and 42) to specimens with a characteristic pattern with a yellow ‘V’ shaped form over the dark red on the last half of the great abdomen (Figure 38, 40 and 41). This pattern appears vague in other specimens including those of type locality. Antennae (Figures 19­22). Antennal ratios: in female, ant. I/II/III/IV = 1/1.6/2.3/4.4 and antennal segment/cephalic diagonal = 1.7; in male, ant. I/II/III/IV = 1/1.5/2.8/6 and antennal segment/cephalic diagonal = 1.3. Male antennal segment II with acanthoids setae in three whorls: 2+2+3 and two more on antennal segment I.",2203,7076
K063,159CFDABE5646F475BD021373A0399B9,Cyphoderus songkhlaensis,"Cyphoderus songkhlaensis Jantarit, Satasook & Deharveng, 2014, sp. n.",Cyphoderidae,"Cyphoderus (Cyphoderidae) as a major component of collembolan cave fauna in Thailand, with description of two new species",http://dx.doi.org/10.3897/zookeys.368.6393,http://treatment.plazi.org/id/159CFDABE5646F475BD021373A0399B9,distribution,What is the known distribution of Cyphoderus songkhlaensis?,Only known from the type locality," 2+2 mic (Fig. 7J). Measurement. in µm (from type specimen #PSUZC2011.SONG-001H, male). Body Ant Head Ant.I Ant.II Ant.III Ant.IV Th.II Th.III Abd.I Abd.II Abd.III Abd.IV Abd.V Abd.VI Man Dens Mucro Etymology. From the name of the province ""Songkhla"" where this species was discovered. Distribution. Only known from the type locality. Ecology. Collected on guano in the dark zone of a cave developed in a karst covered with rainforest. Discussion. The new species is similar to Cyphoderus javanus Boerner, 1906 and to Cyphoderus sumatranus Yoshii, 1987. The only detailed description of Cyphoderus javanus is that of Cyphoderus borne",10033,11509
K064,10737675FFD98F5CBDB027556661A88C,Spinonychiurus edinensis,Spinonychiurus edinensis Bagnall 1935,,Revision of the genus Spinonychiurus Weiner 1996 (Collembola: Onychiuridae) with description of five new species,10.11646/zootaxa.3914.2.1,http://treatment.plazi.org/id/10737675FFD98F5CBDB027556661A88C,body_length,What is the body length of Spinonychiurus edinensis?,1.1–1.2 mm,". Onychiurus spinosus Bagnall, 1949: 51 . Type material. Five paratypes (females mounted on two slides); Great Britain, Scotland, Edinburgh district, Corstorphine, ii.1935, leg.? (preserved in the collection of the Museum National d’Histoire Naturelle, Paris). Redescription. Body length of females: 1.1–1.2 mm. Body shape cylindrical with relatively long and strong anal spines (ratio anal spine/inner edge of claw = 1.3) (Fig. 6). Granulation of body surface fine and uniform, areas of stronger granulation invisible. Antennal bases not marked. Antennae nearly as long as head or slightly longer. Antennal se",345,3899
K065,4B63878FD12DFF01FDA37D517E95FE0B,Calima embera,"Calima embera Moreno-González & Villarreal M 2017, sp. nov.",Entomobryidae,"Two new species of Calima Moreno-González and Villarreal, 2012 (Arachnida: Schizomida: Hubbardiidae) from the Colombian Andes, with a discussion on the male flagellar microsetae of Hubbardiinae",10.1080/00222933.2017.1397226,http://treatment.plazi.org/id/4B63878FD12DFF01FDA37D517E95FE0B,type_locality,What is the type locality of Calima embera?,"Parque Natural Regional Planes de San Rafael (Natural Park San Rafael Plains), Santuario municipality, Risaralda department, located in the Western Colombian Andes (Figures 8, 9)","lks subequal in length to the bulb length, stalks with distinct terminal large, rounded bulbs; bulbs with dorsal eminence (De) pronounced dorsally and covered with numerous duct openings over its surface; sclerotized duct (Sd) present. Distribution This species is only known from its type locality: Parque Natural Regional Planes de San Rafael (Natural Park San Rafael Plains), Santuario municipality, Risaralda department, located in the Western Colombian Andes (Figures 8, 9) . Variation Among adult males (n = 2): Total length 3.28–3.55 (mean = 3,41), length of propeltidium 1.48–1.58 (mean = 1.53), flagellum length/width ratio 1.12–1.22 (MUSENUV 24623, MUSENUV 27574). Among adult females (n = 7): Total length 3.00–4.00 (mean = 3.42), length of propeltidium 1.38–1.75 (mea",10308,12056
K066,A441878A305DFF96FF448930FCEDC620,Austrogastrura marambaia,"Austrogastrura marambaia Fernandes, Bellini & Mendonça, 2010, sp. nov.",Hypogastruridae,"Revision of the genus Austrogastrura Thibaud & Palacios-Vargas, 1999 (Collembola: Poduromorpha: Hypogastruridae)",10.5281/zenodo.196708,http://treatment.plazi.org/id/A441878A305DFF96FF448930FCEDC620,distribution,What is the known distribution of Austrogastrura marambaia?,Good’s biogeographic zone 27: South Brazilian (Good 1974),"s et al. (2009ab), with data of the Poduromorpha fauna of Restinga de Maricá, Autrogastrura specimens were also incorrectly identified as A. travassosi , since the identifications were based on Thibaud & Palacios-Vargas (1999). Etymology. The species was named after its type locality. Distribution. Good’s biogeographic zone 27: South Brazilian (Good 1974). Habitat. A. marambaia was found in Mangaratiba municipality, in Rio de Janeiro State, southeastern Brazil, during dry season on soil and litter of halophyte-psammophyte vegetation. The climate of Mangaratiba is ‘Aw’ according to Koeppen’s system (Mattos 2005). The area is located in a littoral bio",4790,5329
K067,504F2D6CFFD2FF8297BEF08EFDC91BDE,Desoria cryophila,"Desoria cryophila Fjellberg, 2010, sp. n.",Isotomidae,"Cryophilic Isotomidae (Collembola) of the Northwestern Rocky Mountains, U. S. A.",10.5281/zenodo.196078,http://treatment.plazi.org/id/504F2D6CFFD2FF8297BEF08EFDC91BDE,etymology,What does the name of Desoria cryophila refer to?,The name reflects the cold environment in which the species lives,"ib. 1–2 with 4– 5 setae along each side of median line (Fig. 63). Claws of normal shape, with small laterobasal teeth and a weak tooth in the middle of the inner edge; unguiculus with high basal lamella, usually with a small corner tooth. Males present, reproductive individuals not seen. Etymology. The name reflects the cold environment in which the species lives. Discussion. Recognised by the white colour, bifurcate maxillary palp, more than 5 lateral setae on the ventral tube, more than 10 dorsal setae on dens, rarely more than 4 basomedian setae on labium, and subcoxa 1 having only one seta. Otherwise it is similar to rosea which has a slightly larger PA",3322,4027
K068,03EDEE2852136F5EFE9EF9C6FDF62115,Arrhopalites kolymensis,Arrhopalites kolymensis Tshelnokov 1990,Arrhopalitidae,"The genus Arrhopalites (Collembola, Arrhopalitidae) in Asia, with the description of two new Japanese species of Yosiis collection",10.11646/zootaxa.430.1.1,http://treatment.plazi.org/id/03EDEE2852136F5EFE9EF9C6FDF62115,body_length,What is the body length of Arrhopalites kolymensis?,0.7 mm,"Type locality: Russia, Sibik­Tyallakh, Tenkhinsk district, Magadan from tundra . Principalis­group. Total length, 0.7 mm. Colour ro­ochre with dark brown eye patches, eyes 1+1. Cephalic spinelike setae present. Ant. III not swollen basally. Ant. IV divided into 6 subsegments. Second and third ungues with inner tooth and tunica, all unguiculi with apical filament and without corner tooth. Dental chaetotaxy shown in ta",114,521
K069,1D10480A3B4BDC1D4EAD395686A7DD54,Lobellina hunanensis,"Lobellina hunanensis Wan, Wang & Jiang, 2016, sp. nov.",Neanuridae,New Neanurinae (Collembola: Neanuridae) from Central China,10.11646/zootaxa.4139.2.3,http://treatment.plazi.org/id/1D10480A3B4BDC1D4EAD395686A7DD54,body_length,What is the body length of Lobellina hunanensis?,2.3–3.4mm,"ca 50m a.s.l., under leaves at a small ditch in forest, 7.iv.2011, leg.: JiGang Jiang, Ya-Ru Wang and Wan-Jun Yu (collection number: J2012040701). All types deposited in Zoology Key Laboratory of Hunan Higher Education, Hunan University of Arts and Science, Changde, China. Description. Body length: 2.3–3.4mm (holotype: 3.2mm). Body color: red alive and white in alcohol. Tubercle Number and type of chaetae Names of chaetae Cl 2 Mc 2 me F G An 1 Ml 1 Mc 1 me 1 mi B E C D Fr 2 Ml 1 Mc A O Oc 2 Ml 1 mi Oca, Ocm Ocp Di 1 Ml Di1 De 2 Ml 1 mi (or me) De1, Di2 De2, Dl 2Ml(orMc) 1 me 2 mi Dl1, Dl4 Dl3 Dl2, Dl5 ",466,4019
K070,03DEBC14AA684C4C27CB47C3E12224E4,Tomocerus persimilis,"Tomocerus persimilis Yu, Ding & Ma, 2017, sp. nov.",Tomoceridae,"Revision of Tomocerus similis Chen & Ma, with discussion of the kinoshitai complex and the distal tibiotarsal chaetae in Tomocerinae (Collembola, Tomoceridae)",10.11646/zootaxa.4268.3.5,http://treatment.plazi.org/id/03DEBC14AA684C4C27CB47C3E12224E4,habitat,What is the habitat of Tomocerus persimilis?,In humus layer of mixed forest,"lamellae, outer basal tooth with or without toothlet; apical tooth longer than subapical one; structure of dorsal lamellae of Tomocerus type, outer lamella with 2–4 moderate sized intermediate teeth (Fig. 5 D). Etymology. Specific name from the Latin word persimilis , meaning more similar. Ecology. In humus layer of mixed forest. Remarks. In the old material, the population from the Purple Mountain (“Mt. Zijing” in Chen and Ma 1997) is represented by paratype No. 8355. The old specimen was not well preserved and many characters are obscure, but some details on legs and furca are still recognisable. In “ paratype 8355” and ",4374,5338
K071,79D36D0EF35AE7526F2D9706D66054A4,Allonychiurus subvolinensis,"Allonychiurus subvolinensis Babenko, Chimitova & Stebaeva, 2011, sp. n.",Onychiuridae,"New Palaearctic species of the tribe Thalassaphorurini Pomorski, 1998 (Collembola, Onychiuridae)",http://dx.doi.org/10.3897/zookeys.126.1229,http://treatment.plazi.org/id/79D36D0EF35AE7526F2D9706D66054A4,distribution,What is the known distribution of Allonychiurus subvolinensis?,The new species was previously listed for Tuva as Onychiurus s,"ame group, Allonychiurus unisetosus sp. n., is described below. For differences with Allonychiurus volinensis and Allonychiurus subvolinensis sp. n. see the description of Allonychiurus unisetosus sp. n. Etymology. The name reflects the general similarity to Allonychiurus volinensis . Distribution. The new species was previously listed for Tuva as Onychiurus s.str. by Stebaeva (2003). It appears to be rather common in the region in various plant communities, from mountain forests to arid steppes.",5352,5553
K072,5C078AB1E856532EB5F209F69958BDB8,Szeptyckitheca cyanea,"Szeptyckitheca cyanea Oliveira, Medeiros & Bellini 2023, sp. nov.",Sminthuridae,"Revisiting Szeptyckitheca Betsch & Weiner (Collembola, Symphypleona, Sminthuridae): new species, updated diagnoses, and a key",http://dx.doi.org/10.3897/zookeys.1186.111837,http://treatment.plazi.org/id/5C078AB1E856532EB5F209F69958BDB8,habitat,What is the habitat of Szeptyckitheca cyanea?,Specimens of S,"ment thin and not reaching the tip of the unguis (Fig. 11F); tibiotarsi oval organs with reduced inner sensilla (Fig. 11A, C, E). Ratio of ungues I-III in the holotype = 1:1.05:1.04. Etymology. The species was named after its color pattern; Szeptyckitheca cyanea from Latin means dark blue. Habitat. Specimens of S. cyanea sp. nov. were found in two localities ~ 30 km apart in the Rio Grande do Norte state, Brazil: in the central campus of the Federal University of Rio Grande do Norte, Natal municipality, and the National Forest of Nisia Floresta, Nisia Floresta municipality (Fig. 6). Both localities are inse",8866,10454
K073,635CDAF4A788D35ED832B7A5DDFC6306,Metaphorura motuoensis,"Metaphorura motuoensis Bu & Gao, 2017, sp. n.",Tullbergiidae,"Study on Tullbergiidae of Tibet, China I. Metaphorura, Mesaphorura and Prabhergia (Hexapoda, Collembola)",http://dx.doi.org/10.3897/zookeys.686.11468,http://treatment.plazi.org/id/635CDAF4A788D35ED832B7A5DDFC6306,distribution,What is the known distribution of Metaphorura motuoensis?,Known only from the type locality,", 2-3 pairs of circumgenital and one pair of eugenital setae (Fig. 15). Male genital plate with 3 pairs of pregenital setae, 6-9 pairs circumgenital setae and 1+1 eugenital setae (Fig. 16). Etymology. The species is named after the Motuo county where the type specimens were collected. Distribution. Known only from the type locality. Remarks. There are two genera of Tullbergiidae with two anal spines, three protecting papillae, three thick sensory clubs on antennal segment III, and an elongate PAO and body longer than 0.7 mm: Delamarephorura and Metaphorura . The new species better fits Delamarephorura in the presence of cresc",4455,6316
K074,03DF87B4E03A5D4CFF58FD2F3DDDFD26,Dicranocentrus icelosmarias,"Dicranocentrus icelosmarias Soto-Adames & Anderson, 2017, sp. nov.",Paronellidae,"Two new species and new records of springtails (Collembola: Entomobryidae, Paronellidae) from Nevis, Lesser Antilles",10.1653/024.100.0107,http://treatment.plazi.org/id/03DF87B4E03A5D4CFF58FD2F3DDDFD26,distribution,What is the known distribution of Dicranocentrus icelosmarias?,"Antennal segments 1 to 3, head, body, legs to tibiotarsus, collophore scales only on posterior face, and ventral face of furcula","(Figs. 1–12) DESCRIPTION Size. Largest specimen (holotype) 2.6 mm. Color. Background color greenish white or orange. Scale Distribution. Antennal segments 1 to 3, head, body, legs to tibiotarsus, collophore scales only on posterior face, and ventral face of furcula. Head. Antennae missing 2 apical segments. Eyes apparently 6+6, but actual number and relative size of individual eyes not clearly seen; interocular setae 3 or 4, scales absent. Dorsal chaetotaxy as in Fig. 1: row An with 7 to 10 macrosetae; rows A, M, and S with 3, 3, 6 paired macrosetae, respecti",137,9430
K075,0389879EFFDACA4334AAFF16FC4AFB72,Megalothorax processus,"Megalothorax processus Panina & Babenko & Potapov 2022, sp. nov.",Neelidae,Two new « nosed » species of the genus Megalothorax (Collembola: Neelidae) from Russia,10.11646/zootaxa.5188.4.6,http://treatment.plazi.org/id/0389879EFFDACA4334AAFF16FC4AFB72,holotype_depository,Where is the holotype of Megalothorax processus deposited?,"collection of the Department of Zoology & Ecology, Moscow State Pedagogical University","8–35, Table 1‒2 Type Material. Holotype, Russia (European part), Nenets Autonomous Okrug, Yugorsky Peninsula, surroundings of Amderma [69075′ N, 610 67′ E], meadow with dryad, 15– 16.07.2018, leg. M. Bizin and B. Efeikin. 10 paratypes, in same location. The holotype and 8 paratypes deposited in the collection of the Department of Zoology & Ecology, Moscow State Pedagogical University. 2 paratypes deposited in SMNG. Other material. Russia (Asian part), Republic of Altai, Chuysky tract, Kosh-Agachsky district, at the exit from the Chuysky basin [50 ° 10′ N, 88 ° 34′ E], floodplain forest (larch with willow undergrowth), 06.10.2020 (Fig. 37); Altai Republic, Chuisky tract, Ongudai",306,7532
K076,03F8C314FFD0FF81FF60FD8D8C4EFBDD,Superodontella ruta,"Superodontella ruta Kaprus' & Weiner, 2007, sp. n.",Odontellidae,"New species of Superodontella Stach, 1949 (Collembola, Odontellidae) from western part of Ukraine",10.5281/zenodo.177312,http://treatment.plazi.org/id/03F8C314FFD0FF81FF60FD8D8C4EFBDD,etymology,What does the name of Superodontella ruta refer to?,"The species is named after romantic Carpathian flower “chervona ruta ” ( Rhododendron kotschyi ), which is praised in Ukrainian songs","um bog, wet moss, 15. viii.1990, adult female on slide, coll. Ighor Kaprus'; Ukraine, Eastern Carpathians, Chornohora Range, Pozhyzhevska Mnt., Vorochta village, subalpine meadow, Carex sp., soil, 1900 m alt., 15. iii.1982, adult female and adult male on slides, coll. Jevgenia Rukavets'. Etymology. The species is named after romantic Carpathian flower “chervona ruta ” ( Rhododendron kotschyi ), which is praised in Ukrainian songs. Description. Holotype (female) length 1.03 mm, paratypes (two males and four females) length 0.80– 0.97 mm. Colour in alcohol spotted pale bluish, ocular plate blue-black. Body integument strongly granulated. The central granulated area on head between d1 and d5 setae as a Fig. 24, abdominal terga",1601,5491
K077,027087B5A8537858CCE7FFE1FC20FDCF,Entomobrya multisetis,"Entomobrya multisetis Jordana & Baquero 2021, sp. nov.",Orchesellidae,New species and records of Entomobryidae and Orchesellidae (Collembola) from the East Caucasus (Russia),10.11646/zootaxa.4991.2.2,http://treatment.plazi.org/id/027087B5A8537858CCE7FFE1FC20FDCF,habitat,What is the habitat of Entomobrya multisetis?,It is a common species of the litter of montane deciduous forests,"aetae are present); Abd III without Mc on A3, and two Mc on areas A4 (a 2 and a 3) and A5 (m 3 and m 3e), a 6, m 6, m 7 and p 6 as Mc, ‘s’ between m 6 and p 6, ‘ms’ interior, bothriotricha surrounded by small microchaetae (m 2 with 10); Abd IV with plurichaetosis; AbdV with three sensilla. Habitat. It is a common species of the litter of montane deciduous forests. The species is widely distributed in the East Caucasus. Etymology. The specific epithet refers to many macrochaetae on Th II and in the sutural area of the head. Remarks. Compared with the twelve species that share the dorsal macrochaetotaxy of Abd III ( E. armeniensis Jordana, Potapov & Baquero, ",5304,10197
K078,0383AD20A935FF9FFF1BBD46FE9DFCFD,Brachystomella garayae,"Brachystomella garayae Queiroz & Weiner, 2011, sp. nov.",Brachystomellidae,A new species of Brachystomella (Collembola: Brachystomellidae) from the Atlantic Forest of southeast Brazil,10.5281/zenodo.207027,http://treatment.plazi.org/id/0383AD20A935FF9FFF1BBD46FE9DFCFD,holotype_depository,Where is the holotype of Brachystomella garayae deposited?,MNRJ,"Type material. Holotype female (Nº 1968 CM/ MNRJ) 20.xi.2008 and 5 paratypes: 1 female and 1 juvenile (Nº 1829 CM/ MNRJ) 10.iv.2007; 1 female and 1 male same data of holotype; deposited in MNRJ; 1 male, same data of holotype deposited in ISEA. Type locality. Sooretama, Espírito Santo, Brazil. Forest leaf litter of Table Land Atlantic Forest, about 100 m above sea level, 40 km from the coast line. Gabriel Queiroz leg. Description. Holotype length (female): 0.98mm. Length (range): 0.65–1.10",189,6552
K079,03E0BD5B605DFFBBFF2CFCACFD20FE3E,Denisiella caatingae,"Denisiella caatingae Palacios-Vargas & Ferreira & Zeppelini 2018, sp. nov.",Sminthurididae,"Redefinition of Denisiella Folsom & Mills, 1938 (Collembola: Sminthurididae) with description of three new species from Brazil",10.11646/zootaxa.4434.1.7,http://treatment.plazi.org/id/03E0BD5B605DFFBBFF2CFCACFD20FE3E,etymology,What does the name of Denisiella caatingae refer to?,THE SPEcIES WAS NAMED AfTER THE BRAZILIAN NAME fOR THE NORTHEASTERN SEMIARID VEGETATION,"EUGENITAL SETAE. MANUBRIUM WITH 7+7 SETAE, DENS WITH 44 POSTERIOR, TWO Of THEM VERY LONG (FIG. 34), ANTERIOR SURfAcE WITH SETAL fORMULA 3,3,3,3,2,2,2,1,1,1 (FIG. 35). MUcRO WITH TWO LAMELLAE, INNER WITH ABOUT 28 SERRATIONS, OUTER SMOOTH, ONE MUcRONAL OUTER SETA (FIG. 36). FEMALE UNKNOWN. Etymology. THE SPEcIES WAS NAMED AfTER THE BRAZILIAN NAME fOR THE NORTHEASTERN SEMIARID VEGETATION. CAATINGA IS AN INDIGENOUS WORD THAT MEANS “WHITE fOREST”, DUE TO THE WHITISH cOLOR Of THE XEROMORPHIc VEGETATION, DOMINANT IN THE TYPE LOcALITY. Distribution and habitat. THE SPEcIMENS WERE cOLLEcTED DURING THE BEGINNING Of THE RAINY SEASON IN A SEMIARID CAATINGA DOMAIN, LOcATED IN STATE Of PARAIB",2809,4043
K080,03B7878BD918E338CFE652F327DBD183,Entomobrya pazaristei,Entomobrya pazaristei Denis 1933,Oncopoduridae,"Collembola of the Campanet cave (Mallorca, Balearic Islands), with descriptions of new species of Pseudosinella (Entomobryidae) and Oncopodura (Oncopoduridae)",10.11646/zootaxa.4532.1.2,http://treatment.plazi.org/id/03B7878BD918E338CFE652F327DBD183,type_locality,What is the type locality of Entomobrya pazaristei?,"), Nerja cave (Spain) and in some caves of Portugal and Romania (Jordana 2012) and this is the first record for the island of Mallorca","d Co 160213 -2) (one slide deposited in MZNA, the remaining in MBCN); one specimen in ethyl alcohol, over flowstones, AT 22.17, ST 19.2 and 77.13 of RH, 5.X.2013 (Co 051013 -3) (deposited in MBCN). All material M. Vadell leg. This species has been found on Pazariste cave in Yugoslavia (type locality), Nerja cave (Spain) and in some caves of Portugal and Romania (Jordana 2012) and this is the first record for the island of Mallorca.",772,907
K081,0D9D3124A7FA53E2A7163DC07AB1A65B,Hyperglomeris bicaudata,"Hyperglomeris bicaudata Likhitrakarn 2023, sp. nov.",Bourletiellidae,"Review of the pill millipede genus Hyperglomeris Silvestri, 1917 (Diplopoda, Glomerida, Glomeridae) with description of two new species from Laos",http://dx.doi.org/10.3897/zookeys.1163.103950,http://treatment.plazi.org/id/0D9D3124A7FA53E2A7163DC07AB1A65B,body_length,What is the body length of Hyperglomeris bicaudata?,13.2 mm,", the number of ommatidia (10+1(2) vs. 8+1), coupled with two tibial processes (one large process and one small cone vs. two small tibial cones), and the caudal edge of the anal shield (two strongly bisinuate medially vs. slightly emarginate medially). Description. Body length of stretched holotype 13.2 mm, width 8.3 mm. Body length of stretched paratypes 13.5 mm (♂), 13.5-15.5 mm (♀), width 9.5 (♂), 8.5-9.5 mm (♀). Coloration of live animals (Fig. 1A-D): body blackish, with contrasting pale yellow to orange yellow, rather broad bands at the lateral and caudal edges of all tergites, ca. 1/3 x as high",1589,5944
K082,980887A1B840FFF8FF32E0459BF0DE91,Lepidocyrtus thoracicus,"Lepidocyrtus thoracicus Mateos & Zhang & Álvarez-Presas 2023, sp. nov.",,"New species of Lepidocyrtus (Collembola, Entomobryidae) from Italy with a discussion of characters defining European Lepidocyrtus lignorum-group",10.11646/zootaxa.5270.2.7,http://treatment.plazi.org/id/980887A1B840FFF8FF32E0459BF0DE91,body_length,What is the body length of Lepidocyrtus thoracicus?,1.1 mm," Cox2 and EF sequences of the individuals LP386-1 to LP386-5 (Table 1), with significant support in an adequate molecular delimitation model. Etymology. The species name refers to the presence of a pair of dorsal macrochaetae on mesothorax. Description. Holotype body length (without head nor furca) 1.1 mm, paratypes 1.0– 1.3 mm. Body color pattern (Fig. 3) with dark blue pigment on Abd.II–III, lateral dot on Abd.IV, and coxae I–II; Ant.II-IV slightly pigmented; densely black pigmented ocular areas. Mesothorax slightly projected over the head. HEAD. Eyes 8+8; eyes A to F subequal, G and H slightly sm",1635,8519
K083,CC6EA129DE3A0C3C9FB18CFA63EC91A7,Entomobrya ligata,Entomobrya ligata Folsom 1924,Entomobryidae,"Taxonomic review and phylogenetic analysis of fifteen North American Entomobrya (Collembola, Entomobryidae), including four new species",http://dx.doi.org/10.3897/zookeys.525.6020,http://treatment.plazi.org/id/CC6EA129DE3A0C3C9FB18CFA63EC91A7,distribution,What is the known distribution of Entomobrya ligata?,Endemic to North America,"ong the posterior margin of Th. 2 (Suppl. material 3: D-G). Therefore, the combination Entomobrya ligata is reserved for populations in which individuals carry the posterior band on Th. 2, whereas populations without this band are referred to Entomobrya unifasciata sp. n. (see below). Distribution. Endemic to North America. The species has been reported as having a wide distribution, occurring east of the Mississippi River to the Atlantic coast (Suppl. material 2: I). However, in light of the new circumscription provided above and the possible confusion with Entomobrya unifasciata sp. n., most historical reports are ",4606,6001
K084,985F87902F58FFC197BEFCF8DCAE369F,Xenylla duchesnea,Xenylla duchesnea Wray 1958,Hypogastruridae,Redescriptions of Hypogastruridae and Onychiuridae (Collembola) described by David L. Wray,10.11646/zootaxa.3918.3.1,http://treatment.plazi.org/id/985F87902F58FFC197BEFCF8DCAE369F,type_locality,What is the type locality of Xenylla duchesnea?,Examination of the lectotype clearly showed that the Ant,"ype specimens, but rather based their interpretation and illustrations of the species on specimens from another locality, Blacksmith Fork Canyon (given in Christiansen & Bellinger (1980, 1998) as Blacksmith Canyon). This site is near Logan, Utah, about 225 km from Duchesne, Utah, the type locality. Examination of the lectotype clearly showed that the Ant. IV sensilla are stalked and conoid, dens and mucro are fused, and the mucro is reduced to a small terminal sclerotization. The anal spines were more substantial than illustrated by Wray, and dissimilar to those from Blacksmith Fork Canyon, which were illustrated as aristate. Finally, the Abd. III–",4320,5647
K085,877F1C3EFFC76F4F21DB5AC0FB18FB04,Hemisotoma quadrioculatus,Hemisotoma quadrioculatus Martynova 1967,Isotomidae,New additions to Iranian Collembola (Entognatha: Hexapoda) from Ilam Province (western Iran),10.3906/zoo-1605-15,http://treatment.plazi.org/id/877F1C3EFFC76F4F21DB5AC0FB18FB04,habitat,What is the habitat of Hemisotoma quadrioculatus?,"The species was recorded for the first time from soil inside cracks in rocks in Tadjikistan (Potapov, 2001), and no information about its ecology is available","Material studied. IRAN, 16 specimens, Ilam Province: soil under oak trees ( Quercus brantii ), Arghavan Forest Park (33°38′57.694″N, 46°26′54.900″E, alt. 1517 m), Ilam, May 2014, leg. M. Mirab-Balou. Ecology: The species was recorded for the first time from soil inside cracks in rocks in Tadjikistan (Potapov, 2001), and no information about its ecology is available. Distribution: Middle Asia, Tajikistan, Ganzhino, Aruk-Tau Range (Potapov, 2001). Remarks. The species was recorded as Cryptopygus quadrioculatus in the Isotomidae key written by Potapov (2001), but the genus Cryptopygus Willem, 1902 was changed to Hemisotoma Börner, 1903 according to Rusek (2000) ",209,747
K086,03C387C2FFEEFFC1FE9C4196A8073356,Arrhopalites paranaensis,"Arrhopalites paranaensis Zeppelini, 2006, sp. n.",Arrhopalitidae,"The genus Arrhopalites Börner, 1906 (Collembola, Appendiciphora, Arrhopalitidae) in the Neotropical Region, with description of four new cave species from Brazil",10.5281/zenodo.171788,http://treatment.plazi.org/id/03C387C2FFEEFFC1FE9C4196A8073356,distribution,What is the known distribution of Arrhopalites paranaensis?,biogeographic zone 29 Remarks: Arrhopalites paranaensis n,"(Fig. F). 3+2 cuticular spines on each side of the anal valve, s0 present; setae C1–C8 lamellate but C7 slender, chaetotaxy as in figure I and table 2. Female subanal appendage flattened, acuminate and unilaterally serrate. Body length of the adult female holotype 0.56mm, head 0.33mm. Distribution: biogeographic zone 29 Remarks: Arrhopalites paranaensis n. sp. is similar to A. gnaspinii and A. alambariensis but lives in a separate cave system. A. paranaensis differs from other species mainly in the subanal appendage shape and post cephalic spines. The apical filament on third unguiculus also differentiates this species from others in the same group.",1980,2337
K087,6C8DBFFDED1DB7930149B56BCEDBCA7B,Pseudachorutes nica,"Pseudachorutes nica Palacios-Vargas & Mejia-Madrid, 2012, sp. n.",Neanuridae,"A new Pseudachorutes (Collembola, Neanuridae, Pseudachorutinae) from Nicaragua",http://dx.doi.org/10.3897/zookeys.187.2362,http://treatment.plazi.org/id/6C8DBFFDED1DB7930149B56BCEDBCA7B,habitat,What is the habitat of Pseudachorutes nica?,"More than 135 specimens were found in the samples of pitfall traps from two different pasture fields on August 23, 2007","ulum with 3+3 teeth. Etymology. The name is derived from the country nickname that is the type locality. Distribution. Known only from type locality. Province Esteli: Mesas de Moropotente, Acacia pennatula , Oplinemus , Croton jalapensis forest, 23 August 2007, ex soil from pit fall traps. Ecology. More than 135 specimens were found in the samples of pitfall traps from two different pasture fields on August 23, 2007.The species is very abundant in most of the collecting traps. Discussion. Pseudachorutes nica sp. n. is easily distinguished from all other species of the genus by the combination of the following characters: presence of many vesicles in the postantennal organ, well-differentiated macrosetae and mi",4471,5941
K088,CFDEFF1339251149C64196287E16F253,Tomocerus tiani,"Tomocerus tiani Yu, sp. n.",Tomoceridae,"New cave-dwelling species of Tomoceridae from China, with a study on the pattern of mesothoracic bothriotricha in Tomocerinae (Collembola, Entomobryomorpha)",http://dx.doi.org/10.3897/zookeys.574.7312,http://treatment.plazi.org/id/CFDEFF1339251149C64196287E16F253,etymology,What does the name of Tomocerus tiani refer to?,Named after the collector Prof,"-setaceous; both basal teeth with proximal lamellae, outer tooth with a toothlet; apical and subapical tooth subequal; two dorsal lamellae running from subapical tooth, outer lamella ending in inner basal tooth, inner lamella ending at base of mucro; without intermediate teeth (Fig. 3F). Etymology. Named after the collector Prof. Mingyi Tian. Remarks. Tomocerus tiani sp. n. is similar to Tomocerus caecus Yu & Deharveng, 2015, Tomocerus kinoshitai (materials from Changbai Mountain, China) and Tomocerus similis Chen & Ma, 1997 (type materials) in the length of antennae, the general pattern of chaetotaxy on Th. II, the number",5219,7649
K089,4E7D4972DE5B0F0C66EAF96CFCEEF957,Deuteraphorura montagudi,"Deuteraphorura montagudi Arbea, 2015, sp. nov.",Onychiuridae,"New Onychiurinae (Collembola ¡ Onychiuridae) from Lugo, northwestern Iberian Peninsula.",10.5281/zenodo.12715881,http://treatment.plazi.org/id/4E7D4972DE5B0F0C66EAF96CFCEEF957,holotype_depository,Where is the holotype of Deuteraphorura montagudi deposited?,MNSV,"a.s.l. Type material. Holotype ¡ Female mounted on slide¡ Spain, Baamonde, Lugo (Galicia), 400 m a.s.l., leaf litter, 12.IX.2003, S. Montagud leg. Paratypes ¡ One male, three females, and two juvenile specimens mounted on slides collected together with Holotype . Holotype and Paratypes deposited in MNSV . Etymology. The species is cordially dedicated to Sergio Montagud, University of Valencia, responsible for the sampling of this new species. Description. Colour in alcohol, white. Body length (excluding antennae) of adults¡ male 1.03 mm, females 1.12- 1.43 mm. Cuticle granulation more or less unifo",401,3563
K090,512F3FEACFAC5B28B5AD4BBE73FC8679,Szeptyckitheca nepalica,Szeptyckitheca nepalica,Sminthuridae,"Revisiting Szeptyckitheca Betsch & Weiner (Collembola, Symphypleona, Sminthuridae): new species, updated diagnoses, and a key",http://dx.doi.org/10.3897/zookeys.1186.111837,http://treatment.plazi.org/id/512F3FEACFAC5B28B5AD4BBE73FC8679,distribution,What is the known distribution of Szeptyckitheca nepalica?,Nepal (Yosii 1966),"eca , especially due to the presence of the spines on trochanters I-III, its description is quite limited considering the current taxonomy of Symphypleona (see Table 2), and the species needs a formal redescription, as already noted by Betsch and Weiner (2009). Habitat. Unknown. Known distribution. Nepal (Yosii 1966).",1357,1376
K091,877F1C3EFFC46F4F227E598BFDCDFA0E,Metaphorura riozoi,"Metaphorura riozoi Castano-Meneses, Palacios-Vargas & Traser 2000",Tullbergiidae,New additions to Iranian Collembola (Entognatha: Hexapoda) from Ilam Province (western Iran),10.3906/zoo-1605-15,http://treatment.plazi.org/id/877F1C3EFFC46F4F227E598BFDCDFA0E,habitat,What is the habitat of Metaphorura riozoi?,The species was recorded for the first time from the soil of a meadow in Hungary (Castano-Meneses et al,"ressus spp. ) , SHAYANMEHR et al. / Turk J Zool Ilam University (33°45′6.806″N, 46°22′49.648″E, alt. 1395 m) , Ilam, September 2015; soil and leaf litter under oak trees ( Quercus brantii ), Gachan Mountain (33°38′43.08″N, 46°29′9.96″E, alt. 2330 m) , Ilam, July 2014, leg. M. Mirab-Balou . Ecology: The species was recorded for the first time from the soil of a meadow in Hungary (Castano-Meneses et al., 2000), and no information about its ecology is available. Distribution: Central Europe, Hungary (Castano-Meneses et al., 2000; Dunger and Schlitt, 2011).",500,759
K092,03B3879EFFC4FF9CFF6EFE462AE3649A,Cyphoderopsis nepalensis,Cyphoderopsis nepalensis,Paronellidae,"Short Communication Cyphoderopsis nepalensis (Wilson, 1982): A New Record of Collembola (Entomobryomorpha: Paronellidae) from India",10.26515/rzsi/v120/i4/2020/147037,http://treatment.plazi.org/id/03B3879EFFC4FF9CFF6EFE462AE3649A,distribution,What is the known distribution of Cyphoderopsis nepalensis?,"India: Terai Grassland, Valmiki Tiger Reserve, West Champaran district of Bihar","ak sub apical tooth; unguiculus lanceolate; a single row of spine on each dens, dens thickly covered with setae. The main diagnostic character of this species is dentes with one row of dental spines, eyes absent, manubrium longer than mucrodens and claw with two strong internal teeth. Distribution: India: Terai Grassland, Valmiki Tiger Reserve, West Champaran district of Bihar. Elsewhere: Nepal.",937,1035
K093,03FC6644DC422C76FF79F8746E17FAAB,Megalothorax incertus,Megalothorax incertus Borner 1903,Neelidae,"Revision of Megalothorax incertus Börner, 1903 reveals it to be another widespread Palearctic species of the genus (Collembola, Neelidae)",10.11646/zootaxa.5318.4.2,http://treatment.plazi.org/id/03FC6644DC422C76FF79F8746E17FAAB,habitat,What is the habitat of Megalothorax incertus?,"The species seems widespread, and is mostly found in anthropized environments","nguiculus not or feebly protruding. Affinities. The most similar species are M. perspicillum , M. boerneri sp. nov. and M. laevis Denis, 1948 . The differential diagnosis is provided in Table 2. Also see the updated interactive key of the Megalothorax species of the world (Schneider 2022). Ecology. The species seems widespread, and is mostly found in anthropized environments. In the garden of the Laboratory of Tropical Ecology (France), it was co-existing with both M. willemi and M. minimus (found in the same sample). In Sicily, it was found in close proximity with M. perspicillum . This species assemblage is possibly resulting from the input of soils of various origin",6724,7500
K094,65497666FFA5446A50C942C4FA1BD3F1,Friesea kariae,"Friesea kariae Smolis, 2010, sp. nov.",Odontellidae,Two new species of Collembola: Friesea kariae sp. nov. (Neanuridae) and Stachia oregonensis sp. nov. (Odontellidae) from North America,10.5281/zenodo.196109,http://treatment.plazi.org/id/65497666FFA5446A50C942C4FA1BD3F1,body_length,What is the body length of Friesea kariae?,0.40–0.69 mm,"type, 27.IX.2006, 3.X.2006, 22.IX.2007, A. Smolis coll., 15 and 6 paratypes housed in ZIWU and OSAC respectively. Etymology. The new species is named in honour of Kari Brisbee O’Connell, the former Forest Director of the H. J. Andrews Experimental Forest. Description. Body length (without antennae) 0.40–0.69 mm (holotype: 0.62 mm). Colour of body in alive and alcohol white. Habitus typical for genus (Fig. 1) Area ocularis without eyes, with 3 setae Oc (Fig. 2). Granulation homogenous, rather fine. Labium and labrum as in Figs 4–5. Chaetotaxy of labrum: 4/5,3,4. Mandible with 7 teeth (Fig. 7). Maxilla with",835,4659
K095,766F1830FFB77557C2B7FD5DFA4EFD16,Alloscopus arborealis,"Alloscopus arborealis Alviola & Lucañas & Lit & Soto-Adames & Jantarit 2024, sp. nov.",Orchesellidae,"A new canopy-dwelling species of the genus Alloscopus Börner (Collembola: Orchesellidae: Heteromurinae) from Mt. Makiling, Philippines",10.11646/zootaxa.5405.2.8,http://treatment.plazi.org/id/766F1830FFB77557C2B7FD5DFA4EFD16,etymology,What does the name of Alloscopus arborealis refer to?,"The species name is derived from the word ‘arboreal’, which means ‘living in trees’, referring to the presence of A","oo (1971); Yoshii & Suhardjono (1989); Cipola et al. (2016) Mari-Mutt (1985b); Cipola et al. (2016) Jantarit & Sangsiri (2020) Legends:?– no information; c–ciliated; se–serrated and s–smooth. The chaetotaxy of Th. II of A. tetracanthus follows Mari-Mutt (1977, 1982 b) and Prabhoo (1971). Etymology. The species name is derived from the word ‘arboreal’, which means ‘living in trees’, referring to the presence of A. arborealis in forest canopies. The name also highlights the presence of springtails in the canopy forests of the Philippines. Remarks. Alloscopus arborealis sp. nov. differs from all other blind Alloscopus species by the following combination of characters: head with 7+7 mac on ‘An’ series, and on",17469,20305
K096,37ABD66B53D6413112437ECD1CFCC7D8,Micronella itacaman,"Micronella itacaman Queiroz & Mendonca, 2013, sp. n.",Brachystomellidae,"New species of Brachystomellidae and characterization of Micronella porcus (Denis, 1933) from Brazil",http://dx.doi.org/10.3897/zookeys.316.4869,http://treatment.plazi.org/id/37ABD66B53D6413112437ECD1CFCC7D8,type_locality,What is the type locality of Micronella itacaman?,"Brasil, Rio de Janeiro: Itatiaia municipality, Parque Nacional de Itatiaia (ICMBio), 22°22'59""S, 44°40'1""W, leaf litter and soil of ""campos de altitude"", 2,400 m a","slide. Label: N° 2332 CM/MNRJ, Itatiaia, RJ, Brasil, Queiroz, G.C. leg, 27.iii.2012, 22°22'59""S, 44°40'1""W. Paratype: 1 female on slide, Label: N° 2138 CM/MNRJ (D), Itatiaia, RJ, Brasil; Queiroz, G.C. leg, 14.vii.2011, 22°22'59""S, 44°40'1""W. Deposited at MNRJ, Rio de Janeiro, Brazil. Type locality. Brasil, Rio de Janeiro: Itatiaia municipality, Parque Nacional de Itatiaia (ICMBio), 22°22'59""S, 44°40'1""W, leaf litter and soil of ""campos de altitude"", 2,400 m a.s.l. Other material. One female on slide, Label: N° 2153 CM/MNRJ (A), Alto Caparao, MG, Brasil, Queiroz, G.C. leg, 27.vii.2011, 20°26'7""S, 41°47'54""W. Deposited at MNRJ, Rio de Janeiro, Brazil. One specimen deposited at MNHN, Paris, Fran ce: female, on slide, MNHN-EA011504, Teresopolis, RJ. Brasil,",336,3943
K097,C872CB77A9965C57B90F34A0C16B8F00,Sphaeridia piauiensis,"Sphaeridia piauiensis Medeiros & Bellini 2023, sp. nov.",Sminthurididae,"Two new species of Sminthurididae (Hexapoda, Collembola, Symphypleona) from Brazil with notes on Denisiella Folsom & Mills and Sphaeridia Linnaniemi",http://dx.doi.org/10.3897/zookeys.1173.106855,http://treatment.plazi.org/id/C872CB77A9965C57B90F34A0C16B8F00,etymology,What does the name of Sphaeridia piauiensis refer to?,"The species was named after its type locality, Piaui State, Brazil","th and one internal unpaired tooth, ungues without tunica and pseudonychia; unguiculi I-III without teeth, with all lamellae smooth, unguiculi filament pre-apical and reaching the apex of the ungues in legs I and II, absent in leg III; ratio of ungues I-III in the holotype = 1:0.97:0.96. Etymology. The species was named after its type locality, Piaui State, Brazil. Remarks. Sphaeridia piauiensis sp. nov. belongs to the Sphaeridia irmleri group sensu Bretfeld and Gauer (1994) due to its complex male ventral tube without asymmetrical structures or medial processes. The Sphaeridia irmleri group holds only three Neotropical species: S. irmleri Bretfeld & Gauer, ",8567,10488
K098,03B7878BD91AE338CFE65379204ED455,Oncopodura siquierae,"Oncopodura siquierae Seminario-Córdova & Baquero & Jordana & Vadell 2018, sp. nov.",Oncopoduridae,"Collembola of the Campanet cave (Mallorca, Balearic Islands), with descriptions of new species of Pseudosinella (Entomobryidae) and Oncopodura (Oncopoduridae)",10.11646/zootaxa.4532.1.2,http://treatment.plazi.org/id/03B7878BD91AE338CFE65379204ED455,etymology,What does the name of Oncopodura siquierae refer to?,The species name is dedicated to Mrs,"ur-toothed inner proximal spine, one two or three toothed internal distal spines (more or less falcate) and one large, slightly spinate, external distal falcate spines. Mucro with four teeth: two apical, one medial and one basal, sharp, between them a wavy membranous crest (Figs 3N, 3O). Etymology. The species name is dedicated to Mrs. María Antònia Siquier, general manager of ‘Coves de Campanet’. Remarks. The new species is similar to O. gledensis Baquero, Vadell & Jordana, 2007 , with which it shares the morphology of the PAO (with a single vesicle), and unlike all other members of the genus. However, O. siquierae sp. nov. and",4197,5825
K099,883C87CAFFD35950AFAE51908249A042,Pseudosinella dungeri,"Pseudosinella dungeri Winkler & Mateos 2018, sp. nov.",,"New species of Pseudosinella Schäffer, 1897 (Collembola, Entomobryidae) from Hungary",10.11646/zootaxa.4382.2.7,http://treatment.plazi.org/id/883C87CAFFD35950AFAE51908249A042,holotype_depository,Where is the holotype of Pseudosinella dungeri deposited?,"Hungarian Natural History Museum, Budapest","il-litter, hand collecting, 11.iv.2017, leg. D. Winkler. Paratypes: two females (slide codes HNHM-collpr-803 and WD-coll-114) and one male (slide code: WDcoll-115) on slides; 8 specimens in alcohol (vial code HNHM-coll-954) ; same data as holotype. The holotype and one paratype are deposited in the Hungarian Natural History Museum, Budapest; two paratypes preserved in the first author’s collection at the University of Sopron, Faculty of Forestry, Sopron, Hungary . Diagnosis. Small white species, eyes absent. Labial chaetotaxy M1M2rEL1L2, chaeta r strongly reduced. Dorsal macrochaetae formula R0R1s R1R2TP/10/0201+2. Abdominal tergite I",468,7624
K100,3F166F7E67AEE8B41076FED7B9FC81C0,Entomobrya citrensis,"Entomobrya citrensis Katz & Soto-Adames, sp. n.",Entomobryidae,"Taxonomic review and phylogenetic analysis of fifteen North American Entomobrya (Collembola, Entomobryidae), including four new species",http://dx.doi.org/10.3897/zookeys.525.6020,http://treatment.plazi.org/id/3F166F7E67AEE8B41076FED7B9FC81C0,distribution,What is the known distribution of Entomobrya citrensis?,Endemic to North America,"rn and morphology of the labral papillae (Fig. 2). See remarks for Entomobrya assuta for additional diagnosis information. Only a few specimens of Entomobrya citrensis sp. n. were observed from one locality. Additional sampling may reveal more variation in color pattern or chaetotaxy. Distribution. Endemic to North America. Reported from a single locality: Chassahowitzka National Wildlife Refuge in Citrus County, Florida (Suppl. material 2: D).",4128,4276
K101,144E1D5BFF8FFFAC4CD4BCEEFA29B428,Hypogastrura sheyangensis,"Hypogastrura sheyangensis Jiang, Tang & Chen, 2007, sp. nov.",Hypogastruridae,A new species of the genus Hypogastrura from coastal wetlands of East China (Collembola: Hypogastruridae),10.5281/zenodo.179400,http://treatment.plazi.org/id/144E1D5BFF8FFFAC4CD4BCEEFA29B428,body_length,What is the body length of Hypogastrura sheyangensis?,1.5 mm,"unty, National Nature Reserve of Red-Crowned Cranes, 26.iv.2006, collection number C9465, coll. Ji-Qiang Qu et al. Paratypes: 7 females and 9 males, 12 in alcohol, same data as holotype. Deposited in the Department of Biology, Nanjing University, China. Description. Size. Maximum body length: up to 1.5 mm. Colour. Dorsum of body, antennae and legs violet-black, ventral side paler. Eye patches dark. Vestiture. Tegumentary granulation: coarse, dorsal of Abd. V with 5–7 (usually 6) granules between p1 setae. Antennae. Antennae short, 0.55–0.75 and 0.09–0.16 times as long as cephalic diagonal and body l",378,6929
K102,69C2CE12F7A35C5F8BFAE2161DB28876,Narynia alxaica,"Narynia alxaica Huang, 2025, sp. nov.",Isotomidae,"Two new species of the genus Narynia (Collembola, Isotomidae) from China",10.3897/zookeys.1240.141871,http://treatment.plazi.org/id/69C2CE12F7A35C5F8BFAE2161DB28876,type_locality,What is the type locality of Narynia alxaica?,the foothills of Helan Mountain," III and the same chaetotaxy of the dens. However, they can easily be distinguished from each other by the location of the medial sensilla on Abd. V. The main differences between the three species are described in the Remarks of N. ritongensis sp. nov. Distribution. Known only from the type locality, the foothills of Helan Mountain. Etymology. The new species is named after the type locality.",4043,4138
K103,3F328793FFAC0620FF43F920FE63AFA1,Arrhopalites prutensis,"Arrhopalites prutensis Vargovitsh & Buşmachiu, 2015, sp. nov.",Arrhopalitidae,A new species and new records of Arrhopalitidae (Collembola: Symphypleona) from the Republic of Moldova,10.11646/zootaxa.3973.3.8,http://treatment.plazi.org/id/3F328793FFAC0620FF43F920FE63AFA1,holotype_depository,Where is the holotype of Arrhopalites prutensis deposited?,"collection of the Schmalhausen Institute of Zoology, NAS of Ukraine, Kiev","nales rod-like, apically serrated. Type material. 5 specimens on 3 slides. Holotype on slide B-5: female, Republic of Moldova, Leuşeni (46°46'36""N, 28°10'29""E) (Fig. 1 point 1), forest belt of the water protection on the bank of Prut River, 12.x.2006, leg. G. Buşmachiu. Holotype is deposited in the collection of the Schmalhausen Institute of Zoology, NAS of Ukraine, Kiev. Paratypes: moulting female and juv., same locality as holotype, 11.v.2006 (slide B-3); juv., same data as holotype (slide B-5); female, Republic of Moldova, Branişte (47°49'1""N, 27°13'2""E) (Fig. 1, point 2), forest belt of the water protection on the bank of Prut River, 11.x.2006 (slide B-16). Par",1051,13235
K104,03E2E70DFFB5FFCBFF63FE88775FFEA1,Palmanura axelretanai,"Palmanura axelretanai Arango & Palacios-Vargas & Vázquez & Marín 2018, sp. nov.",Neanuridae,"Revision of the genus Palmanura Cassagnau, 1983 (Collembola: Neanuridae: Neanurinae: Sensillanurini)",10.11646/zootaxa.4483.1.5,http://treatment.plazi.org/id/03E2E70DFFB5FFCBFF63FE88775FFEA1,type_locality,What is the type locality of Palmanura axelretanai?,"COSTA RICA, TURRIALbA, FOREST cLOSE TO CATIE, Ex LITTER, 18","Type material. HOLOTyPE: fEMALE. PARATyPES: 2 fEMALES. Type locality. COSTA RICA, TURRIALbA, FOREST cLOSE TO CATIE, Ex LITTER, 18.VII.2010, LEg. J. G. PALAcIOS-VARgAS. Description. LENgTh 848 µM. WhITE. GRANULATION fINE. TUbERcLES NOT wELL dEvELOPEd. BOdy dORSALLy wITh PALMATE MAcROSETAE (PM) (40 µM) (40 µM–57 µM), fEw bARbULATE MAcROSETAE (BM) (32) (32 µM–46 µM) ANd SENSORIAL SETAE (S) (14 µM) (14 µM–24 µM), vENTER wITh MIcR",70,2997
K105,039987FCFFC9FF9BFF14398D6DF08B95,Plutomurus revazi,"Plutomurus revazi Barjadze, Baquero, Soto-Adames, Giordano & Jordana, 2016, sp. nov.",Tomoceridae,"New diagnosis for species of Plutomurus Yosii (Collembola, Tomoceridae), with descriptions of two new species from Georgian caves",10.11646/zootaxa.4126.1.3,http://treatment.plazi.org/id/039987FCFFC9FF9BFF14398D6DF08B95,habitat,What is the habitat of Plutomurus revazi?,"It is probably troglophilous species, because the body and eye patches are pigmented"," , while it is 0 0 1 in P. grahami ; (2) dorsal macrochaetotaxy: 52/ 33433 in the new species, while it is 42/ 32413 in P. grahami . Etymology. The species is dedicated to Dr. Revaz Djanashvili, who, beginning in the 1960s, was the first Georgian biospeleologist and collembolan taxonomist. Ecology. It is probably troglophilous species, because the body and eye patches are pigmented.",6934,7019
K106,243B8CAC5DF6CDC27CA851695A52183D,Protaphorura tuvinica,"Protaphorura tuvinica Kaprus', Weiner & Pasnik, 2016, sp. n.",Onychiuridae,"Collembola of the genus Protaphorura Absolon, 1901 (Onychiuridae) in the Eastern Palearctic: morphology, distribution, identification key",http://dx.doi.org/10.3897/zookeys.620.9372,http://treatment.plazi.org/id/243B8CAC5DF6CDC27CA851695A52183D,etymology,What does the name of Protaphorura tuvinica refer to?,"The name of the new species refers to the Tuva Republic (Russian Federation), the place where the type specimens were collected","th 20, 20, 19-20, tibiotarsi with four rows of chaetae (distal whorl (A+T)+B+C): 11+8+3, 11+8+3, 11+8+3-4 chaetae respectively. Claw with strong denticle in 1/2 of inner edge of claw (Fig. 49). Empodial appendage of the same length as inner edge of claw, without basal lamella. (Fig. 49). Etymology. The name of the new species refers to the Tuva Republic (Russian Federation), the place where the type specimens were collected. Discussion. Protaphorura tuvinica sp. n. belongs to the group of Protaphorura species without pseudocelli on subcoxa 1 of all legs and with 2+2 pso ventrally on head: Protaphorura ombrophila (Stach, 1960), Protaphorura kopetdagi Pomorski, 1994, Protaphorura salsa Kaprus', Pasnik & Weiner, 2014, Pr",4613,5824
K107,9D5A87B4FF973C5925E2FBD1FEE1FB0E,Palaeochiridium insolitum,"Palaeochiridium insolitum Turbanov, Kolesnikov, Vorontsov, Shadrin, Vasilenko & Perkovsky, 2025, gen. et sp. nov.",Sminthuridae,"Palaeochiridiinae subfam. nov. (Arachnida: Pseudoscorpiones: Pseudochiridiidae) from mid-Cretaceous Burmese amber, with a description of new genus and species",10.11646/zootaxa.5686.4.5,http://treatment.plazi.org/id/9D5A87B4FF973C5925E2FBD1FEE1FB0E,type_locality,What is the type locality of Palaeochiridium insolitum?,"Hukawng Valley southwest of Maingkhwan in Kachin State (26º20’N, 96º36’E), Myanmar","ned backwards with 2–6 rounded blunt teeth at base of finger. Legs I–IV with mobile joint between femur and patella; setae of legs clavate, with jagged tops proximally (Figs 3B, 7D) and simple and long in in distal part of tarsi; arolia of legs simple and slightly shorter than claws. Type locality. Hukawng Valley southwest of Maingkhwan in Kachin State (26º20’N, 96º36’E), Myanmar . Measurements and ratios of holotype. Body 0.601 × 0.433 (0.844 × 0.552 paratype). Carapace 0.292 × 0.130 (2.25). Palp femur 0.153 × 0.122 (1.25), patella 0.188 × 0.044 (4.27), chela + 0.388 × 0.061 (6.36), chela – 0.356 (5.83), hand + 0.212 (3.47), hand – 0.182 (2.98), movable finger ca. 0.214 (ca",4555,5875
K108,81A9ABEC31D5FF9A8804C71F802489FF,Eupolybothrus liburnicus,"Eupolybothrus liburnicus Akkari, Komericki, Weigand, Edgecombe & Stoev, 2017, sp. n.",Tullbergiidae,"A new cave centipede from Croatia, Eupolybothrusliburnicus sp. n., with notes on the subgenus Schizopolybothrus Verhoeff, 1934 (Chilopoda, Lithobiomorpha, Lithobiidae)",http://dx.doi.org/10.3897/zookeys.687.13844,http://treatment.plazi.org/id/81A9ABEC31D5FF9A8804C71F802489FF,body_length,What is the body length of Eupolybothrus liburnicus?,11.6 mm,"han broad at base (Fig. 6B). Etymology. Liburnicus denotes ""of Liburnia"", a district in the coastal region of the northeastern Adriatic; adjective. Variation. The proximal knob on the male prefemur is substantially smaller in immature males than in mature specimens. For example, CHP544 (body length 11.6 mm) has the prefemoral knob represented by only a low swelling that lacks setae (Fig. 6C), and the medial ridge extending from that swelling is low but distinct; the posterior circular, setose protuberance of adults is indistinct at this size. The posterior part of T14 bears relatively sparse setae, b",10751,13119
K109,0C92AD2CF23BFC0A7D646A84597040CF,Pseudosinella vulcana,"Pseudosinella vulcana Katz, Soto-Adames & Taylor, sp. n.",Paronellidae,"New records and new species of springtails (Collembola: Entomobryidae, Paronellidae) from lava tubes of the Galapagos Islands (Ecuador)",http://dx.doi.org/10.3897/subtbiol.17.7660,http://treatment.plazi.org/id/0C92AD2CF23BFC0A7D646A84597040CF,distribution,What is the known distribution of Pseudosinella vulcana?,"Santa Cruz Island, Galapagos, Ecuador","hile. Species Light (Lux) Relative humidity (%) Air temperature (°C) Soil temperature (°C) Elevation (m) Cave zone Heteromurus (Heteromurtrella) nitens Lepidocyrtus nigrosetosus Pseudosinella stewartpecki Pseudosinella vulcana Coecobrya Entomobrya darwini Cyphoderus cf. agnotus Salina Distribution. Santa Cruz Island, Galapagos, Ecuador.",7765,7803
K110,01379830FFF45076E0E90970BD8DD156,Megalothorax zealanterolenis,"Megalothorax zealanterolenis Schneider & Minor & D’Haese 2023, sp. nov.",Neelidae,"A new group of species of the genus Megalothorax (Collembola, Neelidae) with Gondwanan distribution, and introducing an open interactive identification key of Megalothorax species",10.11646/zootaxa.5228.2.1,http://treatment.plazi.org/id/01379830FFF45076E0E90970BD8DD156,holotype_depository,Where is the holotype of Megalothorax zealanterolenis deposited?,"Museum of New Zealand Te Papa Tongarewa, Wellington, New Zealand","hern beech forest ( F. cliffortioides with some F. fusca and L. menziesii ), in soil and litter with moss Ptychomnion aciculare (Brid.) Mitt. , sample MtAb_ T 3-6. Material deposit. The holotype (CSCOL _1327) and two paratypes (a female and a male, CSCOL _1328, CSCOL _1329) will be deposited at the Museum of New Zealand Te Papa Tongarewa, Wellington, New Zealand . Three female paratypes (CSCOL _1326) will be deposited at the Senckenberg Museum für Naturkunde, Görlitz, Germany . Diagnosis. Whitish in ethanol, labrum a1 chaetae with bifurcate tip, maxillary palp with an internal bifurcate hair, basomedian and basolateral fields of labium each with 1 + 1 chaet",3217,8413
K111,03A987C9B258720F56FFFBDA17647D92,Austrodontella monticola,"Austrodontella monticola Babenko & Minor, 2015, sp. nov.",Odontellidae,"Austrodontella monticola sp. nov., a new species of Collembola from montane New Zealand",10.11646/zootaxa.3974.1.9,http://treatment.plazi.org/id/03A987C9B258720F56FFFBDA17647D92,etymology,What does the name of Austrodontella monticola refer to?,The specific epithet refers to the high alpine zone where the species was found,"r although less pronounced modifications were found in the single juvenile available (Old Man’s Range, cushionfield). Most probably it is the result of ecomorphosis as understood by Cassagnau (1956) —temporary changes in some morphological traits in unfavourable environmental conditions. Etymology. The specific epithet refers to the high alpine zone where the species was found. Affinities. The new species is similar to A. trispina . Based on the existing descriptions (Womersley 1935; Massoud 1967) of the latter, these two species can be distinguished by their sizes (0.9–1.2 mm in A. monticola sp. nov. vs 0.55 mm in A. trispina ), number of lobes in PA O (three in A. tris",6877,9181
K112,0EF6CE3D67555C8F93347918DB4C684B,Alloscopus sago,"Alloscopus sago Jantarit & Manee 2025, sp. nov.",Orchesellidae,"Two new species of the genus Alloscopus Börner, 1906 (Collembola, Orchesellidae, Heteromurinae) from southern Thailand",10.3897/zookeys.1245.148100,http://treatment.plazi.org/id/0EF6CE3D67555C8F93347918DB4C684B,habitat,What is the habitat of Alloscopus sago?,"The new species is exclusively found on the old bark of the sago palm ( Metroxylon sagu Rottb ) at the lower trunk level (Figs 1 B, 2 F)"," the sago palm forests, which are native to southern Thailand, and underscores the ecological significance of the sago palm that serves not only as a major source of starch for commercial purposes but also as a habitat for numerous species, including the newly described Collembola species. Ecology. The new species is exclusively found on the old bark of the sago palm ( Metroxylon sagu Rottb ) at the lower trunk level (Figs 1 B, 2 F). The sago palm population in this area is dense and is located within a protected zone managed by the local community at Ban Huay Pru, Khaun Khanun Subdistrict, Khaun Khanun District, Phatthalung Province, designated for the cultivation and harvesting of sago palm. The sago palm patch spans approxi",20567,21160
K113,E75F96C1532AAEE2F42F5D9D8A0E5B3A,Neorganella rotundatae,"Neorganella rotundatae Queiroz & Mendonca, 2013, sp. n.",Brachystomellidae,"New species of Brachystomellidae and characterization of Micronella porcus (Denis, 1933) from Brazil",http://dx.doi.org/10.3897/zookeys.316.4869,http://treatment.plazi.org/id/E75F96C1532AAEE2F42F5D9D8A0E5B3A,body_length,What is the body length of Neorganella rotundatae?,0.88 mm,"z, G.C. leg, 25.x.2011, 22°22'59""S, 44°40'1""W. Type locality. Brasil, Rio de Janeiro: Itatiaia municipality, Parque Nacional de Itatiaia (ICMBio), 22°22'59""S, 44°40'1""W, leaf litter and soil of ""campos de altitude"", 2,400 m a.s.l. Description. Habitus typical of the family. Body length of holotype: 0.88 mm; body length range of paratypes: 0.47-1.20 mm. Color in ethanol: white, no pigmentation. Ratio head diagonal: antenna = 1:0.63. Ant I with 7-8 chaetae. Ant II with 12 chaetae. Ant III and IV fused dorsally, ventral separation marked. Sensory organ of Ant III with two small club-shaped sensilla, the",865,3754
K114,A742F903FF9DFFA3CAB3FDFDC19310F8,Denisiella diomedesi,"Denisiella diomedesi Palacios-Vargas, 2007, sp. nov.",Sminthurididae,"A new species of Denisiella (Collembola: Sminthurididae) from Panama and new records for D. sexpinnata (Denis, 1938)",10.5281/zenodo.179561,http://treatment.plazi.org/id/A742F903FF9DFFA3CAB3FDFDC19310F8,holotype_depository,Where is the holotype of Denisiella diomedesi deposited?,"Laboratorio de Ecología y Sistemática de Microartrópodos, Sciences Faculty, UNAM, México"," dens and mucro as 1: 3.3: 1.5. Maximum length in µm of setae on head 40, body 37, dens 61, tibiotarsus 42. Type locality. Panama: Panama Province, Chepo, Chichebere, in pitfall traps, rice paddyfield, B. Zachrisson coll., 15.viii.2002. Type material. Holotype and two paratype males will be kept at Laboratorio de Ecología y Sistemática de Microartrópodos, Sciences Faculty, UNAM, México. Etymology. This species is dedicated to Dr. Diomedes Quintero (Universidad de Panamá), for his help in the study of springtails from Panama. Discussion. The sexual dimorphism of species in the genus Denisiella is very remarkable. Antennae of males are highly modified as a clasping organ and there ",2990,4065
K115,596FA515FFA9FFB56D96C588FD6FF809,Amelyris paucidentatus,"Amelyris (Asymelyris) paucidentatus Tshernyshev, Alekseev, Bukejs, Vasilenko, Legalov & Perkovsky, sp. nov.",,"First record of the family Melyridae (Coleoptera: Cleroidea) in late Eocene European ambers with description of a new tribe, a new genus and seven new species",10.11646/zootaxa.5696.4.5,http://treatment.plazi.org/id/596FA515FFA9FFB56D96C588FD6FF809,etymology,What does the name of Amelyris paucidentatus refer to?,"The epithet of the new species paucidentatus is derived from the combined Latin adjective paucus (meaning ‘few, little’) and the Latin adjective dentatus (meaning ‘toothed’)","ticle. Ventral side convex, shining, finely and sparsely punctate; pubescence fine, short and adpressed. Abdomen with five visible ventrites, finely and sparsely pubescent; intercoxal process narrowly triangular; ventrite 1 longest; ventrite 5 with wide and rounded emargination apically. Etymology. The epithet of the new species paucidentatus is derived from the combined Latin adjective paucus (meaning ‘few, little’) and the Latin adjective dentatus (meaning ‘toothed’). The name refers to the comparatively few number of denticulate pronotal carinae.",6022,6277
K116,9A39404FF88A0799FFC10F6AA37FF53D,Entomobrya atrocincta,Entomobrya atrocincta Schӧtt 1896,Entomobryidae,"Taxonomic review and phylogenetic analysis of fifteen North American Entomobrya (Collembola, Entomobryidae), including four new species",http://dx.doi.org/10.3897/zookeys.525.6020,http://treatment.plazi.org/id/9A39404FF88A0799FFC10F6AA37FF53D,distribution,What is the known distribution of Entomobrya atrocincta?,"North America, Hawaii and possibly Europe","rocincta Schӧtt, 1896 has priority over Entomobrya nigrocincta Denis, 1923, and also because the holotype designated for Entomobrya atrocincta was collected in North America, the specimens along with the descriptions outlined in this study have been assigned to Entomobrya atrocincta . Distribution. North America, Hawaii and possibly Europe. Records of Entomobrya multifasciata in North America and Hawaii (Christiansen and Bellinger 1992) are suspect due to their similarity to the female Entomobrya atrocincta color form. A considerable number of collections of Entomobrya atrocincta from Hawaii also include Entomobrya multifasciata , in",7752,9868
K117,D420C10EF21FFFD4FF137483FDFDFDB2,Hypogastrura yosii,Hypogastrura yosii Stach 1964,Hypogastruridae,"A taxonomic study on Hypogastrura Bourlet, 1839 (Collembola, Hypogastruridae) from China",10.5281/zenodo.201154,http://treatment.plazi.org/id/D420C10EF21FFFD4FF137483FDFDFDB2,body_length,What is the body length of Hypogastrura yosii?,1.5 mm,"d 2 males on slides, China, Jiangsu Province, Yancheng, Sheyang County, National Nature Reserve of Red-Crowned Cranes, 26.iv.2006, collection number C9465, leg. Ji-Qiang Qu et al. (deposited in the collection of the Department of Biology, Nanjing University, China). Redescription. Body length up to 1.5 mm. Colour violet-black, ventrally paler, eye patches black. Granulation uniform, 5–7 granules between setae p1 on abd. V. Chaetotaxy of head typical of the genus. Setae short and smooth. Body sensilla (s) 2 times longer than ordinary setae, fine and smooth. Dorsal chaetotaxy of th. II and abd. III–VI",842,5998
K118,03D2AD21BD25A73F86CEF9A467A0875C,Folsomotoma amyliuae,"Folsomotoma amyliuae Janion-Scheepers & Potapov & Deharveng 2023, sp. nov.",Isotomidae,"New and little-known Isotominae (Collembola, Isotomidae) from South Africa",10.11646/zootaxa.5346.3.8,http://treatment.plazi.org/id/03D2AD21BD25A73F86CEF9A467A0875C,distribution,What is the known distribution of Folsomotoma amyliuae?,Currently known from type locality only,"mmon chaetae in p-row between s-chaetae and ms-chaetae: 2s1s5s (Abd.I), 3s2s6–7s (Abd.II), 3s2s4–6ms1s (Abd.III), 1– 0,5s 1s2s1s (Abd.IV) (Figs 24, 25). Abd.V with four thick s-chaetae (accp1–3 and am) and two short and thin (accp4–5) (Figs 22, 33). Abd V and VI fused. Males not seen. Distribution. Currently known from type locality only. Remarks. The new species sharply differs from congeners by s-chaetae on Abd.IV and V. Two contrasting spatterns on posterior part of abdomen were known in Folsomotoma : - 2 or 3 very long accp s-chaetae on Abd. IV and 4 short s-chaetae on Abd.V ( F. boerneri (Enderlein, 1903) , F. kerguelensis (En",2541,3839
K119,8F2F2F2DA735FF85FF1F4CB1377FFAA6,Pygmarrhopalites sericus,Pygmarrhopalites sericus,Arrhopalitidae,"Antennal troglomorphy in Arrhopalitidae (Collembola: Symphypleona) with the description of two new cave Pygmarrhopalites Vargovitsh, 2009 species from the Arabika Massif in the Caucasus",10.11646/zootaxa.5673.4.3,http://treatment.plazi.org/id/8F2F2F2DA735FF85FF1F4CB1377FFAA6,body_length,What is the body length of Pygmarrhopalites sericus?,0.7 mm,", Abkhazia, Gagra Mt. R ., Arabika Massif, 2,223 m a.s.l., Zh-13 Cave, -5 m, on liquid surface of Barber trap, 11.ix.2017, A.G. Koval and R. S. Vargovitsh leg. Taxonomic remarks. The examined specimens generally correspond to the original descriptions of P. sericus (Gisin 1947, 1960): body length ~ 0.7 mm; body and eyes with greyish pigmentation; head dorsum bearing ordinary setae, with 2 + 2 posterior setae thicker than anterior ones; Ant IV divided into 5 subsegments, basal subsegment ~1.3× as long as apical; all claws with inner tooth; Abd VI with 13 broadened setae; appendices anales palmated ( ",1052,2980
K120,391C87D9FFC6FFB8C1CDF9FFFA54F80C,Sernatropiella pinzonae,"Sernatropiella pinzonae Palacios-Vargas 2019, gen. et sp. nov.",Neanuridae,An extraordinary new genus and species of Pseudachorutinae (Collembola: Neanuridae) from Colombia,10.11646/zootaxa.4609.2.11,http://treatment.plazi.org/id/391C87D9FFC6FFB8C1CDF9FFFA54F80C,type_locality,What is the type locality of Sernatropiella pinzonae?,COLOMBIA: Cundinamarca province: Chingaza,"(Figs 1–31) Type locality. COLOMBIA: Cundinamarca province: Chingaza. Type material. Holotype: Male, Idem: La Calera. Parque Natural Nacional Chingaza, Sector San José, Road to San Juanito 2.966 m alt. 4° 29’ 28” N, 73° 41’ 22” W, necrotrap, 22– 24.11.2003, I. Quintero and M. Torres col. Paratypes: Female, Idem: Mpio. Guasca. PNN Chingaza, Sector Palacio, 2.920 m al",27,5319
K121,03BE075BFFC7FFAA17B8FBBBFB8BB5CC,Monodontocerus mulunensis,"Monodontocerus mulunensis Yu, Deharveng & Zhang, 2014, sp. nov.",Tomoceridae,New species of Monodontocerus (Collembola: Tomoceridae) from southern China with diagnostic notes on the genus and introduction of new taxonomic characters,10.11646/zootaxa.3768.5.3,http://treatment.plazi.org/id/03BE075BFFC7FFAA17B8FBBBFB8BB5CC,body_length,What is the body length of Monodontocerus mulunensis?,3.5–4.0 mm,"egion, China, x= 107.969942°E; y= 25.146986°N; elevation 583 m, 27.vi.2011, by Youbang Li, Zheng Tang and Shiyi Lu (sample code: CHIgx11-LYB09). Holotype, two paratype on slide and two paratypes in alcohol in NJAU, one paratype on slide and two paratypes in alcohol in MNHN. Description. Body length 3.5–4.0 mm. Color pale without trace of pigment except the small black eye patches (Fig. 4). Postantennal organ absent. Ommatidia 6+6, small. Antennae about 0.65 times length of body, antennal length ratio as I: II: III: IV= 1.0: 1.5: 5.9: 1.1. Ant. I and Ant. II dorsally scaled, base of Ant. III dorsally wit",524,6289
K122,039F2F46FFEFFFBBFC633E46FDED796D,Thalassaphorura whitteni,"Thalassaphorura whitteni Sun,, Deharveng & Louis, 2020, new species",Onychiuridae,Two new species of Thalassaphorura from China (Collembola: Onychiuridae),,http://treatment.plazi.org/id/039F2F46FFEFFFBBFC633E46FDED796D,holotype_depository,Where is the holotype of Thalassaphorura whitteni deposited?,IGA-CAS,"s on slides (CHIgx05–109), China: Guangxi: Huanjiang: Min Li forest (107.96647°E 25.09935°N), litter, Berlese extraction, coll. Deharveng Louis & Bedos Anne, 14 March 2005. Both collecting sites are located in the karst of the Mulun National Nature Reserve . Holotype and 1 paratype are deposited in IGA-CAS; 2 paratypes in MNHN. Description. Body length: 0.93–0.98 mm; holotype 0.94 mm. Shape of body cylindrical, Abd. III–IV more or less broadened and anal spines absent (Fig. 3A, F). Colour white in alcohol. Pso formula: 32/233/33343 dorsally and 11/000/01110 ventrally (Fig. 3A, F). Subcoxae 1 of legs ",542,7377
K123,CE8739D088AC526E962DB20C4A333FC4,Szeptyckitheca kesongensis,Szeptyckitheca kesongensis Betsch & Weiner 2009,Sminthuridae,"Revisiting Szeptyckitheca Betsch & Weiner (Collembola, Symphypleona, Sminthuridae): new species, updated diagnoses, and a key",http://dx.doi.org/10.3897/zookeys.1186.111837,http://treatment.plazi.org/id/CE8739D088AC526E962DB20C4A333FC4,habitat,What is the habitat of Szeptyckitheca kesongensis?,Specimens were found associated to Robinia sp,"male bearing bifid chaetae in the interantennal area, while the male lack such morphology (Betsch and Weiner 2009). Although only one couple of specimens was analyzed for this description, no other Szeptyckitheca species has such a sexual dimorphism, including the species herein described. Habitat. Specimens were found associated to Robinia sp., shrubs, pines, and plant debris (Betsch and Weiner 2009). Known distribution. North Korea (Betsch and Weiner 2009).",1582,1745
K124,462C4399517288EDC0A8EF3142DDD8B8,Mexicaphorura guerrerensis,"Mexicaphorura guerrerensis Palacios-Vargas & Catalan, 2013, sp. n.",Tullbergiidae,A new genus and species of Tullbergiidae (Collembola) from the Pacific Mexican coast,http://dx.doi.org/10.3897/zookeys.326.5451,http://treatment.plazi.org/id/462C4399517288EDC0A8EF3142DDD8B8,habitat,What is the habitat of Mexicaphorura guerrerensis?,This species lives in marine littoral sand," papillae which touch at their bases (Fig. 4). Ratio anal spine:ungues: 1:1.9. row Thorax Abdomen I II III I II III IV V * * ** ** ** Etymology. The species is named after the State of Guerrero, where it was found. Distribution. Known only from the type locality, at Guerrero State, Mexico. Ecology. This species lives in marine littoral sand.The first specimen was obtained in the floating foam of samples of sand taken from a nest of the Golf turtle Lepidochelys olivacea ( Cheloniidae ). Other specimens were obtained from 12 different places where 4 samples of sand were taken at each and washed. It seems to be very rare species as only ",4292,6370
K125,E72B73340A205C6FB00058D0F2128C22,Troglopedetes rungsimae,"Troglopedetes rungsimae Surakhamhaeng 1 & Deharveng 2 & Jantarit 3 2021, sp. nov.",Paronellidae,"Three new species of cave Troglopedetes (Collembola, Paronellidae, Troglopedetinae) from Thailand, with a key to the Thai species",http://dx.doi.org/10.3897/subtbiol.40.73143,http://treatment.plazi.org/id/E72B73340A205C6FB00058D0F2128C22,holotype_depository,Where is the holotype of Troglopedetes rungsimae deposited?,"NHM-PSU, measurements of holotype in Table 3"," Tham (cave) Khang Khao, 14°11'23.8""N, 98°59'37.0""E, 262 m a.s.l., 28 February 2019, S. Jantarit, A. Nilsai and K. Jantapaso leg., dark zone of cave, by aspirator (sample # THA_SJ_KRI11). Paratypes: 2 subadults on slides, same locality and date as the holotype. Holotype and 2 paratypes deposited in NHM-PSU, measurements of holotype in Table 3. Head Tergites Appendages Ant. I 95 Th. II 128 Man 340 Ant. II 240 Th. III 120 Dens 338 Ant. III 210 Abd. I 70 Mucro 37 Ant. IVa 200 Abd. II 80 Furca 715 Ant. IVb 160 Abd. III 90 Claw I 30 Ant. 905 Abd. IV 430 Claw II 32 Head 260 Abd. V 70 Claw III 32 - - Abd. VI 45 - - - - Body 1,033 - - Descripti",524,12780
K126,01379830FFFE507EE0E90BF7BD9DD419,Megalothorax anterolenis,"Megalothorax anterolenis Schneider & Minor & D’Haese 2023, sp. nov.",Neelidae,"A new group of species of the genus Megalothorax (Collembola, Neelidae) with Gondwanan distribution, and introducing an open interactive identification key of Megalothorax species",10.11646/zootaxa.5228.2.1,http://treatment.plazi.org/id/01379830FFFE507EE0E90BF7BD9DD419,holotype_depository,Where is the holotype of Megalothorax anterolenis deposited?,"Museo Nacional de Historia Natural de Chile, Santiago, Chile","_213, 214, 221), Chile, Región de Aysén, Sendero Laguna Los Pumas, 2011.xii.04, 44.2354°S, 72.5195°W, among mosses growing on the base of a tree, sample CHL218. All material collected by C. Schneider. Material deposit. The holotype and two paratypes (CSCOL _104, CSCOL _111) will be deposited at the Museo Nacional de Historia Natural de Chile, Santiago, Chile . Four paratypes (CSCOL _105) will be deposited at the Muséum National d’Histoire Naturelle, Paris, France . Rest of the material will be deposited at the Senckenberg Museum für Naturkunde, Görlitz, Germany. Obtained molecular data and genbank accession number. One specimen from sample CHL002 (same ",1263,9282
K127,0391006FFFAA201C1FB288AAE1F2FD18,Odontella rapoporti,"Odontella rapoporti Arbea & Palacios-Vargas 2020, sp. nov.",Odontellidae,"A new species of Odontella from Tierra del Fuego and notes on Afrodontella Deharveng, 1981 (Collembola: Odontellidae)",10.11646/zootaxa.4808.3.7,http://treatment.plazi.org/id/0391006FFFAA201C1FB288AAE1F2FD18,type_locality,What is the type locality of Odontella rapoporti?,"Argentina, Tierra del Fuego Province, near Rio Grande city (53º 36’ S 68º 04’ W)","Figs. 1–19, Tables 1−3 Type locality. Argentina, Tierra del Fuego Province, near Rio Grande city (53º 36’ S 68º 04’ W) . Type material. Holotype female, 2 female and 3 juvenile paratypes, Tierra del Fuego Province, near Rio Grande city, Argentina, dense Chiliotrichum scrub, with Festuca gracillima and Chiliotrichum diffusum , leg. S.M. Bonaventura and V. Mascitti, February 2001. Holotype and paratypes deposited in M",38,6642
K128,B14287AAFF9470513E83B315FC1BF8AB,Dicranocentrus dolosus,"Dicranocentrus dolosus Bellini & Greenslade & Baquero & Jordana & Souza 2022, sp. nov.",Orchesellidae,"A synthesis of the current knowledge on the Australian Orchesellidae (Collembola, Entomobryoidea)",10.11646/zootaxa.5115.2.3,http://treatment.plazi.org/id/B14287AAFF9470513E83B315FC1BF8AB,etymology,What does the name of Dicranocentrus dolosus refer to?,The new species was named “ dolosus ” (from Latin = deceitful) due to its similarity with D,"l dens (dental lobe) with a single regular chaeta, not remarkably different in size or shape from other dental surrounding chaetae; dens without spines or smooth chaetae; mucro apical tooth larger than the basal one, mucronal spine present, reaching the apex of the basal tooth (Fig. 7E). Etymology. The new species was named “ dolosus ” (from Latin = deceitful) due to its similarity with D. inermodentes (Uchida, 1944) , which led us to firstly identify it mistakenly as the former species. Distribution and habitat. The new species was collected from Cocos and Keeling West Island (Fig. 8), from sandy beaches in the upper intertidal zone, along with F. pulukokos Bellini, Souza & Greensl",6869,9857
K129,D3CB1B7A2460D5107B1A84372804678C,Brachystomella porcus,Brachystomella porcus Denis 1933,Brachystomellidae,"New species of Brachystomellidae and characterization of Micronella porcus (Denis, 1933) from Brazil",http://dx.doi.org/10.3897/zookeys.316.4869,http://treatment.plazi.org/id/D3CB1B7A2460D5107B1A84372804678C,body_length,What is the body length of Brachystomella porcus?,0.45-0.95 mm,"7""S, 41°47'54""W. Locality. Brasil, Minas Gerais: Alto Caparao municipality, Parque Nacional do Caparao (ICMBio), 20°26'7""S, 41°47'54""W, leaf litter and soil of ""campos de altitude"", 2,700 m a.s.l. Characterization of Brazilian specimens. Habitus typical of the genus. Body length range of specimens: 0.45-0.95 mm. Color in ethanol: white, no pigmentation. Ratio head diagonal: antenna = 1:0.57. Ant I with 7 chaetae. Ant II with 12 chaetae. Ant III and IV fused dorsally, ventral separation marked. Sensory organ of Ant III with two club-shaped sensilla; two longer and subcylindrical guard sensilla, the dorsal ",1127,3317
K130,18630065BE965A79B8B75AED4A8D9A99,Denisiella piracurucaensis,"Denisiella piracurucaensis Silva, Medeiros & Bellini 2023, sp. nov.",Sminthurididae,"Two new species of Sminthurididae (Hexapoda, Collembola, Symphypleona) from Brazil with notes on Denisiella Folsom & Mills and Sphaeridia Linnaniemi",http://dx.doi.org/10.3897/zookeys.1173.106855,http://treatment.plazi.org/id/18630065BE965A79B8B75AED4A8D9A99,type_locality,What is the type locality of Denisiella piracurucaensis?,"Piracuruca municipality, Piaui state, Brazil","rpassing the apex of the ungues in legs I-III; male unguiculi apical filament surpassing the apex of the ungues in legs I and II, unguiculus III apical filament absent or reduced in leg III; ratio of ungues I-III in the holotype = 1.0:0.9:0.8. Etymology. The species was named after its type locality, Piracuruca municipality, Piaui state, Brazil. Remarks. As said before, D. piracurucaensis sp. nov. belongs to the Denisiella seurati group due to the absence of the nasal organ on males. Within this group, it is more similar to D. betschi , D. colombiana , D. maesorum and D. rhizophorae due to the presence four serrated spines on the tibiotar",8823,9808
K131,038587D73378FF8FFF66FAE0CAE1B68E,Uralaphorura yanensis,"Uralaphorura yanensis Babenko, 2009, sp. nov.",,"Two new species of the genus Uralaphorura Martynova, 1978 (Collembola: Onychiuridae) from Siberia",10.5281/zenodo.187822,http://treatment.plazi.org/id/038587D73378FF8FFF66FAE0CAE1B68E,distribution,What is the known distribution of Uralaphorura yanensis?,Apart from the type locality (north-eastern Yakutia) a few immature specimens which probably belong to U,"biotarsal setae and the absence of unpaired axial setae on the tergum of Abd.VI. In addition, mature specimens of U. schilovi always have 3+3 pso on Th.II–III, whereas the absence of pso2 on these terga is a frequent character of U. yanensis sp. nov. Etymology. Named after Yana River. Distribution. Apart from the type locality (north-eastern Yakutia) a few immature specimens which probably belong to U. yanensis sp. nov. were recorded on the Taimyr Peninsula as U. cf. schilovi by Babenko (2003) and Babenko & Fjellberg (2006). Character U. schilovi U. tunguzica U. varicellata U. yanensis known distribution Northern Europe: Siberia: Yenisei River Siberia: Eastern Yakutia Siberia: North-Eastern ms o",3456,4970
K132,03B787FAFFB3597080A6FC86927ACFF0,Sinella whitteni,"Sinella whitteni Zhang & Deharveng, 2009, sp. nov.",Entomobryidae,A new cave Sinella species from South China (Collembola: Entomobryidae),10.5281/zenodo.185768,http://treatment.plazi.org/id/03B787FAFFB3597080A6FC86927ACFF0,etymology,What does the name of Sinella whitteni refer to?,Named in honour of Tony Whitten for his enthusiastic support of biodiversity surveys and conservation of the caves in southern China," large, strictly troglobitic species of Chinese Sinella , though only moderately modified in relation to cave life. However, the species is likely to be a strict troglobite as we never got it from samples made in humid and dark habitats outside caves, where oculated Sinella are abundant. Etymology. Named in honour of Tony Whitten for his enthusiastic support of biodiversity surveys and conservation of the caves in southern China. Remarks. This cave species is most close to S. trogla Chen & Christiansen, 1993 , the other cave species of Guangxi, described from a Guilin cave about 370 km from Yachang. They share absence of eyes, cephalic dorsal chaetotaxy, ciliate post-labial chaetae X, X2 and X4, inner differentiated tibiot",4840,7406
K133,03E003481F0E8C04FEF6017FFAA8FAEF,Hypogastrura crinigera,"Hypogastrura crinigera Antipova, 2025, sp.n.",Hypogastruridae,"A new species of the springtail genus Hypogastrura (Collembola: Hypogastruridae) from southern Kazakhstan, Middle Asia",10.15298/rusentj.34.1.01,http://treatment.plazi.org/id/03E003481F0E8C04FEF6017FFAA8FAEF,type_locality,What is the type locality of Hypogastrura crinigera?,DIAGNOSIS,"ratypes, 11 female, 11 males on slides, 8 slides with head parts, same data and deposition . 1 female, 3 males and 1 slide with mouthparts kept in the author’s collection. OTHER MATERIAL: ca 100 specimens in alcohol from other 8 places located from 200 meters to 7 kilometers from the type locality. DIAGNOSIS. A species of the manubrialis -group that differs from other members of the group by the following characters: the long, thick and strongly serrate setae covering the whole body, including a few basal antennomeres; the quite large anal spines; only four clearly differentiated sensilla on Ant. IV; t",547,14483
K134,8F68E959EE6FA71FE20D7DCEFF55F954,Folsomides whitteni,"Folsomides whitteni Deharveng,, Lukić & Marko, 2020, new species",Isotomidae,"The genus Folsomides in the Hòn Chông hills, Vietnam (Collembola: Isotomidae)",,http://treatment.plazi.org/id/8F68E959EE6FA71FE20D7DCEFF55F954,etymology,What does the name of Folsomides whitteni refer to?,"The species is named in honour of the late Tony Whitten, in recognition of his tireless dedication to the conservation of the endangered cave faunas of Asia, especially in the Hòn Chông karst","ymmetries, anterior chaetae absent. Dens very short, slightly longer than claw, with 2 (sometimes 1) posterior chaetae, anterior chaetae absent. Mucro short, bidentate or triangular, fused to dens. Genital plate. Female genital plate with 1+1 anterior and no posterior mic. Males unknown. Etymology. The species is named in honour of the late Tony Whitten, in recognition of his tireless dedication to the conservation of the endangered cave faunas of Asia, especially in the Hòn Chông karst. Discussion. The new species Folsomides whitteni belongs to the parvulus group, characterised by the internal S-chaetae of Abd. IV close to and behind the mac Md (Fjellberg, 1993). It differs from the other species of this group by the characters listed in Table 1, in particular a reduced furcal ch",5954,9573
K135,03C387C2FFE2FFC3FE9C471BAF0133BB,Arrhopalites harveyi,Arrhopalites harveyi Denis 1933,Arrhopalitidae,"The genus Arrhopalites Börner, 1906 (Collembola, Appendiciphora, Arrhopalitidae) in the Neotropical Region, with description of four new cave species from Brazil",10.5281/zenodo.171788,http://treatment.plazi.org/id/03C387C2FFE2FFC3FE9C471BAF0133BB,body_length,What is the body length of Arrhopalites harveyi?,1.2 mm,"Type locality: Costa Rica, Santa Rosa, Serrin Viejo. (Fig. 13 A –K) Caecus ­group. Total length, 1.2 mm. Color white, eyes 1+1. Posterior cephalic spinelike setae present. Ant. III not swollen basally. Ant. IV divided into 6 ringed subsegments. All ungues with inner tooth, all unguiculi with clear corner tooth, apical filament absent in the third unguiculus. Dental chaetotaxy as shown in table 3, ven",97,559
K136,03C9E776FFDDFFBABCABFD45A4A9FF72,Endonura levantica,"Endonura levantica Smolis, Deharveng & Kaprus’, 2011, sp. nov.",Neanuridae,"Studies on the non-European Endonura Cassagnau, 1979 (Collembola, Neanuridae, Neanurinae)",10.5281/zenodo.278475,http://treatment.plazi.org/id/03C9E776FFDDFFBABCABFD45A4A9FF72,body_length,What is the body length of Endonura levantica?,0.84 mm,"3 and 4 chaetae respectively. Tubercles L on abd. III and IV with 3 and 5–6 chaetae respectively. Abd. IV and V with 8 and 3 tubercles respectively. Claw without inner tooth. Tibiotarsi with chaetae B4 and B5 short. Description. Habitus typical of the genus. Body length (without antennae): holotype 0.84 mm, paratype (first instar) 0.77 mm. Colour of the body white. 2+2 medium dark-pigmented eyes (Fig. 1). Types of dorsal ordinary chaetae. Macrochaetae Ml relatively long, strongly thickened, almost cylindrical, arclike or straight, narrowly sheathed, feebly serrated, apically rounded or rarely pointed",927,4541
K137,03903879FFB96401FF4CE917A7F1C4F0,Tomocerus jilinensis,"Tomocerus jilinensis Ma, 2011, sp. nov.",Tomoceridae,A new species of Tomocerus (Collembola: Tomoceridae) from China,10.5281/zenodo.206575,http://treatment.plazi.org/id/03903879FFB96401FF4CE917A7F1C4F0,body_length,What is the body length of Tomocerus jilinensis?,3.0 mm," females, same data as holotype; 5 females, CHINA, Jilin, Fusong County, Xianren Bridge, 10.viii. 2009, collection number 1120; 7 females, CHINA, Jilin, Changbaishan Mountain, collection number, 1123. All deposited in School of Life Science, Nantong University, China. Description. Body length up to 3.0 mm. Ground colour pale yellow; eye patches dark blue; ant. segments III & IV pigmented blue; Ant. I & II pigmented pale blue. Head: Ant. 0.8 – 1.1 times length of body, 3.6 – 5.8 times length of head. Ratio of Ant. segments I – IV as 1.0/1.3 – 2.3/ 6.3 – 9.1/1.3 – 3.8 (Fig. 1). Head capsule anteriorly",407,3080
K138,03B487AE1B59093EB3B4FD72ADD9FD74,Thalassaphorura xihuensis,"Thalassaphorura xihuensis Sun & Li, 2015, sp. nov.",Onychiuridae,"New Chinese species of the genus Thalassaphorura Bagnall, 1949 (Collembola: Onychiuridae)",10.11646/zootaxa.3931.2.5,http://treatment.plazi.org/id/03B487AE1B59093EB3B4FD72ADD9FD74,habitat,What is the habitat of Thalassaphorura xihuensis?,"In broadleaved litter and soil, in an urban recreational park","ne manubrial row of chaetae (Figs 18, 23). Genital plate with 12–15 chaetae in females, 28–30 in males. Male ventral organ absent. Anal valves with numerous acuminate chaetae; each lateral valve with chaetae a0, 2a1 and 2a2; upper valve with chaetae a0, 2b1, 2b2, c0, 2c1 and 2c2 (Fig. 24). Ecology. In broadleaved litter and soil, in an urban recreational park. Derivatio nominis. Named after the type locality. Discussion. T. xihuensis sp. nov. belongs to the small group of congeners characterized by the presence of only 4 papillae in AIIIO. Up to now, four such species are known: T. butrosi (Christiansen, 1956) , T. franzi (Stach, 1946) , T. cryptopyga (",3232,4643
K139,C55B3707FFCBFF88FF21F9E99FA8FD69,Anillinus uwharrie,"Anillinus uwharrie Harden and Caterino 2024, new species",Sminthuridae,"Revision of tHe eLonGatus and PecKi sPecies GrouPs of ANiLLiNus Casey, 1918 (CoLeoPtera: Carabidae: TrecHinae: AniLLini), witH four new sPecies and notes on ANiLLiNus turNeri JeanneL, 1963",10.5281/zenodo.20495316,http://treatment.plazi.org/id/C55B3707FFCBFF88FF21F9E99FA8FD69,distribution,What is the known distribution of Anillinus uwharrie?,(FiG,"arinG a sHort seta, one or two otHers bearinG minute setae. FemaLe geNitaLia: SPermatHeca (FiG. 8G) eLonGate, sinuate, base enLarGed and reLativeLy stronGLy scLerotized; stem stronGLy ribbed mediaLLy, smootH near base and enLarGed aPicaL Portion. SPermatHecaL duct eLonGate and coiLed. Distribution. (FiG. 11) This sPecies is Known from a sinGLe HiLLside in UwHarrie NationaL Forest (FiG. 10C). Sympatry. SerraNiLLus duNavaNi Has been coLLected in tHe UwHarrie NationaL Forest not far from tHe tyPe LocaLity of A. uwharrie , and couLd occur witH tHe sPecies. An aberrant femaLe coLLected witH tHe tyPe se",4115,7094
K140,03A88104FFA37B51A59CFAFEF4C5AEBD,Multivesicula zhengi,"Multivesicula zhengi Gao & Bu 2022, sp. nov.",Tullbergiidae,"New species and records of Tullbergiidae (Collembola, Poduromorpha) from Xinjiang province, Northwest China",10.11646/zootaxa.5092.5.2,http://treatment.plazi.org/id/03A88104FFA37B51A59CFAFEF4C5AEBD,distribution,What is the known distribution of Multivesicula zhengi?,"China (Xinjiang), only known from the type locality","ral tube with 4+4 apical setae and 2+2 basal setae (Fig. 5). Abd. II, III and IV with 20, 22, and 26 ventral setae respectively (Figs 13–14). Female genital plate with 6+6 pregenital setae, 3 circumgenital setae, one pair of eugenital setae and 2 pairs of post-genital setae (Fig. 15). Distribution. China (Xinjiang), only known from the type locality. Etymology. We dedicate this new species in honor of the late Professor Zhemin ZHENG (1932–2021) who was a well-known orthopterist for his great contribution to the knowledge of Chinese grasshoppers. Remarks. The genus Multivesicula contains six species in the world: M. columbia Rusek, 1982 , M. pu",3536,4522
K141,03855C59763D4810FF475D1F80D9FC02,Troglopedetes eberhardi,"Troglopedetes eberhardi Cipola & Greenslade 2023, sp. nov.",Paronellidae,"A new species of Troglopedetes Joseph, 1872 with eyes (Collembola, Paronellidae) from a Christmas Island Cave, Australia",10.11646/zootaxa.5239.4.7,http://treatment.plazi.org/id/03855C59763D4810FF475D1F80D9FC02,etymology,What does the name of Troglopedetes eberhardi refer to?,It is named after Stefan M," erosion in some areas. In one place in the cave there are soft mud “stalagmites” with central drip holes have built up beneath these muddy stalactites. The collapse dolines result from the roof of a basement and some dolines contain open entrances to caves (Grimes 2001; Humphreys 2014). Etymology. It is named after Stefan M. Eberhard, collector of the new species. Remarks. Troglopedetes eberhardi sp. nov. resembles other congenerics in presence of eyes and Th II with 6 mac in p3 complex (Table 1), but is distinguished by unguis m.t. elongated, surpassing the unguis apex (Figs 4H–I). This character has not been observe",11378,13375
K142,01379830FFFA5071E0E90FE6BF78D6D5,Megalothorax tasmanterolenis,"Megalothorax tasmanterolenis Schneider & Minor & D’Haese 2023, sp. nov.",Neelidae,"A new group of species of the genus Megalothorax (Collembola, Neelidae) with Gondwanan distribution, and introducing an open interactive identification key of Megalothorax species",10.11646/zootaxa.5228.2.1,http://treatment.plazi.org/id/01379830FFFA5071E0E90FE6BF78D6D5,holotype_depository,Where is the holotype of Megalothorax tasmanterolenis deposited?,"Senckenberg Museum für Naturkunde, Görlitz, Germany","OL _98), Australia, Tasmania, Ida Bay, 26.iii.2015, 43.5070°S, 146.8755°E, mosses on the ground and rotten branches, sample number TAS001d. Paratype. Female on slide (CSCOL _99), same data as the holotype. All material collected by C. D’Haese. Material deposit. The holotype will be deposited at the Senckenberg Museum für Naturkunde, Görlitz, Germany . Paratype will be deposited at the Muséum National d’Histoire Naturelle, Paris, France . Obtained molecular data. One specimen from TAS001d (same as holotype), 28S rDNA: OP942370 (806bp), 16S rDNA: OP942367 (468bp). Voucher could not be recovered. Diagnosis. Yellow-orange in ethanol, labrum a1 chae",372,5482
K143,03F8C314FFD6FF83FF60FF318A4DFE5D,Superodontella huculica,"Superodontella huculica Kaprus' & Weiner, 2007, sp. nov.",Odontellidae,"New species of Superodontella Stach, 1949 (Collembola, Odontellidae) from western part of Ukraine",10.5281/zenodo.177312,http://treatment.plazi.org/id/03F8C314FFD6FF83FF60FF318A4DFE5D,type_locality,What is the type locality of Superodontella huculica?,"Ukraine, Eastern Carpathians, Chornochora Range, Pozhyzhevska Mt","tle. Anal spines present. Type material. Holotype male, paratypes: three males and female in the State Museum of Natural History, Ukrainian National Academy of Science, L'viv, paratype: male in the Institute of Systematics and Evolution of Animals, Polish Academy of Sciences, Cracow. Type locality. Ukraine, Eastern Carpathians, Chornochora Range, Pozhyzhevska Mt., Vorochta village, subalpine meadow, Vaccinum sp., soil, 1800 m alt., 24. iv.1982. Coll. Jevgenia Rukavets'. Other material. Ukraine, Eastern Carpathians, Chyvchyny Range, Burkut village, Sphagnum bog, wet moss, 15. viii.1990, two adult females and male on slides, coll. Ighor Kaprus'; Gorgany Rang",1058,5047
K144,DA6387B5C73D0D22FF14FF04FE14FBBA,Strumigenys arizonica,Strumigenys arizonica,,"The ant genus Strumigenys Smith, 1860 (Hymenoptera: Formicidae) in western North America North of Mexico",10.11646/zootaxa.5061.2.1,http://treatment.plazi.org/id/DA6387B5C73D0D22FF14FF04FE14FBBA,distribution,What is the known distribution of Strumigenys arizonica?,"USA to Mexico; in USA occurs in Texas, Arizona, and New Mexico","Distribution. USA to Mexico; in USA occurs in Texas, Arizona, and New Mexico. Comments. Strumigenys arizonica forms mutualistic compound nests with Trachymyrmex arizonensis , where it feeds on Collembola in moist underground refuse chambers (Gray et al. 2018). Although other Strumigenys species have been collected in associations with other ant refuse piles, they are not ex",14,2346
K145,E8E1636F3F23B5FC72A97DA44A3025A3,Entomobrya neotenica,"Entomobrya neotenica Katz & Soto-Adames, sp. n.",Entomobryidae,"Taxonomic review and phylogenetic analysis of fifteen North American Entomobrya (Collembola, Entomobryidae), including four new species",http://dx.doi.org/10.3897/zookeys.525.6020,http://treatment.plazi.org/id/E8E1636F3F23B5FC72A97DA44A3025A3,distribution,What is the known distribution of Entomobrya neotenica?,Endemic to North America (Suppl,"fact, most individuals were thought to be juvenile forms of Entomobrya ligata prior to the observation of the male genital plate. Entomobrya neotenica sp. n. is very similar to Entomobrya ligata and Entomobrya unifasciata sp. n., but can be separated by characters outlined in Table 6. Distribution. Endemic to North America (Suppl. material 2: K)",4131,4178
K146,23C640A4C3D1538A971287779004E869,Xenylla arnei,"Xenylla arnei Babenko & Efeykin & Bizin 2020, sp. nov.",Hypogastruridae,Three new and one little-known species of Hypogastruridae (Collembola) from Russia's northeast,http://dx.doi.org/10.3897/zookeys.1005.54882,http://treatment.plazi.org/id/23C640A4C3D1538A971287779004E869,etymology,What does the name of Xenylla arnei refer to?,"The new species is named after the famous Norwegian collembologist, Arne Fjellberg, who discovered it in the Magadan Region more than 40 years ago","18 setae, respectively. Tibiotarsal setae A1 and A7 on all legs as long as 1.5-1.7 inner edge of unguis, clearly clavate. Unguis with a pair of lateral teeth and usually with a small tooth in upper third of inner edge. Anal spines short, usually curved and set on tiny cuticular papillae. Etymology. The new species is named after the famous Norwegian collembologist, Arne Fjellberg, who discovered it in the Magadan Region more than 40 years ago. Affinities. Using the most recent key to the Asiatic species of the genus (Jia and Skarzynski 2019), X. arnei sp. nov. keys out to X. humicola (Fabricius, 1790), because their general chaetotaxic codes [h1rt] are identical. Moreover, both species are similar in many other important morphological t",3749,8213
K147,0D38B345FFBF1D05D952FC81335274F3,Proisotoma pakurensis,"Proisotoma pakurensis Mandal, Suman & Bhattacharya, 2017, n. sp.",Isotomidae,"Five new species of Collembola (Isotomidae) from Jharkhand, India",10.26515/rzsi/v117/i2/2017/117277,http://treatment.plazi.org/id/0D38B345FFBF1D05D952FC81335274F3,habitat,What is the habitat of Proisotoma pakurensis?,"Found under leaf-litter of moist deciduous forest, particularly Tussar plantation garden of Littipara of Pakur district of Jharkhand","7). Th. II – Abd. V also clothed with normal setae (Figures 18 & 19). Only 1+1 macrochaetae present on sixth abdominal segment (Figure 20). Ant. I with 3 and Ant.II with 2 basal microsensilla present (Figure 21). Ant.III with two peg like structures and Ant.IV with acuminate setae present. Ecology: Found under leaf-litter of moist deciduous forest, particularly Tussar plantation garden of Littipara of Pakur district of Jharkhand. Etymology: The new species is named after the type locality, Pakur district, Jharkhand, India. Discussion: The new species from, Littipara Tussar plantation garden of Pakur district of Jharkhand, India can easily distinguished from other known species of Proisotoma by manubrial and dental chaetota",3526,7136
K148,03A12C18432FC158CC831829B6B7FD28,Pygmarrhopalites buffaloensis,"Pygmarrhopalites buffaloensis Zeppelini, Taylor & Slay, 2009, sp. nov.",Arrhopalitidae,"Cave Pygmarrhopalites Vargovitsh, 2009 (Collembola, Symphypleona, Arrhopalitidae) in United States",10.5281/zenodo.189689,http://treatment.plazi.org/id/03A12C18432FC158CC831829B6B7FD28,etymology,What does the name of Pygmarrhopalites buffaloensis refer to?,"The type specimens were collected from a cave near the Buffalo River, in northern Arkansas","lmate, deeply serrated distally (Fig. 4 I). Type material. Holotype (female) (number 1 in the slide): USA, ARKANSAS, Newton Co., Walnut Cave, 29-xii-2003, M.E. Slay, C.J. Bitting leg. (INHS). Paratypes: 1female mounted in a slide and 2 adults in alcohol, same locality as holotype (INHS). Etymology. The type specimens were collected from a cave near the Buffalo River, in northern Arkansas. Remarks. Pygmarrhopalites buffaloensis was found in single cave at Buffalo National River approximately 26 km upstream from the cave containing P. youngsteadtii . The climate is Cfa, physiographic province Springfield Plateau of the Ozark Plateaus. This species resembles P. s a p o by presenting t",1774,2310
K149,DA63800CFFC51A79FF32F8CAFAC5430C,Lobellina nanjingensis,"Lobellina nanjingensis Ma & Chen, 2008, sp. nov.",Neanuridae,A new species of Lobellina (Collembola: Neanuridae) from China,10.5281/zenodo.181371,http://treatment.plazi.org/id/DA63800CFFC51A79FF32F8CAFAC5430C,habitat,What is the habitat of Lobellina nanjingensis?,Found in leaf litter in deciduous forest,"and furcular remnant shown in Table 2. Ventral tube with 5+5 setae. Furcular vestige with 3 setae. Unguis carinate with granules and transverse striae, inner tooth small and located at base of unguis. Unguiculus absent (Fig. 13). Etymology. The new species is named after the type locality. Ecology. Found in leaf litter in deciduous forest. Remarks. The new species is assigned to Lobellina although a few of its characters differ from the diagnosis of the genus made by Deharveng and Weiner (1984). The characters that conform to the diagnosis are: integument without tertiary granules; body tubercles rounded; macrosetae thick and blunt ",2604,5677
K150,03FF1701192BFF8595AAFA539D2821FD,Plutomurus kharagauliensis,"Plutomurus kharagauliensis Barjadze, Kovac & Parimuchova 2022, sp. nov.",Tomoceridae,Two new species of Plutomurus Yosii (Collembola: Tomoceridae) from the Caucasus and central Europe,10.11646/zootaxa.5169.3.2,http://treatment.plazi.org/id/03FF1701192BFF8595AAFA539D2821FD,habitat,What is the habitat of Plutomurus kharagauliensis?,"It is a troglophilous species, considering the presence of body pigment and 6+6 well-developed eyes","massifs of western Georgia and molecular investigations (COI) show that P. birsteini is a complex of genetically distinct cryptic species (Barjadze, unpublished data). Etymology. The specific name originates from the type locality––Kharagauli district in which the Kozmani Cave is situated. Ecology. It is a troglophilous species, considering the presence of body pigment and 6+6 well-developed eyes. It occupies both twilight and dark zones of the cave. Distribution. This species is known only from a single cave. This cave is the remotest one from Zemo Imereti plateau karst massif and it is isolated from other known caves in the same karst massif (Tatashidze et al. 2009). The new species is th",6079,6516
