qid,docid,species,treatment_title,family,article_title,doi,treatment_uri,question_type,question,candidate_answer,gold_context,answer_offset,text_length,overlap_with_old
K151,039C8798F361084F08D2FF28FCAC136E,Desoria cooki,"Desoria cooki Babenko & Fjellberg, 2025, sp. nov.",Isotomidae,"Three new Desoria species (Hexapoda, Collembola, Isotomidae) from the eastern Palaearctic",10.11646/zootaxa.5717.1.5,http://treatment.plazi.org/id/039C8798F361084F08D2FF28FCAC136E,body_size,What is the body length of Desoria cooki?,1.7–1.8 mm,"osses), 24.07.2018. O. Makarova & K. Makarov leg. Diagnosis.A species of the pJasini -group sensu Potapov (2001) of the genus Desoria , characterized by macrosetae densely ciliated all around, clearly serrated mesosetae and a fairly large number of tergal macrosensilla. Description. Body size up to 1.7–1.8 mm. Colour uniformly dark with numerous small lighter spots at bases of setae, ventral side lighter, dens and distal parts of legs more or less whitish. Body shape typical of the genus, Abd. V–VI clearly separated. Integument smooth, without visible granulation. Dorsal setal cover dense and strongly d",2411,8281,
K152,03E2981ED122FFB4F1438A8DFD038E1E,Alloscopus namtip,"Alloscopus namtip Jantarit, Sangsiri & Tawin, 2020, new species",Entomobryidae,"Two new species of Alloscopus from caves in Thailand, with a key to world species of the genus (Hexapoda: Collembola)",,http://treatment.plazi.org/id/03E2981ED122FFB4F1438A8DFD038E1E,body_size,What is the body length of Alloscopus namtip?,1.6 mm,"°58'55.9""E, 195 m asl, dark zone of cave, by aspirator, coll. S. Jantarit, 28 April 2016 . Paratypes on slides: twelve samples, 2 male and 10 ex., by aspirator, same data as holotype . Description. Habitus. Medium size Entomobryidae , similar to that of A. whitteni , new species . Body length up to 1.6 mm (holotype 1.57 mm). Scales present on antennae I and II, head, body, legs (coxa to femur), ventral tube and furca. Colour: pale yellow to whitish in alcohol, without pigments; presence of dark red ocular patch and PAO. Antennal length shorter than body. Body slender, not bent nor humped at level of",471,10680,
K153,03E20D10A853FFD9FF71FE4DFCFFFC69,Ceratophysella brevisensillata,Ceratophysella brevisensillata Yosii 1961,Hypogastruridae,"Ceratophysella lobata sp. n. from Siberia with notes on C. brevisensillata Yosii, 1961 (Collembola: Hypogastruridae)",10.5962/bhl.part.117808,http://treatment.plazi.org/id/03E20D10A853FFD9FF71FE4DFCFFFC69,body_size,What is the body length of Ceratophysella brevisensillata?,1-1.3 mm,"Figs 1-9 MATERIAL EXAMINED: 10 paratypes (?) on slides, formerly in alcoholic vial labeled: „ Hypogastrura (Ceratophysella) pseudarmata (Folsom) det. Yoshii, USA (Massachusetts), Arlington 15.XI.1950, leg. Bonet, on rain pools” (MNHG). REDESCRIPTION: Body length 1-1.3 mm. Color in alcohol grey to dark grey. Eye patches black, anal spines light. Granulation fine and uniform, with 14-22 granules between setae p 1 on abd. V. Dorsal chaetotaxy of B type, macrosetae p 2 on th. II-III set nearly in line with setae p 1, setae m 3 and m 4 on th. II usually present, setae a",263,4650,
K154,1E61975CFFE80A6FFF0EFF5AD8922839,Arrhopalites colchicus,"Arrhopalites colchicus Vargovitsh, 2025, sp. nov.",Arrhopalitidae,"Arrhopalites colchicus sp. nov. (Collembola: Symphypleona: Arrhopalitidae), the third highly troglomorphic species of the genus from the Caucasus",10.11646/zootaxa.5632.1.8,http://treatment.plazi.org/id/1E61975CFFE80A6FFF0EFF5AD8922839,body_size,What is the body length of Arrhopalites colchicus?,0.9 mm,"ype on slide C-1036a-2 (Fig. 6A): male, collected together with holotype from the same cave and by the same collector. The holotype and paratype are preserved in the collection of the Schmalhausen Institute of Zoology, National Academy of Sciences of Ukraine, Kyiv . Description. Female. Body length 0.9 mm, unpigmented (see Table 1 and 2 for other measurements). Head (Fig. 3A). Eyes not detected. Clypeal area includes six rows a to f with 4 + axial + 4 / 5 + 5 / 5 + 5 / 5 + 5 /5 + 5 / 6 + 6 setae respectively, and median region M with 4 asymmetrical setae. Interantennal area: row α: 2 + 0 (variable),",1867,13824,
K155,5F2287ADFFAE0C72F2A2FC63FB60F9D9,Paralobella sensilla,"Paralobella sensilla Jiang, Wang & Zhu, 2025, sp. nov.",Neanuridae,"New species of Neanuridae (Collembola) from Wuyunjie National Nature Reserve, China",10.11646/zootaxa.5575.1.4,http://treatment.plazi.org/id/5F2287ADFFAE0C72F2A2FC63FB60F9D9,body_size,What is the body length of Paralobella sensilla?,2.7 mm,"phalic chaeta O present; cephalic tubercles Dl separate from tubercle L+ So; mandible with 2 basal teeth and four apical teeth; maxilla with only one tooth; body tubercles well differentiated; tubercle De fused to Dl on Abd. V; dorsal body sensilla clavate. Description. Body length: holotype female 2.7 mm, paratypes, one female 2.8 mm, one juvenile 1.3 mm. Color: living specimens red, whitish in ethanol (Fig. 2). Chaetal morphology. Dorsal ordinary chaetae of five types. Long macrochaetae (Ml) sheathed, toothed and with blunt or pointed tip (Fig. 4a–c). Short macrochaetae (Mc) morphologically simila",1034,8587,
K156,8C788F692A6AAE7ED9CF83658AA8717A,Pogonognathellus litoralis,"Pogonognathellus litoralis Kuprin et Potapov 2019, sp. n.",Tomoceridae,Discovery of the first littoral species of the family Tomoceridae (Collembola),10.25221/fee.397.1,http://treatment.plazi.org/id/8C788F692A6AAE7ED9CF83658AA8717A,body_size,What is the body length of Pogonognathellus litoralis?,3 mm," (FCBV); Vladivostok, De-Fries Peninsula, Uglovoy Bay, stony littoral, floatation, 04.VI 2019, 2 specimens (in alcohol), coll. A. Kuprin (FCBV); Fokino, Rudneva Bay, littoral (sand/algae), floatation, 07.VII 2018, 5 specimens (in alcohol), coll. A. Kuprin (FCBV). DESCRIPTION. Female body size up to 3 mm. In alcohol body and head grey, proximal part of legs paler, tibiotarsi, antennae and distal part of furca with bluish pigmentation (Fig. 1). Eye spots black. In Hoera liquid on slides body greenish. Head. Antennae as about 0.7–0.8 body length. Ratio Ant.I: Ant.II: Ant.III+IV as 1.0: 1.4-1.7: 9.0–1",998,8836,
K157,131087DDEB7DF014FE6358C4FEEDFA30,Onychiurus gulinensis,"Onychiurus gulinensis Sun & Zhang 2012, sp. nov.",Onychiuridae,Two new species of Onychiurus (Collembola: Onychiuridae) from Eastern China,10.1080/00222933.2012.707236,http://treatment.plazi.org/id/131087DDEB7DF014FE6358C4FEEDFA30,body_size,What is the body length of Onychiurus gulinensis?,1.7–2.0 mm,"Berlese extraction, Jigang Jiang and Xin Sun leg. (C9557). –ibid: Qingliangshan Park: seven paratypes on slide, 26 February 2006, litter, Berlese extraction, Yongzheng Luo and Li Liu leg. (C9314). Holotype and eight paratypes on slide in NJU, three paratypes in MNHN. Description Body length: female 1.7–2.0 mm, male 1.6 mm; holotype 1.6 mm. Body shape: cylindrical, Abd. III –IV more or less broadened. Body colour: white in alcohol . Pseudocelli formula 32 / 022 / 33343 dorsally, 11 / 000 / 01010 ventrally, subcoxa 1 of legs I–III with one pso each (Figure 1A,B). Parapseudocelli: subcoxa 1 of legs I–III w",469,4854,
K158,6F20573334383A1BCC8AFC6643AEF91D,Trogolaphysa ernesti,"Trogolaphysa ernesti Bellini & Cipola 2017, sp. nov.",Paronellidae,"The Neotropical genera of Paronellinae (Collembola, Entomobryoidea, Paronellidae) with description of two new species and redescription of Campylothorax mitrai",10.11646/zootaxa.4300.2.1,http://treatment.plazi.org/id/6F20573334383A1BCC8AFC6643AEF91D,body_size,What is the body length of Trogolaphysa ernesti?,2.51 mm,"ark Araripe (07°21’59”S; 39°19’47”W), Caatinga Biome, 07.ii.2011, BC Bellini coll. Paratypes five males and two females on slides and one specimen in alcohol, same data as holotype. Type material deposited at Collembola Collection of DBEZ / UFRN. Description. Total length (head + trunk) of holotype 2.51 mm. Habitus typical of the genus (Fig. 62). Specimens pale yellow with dark blue pigment covering distal half of Ant. I to Ant. IV, lateral Th. II–III, distal half of femora I–II to half of tibiotarsi, and medial portion of the tibiotarsus III; eyepatches black (Fig. 62). Heavily striate apically roun",387,7986,
K159,03986E15FFD64B0A0E814EBCFAF4FBA9,Trochoideus koenigsbergicus,"Trochoideus koenigsbergicus Alekseev & Tomaszewska 2018, sp. nov.",unassigned,"New handsome fungus beetles (Coleoptera: Coccinelloidea: Anamorphidae, Endomychidae) from European amber of the Upper Eocene",10.26879/832,http://treatment.plazi.org/id/03986E15FFD64B0A0E814EBCFAF4FBA9,body_size,What is the body length of Trochoideus koenigsbergicus?,3.1 mm,"notum being rugosely punctate at sides; and from T. dalmani Westwood, 1838 , T. wasmanni Strohecker, 1959 , and T. cruciatus (Dalman, 1825) by having dark, monochromatic elytra. Description. Body elongate, convex, uniformly dark brown, with short pubescence all over body and legs. Total body length 3.1 mm, width (at widest point) 1.5 mm. Head with coarse and dense punctation (interspaces as large as puncture diameter). Eyes large, prominent. Fronto-clypeal suture straight. Clypeus covered with dense, relatively long, semierect hairs; and clypeal shape flat, transverse, with subparallel sides. Antenn",2242,4914,
K160,B14287AAFF82704E3E83B346FBA1F82C,Australotomurus morbidus,Australotomurus morbidus Greenslade & Jordana 2014,Orchesellidae,"A synthesis of the current knowledge on the Australian Orchesellidae (Collembola, Entomobryoidea)",10.11646/zootaxa.5115.2.3,http://treatment.plazi.org/id/B14287AAFF82704E3E83B346FBA1F82C,body_size,What is the body length of Australotomurus morbidus?,2.5–3 mm,"Figs 8, 14–15, Tables 2 – 3 Diagnosis. Size of adult specimens about 2.5–3 mm, background colour white, dorsally with several dark spots and bands in a consistent pattern, Abd. III–IV more intensely pigmented. Ant. II undivided, Ant. III almost subdivided (antennae with five segments). Males’ Ant. Ib externally with about 40–50 modified short densely ciliate chaetae plus 10 ",69,1675,
K161,052C87EDFFF58036FF15EA8EFD46F55E,Temeritas paradoxalis,"Temeritas paradoxalis Medeiros & Bellini 2019, sp. nov.",Sminthuridae,"Two new species of Temeritas Richards (Collembola, Symphypleona, Sminthuridae) from Neotropical Region, with comments on the genus",10.11646/zootaxa.4586.3.9,http://treatment.plazi.org/id/052C87EDFFF58036FF15EA8EFD46F55E,body_size,What is the body length of Temeritas paradoxalis?,1.11 mm,"ts of purple pigment on head, trunk and legs apparently forming longitudinal stripes on body. Antennae almost entirely purple, furca mostly whitish, with dark pigments over dorsal dens (Fig. 25). Body chaetae slightly serrated and acuminate. Head (Figs 26–34). Antennae subequal to body length, with 1.11 mm in holotype (Figs 25 – 27). Antennal segments ratio of Ant I:II:III:IV as 1:1.69:2.71:6.83. Ant IV in holotype with 19 subsegments, subsegment 1 with 12 chaetae, subsegment 2 with 7 chaetae, subsegment 3 with 8 chaetae, subsegments 4–5 with 9 chaetae each, subsegments 6–17 with 10 chaetae each, sub",979,8049,
K162,752287812A4CF97B2EFB8CFAFEE9AF77,Megalothorax sanctistephani,Megalothorax sanctistephani Christian 1998,Neelidae,"Investigation on the origin of the “ nose ” in the genus Megalothorax Willem, 1900 (Neelidae, Collembola) by the means of integrative taxonomy",10.11646/zootaxa.5590.2.3,http://treatment.plazi.org/id/752287812A4CF97B2EFB8CFAFEE9AF77,body_size,What is the body length of Megalothorax sanctistephani?,0.2–0.34 mm,"16S mtDNA [PQ900094, PQ900415, PQ900095], same collection data as above RUSSIA. One individual sequenced for near-complete n-rDNA operon sequence [PQ900093], same collection data as above. Redescription. General aspect. Habitus and segmentation typical of the genus (Fig. 10A, B). Body length around 0.2–0.34 mm (biggest Russian individual found: 0.26 mm). Specimens whitish in alcohol. Body chaetotaxy sparse including chaetae, s-chaetae, trichobothria (Fig. 12C), neosminthuroid chaetae, wax-rods and inner sensilla within sensory fields 2–6. Body chaetae ordinary, without any remarkable development (Figs 5A",1436,7564,
K163,2DEE602F4D01A07469F02C9ECD4C24AA,Tullbergia alcirae,"Tullbergia alcirae Palacios-Vargas & Martinez, 2014, sp. n.",Tullbergiidae,"A new species of Tullbergia (Collembola, Tullbergiidae) from Buenos Aires, Argentina",http://dx.doi.org/10.3897/zookeys.416.6923,http://treatment.plazi.org/id/2DEE602F4D01A07469F02C9ECD4C24AA,body_size,What is the body length of Tullbergia alcirae?,1.2 mm,"rgan with 3 thick curved dorsal sensilla, one ventral sensillum; 6 dorsal sensilla on Ant. IV; about 72 vesicles on postantennal organ; pseudo cellar formulae 11/122/22221: one minute empodial appendix, two slightly clavate tenent hairs ventrally on each tibiotarsus. Description. Body length (n=12) 1.2 mm (range 0.83-1.4 mm), with moderately long macrosetae 61 µm (range 56-66), and short microsetae 18 µm (range 15-23), all of them smooth and thin. Relatively uniformly distributed fine intergumentary granules, interspersed with somewhat coarser granules on Abd. VI. Antennal bases well delimited. Rati",1083,5596,
K164,039587D4FFA2FFDC1373FEDC723EFD05,Scutisotoma schisti,"Scutisotoma schisti Potapov & Babenko & Fjellberg 2006, sp.n.",Isotomidae,"Taxonomy of the Proisotoma complex. Redefinition of genera and description of new species of Scutisotoma and Weberacantha (Collembola, Isotomidae)",10.11646/zootaxa.1382.1.1,http://treatment.plazi.org/id/039587D4FFA2FFDC1373FEDC723EFD05,body_size,What is the body length of Scutisotoma schisti?,0.8–1.2 mm,", mountain tundra, 23.vii.1993, leg. S. Stebaeva. 6 exx., Russia, Southern Siberia, Tuva, Kup-Khol Lake, sedge bog, 20.vii.2001, leg. S. Stebaeva. 1 ex. , Russia, Southern Siberia, West Sajan Mts., Usinsky Tract, Olen’ya River, mountain tundra, 31.v.1962, leg. S. Stebaeva (MSPU) . Description. Size 0.8–1.2 mm. Usually dark-violet, extremities paler. Cuticle with fine but visible primary granulation. Ocelli 8+8, G and H smaller. PAO elliptical, not constricted, about twice as long as ocellus diameter or 0.8–1.3 of inner unguis length (Fig. 90). Maxillary outer lobe with 4 sublobal hairs, maxillary palp b",963,5134,
K165,039A87B5FFD40E29FF65FA14FD8CF954,Pseudosinella valverdei,"Pseudosinella valverdei Baquero & Jordana 2021, n. sp.",Entomobryidae,Distinctive Collembola Communities in the Mesovoid Shallow Substratum: Entomobryomorpha of the Sierra de Guadarrama National Park (Central Spain),10.5252/zoosystema2021v43a3,http://treatment.plazi.org/id/039A87B5FFD40E29FF65FA14FD8CF954,body_size,What is the body length of Pseudosinella valverdei?,2.40 mm,"ehind anterior bothriotrichum and bothriothrichal complex mic D 1p present; claw with four internal teeth: two basal and two unpaired (the last one sometimes almost imperceptible); empodium acuminate; manubrial plate with three internal and 10-13 external chaetae. DESCRIPTION Body Body length up to 2.40 mm, head included (mean 2.05 mm, n = 11 adults), excluding antennae (holotype: 2.05 mm). Color blue dark, especially on Ant I-IV (except tip of IV), anterior part of the head, and posterior area of the tergites Th II- AbdVI), coxae, and basal manubrium; Th II darker in front area (Fig. 8G). Scales abs",2504,8501,
K166,3048909794415CAFAF7712BC8C024C10,Ceratophysella stachi,"Ceratophysella stachi Skarzynski, Smolis & Porco 2021, sp. nov.",Hypogastruridae,"A new European species of Ceratophysella (Collembola, Hypogastruridae) revealed by morphological data and DNA barcodes",http://dx.doi.org/10.3897/zookeys.1021.63147,http://treatment.plazi.org/id/3048909794415CAFAF7712BC8C024C10,body_size,What is the body length of Ceratophysella stachi?,1-2 mm," m a.s.l., litter in a stream valley, 19. V.2000, leg. A. Smolis. Ukraine: male, Ivano-Frankove village, Lviv District, beech and elm forest, leaf litter and soil, leg. S. Bakaeva , 2.2.4.8 (SMNHL). Etymology. Dedicated to Jan Stach, the excellent specialist in Collembola . Description. Body length 1-2 mm. Colour (in alcohol) bluish-gray to bluish-black. Tegumental granulation strong, with fields of especially coarse granules on head (large uniform field covering whole dorsal side except antennal bases), thoracic terga II-III (two large subaxial fields and two lateral ones of medium size, Fig. 3), a",3904,10283,
K167,03EDEE2852106F5DFE9EFA34FDF4214D,Arrhopalites ruseki,Arrhopalites ruseki Nosek 1975,Arrhopalitidae,"The genus Arrhopalites (Collembola, Arrhopalitidae) in Asia, with the description of two new Japanese species of Yosiis collection",10.11646/zootaxa.430.1.1,http://treatment.plazi.org/id/03EDEE2852106F5DFE9EFA34FDF4214D,body_size,What is the body length of Arrhopalites ruseki?,0.7 mm,"Type locality: Moravia, Moravian Karst cave . Pygmaeus ­group s.str.. Total length, 0.7 mm. White with black eyes patches, eyes 1+1. Cephalic spinelike setae present. Ant. III swollen basally. Ant. IV divided into 5 subsegments. Second and third ungues with inner tooth, second unguiculus with corner tooth, apical filament present in both. Dental chaetotaxy shown in table III, ventral den",84,477,
K168,03C9E776FFDBFFB4BCABFD6BA4FDF853,Endonura reticulata,Endonura reticulata Axelson 1905,Neanuridae,"Studies on the non-European Endonura Cassagnau, 1979 (Collembola, Neanuridae, Neanurinae)",10.5281/zenodo.278475,http://treatment.plazi.org/id/03C9E776FFDBFFB4BCABFD6BA4FDF853,body_size,What is the body length of Endonura reticulata?,0.6–2.30 mm,"I with 3 and 4 chaetae respectively. Tubercles L on abd. III and IV with 4 and 6–9 chaetae respectively. Abd. IV and V with 8 and 3 tubercles respectively. Claw without inner tooth. Tibiotarsi with chaetae B4 and B5 short. Redescription. Habitus typical of the genus. Body length (without antennae): 0.6–2.30 mm. Colour of the body spotted bluish grey, sometimes very pale. 2+2 medium dark pigmented eyes (Fig. 22). Types of dorsal ordinary chaetae. Macrochaetae Ml thickened, relatively long, arc-like or straight, narrowly sheathed, feebly serrated, apically rounded or rarely pointed (Figs 22, 24, 32–34); ma",2639,8014,
K169,7F4F87E67620FFE9BFFDFC348DE4186B,Tomocerus pseudospinulus,"Tomocerus pseudospinulus Gong & Qin & Yu 2018, sp. nov.",Tomoceridae,"Two new species of Tomocerus ocreatus group with a single large distal dental spine (Collembola, Tomoceridae)",10.11646/zootaxa.4514.2.10,http://treatment.plazi.org/id/7F4F87E67620FFE9BFFDFC348DE4186B,body_size,What is the body length of Tomocerus pseudospinulus?,2.8–3.3 mm,"ational Nature Reserve, Jinzhai County, Anhui Province, China, 115°46′40″E, 31°07′49″N (WGS84), alt. 995m, 27.iii.2016, leg. Daoyuan Yu and Chunyan Qin (16 TTZ10) . Paratypes: 2 females and 1 male on slides, 4 in alcohol, same data as holotype. All types deposited in NJAU . Description. Body length 2.8–3.3 mm (average 3.0, 4 specimens). Background body colour light yellow. Ant. I and Ant. II antero-laterally with diffuse purple pigment; ground colour of Ant. III grey, basally and apically with purple pigment, gradually darker towards apex; Ant. IV dark purple. Eye patch black, small purple patch behind ",394,4938,
K170,03FDDD4A654DFF84CDBAF98939EB308C,Heteraphorura iranica,Heteraphorura iranica,Onychiuridae,"Three new species of Onychiuridae Lubbock, 1871 (Collembola, Poduromorpha) from Iran",10.11646/zootaxa.4291.2.6,http://treatment.plazi.org/id/03FDDD4A654DFF84CDBAF98939EB308C,body_size,What is the body length of Heteraphorura iranica?,1.2–1.7 mm,"eral teeth and inner tooth. Empodial appendage without basal lamella, its length equal to 0.60–0.65 of inner edge of claw. MVO present on Abd. sternum IV, consists of 25–40 thick chaetae, located closely together in integumentary pocket. Description. Color white. Body length without antennae: males 1.2–1.7 mm (holotype – 1.2 mm), females 1.5–2.3 mm. Shape of body (Fig. 1) and granulation typical of genus. Usually with 11–13 granules around each pso. Antennae distinctly shorter than head (ratio 0.6–0.7). AIIIO organ consists of 5 conical papillae; 2 sensory rods; 2 spherical, finely granulated sensory cl",1967,5984,
K171,6F20573334283A06CC8AFD3F44F3FC5B,Salina zhangi,"Salina zhangi Bellini & Cipola 2017, sp. nov.",Paronellidae,"The Neotropical genera of Paronellinae (Collembola, Entomobryoidea, Paronellidae) with description of two new species and redescription of Campylothorax mitrai",10.11646/zootaxa.4300.2.1,http://treatment.plazi.org/id/6F20573334283A06CC8AFD3F44F3FC5B,body_size,What is the body length of Salina zhangi?,1.57 mm,"o Cumbuco (13°01’03”S; 41°22’11”W), Caatinga Biome, 13.xi.2015, B.C. Bellini coll. Paratypes four females and one male on slides, plus 5 specimens in alcohol, same data as holotype. Type material deposited at Collembola Collection of DBEZ / UFRN. Description. Total length (head + trunk) of holotype 1.57 mm. Habitus typical of Salina (Fig. 5). Specimens pale white to light yellow with blue to brown pigment covering the Ant. IV–II, lateral head, lateral edges of Th. II– III, medial Abd. III and posterior IV, and entirely the tibiotarsi. Eyepatches, distal margin of Ant. I–III and anterior margin of hea",385,7028,
K172,7D3A6118FFB9F631FF3B1F6DFC77A8C4,Olmia drevlyanica,"Olmia drevlyanica Legalov et Perkovsky 2025, sp. nov.",unassigned,New hairy fungus beetle Olmia drevlyanica gen. et sp. nov. (Coleoptera: Mycetophagidae) from Eocene Rovno amber,10.37828/em.2025.81.10,http://treatment.plazi.org/id/7D3A6118FFB9F631FF3B1F6DFC77A8C4,body_size,What is the body length of Olmia drevlyanica?,1.5 mm,"ly punctate. Abdomen convex. First ventrite subequal to length of metacoxal cavity. Second ventrite slightly shorter than ventrite first. Third ventrite about 0.9 times as long as ventrite two. Legs long. Femora clavate. Tibiae long, distinctly curved. Tarsal formula 4-4-4. Tarsi long. Body length: 1.5 mm. Discussion From Rovno amber were described a lot of taxa from predominantly mycophagous families Cryptophagidae (Lyubarsky & Bukejs 2022; Lyubarsky & Perkovsky 2010, 2011, 2012 a, 2020; Lyubarsky et al. 2024 a, 2024b, 2024c. 2024d) and Erotylidae (Alekseev & Bukejs 2023; Lyubarsky & Perkovsky 2012",3728,14474,
K173,B14287AAFF8670493E83B15FFA2BFE5F,Australotomurus echidnus,Australotomurus echidnus,Orchesellidae,"A synthesis of the current knowledge on the Australian Orchesellidae (Collembola, Entomobryoidea)",10.11646/zootaxa.5115.2.3,http://treatment.plazi.org/id/B14287AAFF8670493E83B15FFA2BFE5F,body_size,What is the body length of Australotomurus echidnus?,3 mm,"Figs 8, 10, Tables 2 – 3 Diagnosis. Size of adult specimens about 3 mm, background light bluish with dark spots on latero-posterior trunk segments, with a single dorsal stripe. Ant. II undivided (antennae with five segments). Males’ Ant. Ib internally with about 50 modified short densely ciliate chaetae plus 30 minute smooth chaetae, Ant. II dimorphic chaetae less dis",66,1151,
K174,4444F169FFA35E2A2DB3FA8CFA20F81C,Keratosminthurus tapigu,"Keratosminthurus tapigu Zeppelini & Brito & Zampaulo & Lima 2020, gen. nov.",Sminthuridae,A new highly dimorphic genus of Sminthuridae (Collembola: Symphypleona) from Brazil,10.11646/zootaxa.4729.1.2,http://treatment.plazi.org/id/4444F169FFA35E2A2DB3FA8CFA20F81C,body_size,What is the body length of Keratosminthurus tapigu?,"1,184µm","S; 50°21’25.0”W), 25.I.2014, leg. K. Mise. Paratype (CRFS #5448) deposited at CC /UFRN . Paratype adult male on slide, Brazil, Pará, Canaã dos Carajás, Serra Sul S 11D (6°23’12.6”S; 50°21’25.0”W), 18.I.2014, leg. K. Mise. Paratype (CRFS #5545) deposited at MUZUSP . Description. Holotype body length 1,184µm, head 513 µm. Color, brownish yellow body, whitish legs, antennae light purple, eyes in a patch of dark pigment (Fig. 5C left). Antennae: holotype antennal segments length (µm) I, II, III, IV = 103; 158; 252; 985. Ant I with four normal anterior chaetae, one chaeta and one mic in apical part on pos",754,8806,
K175,0C0C6C18FFBAFF877C33FC0CFDEFFA11,Megalothorax cellarincola,"Megalothorax cellarincola Panina, Bedos, Deharveng & Schneider, 2026, sp. nov.",Neelidae,Three new species of the genus Megalothorax (Collembola: Neelidae) from France,10.5852/ejt.2026.1034.3153,http://treatment.plazi.org/id/0C0C6C18FFBAFF877C33FC0CFDEFFA11,body_size,What is the body length of Megalothorax cellarincola?,300 µm," holotype • several specs in ethanol, number unknown due to possible ambiguity with co-occurring young M. minimus ; same data as for holotype; Apterygota collection SMNG, tubes no. SMNG-APT-EA-003-002–004 . Description GENERAL ASPECT. Habitus and segmentation typical of the genus. Body length up to 300 µm. Specimens whitish in alcohol (Fig. 1E). General chaetotaxy typical of the genus, trichobothria not studied. Most chaetae lanceolate on body, but some are of ordinary morphology. INTEGUMENT. Secondary granulation made of the usual dorsal rough granules. Integumentary channels extending laterally an",3610,7762,
K176,03DF8784B137FFB1FF6393A6C91C2DA6,Tullbergia meridionalis,Tullbergia meridionalis Cassagnau & Rapoport 1962,Tullbergiidae,Three new species and one new record of Tullbergiidae (Collembola: Onychiuroidea) from Tierra del Fuego,10.11646/zootaxa.4093.1.4,http://treatment.plazi.org/id/03DF8784B137FFB1FF6393A6C91C2DA6,body_size,What is the body length of Tullbergia meridionalis?,0.50–0.62 mm,", near Rio Grande, Chiliotrichum dense scrub, with Festuca gracillima and Chiliotrichum diffusum (after Collantes et al. 1999), S.M. Bonaventura and V. Mascitti leg., February 2001, 9 specimens. Description of specimens from Tierra del Fuego. Habitus as in Figs 20–21. Body length (without antennae) 0.50–0.62 mm. Body white. Cuticular granulation of whole body relatively uniform. Antennal bases not marked. Dorsal chaetae well differentiated into meso- and macrochaetae (Fig. 20). Antennae slightly shorter than head length (Fig. 20), ratio of lengths 1:1.2. Ant I, II, and III with 7, 11, and 17 ordinary chae",345,4572,
K177,0D38B345FFB81D01DA8BFB7E3666742A,Isotomurus jharkhandensis,"Isotomurus jharkhandensis Mandal, Suman & Bhattacharya, 2017, n. sp.",Isotomidae,"Five new species of Collembola (Isotomidae) from Jharkhand, India",10.26515/rzsi/v117/i2/2017/117277,http://treatment.plazi.org/id/0D38B345FFB81D01DA8BFB7E3666742A,body_size,What is the body length of Isotomurus jharkhandensis?,1.93 mm,"’18.8”and E 86˚26’56.8” collected by G. P. Mandal, Registration No. 1990/H14/ZSI; 01 ex on slide, India: Jharkhand: Amaghata Forest, Dhanbad district , 07. ix. 2013, Lat & Long. N 23°49’43.4” and E 86°30’13.3”, collected by G. P. Mandal, Registration No. 1991/H14/ZSI. Description: Body length up to 1.93 mm (excluding appendages). Colour Pattern: Background colour yellowish white. Eyes dark blue-black, one anterior & one median black spot present between eyes. Base of antenne and posterior side of head pigmented with violettish blue. Ant - I, II laterally pigment, Ant – III and IV darker. Pre coxae an",1680,6551,
K178,039A87B5FFF90E1EFC0BFB75FB6FF875,Entomobrya guadarramensis,"Entomobrya guadarramensis Jordana & Baquero 2021, n. sp.",Entomobryidae,Distinctive Collembola Communities in the Mesovoid Shallow Substratum: Entomobryomorpha of the Sierra de Guadarrama National Park (Central Spain),10.5252/zoosystema2021v43a3,http://treatment.plazi.org/id/039A87B5FFF90E1EFC0BFB75FB6FF875,body_size,What is the body length of Entomobrya guadarramensis?,2.60 mm,"bdII- III, and abundant Mc on AbdIV. The unequivocal identification of the species can only be done using the abbreviated formula that, for this species, is: 3-1-0-3-2/2-4/2-5/1-2-1(2)/7-4- 204 - 102 -2 (following Jordana & Baquero 2005). DESCRIPTION Size and color Body length (excluding antennae): 2.60 mm (n =10), up to 2.84 mm (holotype 2.66 mm). Ground color white or very pale yellow, with pigment on lateral body, dorsolateral head and vertex, transversal stripes on some posterior tergites, and two patches with more or less development and intensity on Abd II-IV (Fig. 8A). Head Eight eyes, GH smal",3603,7977,
K179,F13187C5FF93FFF904DDFB25FE4AFE28,Ceratophysella macrocantha,Ceratophysella macrocantha Stach 1946,Hypogastruridae,"Ceratophysella macrocantha Stach, 1946 (Collembola, Hypogastruridae): a redescription of a forgotten species from the Alps",10.5281/zenodo.3463441,http://treatment.plazi.org/id/F13187C5FF93FFF904DDFB25FE4AFE28,body_size,What is the body length of Ceratophysella macrocantha?,2.4 mm,"uding beyond the teeth and broadened at the tip. Outer maxillary lobe with two sublobal hairs. Empodial appendage with apical filament reaching tip of claw. Dens with 7 unmodified setae, mucro slender, spoonlike at tip, with low outer lamella. Anal spines long colourless. Redescription: Body length 2.4 mm. Colour (in alcohol) mostly dark blue, ventrally paler. Tegumental granulation fine and uniform, 27 granules between widely spaced macrosetae p 1 on abdominal tergum V (Fig. 6). Arrangement of setae on head typical for the genus, spinelike setae absent. Dorsal chaetotaxy of type B (Figs 5-6). Thora",995,6516,
K180,03EDEE2852196F53FE9EF9F5FDFF22BA,Arrhopalites ezoensis,"Arrhopalites ezoensis Zeppelini 2004, sp. n.",Arrhopalitidae,"The genus Arrhopalites (Collembola, Arrhopalitidae) in Asia, with the description of two new Japanese species of Yosiis collection",10.11646/zootaxa.430.1.1,http://treatment.plazi.org/id/03EDEE2852196F53FE9EF9F5FDFF22BA,body_size,What is the body length of Arrhopalites ezoensis?,0.9mm,"present (Fig. D); 4 ventral rows of setae (3,2,1,1) present (Fig. D). Mucro narrow, gutterlike, both edges serrate (Fig. E). No cuticular spines on anal valve; C series normal, chaetotaxy (Fig. H). Female subanal appendage thick, straight with serrate apex. Total length of the adult female holotype 0.9mm. Distribution. Biogeographic zone 3a. Remarks: Arrhopalites ezoensis n. sp. is a Japanese surface species of the pygmaeusgroup s. str. (Bretfeld, 1999) similar to A. diversus Mills 1934 , A. slovacicus Nosek 1975 and A. styriacus Nosek & Neuherz 1976 . The feature that holds those species together ",1659,2259,
K181,03FF6C3A8532FFD07A8C897FF366FD5B,Pseudachorutes scythicus,"Pseudachorutes scythicus Kaprus’ & Weiner, 2009, sp. nov.",Neanuridae,"The genus Pseudachorutes Tullberg, 1871 (Collembola, Neanuridae) in the Ukraine with descriptions of new species",10.5281/zenodo.189101,http://treatment.plazi.org/id/03FF6C3A8532FFD07A8C897FF366FD5B,body_size,What is the body length of Pseudachorutes scythicus?,1.15–1.40 mm,"Description. Body length without antennae 1.15–1.40 mm. Colour in alcohol bluish-grey, ocular plate bluishblack. Tegumental granulation strong. Antennae shorter than head. Ant. I with 7 setae, Ant. II with 12 setae and Ant. III with 20 ordinary setae. Ant. III and IV fused dorsally, ventral separation well marked. Sensory organ of Ant. III consisting o",42,5039,
K182,496BD62B7121F106FD8B3D28FAF29E5A,Tomocerus ocreatus,Tomocerus ocreatus Denis 1948,Tomoceridae,"Tomoceridae (Collembola, Entomobryomorpha) from the southern Annamitic cordillera: redescription of Tomocerus ocreatus Denis, 1948 and description of a new species of Tomocerina Yosii, 1955",10.5852/ejt.2016.176,http://treatment.plazi.org/id/496BD62B7121F106FD8B3D28FAF29E5A,body_size,What is the body length of Tomocerus ocreatus?,3.6 mm,"rmediate teeth. Neotype VIETNAM: ♀, on slide. Collected in Hon Giao, Bi Doup massif, northeast of Dalat, Lam Dong Province, 108°42’53”E, 12°11’11’’N, alt. 1630 m, 12 Jun. 2008, by Louis Deharveng & Anne Bedos (sample code Vn08-150). Deposited in MNHN (specimen Vn08-150_To1). Description Body length 3.6 mm. Ground colour uniformly yellowish white. Ant. III+IV, antero-ventral part of head, coxae and tibiotarsi with dark pigment. Eye patches black. Scales brown (Fig. 1A). Body densely clothed by scales and various types of chaetae. Scales of typical morphology of Tomocerinae , with continuous longitudi",814,11003,
K183,4F7687827F6FF270FE3E9EEA9CC7FB7C,Deuteraphorura kozmani,"Deuteraphorura kozmani Parimuchova, Barjadze & Kovac 2023, sp. nov.",Onychiuridae,"Two new species of the genus Deuteraphorura Absolon, 1901 (Hexapoda, Collembola, Onychiuridae) from Georgian caves with remarks on the subterranean biodiversity of the Caucasus Mountains",10.5852/ejt.2023.879.2161,http://treatment.plazi.org/id/4F7687827F6FF270FE3E9EEA9CC7FB7C,body_size,What is the body length of Deuteraphorura kozmani?,1.8–2.6 mm,"haragauli, Kozmani Cave; 42.10092528° N, 43.28852625° E; 14 Sept. 2021; Eter Maghradze leg.; hand collecting on detritus; IBE FS UPJS. Paratypes GEORGIA • 6 ♀♀, 2 ♂♂; same collection data as for holotype; IZISU • 8 ♀♀, 1 ♂; same collection data as for holotype; IBE FS UPJS . Description Body length 1.8–2.6 mm in females, 1.5–2.0 in males (average 2.0 mm; n = 18), shape cylindrical (Fig. 5a). Colour white to pale brownish in ethyl alcohol. Cuticular granulation fine and uniform, slightly dense around pseudocelli. Antennae almost as long as head, area antennalis relatively well marked. PAO with 14–16 comp",511,3610,
K184,4C194F51FF8FA50CFF2CF939FCEC078D,Pseudoparonella seminigra,"Pseudoparonella seminigra Zhang & Deharveng, 2015, sp. nov.",Paronellidae,"A revision of Pseudoparonella, Plumachaetas, Parachaetoceras and Lawrenceana (Collembola: Paronellidae), with description of three new species from New Caledonia",10.11646/zootaxa.4058.4.7,http://treatment.plazi.org/id/4C194F51FF8FA50CFF2CF939FCEC078D,body_size,What is the body length of Pseudoparonella seminigra?,2.4 mm,"Description. Body length up to 2.4 mm. Species Τype lοcality Οriginal genus Present status Ant.⁄bοdy appendiculata Schott, 1917 Australia Paronella Pseudoparonella <1 bicincta Υοshii, 1989 New Caledοnia Pseudoparonella (Oceaniella) Pseudoparonella 0.6 bougainvilleae Υοsii, 1960 New Caledοnia Paronella Pseudoparonella <1 griseocoerulea ",31,6612,
K185,C25A8912FFE7FFA72CFB998F98E7E582,Cupes balticus,"Cupes balticus Yamamoto 2024, sp. n.",unassigned,A new fossil species of the reticulated beetle genus Cupes (Coleoptera: Archostemata: Cupedidae) from Eocene Baltic amber,10.11646/zootaxa.5432.4.1,http://treatment.plazi.org/id/C25A8912FFE7FFA72CFB998F98E7E582,body_size,What is the body length of Cupes balticus?,9.3 mm,"e to upper Eocene. Etymology. The specific epithet balticus refers to the occurrence of the type material in Baltic amber from near the Baltic Sea Coast, also emphasizing the potentially higher diversity and abundance of Cupes beetles in this amber deposit. Diagnosis. Body of relatively large size (9.3 mm long) as Cupes species in Baltic amber, with a peculiar bi-colored pattern on elytra by scales, consisting of brownish and yellowish grey spots (head, median longitudinal stripe on pronotum, and elytral apex brownish); head with 2 pairs of dorsal paramedian tubercles well raised, with temples only ",781,10208,
K186,B14287AAFF8E70413E83B68EFCB0F8C0,Australotomurus womersleyi,Australotomurus womersleyi Mari-Mutt & Greenslade 1985,Orchesellidae,"A synthesis of the current knowledge on the Australian Orchesellidae (Collembola, Entomobryoidea)",10.11646/zootaxa.5115.2.3,http://treatment.plazi.org/id/B14287AAFF8E70413E83B68EFCB0F8C0,body_size,What is the body length of Australotomurus womersleyi?,3 mm,"Figs 8, 16–17, Tables 2 – 3 Diagnosis. Size of adult specimens about 3 mm, dorsally with several dark spots and bands, Abd. III–IV more intensely pigmented; or specimens light with well-defined longitudinal bands of dark pigment; or even specimens almost entirely pigmented. Ant. II undivided (antennae with five segments). Males’ Ant. Ib internally with about 30 modified ",69,1889,
K187,4444F169FFAB5E322DB3FF35FCC2FBE7,Keratosminthurus calamitosus,"Keratosminthurus calamitosus Zeppelini & Brito & Zampaulo & Lima 2020, sp. nov.",Sminthuridae,A new highly dimorphic genus of Sminthuridae (Collembola: Symphypleona) from Brazil,10.11646/zootaxa.4729.1.2,http://treatment.plazi.org/id/4444F169FFAB5E322DB3FF35FCC2FBE7,body_size,What is the body length of Keratosminthurus calamitosus?,"1,088µm"," leg. R. Zampaulo . Paratype (CRFS #5679) deposited at CC /UFRN . Paratype adult male on slide, Brazil, Minas Gerais, Santa Barbara, Serra do Gandarela cave FP-15 (20°06’13.2”S 43°38’24.6”W), 16.V.2014, leg. R. Zampaulo . Paratype (CRFS #5685) deposited at MUZUSP . Description. Holotype body length 1,088µm, head 526 µm. Color brownish yellow with purple spots on great abdomen. Legs and antennae purple, eyes in dark patch of pigments (Fig. 5C right). Antennae: holotype antennal segments length (µm) I, II, III, IV = 94, 158, 233, 936 (Fig. 20). Ant I with four normal anterior chaetae, and one chaeta an",999,9851,
K188,0389879EFFDFCA4D34AAFF16FF2BF93D,Megalothorax roseus,"Megalothorax roseus Panina & Babenko & Potapov 2022, sp. nov.",Neelidae,Two new « nosed » species of the genus Megalothorax (Collembola: Neelidae) from Russia,10.11646/zootaxa.5188.4.6,http://treatment.plazi.org/id/0389879EFFDFCA4D34AAFF16FF2BF93D,body_size,What is the body length of Megalothorax roseus?,0.35 mm," ′ N, 54 ° 47 ′ E], willow grove (a strip of willow bushes between the meadow and the swamp), 18– 24.07.2015, leg. O. Makarova & M. Bizin. All kept in MSPU . Two specimens from type locality kept in SMNG . Description. General aspect. Habitus and segmentation typical of the genus. Body length up to 0.35 mm. Specimens whitish in alcohol. Body chaetotaxy sparse including chaetae, s-chaetae, trichobothria, neosminthuroid chaetae, wax-rods and inner sensilla within sensory fields 2–6. Chaetae ordinary on body, without any remarkable development. Integument. Secondary granulation made of the usual dorsal ",1370,7588,
K189,03A3A308FFF8FF854C9AFDE1045F1635,Prabhergia mana,"Prabhergia mana Mendonça & Signes, 2024, sp. nov.",Tullbergiidae,First record of Prabhergia Salmon (Collembola: Tullbergiidae: Tullbergiinae) in the Neotropics with a description of a new species from Brazil,10.11646/zootaxa.5538.3.5,http://treatment.plazi.org/id/03A3A308FFF8FF854C9AFDE1045F1635,body_size,What is the body length of Prabhergia mana?,0.4 mm,"f seta a0 in the anterior region of the head. On the order hand, the new species can be differentiated from P. imadatei by marked presence of 1+1 setae on thoracic sternites II and III respectively. Characteristics/species P. nayarii P. indonesiae P. imadatei P. mana sp. nov. Body length (mm) up to 0.4 mm 0.7 mm 0.61–0.87 mm 0.45–0.62 mm Sensilla of Ant. IV 6 5–6 5 6 Chaetae a0 on head? absent present present Chaetae on sternites??? 1+1 Th II-III Ventral tube 5+5 chaetae 4+4 chaetae 6+6 chaetae 6+6 chaetae Prominent pseudocellus in lateral view - - present on Abd. V present on Abd. IV–V Type localit",4689,5923,
K190,03E2878A790BFFCE10E0FDB5FE26FA24,Cylindropygus ferox,"Cylindropygus ferox Deharveng & Potapov & Bedos 2005, sp. n.",Isotomidae,"Cylindropygus ferox gen. n., sp. n.: A new member of the Cryptopygus complex (Collembola, Isotomidae) from central France",10.1080/00222930500061213,http://treatment.plazi.org/id/03E2878A790BFFCE10E0FDB5FE26FA24,body_size,What is the body length of Cylindropygus ferox?,0.65–0.80 mm,"pe and three paratypes mounted in Marc-André II and 30 paratypes in alcohol deposited in the Muséum national d’Histoire naturelle de Paris. One paratype mounted in Marc-André II and five paratypes in alcohol deposited in the collection of Moscow State Pedagogical University. Description Body length 0.65–0.80 mm. Habitus perfectly cylindrical, elongate (Figure 1). Abd.V–VI fused, rounded, V+VI slightly shorter than III. Antennae shorter than head. Entirely white. Integument covered with small elementary hexagonal grains, larger on head. Dorsal mesochaetae slightly curved, acuminate, smooth; longer on Abd.I",1205,4496,
K191,EBCAAB5F36C19CC6FF597F2BC8E8D3BB,Dicranocentrus liuae,"Dicranocentrus liuae Xu & Zhang, 2014, sp. n.",Entomobryidae,"A new species of Dicranocentrus (Collembola, Entomobryidae) from China with comments on the systematic position of the genus",http://dx.doi.org/10.3897/zookeys.417.7373,http://treatment.plazi.org/id/EBCAAB5F36C19CC6FF597F2BC8E8D3BB,body_size,What is the body length of Dicranocentrus liuae?,1.8 mm,"d 1 ♂ on slides, 4 in alcohol, same data as holotype. Other material: 1 ♀ on slide, China, Anhui, Shitai, Gongxi, 27 August 1994, JX Chen leg. (#C8391); 1 ♀ on slide, China, Zhejing, Jin Xian, Tiantongshan National Natural Reserve, 10 June 1995, JX Chen leg. (#C8458). Description. Body length up to 1.8 mm. Ground colour pale yellow. Eye patches dark. Blue pigment present on antennae and legs (Fig. 2). Scales brown, rounded, truncate, or pointed with numerous short striations; scales present on Ant. I‒IV, body, legs, both side of ventral tube and manubrium, and ventral side of dens.w Antenna 2.0-2.7 ",650,4582,
K192,DA0C87CE6B0D827C67289F9E656CB760,Ceratophysella communis,Ceratophysella communis,Hypogastruridae,"A contribution to the knowledge of the genus Ceratophysella Bӧrner, 1932 (Collembola, Hypogastruridae) of Iran",10.61186/jibs.11.2.351,http://treatment.plazi.org/id/DA0C87CE6B0D827C67289F9E656CB760,body_size,What is the body length of Ceratophysella communis?,1.8 mm,"Material examined. 8 / ♂ ♀, Iran, Isfahan Province, Isfahan, Nazhvan Forest Park, 32°38'14"" N, 51°37'3"" E, 1577 m, 16-XII-2021, Maryam Salimi leg. Redescription (based on the specimens from Iran). Body length up to 1.8 mm. Colour dark greyish brown to black. Cuticular granulation fairly fine and even on body; 20–24 cuticular granules between p1 chaetae on Abd. V. Differentiation of dorsal chaetae into meso- and macrochaetae distinct (Fig. 1). Body chaetae long (ratio p1 mesochaetae and p2 macrochaetae on Th. II /inn",215,3175,
K193,09BCACBEE67772A1804BBFB3DF95852A,Coecobrya qinae,"Coecobrya qinae Xu & Zhang, 2015, sp. n.",Entomobryidae,"Two new species of Coecobrya (Collembola, Entomobryidae) from China, with an updated key to the Chinese species of the genus",http://dx.doi.org/10.3897/zookeys.498.9491,http://treatment.plazi.org/id/09BCACBEE67772A1804BBFB3DF95852A,habitat,What is the habitat of Coecobrya qinae?,Among the decompositing leaf litter,"and 2 sens. Abd. III with 1 (m3) central, 3 (am6, pm6, p6) lateral mac, 1 ms and 2 sens (Fig. 28). Abd. IV with 5 central (A4, A6, B4‒6) and 2 lateral mac (E2-3); number of sens not clearly seen (Fig. 29). Abd. V with 3 sens (Fig. 30). Etymology. Named after the collector of the specimens. Ecology. Among the decompositing leaf litter. Remarks. Coecobrya qinae sp. n. is characterized by paddle-like S-chaetae of Ant. III organ, ciliate chaetae X, X2 and X4 posterior to labium, medial mac on Th. II, and 5+5 (mac I, M absent) central and 2+2 lateral mac on Abd. IV. It is most similar to Coecobrya tropicalis Qu, Chen & Greenslade, 2",2978,3739,
K194,0398CE51FFA8FF96FF6BFDE8FD0862E4,Tomocerus oppositus,"Tomocerus (Ocreatomurus) oppositus Yu, Xue & Zhang, 2025, sp. nov.",Tomoceridae,"Two new species of Tomocerus (Ocreatomurus) Yu from Xizang, China (Collembola, Tomoceridae)",10.11646/zootaxa.5570.2.8,http://treatment.plazi.org/id/0398CE51FFA8FF96FF6BFDE8FD0862E4,habitat,What is the habitat of Tomocerus oppositus?,"In ground litter, dead logs and live mosses on steep slopes in a closed forest; also under a wood board beside a cottage in a village","ns) intermediate teeth (Fig. 28). Etymology. The Latin word oppositus (masculine adjective) means “opposite”, referencing the unique color pattern of the new species with dark ground and pale appendages, opposite to most other species of the subgenus with pale ground and darker appendages. Habitat. In ground litter, dead logs and live mosses on steep slopes in a closed forest; also under a wood board beside a cottage in a village. Remarks. At first glance, this new species resembles many others of the subgenus Tomocerus (Striatomurus) for its dark body color. However, other characters, particularly the compound dental spines, put it in Ocreatomurus . Within the subgenus, T. (O.) oppositus sp. nov. possesses a unique color p",3533,5360,
K195,E625075B561C0CAB1466E7E2E0AC00F7,Folsomia inoculata,Folsomia inoculata Stach 1947,Isotomidae,Isotomidae of Japan and the Asiatic part of Russia. I. Folsomia ' inoculata' group,http://dx.doi.org/10.3897/zookeys.750.22764,http://treatment.plazi.org/id/E625075B561C0CAB1466E7E2E0AC00F7,habitat,What is the habitat of Folsomia inoculata?,The species is widely distributed in the region (Fig,"parthenogenetic and its populations mostly consist of females. Males were seen by us only in four ""central"" localities: in Middle Ural mountains (upper flow of Pechora River), East Siberia (Podkamennaya Tunguska), Caucasus (Aibga Range), Turkey, and Kazakstan (West Altai). Distribution and ecology. The species is widely distributed in the region (Fig. 90) and was listed in catalogues of Japanese Collembola (Yosii 1977; Furuno et al. 2000), often as its junior synonym F. ezoensis . Known from Osaka (Natuhara et al. 1994), Tokyo (Iwanami et al. 1980), Hokkaido (Yosii 1965, Suma 1997, Hishi et al. 2012), Shigayama (Tamura and Chiba 1977), Kyoto (T",9194,11276,
K196,A43C8798369754A28057911EAA3D08A7,Szeptyckitheca vanderdrifti,Szeptyckitheca vanderdrifti,Sminthuridae,"Revisiting Szeptyckitheca Betsch & Weiner (Collembola, Symphypleona, Sminthuridae): new species, updated diagnoses, and a key",http://dx.doi.org/10.3897/zookeys.1186.111837,http://treatment.plazi.org/id/A43C8798369754A28057911EAA3D08A7,habitat,What is the habitat of Szeptyckitheca vanderdrifti?,Specimens were found on marshy wood on sandy loam and shrubs on a ridge (Delamare-Deboutteville and Massoud 1964b),"ssing the ventral anal valves), acuminate, and apically or almost entirely serrated on its both edges. Dens ventral chaetotaxy formula from the apex to the base as: 2,1... 1, dorsal chaetotaxy with 16 chaetae; mucronal notch discrete (adapted from Delamare-Deboutteville and Massoud 1964b). Habitat. Specimens were found on marshy wood on sandy loam and shrubs on a ridge (Delamare-Deboutteville and Massoud 1964b). Known distribution. Suriname (Delamare-Deboutteville and Massoud 1964b).",1322,1510,
K197,3639C6609E5FFF90FF3D4FBF37657F25,Pseudachorutes deficiens,"Pseudachorutes deficiens Zoughailech, Hamra-Kroua & Deharveng, 2016, sp. nov.",Neanuridae,New species of Pseudachorutes (Collembola: Neanuridae) from Northeastern Algeria,10.11646/zootaxa.4158.4.7,http://treatment.plazi.org/id/3639C6609E5FFF90FF3D4FBF37657F25,habitat,What is the habitat of Pseudachorutes deficiens?,Pseudachorutes deficiens sp,"VI with 14 chaetae Ve (and a 15th chaeta slightly longer than others and set apart laterally). Each anal flaps with 2 microchaetae hr. No modified ventral chaetae in male. Etymology. The species is named in reference to the absence of chaeta E on labium, a rare character among Neanuridae . Ecology. Pseudachorutes deficiens sp. nov. is very abundant in rotten wood and litter of Quercus suber and Q. canariensis forest in the Collo massif. The species is bisexual, but females are dominant in our samples (about 80% of all specimens). Discussion (Table 2). Pseudachorutes deficiens sp. nov. is similar in size and general appe",5266,6195,
K198,033487C7DA4EFFA9FF07697BDBDB7F96,Hypogastrura quadritenenta,"Hypogastrura quadritenenta Jiang & Chen, 2008, sp. nov.",Hypogastruridae,A new species and a new species record of Hypogastrura (Collembola: Hypogastruridae) from China,10.5281/zenodo.183316,http://treatment.plazi.org/id/033487C7DA4EFFA9FF07697BDBDB7F96,habitat,What is the habitat of Hypogastrura quadritenenta?,Found in soil under decaying leaves and sticks in deciduous forest,"ostly 3.5):1; ratio of length of dens plus mucro:unguis III = 2.4–2.6:1. Genital plates of male and female respectively with 35–42 and 26–28 setae (Figs. 18 and 19). Anal lobes with 13–19 setae. Two anal spines on Abd. VI short and curved, longer than their basal papillae (Figs. 3 and 12). Ecology. Found in soil under decaying leaves and sticks in deciduous forest. Etymology. The name refers to the four tenent hairs present on the tibiotarsi of middle and hind legs. Remarks. The new species, Hypogastrura quadritenenta , belongs to the H. viatica group because it possesses all the characters of the species group. It can be separated from other members, except",4973,7414,
K199,03E587D9FFE7F37DFF2D51FBFD13CA99,Thalassaphorura transbaikalica,"Thalassaphorura transbaikalica Gulgenova & Potapov 2023, sp. nov.",Onychiuridae,Two new species of Onychiuridae (Collembola) from East Siberia (Russia),10.11646/zootaxa.5336.1.6,http://treatment.plazi.org/id/03E587D9FFE7F37DFF2D51FBFD13CA99,habitat,What is the habitat of Thalassaphorura transbaikalica?,The species is only known from its type locality in the Vitim plateau (NE Buryatia),"es and 24–26 in males. Each anal lateral valve with a0 and 2a1; upper valves with chaetae a0, 2a1, 2b1, 2b2, c0, 2c1, 2c2 (Fig. 21). Etymology. The new species was named after its type locality (Transbaikalia is the region to the east of Lake Baikal in Far Eastern Russia). Distribution and ecology. The species is only known from its type locality in the Vitim plateau (NE Buryatia). It inhabits saline meadows and cryo-arid steppes. Affinities. The genus Thalassaphorura is well revised. According to keys to the world species of the genus (Kaprus’ & Paśnik 2017; Sun et al. 2017) and morphological comparative tables of Sun & Wu (2013), Sun et al. (2017) and Kaprus’ & Paśnik (201",4100,9151,
K200,2065CA16C7EC5AEE904DD5660EEF0C54,Troglopedetes spectabilis,"Troglopedetes spectabilis Surakhamhaeng 1 & Deharveng 2 & Jantarit 3 2021, sp. nov.",Paronellidae,"Three new species of cave Troglopedetes (Collembola, Paronellidae, Troglopedetinae) from Thailand, with a key to the Thai species",http://dx.doi.org/10.3897/subtbiol.40.73143,http://treatment.plazi.org/id/2065CA16C7EC5AEE904DD5660EEF0C54,habitat,What is the habitat of Troglopedetes spectabilis?,Troglopedetes spectabilis sp,"ens (Fig. 4G, H), with 4 main teeth, the apical one blunt and strong, the subapical one acute and strong, a latero-distal one small and acute, and 1 dorso-basal, minute, acute and strong, acute with one toothlet basally (Fig. 4H). Genital plate (Fig. 4F). Female genital plate with 2+2 mic. Ecology. Troglopedetes spectabilis sp. nov. exclusively inhabits a chamber in the dark zone of a cave. Specimens were found in an oligotrophic habitat with a very humid and wet environment on muddy ground. The air temperature in the chamber was 23.5-24.3 °C, soil temperature was 22.9-23.1 °C and the relative humidity was 84%. The cave ",11382,13012,
K201,03EA87B2FF9AFFCFFF26FF01FAE79B2D,Lepidocyrtus curvicollis,Lepidocyrtus (Lepidocyrtus) curvicollis Bourlet 1839,unassigned,An annotated checklist of the Collembolan fauna of Thailand,10.11646/zootaxa.4169.2.4,http://treatment.plazi.org/id/03EA87B2FF9AFFCFFF26FF01FAE79B2D,habitat,What is the habitat of Lepidocyrtus curvicollis?,not given,"Name in source. Lepidocyrtus curvicollis . Source: Hutacharen et al. (2007, from unknown source). Distribution in Thailand. Not given. Habitat: not given. Remark. Probably erroneous citation; the subgenus Lepidocyrtus is unconfirmed for tropical Asia after Yoshii & Suhardjono (1989), and has no species in Thailand. The confusion may have arisen from the redescription of L. curvicollis by Yosii (1959) from Belgium, buried in a paper dealing with Mala",144,481,
K202,6B02879DB90E664DF4B5FF61FCD9F827,Sensiphorura oligoseta,"Sensiphorura oligoseta Bu, Potapov & Gao, 2013, sp. nov.",Tullbergiidae,"A new species and new records of Pachytullbergiidae and Tullbergiidae (Collembola: Onychiuroidea) from littoral of China, with notes on the variations of postantennal organ",10.11646/zootaxa.3669.2.4,http://treatment.plazi.org/id/6B02879DB90E664DF4B5FF61FCD9F827,habitat,What is the habitat of Sensiphorura oligoseta?,"The species is known only from two localities of Hainan (SE China), from the dunes of the beach and tropical forest","racters shown in Table 2. The most important characters are small vesicle on Ant. IV (vs. large), differentiation of sensory chaetae s on body (Figs 4, 5), and absence (vs. presence) of a2 seta on Abd. I–III. Etymology The new species has fewer setae on abdominal tergites. Distribution and ecology. The species is known only from two localities of Hainan (SE China), from the dunes of the beach and tropical forest. Type species of the genus, S. marshalli , was found in the litter of old coast western hemlock forest. Habitat of the holotype was shown in Potapov et al. (2011, Fig. 9). Remarks. The records of Pachytullbergiidae (Pachytullbergiinae in the past) in the world are scanty and its systematic position",3904,5034,
K203,2DB6BA5AC5D079424DF75AD2C74C893A,Megalothorax sanguineus,"Megalothorax sanguineus Schneider, Porco & Deharveng, 2016, sp. n.",Neelidae,"Two new Megalothorax species of the minimus group (Collembola, Neelidae)",http://dx.doi.org/10.3897/zookeys.554.6069,http://treatment.plazi.org/id/2DB6BA5AC5D079424DF75AD2C74C893A,habitat,What is the habitat of Megalothorax sanguineus?,"The species is known from humid micro-habitats in Pyrenees, though it was absent from the Bernadouze peat-bog itself","Megalothorax carpaticus (troglobiontic). In term of absolute size of the unguis I, it is similar to the two later species, surpasses Megalothorax granulosus and is clearly surpassed by Megalothorax nigropunctatus , Megalothorax tuberculatus and Megalothorax massoudi sp. n. Ecology and distribution. The species is known from humid micro-habitats in Pyrenees, though it was absent from the Bernadouze peat-bog itself. Other Megalothorax found in moist mosses in mountains are Megalothorax aquaticus (1750m in High Tatras Mountains) (Stach 1957) and Megalothorax minimus (up to 1500m in Pyrenees Mountains) (pers. obs.). The combination of morphological features shared with Megalothorax aquaticus seems to be related",11949,14392,
K204,8F2F2F2DA727FF9EFF1F4A163540FC32,Pygmarrhopalites arbaicus,"Pygmarrhopalites arbaicus Vargovitsh, 2025, sp. nov.",Arrhopalitidae,"Antennal troglomorphy in Arrhopalitidae (Collembola: Symphypleona) with the description of two new cave Pygmarrhopalites Vargovitsh, 2009 species from the Arabika Massif in the Caucasus",10.11646/zootaxa.5673.4.3,http://treatment.plazi.org/id/8F2F2F2DA727FF9EFF1F4A163540FC32,habitat,What is the habitat of Pygmarrhopalites arbaicus?,Pygmarrhopalites arbaicus sp,"16 + 17 setae, both with 4 interior spines instead of usual 3. In the same aberrant female, separations between subsegments of Ant IV indistinct or absent, and one seta on trochanter III bifurcate. In single juvenile female, all spines sharply acuminated rather than blunt. Ecology and distribution. Pygmarrhopalites arbaicus sp. nov. has so far been recorded in only four of the 17 caves sampled on the Arabika Massif. Its distribution appears to be restricted to the ‘Central Plateau’ of the Arabika Massif, situated in the Gagra Mountain Range of the Western Caucasus. The species has not been found in other areas of the mas",13797,16002,
K205,60A34B41BFA429A6D7466A5066D84F2A,Sinella quinocula,Sinella quinocula Chen & Christiansen 1993,Entomobryidae,"New blind species and new records of Sinella from Nanjing, China (Collembola, Entomobryidae)",http://dx.doi.org/10.3897/zookeys.604.7902,http://treatment.plazi.org/id/60A34B41BFA429A6D7466A5066D84F2A,habitat,What is the habitat of Sinella quinocula?,Under stones,"e Sinella (Sinella) quinocula Chen & Christiansen, 1993: 24. Type locality: China (Anhui). Material. ♀ on slide and 5 in alcohol, China, Jiangsu Province, Nanjing, Lao Mountain, Longxing temple, 32.051°N, 118.527°E, altitude 112 m, 10 April 2015, Daoyuan YU and Chunyan QIN leg. (# 15NJLS). Ecology. Under stones. Distribution. China (Anhui, Jiangsu, Shaanxi).",353,413,
K206,03D533495701F16AFF6FFBAEAF65F835,Tomocerus troglodytes,"Tomocerus troglodytes Yu & Deharveng 2018, sp. nov.",Tomoceridae,"Two new Chinese species of Tomocerus at different stages of troglomorphic adaptation (Collembola, Tomoceridae)",10.11646/zootaxa.4403.1.2,http://treatment.plazi.org/id/03D533495701F16AFF6FFBAEAF65F835,habitat,What is the habitat of Tomocerus troglodytes?,In cAVE,"dORsAL LAMELLAE Of Tomocerus typE, tWO dORsAL LAMELLAE RunnIng fROM subApIcAL tOOth, OutER LAMELLA EndIng In InnER bAsAL tOOth, InnER LAMELLA EndIng At bAsE Of MucRO; IntERMEdIAtE tEEth AbsEnt (FIg. 3G). Etymology. SpEcIfIc nAME dERIVEd fROM thE LAtIn WORd troglodyta, MEAnIng cAVE-dWELLIng. Ecology. In cAVE. Remarks. WIthIn thE gEnus, T. troglodytes sp. nov. bELOngs tO thE kinoshitai cOMpLEx (Yu Et AL. 2017) bEcAusE Of thE cOMbInAtIOn Of thE fOLLOWIng chARActERs: thE pREsEncE Of OnLy 1 MEsOthORAcIc bOthRIOtRIchuM, thE nuMbER And pOsItIOn Of stROng tIbIOtARsAL InnER chAEtAE, thE shApE Of dEntAL spInEs",5700,6688,
K207,CE2487CB0252FD35B2D8FE020805FD6C,Semicerura draconis,"Semicerura draconis Potapov & Xie & Kuprin & Sun 2020, sp. nov.",Isotomidae,The genus Semicerura (Collembola; Isotomidae) in Asia,10.11646/zootaxa.4751.1.5,http://treatment.plazi.org/id/CE2487CB0252FD35B2D8FE020805FD6C,habitat,What is the habitat of Semicerura draconis?,"The new species is widely distributed in forest litter of East Asia (Primorye and Khabarovsky Krai in Russia, and Jilin Province in China) (Fig"," is needed to make a reliable conclusion. The apical part of Ant. IV shows variation in apical papilla (present/absent) and shape of organite (pin-like or roundish). Intermediate variants were also seen and we consider them as intrapopulation variability of the characters. Distribution and ecology. The new species is widely distributed in forest litter of East Asia (Primorye and Khabarovsky Krai in Russia, and Jilin Province in China) (Fig. 40). The occurrence in Korea and Japan is probable (as S.goryshini ) although the all records should be verified. The previous records of S. goryshini from Far East of Russia (apart from the type locality) possibly refer to S. draconis sp. nov. Etymology. The species is named after to the spectacu",10311,10801,
K208,52A3A105A6A159C98FC8B5C171FE297A,Szeptyckitheca spinimucronata,Szeptyckitheca spinimucronata,Sminthuridae,"Revisiting Szeptyckitheca Betsch & Weiner (Collembola, Symphypleona, Sminthuridae): new species, updated diagnoses, and a key",http://dx.doi.org/10.3897/zookeys.1186.111837,http://treatment.plazi.org/id/52A3A105A6A159C98FC8B5C171FE297A,habitat,What is the habitat of Szeptyckitheca spinimucronata?,Specimens were found in a coniferous forest of Cryptomeria fortunei (Itoh and Zhao 1993),"and Weiner 2009; Zeppelini et al. 2018). Without the confirmation of the presence of trochanters I and II spines and many other relevant morphological traits (see Table 2), the positioning of S. spinimucronata within Szeptyckitheca is doubtful, and we considered it as a species inquirenda. Habitat. Specimens were found in a coniferous forest of Cryptomeria fortunei (Itoh and Zhao 1993). Known distribution. China (Itoh and Zhao 1993).",1611,1748,
K209,038A87DEFFAAFFEBFF6CFBF511C8B2F1,Pseudachorutes cheni,"Pseudachorutes cheni Shi, Jiang & Pan, 2008, sp. nov.",Neanuridae,"A new species of Pseudachorutes Tullberg (Collembola, Neanuridae) from China",10.5281/zenodo.181803,http://treatment.plazi.org/id/038A87DEFFAAFFEBFF6CFBF511C8B2F1,habitat,What is the habitat of Pseudachorutes cheni?,In soil under a stack of decayed grass in the orange grove,"m with 3+3 teeth, no setae on corpus. Manubrium usually with 9–10+9–10 posterior setae. Dens granulated, with 6 setae (Fig. 3). Mucro without outer and inner lamellae (Fig. 3). Length ratio of manubrium: dens: mucro = 4.0–4.5: 3.0–3.1: 1. Female genital plate with about 30 setae (Fig. 10). Ecology. In soil under a stack of decayed grass in the orange grove. Etymology. The new species is named after Prof. Jian–Xiu Chen from Nanjing University, China. His assistance was helpful for our research. Remarks. The new species is very similar to P. andrei Weiner & Najt, 1985 . Both species have Ant. IV with 6 differentiated sensilla and trilobed apical bulb, ",3291,5256,
K210,5DF0D55C63285E05B8A74245E04EE31B,Hypogastrura variata,"Hypogastrura variata Babenko & Efeykin & Bizin 2020, sp. nov.",Hypogastruridae,Three new and one little-known species of Hypogastruridae (Collembola) from Russia's northeast,http://dx.doi.org/10.3897/zookeys.1005.54882,http://treatment.plazi.org/id/5DF0D55C63285E05B8A74245E04EE31B,habitat,What is the habitat of Hypogastrura variata?,Hypogastrura variata sp," - - 13 H. tooliki Alberta 26.6 28.3 27.6 25.0 28.3 26.0 28.3 27.2 28.3 25.4 27.2 26.1 - - 14 H. vernalis France 27.0 24.6 25.3 26.2 26.5 27.7 23.8 28.7 36.6 23.9 28.7 27.6 27.6 - 15 H. viatica Churchill 24.2 26.2 24.8 18.1 23.4 25.3 31.4 26.6 36.4 15.9 26.6 22.7 30.0 26.0 Distribution and ecology. Hypogastrura variata sp. nov. was collected in two neighbouring sites located on the northern shore of the Sea of Okhotsk, both in the vicinity of Magadan. It seems to inhabit a narrow belt of mudflat maritime marshes, i.e., a monodominant plant association Puccinellietum phryganodis , where it achieves very high abundanc",10034,10484,
K211,AB0C23D47EAE15E953CB2CDCE42FD224,Spinonychiurus sinensis,"Spinonychiurus sinensis Sun & Li, 2014, sp. n.",Onychiuridae,"New Chinese record of the genus Spinonychiurus (Collembola, Onychiuridae), with the description of a new species",http://dx.doi.org/10.3897/zookeys.439.7789,http://treatment.plazi.org/id/AB0C23D47EAE15E953CB2CDCE42FD224,habitat,What is the habitat of Spinonychiurus sinensis?,Found in the coniferous forest,"h numerous acuminate chaetae; each lateral valve with a0, 2a1, 2a2; upper valves with chaetae a0, 2b1, 2b2, c0, 2c1, 2c2. Anal spines set on distinct papillae, 0.8 times as long as inner edge of hind unguis. Derivatio nominis. Named for the first recordof the genus Spinonychiurus in China. Ecology. Found in the coniferous forest. Discussion. The new species is closest to the genus Spinonychiurus in two important characters: two subsegments on Abd. III sternum and the absence of d0 on the head. However, it does not fit the current definition of the genus as proposed by Kaprus' and Tsalan (2009) in having 7 chaetae in the di",4232,5161,
K212,55468786AC05FFB75C85C610B95A07EC,Cyphoderus mucrominimus,"Cyphoderus mucrominimus Oliveira & Alves & Zeppelini 2017, sp. nov.",Paronellidae,Two new Cyphoderus (Collembola: Paronellidae) of “ tridenticulati ” and “ bidenticulati ” groups from Brazilian Amazon,10.11646/zootaxa.4350.1.2,http://treatment.plazi.org/id/55468786AC05FFB75C85C610B95A07EC,habitat,What is the habitat of Cyphoderus mucrominimus?,Collected in four iron caves in Serra Leste and five iron caves in Parauapebas,"vestigial (9,5µm), bidentate apically, with one small subapical tooth (aAI). Etymology. The species is named after the reduced size of mucro. Distribution. The species was recorded from Amazon Rainforest iron caves at Curionópolis (Serra Leste) and Parauapebas, Pará State, northern Brazil. Ecology. Collected in four iron caves in Serra Leste and five iron caves in Parauapebas. These caves are inserted in the Amazon forest, mostly small caves whose conditions vary according to the surface weather. The altitude is between 500– 670m. The climate according to Köppen’s system is Af: Equatorial rainforest, fully humid (Köppen 1936, Kottek et al. 2006). Remarks. C. mucrominimu",4604,6417,
K213,9438878CFFDA31370DC3FCB6FB5CB41B,Aberrantidrilus beruetei,"Aberrantidrilus beruetei Rodriguez, 2026, sp. nov.",unassigned,"New stygobitic oligochaetes in Spanish groundwaters (Clitellata, Annelida)",10.11646/zootaxa.5853.3.4,http://treatment.plazi.org/id/9438878CFFDA31370DC3FCB6FB5CB41B,habitat,What is the habitat of Aberrantidrilus beruetei?,The species A,"o subterranean habitats, although it also includes four species known to inhabit marine environments. For further detail regarding inland groundwater phallodrilines, an update to this topic can be found in the annex of the recent work by Martínez-Ansemil & Sambugar (2025). Habitat and distribution. The species A. beruetei sp. nov. can be classified as a narrow endemic, as it has been found in only two caves in the Matienzo polje belonging to the same hydrological system (Corrin 2016), and separated by 2 km. Interestingly, Aberrantidrilus subterraneus (Rodriguez & Giani, 1989) is also found in the Matienzo ",8008,8518,
K214,03B787B68B55BF73B9FAFF49FF79FC2B,Coecobrya cavicola,"Coecobrya cavicola Nilsai & Zeppelini & Bellini & Lima & Jantarit 2022, sp. nov.",Entomobryidae,"First record of the boneti-group of Coecobrya Yosii, 1956 (Collembola Entomobryidae) from Thailand, with the description of three new cave species of the genus",10.11646/zootaxa.5214.3.3,http://treatment.plazi.org/id/03B787B68B55BF73B9FAFF49FF79FC2B,habitat,What is the habitat of Coecobrya cavicola?,Coecobrya cavicola sp," (Fig. 7B). Dens without spines, annulated and covered with ciliated chaetae on both sides. Distal smooth part of dens as long as the mucro. Mucro strong and falcate, basal spine long, beyond the tip of the mucronal tooth (Fig. 6I). Genital plate. Female genital plate with 2+2 genital mic. Ecology. Coecobrya cavicola sp. nov. is restricted to the dark zone of the cave where it was found, in an oligotrophic environment with a rather large population of individuals. Most specimens were found on the cave floor, which was muddy ground, on stalagmites and on the rock walls. The temperature in the dark zone was 25.0‒ 26",8677,11228,
K215,4A0C87CCAD4AFFB1B187FC58FCD0FBAB,Plutomurus jangamensis,"Plutomurus jangamensis Chang & Park 2020, sp. nov.",Tomoceridae,"Report on a new species of Plutomurus (Collembola, Tomoceridae) from a South Korean limestone cave, with notes on its DNA barcode",10.11646/zootaxa.4718.1.9,http://treatment.plazi.org/id/4A0C87CCAD4AFFB1B187FC58FCD0FBAB,habitat,What is the habitat of Plutomurus jangamensis?,Specimens were collected from piles of bat guano in the Dark Zone with Constant Temperature (DZCT) (Choi et al,"–4, I, 1–2, I, 2–3, I (13 of 37 specimens) 3–4, IV– VI /1, I, 2, I, 1–2, I, 1, I (4 of 37 specimens) 3–4, IV– VI /1–4, I, 1–2, I, 2–3, I and 3–4, IV– VI /1, I, 2, I, 1–2, I, 1, I (10 of 37 specimens) Etymology. The species is named after the cave (Jangamgul cave) in which it was collected. Ecology. Specimens were collected from piles of bat guano in the Dark Zone with Constant Temperature (DZCT) (Choi et al. 2011), on the third floor of the Jangamgul cave. This site maintains high soil humidity because of water trickling from several crevices, and this also keeps the humidity of guano high. Distribution. Gangwon-do, South Korea (new species). Remark. Plutomurus jangamensis sp. nov. is very similar to ",6318,8453,
K216,4AF91ACA36555987BAA839FB791F4D4C,Pseudanurophorus barathrum,"Pseudanurophorus barathrum Potapov & Gulgenova 2020, sp. nov.",Isotomidae,New and little known Isotomidae (Collembola) from the shore of Lake Baikal and saline lakes of continental Asia,http://dx.doi.org/10.3897/zookeys.935.49363,http://treatment.plazi.org/id/4AF91ACA36555987BAA839FB791F4D4C,habitat,What is the habitat of Pseudanurophorus barathrum?,"Several records from the littoral zone of the shore of Lake Baikal, none found inland","pecies have much fewer setae in axial group of tergites and yet have macrosetae on last abdominal segments (vs. absent in P. barathrum sp. nov.). Pseudanurophorus arcticus is described and subsequently recorded in the Arctic and P. montanus in the mountains of Middle Asia. Distribution and ecology. Several records from the littoral zone of the shore of Lake Baikal, none found inland. It is one of the common species in shingly beaches. Name derivation. It is named after the specific mouth parts ( barathrum - a glutton in Latin, among other translations).",7111,7370,
K217,80631E6BB6245BB9B30FF501B748A505,Szeptyckitheca koreana,"Szeptyckitheca koreana Bellini & Oliveira & Weiner & Nunes & Medeiros 2023, comb. nov.",Sminthuridae,"Revisiting Szeptyckitheca Betsch & Weiner (Collembola, Symphypleona, Sminthuridae): new species, updated diagnoses, and a key",http://dx.doi.org/10.3897/zookeys.1186.111837,http://treatment.plazi.org/id/80631E6BB6245BB9B30FF501B748A505,habitat,What is the habitat of Szeptyckitheca koreana?,Specimens were found in forested areas (Betsch and Weiner 2009),"heca . Nevertheless, this intermediate species placement should be better investigated in the light of modern phylogenetic methods to better understand its position within the Sphyrothecinae . Further data on the boundaries of Szeptyckitheca and Sphyrotheca are discussed ahead in the text. Habitat. Specimens were found in forested areas (Betsch and Weiner 2009). Known distribution. North Korea (Betsch and Weiner 2009).",2466,2588,
K218,03E8878C3C05735ED89DF923FDDDFD75,Bilobella matsakisi,Bilobella matsakisi Cassagnau 1967,Neanuridae,"Review of the genus Bilobella Caroli, 1912 in the Balkan Peninsula with description of a new species (Collembola: Neanuridae)",10.5281/zenodo.197682,http://treatment.plazi.org/id/03E8878C3C05735ED89DF923FDDDFD75,habitat,What is the habitat of Bilobella matsakisi?,"Two of the specimens (collpr-441, collpr-443) were collected in the thick layer of leaf litter of an oak forest and in that of a spruce forest respectively, while the other four specimens were found in decaying wood with","sakisi descr.) (orig. descr.) B. matsakisi (Traser B. matsakisi (present & Kontschán 2004) study) size (mm) 1.5–2 up to 4 2.7 2.6–3.3 abd. I: L 3 6–7 3 3 abd. II: L 4 7–9 6 4–5 abd. III: L 4 7–9 6 5–6 abd. IV: L 9–11 10–11 8 8–10 abd. IV: (De+Dl) 6 5 5 5 abd. V: (Di+De+Dl+L) 10–12 11 11 12 Ecology. Two of the specimens (collpr-441, collpr-443) were collected in the thick layer of leaf litter of an oak forest and in that of a spruce forest respectively, while the other four specimens were found in decaying wood within ruderal vegetation (altogether in a range of 520–1377 m above sea level). Cassagnau (1967) reported the species from spruce forests, aleppo pine forests and from a cave too (50–1000 m a.s.l.), while Traser & Kontschán (2004) found their specimen in the leaf litter of a beech forest (1300 m a.s.l.",5520,8038,
K219,03FB2749FFA06635B08F6793FF51F812,Hypogastrura heptasetata,"Hypogastrura heptasetata Jiang & Yin 2010, sp. nov.",Hypogastruridae,"Two new Hypogastrura species (Hypogastruridae, Collembola) from China",10.11646/zootaxa.2542.1.4,http://treatment.plazi.org/id/03FB2749FFA06635B08F6793FF51F812,habitat,What is the habitat of Hypogastrura heptasetata?,Found in soil under tiles and leaves,"ae. Mucro slightly curved, without inner and outer lamellae, with distinct carina (Figs 34–35). Ratio of dens: mucro as 1.5 (1.3– 1.8): 1; Male genital plate shown in Fig. 32. Two anal spines on Abd. VI slim and curved, longer than basal papillae, ratio of their lengths as 1.8:1 (Fig. 21). Ecology. Found in soil under tiles and leaves. Etymology. The name refers to the seven setae on dens. Remarks. Hypogastrura heptasetata sp. nov. belongs to trybomi group. It is characterized by highly modified mouthparts and by having a seta a 0 on Abd. V. It is close to H. hargrovei Skarży ṅski, 2007 from USA in having highly modified maxilla",3409,5471,
K220,038A8793FFAF676954C6FF4AFEB4F817,Deuteraphorura akelaris,Deuteraphorura akelaris,Onychiuridae,"The family Onychiuridae (Collembola) from karst caves of the Basque biospeleologic district, with description of four new species",10.11646/zootaxa.5040.2.1,http://treatment.plazi.org/id/038A8793FFAF676954C6FF4AFEB4F817,habitat,What is the habitat of Deuteraphorura akelaris?,Troglobiont species found on organic remains and the surface of gours,"g of the measurements). D. akelaris is characterised by a smaller size of the Abd III p 2 chaeta, ratio m 2 /p 2 ratio: 1.62– 1.83, compared to 1.24–1.32 in D. boneti . Also, p 2 is a short mesochaeta on AbdV, ratio p 2 /p 5: 0.41–0.42, compared to 0.77–0.80 in D. boneti . Distribution and ecology. Troglobiont species found on organic remains and the surface of gours. It is endemic to natural cavities of the karst massif of the Navarre part of the Sierra de Aralar (Jordana & Beruete 1983, Jordana et al. 2012).",4811,5026,
K221,D5A482BBE923692D748F26B34A6D383B,Troglobius ferroicus,"Troglobius ferroicus Zeppelini, Silva & Palacios-Vargas, 2014, sp. n.",Paronellidae,"A new species of Troglobius (Collembola, Paronellidae, Cyphoderinae) from a Brazilian iron cave",http://dx.doi.org/10.3897/subtbiol.14.7355,http://treatment.plazi.org/id/D5A482BBE923692D748F26B34A6D383B,habitat,What is the habitat of Troglobius ferroicus?,Troglobius ferroicus sp,"to the iron caves where the new species was found. Distribution. Good's biogeographic zone 27, northeastern and central Brazil (Good 1974, Culik and Zeppelini 2003). The climate is defined by dry winters and wet summers, with average temperatures of 18 °C during winter and 22 °C in summer. Habitat. Troglobius ferroicus sp. n. is found in small (less than 100 m deep) iron-caves, dwelling on water film over the rocks and organic debris in the aphotic zone. The species was found in a single cave, and it is likely to be a troglobite which lives in the in the Mesovoid Shallow Substratum (MSS) (Juberthie et al. 1980) and ",3852,6345,
K222,03AC8794FF85303AC98AFF43FCD98730,Nereivelia polhemorum,"Nereivelia polhemorum Man & Murphy 2011, new species",unassigned,"Guide To The Aquatic Heteroptera Of Singapore And Peninsular Malaysia. 6. Mesoveliidae, With Description Of A New Nereivelia Species From Singapore",10.5281/zenodo.10106810,http://treatment.plazi.org/id/03AC8794FF85303AC98AFF43FCD98730,habitat,What is the habitat of Nereivelia polhemorum?,– Nereivelia polhemorum was found in the same habitat as the N,"ibution. – Currently known only from the mangroves in Sungei Buloh and Mandai in Singapore. Etymology. – The specific epithet dedicates this species jointly to father and son, John T. and Dan A. Polhemus whose generous guidance have been invaluable in our work with the aquatic Heteroptera. Ecology. – Nereivelia polhemorum was found in the same habitat as the N. murphyi Polhemus & Polhemus , mostly under decayed logs on the intertidal zone of mangroves. They shelter in the air filled cavities of the dead wood during high tide and emerge during low tide to feed on small arthropods (Murphy pers. obs.). Nereivelia is now very rare in Singapore; several effor",4928,6582,
K223,03EA0A1FFFC0FF8EFF4B49DCF35A7D42,Homidia quadripora,"Homidia quadripora Ding, Li, Lu & Zhang, 2026, sp. nov.",Entomobryidae,"New species of Homidia (Collembola: Entomobryidae) from Yunnan, China: morphology, DNA barcodes and first instar characteristics",10.11646/zootaxa.5787.3.8,http://treatment.plazi.org/id/03EA0A1FFFC0FF8EFF4B49DCF35A7D42,habitat,What is the habitat of Homidia quadripora?,Found beneath leaf litter on a mountain slope,"ra is a compound noun in apposition, derived from the Latin prefix quadri- (meaning ‘four’, from quattuor) and the noun pora (meaning ‘pore’ or ‘passage’, from Greek poros). In this context, the name refers to the presence of four pseudopores on the coxae of the mid leg in the adult stage. Habitat. Found beneath leaf litter on a mountain slope. Remarks. The new species is diagnosed by the combination of color pattern, pseudopores on the coxae, as well as mac-chaetae on head and Abd. I. The body pigmentation is purple with a V-shaped unpigmented area on the head and a lighter purple patch in the middle on the posterior half of Abd. IV. Th",10889,13852,
K224,0398CE51FFAFFF9AFF6BFF03FCB5652C,Tomocerus gyirongensis,"Tomocerus (Ocreatomurus) gyirongensis Yu, Xue & Zhang, 2025, sp. nov.",Tomoceridae,"Two new species of Tomocerus (Ocreatomurus) Yu from Xizang, China (Collembola, Tomoceridae)",10.11646/zootaxa.5570.2.8,http://treatment.plazi.org/id/0398CE51FFAFFF9AFF6BFF03FCB5652C,habitat,What is the habitat of Tomocerus gyirongensis?,"In leaf litter, rotten woods and live mosses in a coniferous and broad-leaved mixed forest; also under a wood board beside a cottage in a village","su Folsom (1913) as 4–8/3–5, 1, basal spines arranged in two rows (Fig. 12). Denticles almost evenly distributed on dental spines except for tips (Fig. 13). Mucro with 4–6 (average five, four specimens) intermediate teeth (Fig. 14). Etymology. Named after the type locality: Gyirong Valley. Habitat. In leaf litter, rotten woods and live mosses in a coniferous and broad-leaved mixed forest; also under a wood board beside a cottage in a village. Remarks. Within Tomocerus (Ocreatomurus) , T. (O.) gyirongensis sp. nov. belongs to a species group with only one large distal dental spine. This group currently contains T. (O.) spinulus Chen & Christiansen, 1998 , T. (O.) leyensis Yu & Deharveng, 2018 , T. (O.) pseudospinulus Gong, Qin & Yu, 201",3595,5188,
K225,03C54558BD2DFFFF1498FF6F0FB1FDC2,Isotomurus palustris,Isotomurus palustris Muller 1776,Isotomidae,A revision of the genus Isotomurus (Collembola: Isotomidae) in northern Iran using molecular evidence,10.11646/zootaxa.5230.1.3,http://treatment.plazi.org/id/03C54558BD2DFFFF1498FF6F0FB1FDC2,habitat,What is the habitat of Isotomurus palustris?,"Widely distributed in Iran: Markazi, Mazandaran, Guilan, Golestan, Khuzestan (Cox 1982; Hosseini et al","Fig. 7 Material examined: Iran, Esfahan province, Esfahan, tomato greenhouse, soil, 10 specimens, leg.: Yaser Chalangar. Ecology and distribution. Widely distributed in Iran: Markazi, Mazandaran, Guilan, Golestan, Khuzestan (Cox 1982; Hosseini et al. 2016; Ramezani & Mossadegh 2017). The species is usually found in damp habitats. Remarks. The species has been reported from northern parts of Iran by some researchers (Cox 1982, Hosseini et al. 2016). It seems that this species is mixed up with I. hyrcanicus sp. nov. in records of the old authors",147,889,
K226,E0B3CA88DEBA599198C83E45A881594C,Szeptyckitheca mucroserrata,Szeptyckitheca mucroserrata,Sminthuridae,"Revisiting Szeptyckitheca Betsch & Weiner (Collembola, Symphypleona, Sminthuridae): new species, updated diagnoses, and a key",http://dx.doi.org/10.3897/zookeys.1186.111837,http://treatment.plazi.org/id/E0B3CA88DEBA599198C83E45A881594C,habitat,What is the habitat of Szeptyckitheca mucroserrata?,"Specimens listed in the original description were found associated with Australian pine needles, leaf mold, and forest debris in Florida, USA (Snider 1978)","agnosis, support the hypothesis that the name Szeptyckitheca mucroserrata has possibly been used to circumscribe a complex of species. In this scenario its redescription is urgent, to improve the comprehension of the morphology and distribution of Szeptyckitheca species from the New World. Habitat. Specimens listed in the original description were found associated with Australian pine needles, leaf mold, and forest debris in Florida, USA (Snider 1978). In Brazil, specimens of S. mucroserrata were found associated to forest litter and on sand dunes (Abrantes et al. 2012). Known distribution. Brazil, Mexico, and USA (Snider 1978; Mari-Mutt and Bellinger 1996; Abrantes et al. 2012).",1846,2234,
K227,3639C6609E56FF9EFF3D4EFF33C079E7,Pseudachorutes labiatus,"Pseudachorutes labiatus Zoughailech, Hamra-Kroua & Deharveng, 2016, sp. nov.",Neanuridae,New species of Pseudachorutes (Collembola: Neanuridae) from Northeastern Algeria,10.11646/zootaxa.4158.4.7,http://treatment.plazi.org/id/3639C6609E56FF9EFF3D4EFF33C079E7,habitat,What is the habitat of Pseudachorutes labiatus?,Pseudachorutes labiatus sp,"d VI with 14 chaetae Ve (and a 15th chaeta slightly longer than the others and set apart laterally). Anal flaps with 2 hr each. No modified ventral chaetae in male. Etymology. In reference to the presence of three x-papillae on the labium, an unusual character among Pseudachorutes species. Ecology. Pseudachorutes labiatus sp. nov. was collected in a single sample from rotten logs in Quercus suber and Q. canariensis forests of the Collo massif. The species is bisexual. Discussion. Among Pseudachorutinae , the presence of three x-papillae on labium as observed in Pseudachorutes labiatus sp. nov. has only been reported to",4600,5581,
K228,F72D49895E9ED412B7CC41B79706285A,Triacanthella madiba,"Triacanthella madiba Janion, D'Haese & Deharveng, 2012, sp. n.",Hypogastruridae,"A new species and first record of the genus Triacanthella Schaeffer, 1897 (Collembola, Poduromorpha, Hypogastruridae) for Africa",http://dx.doi.org/10.3897/zookeys.163.2298,http://treatment.plazi.org/id/F72D49895E9ED412B7CC41B79706285A,habitat,What is the habitat of Triacanthella madiba?,Triacanthella madiba sp,"ter is the chaetotaxy of the distal part of the labial palp, which is similar to that described by Fjellberg for an unidentified species of Australia (Fjellberg 1999), being strongly reduced compared to that of Triacanthella biroi , Stach 1924 from Europe (Fjellberg 1999). Distribution and ecology. Triacanthella madiba sp. n. is recorded in bat guano in a cave of Table Mountain National Park. This is the first record of the genus Triacanthella in a guano habitat and the first record of the genus for Africa. None of the Triacanthella species recorded so far are found in tropical regions. They are all restricted to te",7629,10535,
K229,AF5487D7E50A3A38FF1FF9FEC3BBFAE1,Leeonychiurus fusongensis,"Leeonychiurus fusongensis Sun & Arbea, 2014, sp. nov.",Onychiuridae,"Leeonychiurus, a new genus from East Asia (Collembola: Onychiuridae: Onychiurini)",10.11646/zootaxa.3847.1.6,http://treatment.plazi.org/id/AF5487D7E50A3A38FF1FF9FEC3BBFAE1,habitat,What is the habitat of Leeonychiurus fusongensis?,In the broadleaved forest,"e with 16–21 chaetae in females and 44–52 chaetae in males. Anal valves with numerous acuminate chaetae; each lateral valve with chaetae a0 and 2a1; upper valve with chaetae a0, b0, 2b1, 2b2, c0, 2c1, 2c2 (Fig. 6). Anal spines set on distinct papillae, as long as inner edge of hind unguis. Ecology. In the broadleaved forest. Derivatio nominis. Named for the type locality. Discussion. The new species is distinguished from all other species of the genus by the number of dorsal and ventral pseudocelli. Main differences between L. fusongensis sp. nov. and all other species of the genus are summarized in Table 2.",3674,3989,
K230,FF2F56857627DAFBB37849B35FB7FD6E,Trogolaphysa giordanoae,"Trogolaphysa giordanoae Soto-Adames & Taylor, sp. n.",Paronellidae,"The dorsal chaetotaxy of Trogolaphysa (Collembola, Paronellidae), with descriptions of two new species from caves in Belize",http://dx.doi.org/10.3897/zookeys.323.4950,http://treatment.plazi.org/id/FF2F56857627DAFBB37849B35FB7FD6E,habitat,What is the habitat of Trogolaphysa giordanoae?,Trogolaphysa giordanoae sp,"width of dens tip 1.2 -1.8x; basal outer tooth reaches to at least half length of basal inner tooth. Etymology. This species is dedicated to Rosanna Giordano, the senior author's wife, for her years of support and contributions to science. Distribution. The species is known only fromBelize Habitat. Trogolaphysa giordanoae sp. n. is a guanophile, recorded from entrance, twilight (Fig. 22) and dark zones of caves (6.7, 53.3 & 40.0 % of 15 collections, respectively), often in association with fruit bat or other guano (Fig. 23) (noted for 40% of 15 collections). It was commonly found on the floor of caves (76.9% of 13 coll",7153,7588,
K231,553A87DDFF8FFFDDDCB6FAA758B93D24,Lepidocyrtus florae,"Lepidocyrtus florae Mateos & Winkler 2018, sp. nov.",Entomobryidae,"New data clarifying the taxonomy of European members of the Lepidocyrtus pallidus - serbicus group (Collembola, Entomobryidae)",10.11646/zootaxa.4429.3.5,http://treatment.plazi.org/id/553A87DDFF8FFFDDDCB6FAA758B93D24,habitat,What is the habitat of Lepidocyrtus florae?,The specimens of L," (Fig. 31); manubrial plate with 2 inner chaetae and 3 chaetae outer to the 2 pseudopores (Fig. 32). Dental tubercle absent. Mucro as in Fig. 33. Ratio manubrium/ dens/mucro as 16:18:1. Variability. On one specimen abd.IV accessory chaeta m doubled (bilateral variability). Ecology and distribution. The specimens of L. florae sp. nov. were found in moss on alder logs (dead lying trees) and, in low abundance, also in moss on buttressed roots of living alder trees (Fig. 34). As L. florae sp. nov was lacking in the soil samples taken from the type locality, the new species can be considered as a typical bryophilous",6026,13039,
K232,03A5F710FFBBFFCEFF0C4A82B252C24B,Plutomurus shurubumuensis,"Plutomurus shurubumuensis Barjadze, Jordana & Soto-Adames 2018, sp. nov.",Tomoceridae,"Two new species of Plutomurus Yosii (Collembola, Tomoceridae) from the Caucasus",10.11646/zootaxa.4526.1.2,http://treatment.plazi.org/id/03A5F710FFBBFFCEFF0C4A82B252C24B,habitat,What is the habitat of Plutomurus shurubumuensis?,"The body and eye patch pigmentation, together with the thick, toothed unguis suggest this is a troglophilous species","ensis Yosii, 1956 , P. eristoi , P. gul (Yosii, 1966) , P. grahami , P. iwatensis Yoshii, 1991 , P. kawasawai Yosii, 1956 , and P. ortobalaganensis ) are blind and easily distinguished from P. shurubumuensis sp. nov. Etymology. The species is named after the cave in which it was collected. Ecology. The body and eye patch pigmentation, together with the thick, toothed unguis suggest this is a troglophilous species. The small number and size of the inner ungual teeth and presence of an acuminate tenent hair place it in the early stages of troglomorphy.",8140,8396,
K233,6A1D4C35081655CEBE5B441E88A98731,Cryptopygus bulbus,"Cryptopygus bulbus Potapov & Janion-Scheepers & Deharveng 2020, sp. nov.",Isotomidae,"Taxonomy of the Cryptopygus complex. III. The revision of South African species of Cryptopygus and Isotominella (Collembola, Isotomidae)",http://dx.doi.org/10.3897/zookeys.945.51860,http://treatment.plazi.org/id/6A1D4C35081655CEBE5B441E88A98731,habitat,What is the habitat of Cryptopygus bulbus?,"Currently known to occur in the southern part of the Western Cape Province of South Africa, including Kogelberg, Franschoek and the Table Mountain area (Cape Town)","t lateral chaetae (Figs 13, 14). Dens short, without crenulation, with one rigid and short anterior and three posterior chaetae. Mucro bidentate. Ratio manubrium: dens: mucro = 2.5-4.1: 1.7-2.2: 1. Etymology. The name is derived from the presence of apical bulb on Ant. IV. Distribution and ecology. Currently known to occur in the southern part of the Western Cape Province of South Africa, including Kogelberg, Franschoek and the Table Mountain area (Cape Town). All specimens were collected from leaf litter in indigenous vegetation. Discussion. The species differs from other representatives of the Cryptopygus complex, if not from all Isotomidae of the Southern Hemisphere, by the presence of a globular bulb at tip of the antennae. The taxonomical value of ",4105,5230,
K234,DAF87AE6B382546FBA8062CCD4AE2217,Szeptyckitheca karlarum,"Szeptyckitheca karlarum Bellini & Oliveira & Weiner & Nunes & Medeiros 2023, comb. nov.",Sminthuridae,"Revisiting Szeptyckitheca Betsch & Weiner (Collembola, Symphypleona, Sminthuridae): new species, updated diagnoses, and a key",http://dx.doi.org/10.3897/zookeys.1186.111837,http://treatment.plazi.org/id/DAF87AE6B382546FBA8062CCD4AE2217,habitat,What is the habitat of Szeptyckitheca karlarum?,Specimens were found in low flooded jungle (Palacios-Vargas et al," the presence of robust and mostly erect spines on the head vertex and dorsal large abdomen, presence of three transversal rows of dental ventral chaetae and presence of spines on trochanters I and III, features used by Betsch and Weiner (2009) to separate Szeptyckitheca from Sphyrotheca . Habitat. Specimens were found in low flooded jungle (Palacios-Vargas et al. 2003). Known distribution. Mexico (Palacios-Vargas et al. 2003).",1954,2085,
K235,F03D8A04D2DC51F299840363EB9637AA,Coecobrya ellisi,"Coecobrya ellisi Jantarit & Nilsai 2021, sp. nov.",Entomobryidae,"Four new species of troglomorphic Coecobrya Yosii, 1956 (Collembola, Entomobryidae) from Thailand based on morphological and molecular evidence, with an updated key of Thai troglomorphic species",http://dx.doi.org/10.3897/subtbiol.41.76926,http://treatment.plazi.org/id/F03D8A04D2DC51F299840363EB9637AA,trophic_guild,What does Coecobrya ellisi feed on?,,", basal spine long, nearly reaching the tip of the mucronal tooth (Fig. 9F). Genital plate. Female genital plate with 2+2 genital mic, male genital plate not clearly seen. Ecology. Coecobrya ellisi sp. nov. was found deep in a cave which has many chambers, on the muddy ground floor, on stalagmites and on wet rock walls. Many individuals were found feeding on the patches of bat guano in mesotrophic to eutrophic habitats. The relative humidity of the cave was 86-89% and the temperature was 25.8-27.5 °C. The cave where this species was found is located in an isolated limestone hill and has a narrow, vertical, entrance about 25 m deep which is equipped with iron ladders. The cave is approximatel",8780,10933,
K236,03A3A308FFF8FF854C9AFDE1045F1635,Prabhergia mana,"Prabhergia mana Mendonça & Signes, 2024, sp. nov.",Tullbergiidae,First record of Prabhergia Salmon (Collembola: Tullbergiidae: Tullbergiinae) in the Neotropics with a description of a new species from Brazil,10.11646/zootaxa.5538.3.5,http://treatment.plazi.org/id/03A3A308FFF8FF854C9AFDE1045F1635,trophic_guild,What does Prabhergia mana feed on?,,"al Garden resembles the type habitat of P. imadatei , since both were described based on specimens collected in non-natural environments. However, these species differ in terms of their form of occupation and search for resources, considering that the Chinese species was collected in soil litter and P. mana sp. nov. in bee nesting holes, where its diet probably consists of fungi. Perhaps future information based on molecular data can improve our understanding on the processes of differentiation between P. imadatei and P. mana sp. nov. and their phylogenetic relationships with other members of the genus.",5663,5923,
K237,8514C9F3706553B4AB85FC8527576B70,Willowsia solanella,"Willowsia solanella Jordana, Fiera & Baquero, 2026, sp. nov.",Entomobryidae,"Three new species of Entomobryidae (Collembola) from Romania, including a synanthropic Willowsia species",10.3897/zookeys.1282.194867,http://treatment.plazi.org/id/8514C9F3706553B4AB85FC8527576B70,trophic_guild,What does Willowsia solanella feed on?,,"created favourable conditions, providing both moisture and nutritional resources (fungal hyphae, bacteria, and decaying plant material). Willowsia solanella sp. nov. appears to be a synanthropic species inhabiting indoor environments where moisture, organic particles, and fungal growth are present. Like other members of the genus Willowsia , it is fungivorous – detritivorous, feeding primarily on superficial molds and fine organic debris. Its presence is not associated with damage to stored products and should be considered ecologically harmless, likely contributing to the decomposition of organic matter in human-modified microhabitats. Remarks. The genus Willowsia Shoebotham, 1917 ( Collemb",4721,6805,
K238,54BBE7D77FFBC80F6A69AB32BD07EE5B,Coecobrya sirindhornae,"Coecobrya sirindhornae Jantarit, Satasook & Deharveng, 2019, sp. n.",Entomobryidae,"Coecobryasirindhornae sp. n., the most highly troglomorphic Collembola in Southeast Asia (Collembola, Entomobryidae)",http://dx.doi.org/10.3897/zookeys.824.31635,http://treatment.plazi.org/id/54BBE7D77FFBC80F6A69AB32BD07EE5B,trophic_guild,What does Coecobrya sirindhornae feed on?,,"the dark zone of the cave where it has been found, in the oligotrophic environment of a small chamber, on muddy ground and wet rock walls. The chamber is connected to a narrow steep hole. Small puddles are present in the chamber and water is dripping from the ceiling. Muddy ground surface is flooded during rainy season. Some individuals were found feeding on a cricket corpse. They were quick jumping and moved rapidly. The species is found only in that chamber where humidity is at saturation, and temperature is constant (23‒24 degrees Celsius). The population seems rather limited (only 26 specimens were collected from five attempts, each time one hour collecting by 2 people). Small (young) in",10804,13754,
K239,038387D91F6EFFCAFF3EF882D17CFE32,Microtyphlus charon,"Microtyphlus charon Ortuño & Sendra 2011, n. sp.",Entomobryidae,A new hypogean species of Iberian Microtyphlus and review of the taxonomic position of Speleotyphlus and Aphaenotyphlus (Carabidae: Trechinae: Anillini),10.11646/zootaxa.2862.1.3,http://treatment.plazi.org/id/038387D91F6EFFCAFF3EF882D17CFE32,trophic_guild,What does Microtyphlus charon feed on?,,"t about 25 m from the natural entrance (fig 8). We could see most of the hypogean species in that section of this particular cave and it is where the four individuals of M. charon n. sp. were collected, always under stones. Temperature of the room section oscillated between 13.6–14.6 ºC. M. charon n. sp. lives in a community comprising a number of detritivores such as Cordioniscus stebbingi (Patience 1907) ( Isopoda : Styloniscidae ); a troglophilic species in dry areas and four troglobitic species abundant, one species of Collembola of the Entomobryidae family, one species of Coletinia sp. ( Zygentoma : Nicoletiidae ), Campodea aff. agena Condé 1951 ( Diplura : Campodeidae ), and a leiodid ",7698,8128,
K240,03BF042CFFA1B7763AB1FE61FB3AF5BE,Lepidocyrtus bicoloris,Lepidocyrtus bicoloris Mateos 2012,unassigned,"A faunistic study of springtails (Hexapoda, Collembola) from Hezarjirib forests (Neka, Mazandaran) with three new records of Iran",10.52547/jibs.8.3.395,http://treatment.plazi.org/id/03BF042CFFA1B7763AB1FE61FB3AF5BE,trophic_guild,What does Lepidocyrtus bicoloris feed on?,,"b forests, Leaf litter, 36º24 ʹ 16 ʺ N, 53º33 ʹ 0.047 ʺ E, 1022 m a.s.1., 28-V-2021, leg.: Arash Bakhshi. Distribution in Iran: This species is a new record for the Iranian Collembola fauna. General distribution: only from Spain (Mateos, 2012). Remark: Specimens were obtained from pine and oak litter and from herbaceous vegetation. They all have a gut content composed mainly of fungal hyphae and spores from Spain (Mateos, 2012).",441,523,
K241,03848788467B663A4BD99CA2FB95D4B3,Micralymma marinum,Micralymma marinum,unassigned,"The coastal rove beetles (Coleoptera, Staphylinidae) of Atlantic Canada: a survey and new records",10.3897/zookeys.2.2,http://treatment.plazi.org/id/03848788467B663A4BD99CA2FB95D4B3,trophic_guild,What does Micralymma marinum feed on?,," Downie and Arnett 1996; Herman 2001). Böcher (1988, 34) wrote, “ M. marinum is a true marine insect, presumably spending its entire life cycle in the tidal zone, where it is regularly submerged at high tide. Adults and larvae are generally found together, on vertical parts or the underside of stones and rocks …”. Adults and larvae are predaceous, feeding on Collembola such as Anurida maritima (Guérin-Méneville, 1836) , mites, and Thysanura although it is possible that larvae are, at least in part, also phytophagous feeding on algae (Thayer 1985; Böcher 1988; Hammond 2000).",788,1018,
K242,03AC8794FF85303AC98AFF43FCD98730,Nereivelia polhemorum,"Nereivelia polhemorum Man & Murphy 2011, new species",unassigned,"Guide To The Aquatic Heteroptera Of Singapore And Peninsular Malaysia. 6. Mesoveliidae, With Description Of A New Nereivelia Species From Singapore",10.5281/zenodo.10106810,http://treatment.plazi.org/id/03AC8794FF85303AC98AFF43FCD98730,trophic_guild,What does Nereivelia polhemorum feed on?,,"enerous guidance have been invaluable in our work with the aquatic Heteroptera. Ecology. – Nereivelia polhemorum was found in the same habitat as the N. murphyi Polhemus & Polhemus , mostly under decayed logs on the intertidal zone of mangroves. They shelter in the air filled cavities of the dead wood during high tide and emerge during low tide to feed on small arthropods (Murphy pers. obs.). Nereivelia is now very rare in Singapore; several efforts have been made to obtain more material but failed. This is because of the “International Coastal Cleanup Program” of clearing “unsightly” timber and polyethylene bags from the mangroves since 1997 (Ng & Sivasothi, 1999), which effectively removed",5189,6582,
K243,711C87BC2506956EFF3FB79EFEFB86F8,Notiophilus semistriatus,Notiophilus semistriatus Say 1823,unassigned,"The ground beetles (Coleoptera: Carabidae) of the Maritime Provinces of Canada: review of collecting, new records, and observations on composition, zoogeography, and historical origins",10.5281/zenodo.273915,http://treatment.plazi.org/id/711C87BC2506956EFF3FB79EFEFB86F8,trophic_guild,What does Notiophilus semistriatus feed on?,," specimens were collected incidentally in the course of research on amphibians published by Waldick et al. (1999). In Nova Scotia the species is recorded only from Cape Breton Island (C.G. Majka, unpublished data). Found in a large variety of environments on open or half-shaded ground (Larochelle & Larivière 2003). Adults and larvae of Notiophilus prey on Collembola (Ball & Bousquet 2000).",388,430,
K244,A90387B3FFB4FFBCFF11FF32FC66528E,Lepidocyrtus bicoloris,"Lepidocyrtus bicoloris Mateos, 2012, sp. nov.",Entomobryidae,"The European Lepidocyrtus lanuginosus group (Collembola: Entomobryidae), definition and description of a new species from Spain",10.5281/zenodo.210424,http://treatment.plazi.org/id/A90387B3FFB4FFBCFF11FF32FC66528E,trophic_guild,What does Lepidocyrtus bicoloris feed on?,,"tae and 2 smooth setae. Four out of 22 examined individuals have a fourth inner tooth at 83% of the inner edge of the unguis, and unguiculus with a finely serrated outer margin (Fig. 26). Ratio manubrium:dens:mucro as 16:15:1. Ecology and distribution. Specimens were obtained from pine and oak litter and from herbaceous vegetation. They all have a gut content composed mainly of fungal hyphae and spores. Discussion. Color pattern is usually a useful discriminating character in Lepidocyrtinae (even in Entomobryidae ). The ""color pattern species"" coined by Yoshii (1989) for tropical Entomobryoidea argues that in the absence of diagnostic morphological characters, differences in color pattern we",2496,3531,
K245,7D3A6118FFB9F631FF3B1F6DFC77A8C4,Olmia drevlyanica,"Olmia drevlyanica Legalov et Perkovsky 2025, sp. nov.",unassigned,New hairy fungus beetle Olmia drevlyanica gen. et sp. nov. (Coleoptera: Mycetophagidae) from Eocene Rovno amber,10.37828/em.2025.81.10,http://treatment.plazi.org/id/7D3A6118FFB9F631FF3B1F6DFC77A8C4,trophic_guild,What does Olmia drevlyanica feed on?,," ventrite subequal to length of metacoxal cavity. Second ventrite slightly shorter than ventrite first. Third ventrite about 0.9 times as long as ventrite two. Legs long. Femora clavate. Tibiae long, distinctly curved. Tarsal formula 4-4-4. Tarsi long. Body length: 1.5 mm. Discussion From Rovno amber were described a lot of taxa from predominantly mycophagous families Cryptophagidae (Lyubarsky & Bukejs 2022; Lyubarsky & Perkovsky 2010, 2011, 2012 a, 2020; Lyubarsky et al. 2024 a, 2024b, 2024c. 2024d) and Erotylidae (Alekseev & Bukejs 2023; Lyubarsky & Perkovsky 2012b; Lyubarsky et al. 2023), one species of Ptiliidae (Polilov & Perkovsky 2004) , one species of Micromalthidae (Perkovsky 2016) ",3812,14474,
K246,DA6387B5C73D0D22FF14FF04FE14FBBA,Strumigenys arizonica,Strumigenys arizonica,unassigned,"The ant genus Strumigenys Smith, 1860 (Hymenoptera: Formicidae) in western North America North of Mexico",10.11646/zootaxa.5061.2.1,http://treatment.plazi.org/id/DA6387B5C73D0D22FF14FF04FE14FBBA,trophic_guild,What does Strumigenys arizonica feed on?,,"Distribution. USA to Mexico; in USA occurs in Texas, Arizona, and New Mexico. Comments. Strumigenys arizonica forms mutualistic compound nests with Trachymyrmex arizonensis , where it feeds on Collembola in moist underground refuse chambers (Gray et al. 2018). Although other Strumigenys species have been collected in associations with other ant refuse piles, they are not exclusively associated. For example, S. pergandei is found nesting with Aphaenogaster rudis Wesson & Wesson, 1940 , Aphaenogaster fulva Roger, 1863 , and others",184,2346,yes
K247,F614CE575378FFC9FF39DB82FD6CFB3B,Paratullbergia chuana,"Paratullbergia chuana Gao & Bu 2020, sp. nov.",Tullbergiidae,"Description of a new species of Paratullbergia (Collembola, Tullbergiidae) from China with the report of an abnormal antenna",10.11646/zootaxa.4808.1.6,http://treatment.plazi.org/id/F614CE575378FFC9FF39DB82FD6CFB3B,trophic_guild,What does Paratullbergia chuana feed on?,,". changfengensis is only found at low density in a Park of Shanghai City, while P. qilianensis and P. chuana sp. nov. occur in natural forest of high altitude (more than 3000 m) with relatively large populations. It seems different species are adapted to different environments. Spores and mycelium fragments of soil fungi can be recognised in their gut contents, which indicates that they are fungivorous.",8710,8766,
