qid,config,trait,family,answer_offset,gold,plazi_answer,top_collection,gold_retrieved,wall_s,plazi,top,plazi_food,top_food
K001,doc_extractive,body_size,unassigned,29,0.88 mm || up to 0.88 mm,0.88 mm,plazi,1,2.92,correct,correct,,
K001,doc_generative,body_size,unassigned,29,0.88 mm || up to 0.88 mm,"Based on the provided documents, the body length of *Arrhopalites potapovi* is not explicitly mentioned . Further details regarding its morphology would need to be referenced from additional sources.",plazi,1,0.69,no_answer,no_answer,,
K001,e2e_sparse_extractive,body_size,unassigned,29,0.88 mm || up to 0.88 mm,0.88 mm,pmc,1,4.15,correct,no_answer,,
K001,e2e_sparse_generative,body_size,unassigned,29,0.88 mm || up to 0.88 mm,"Based on the provided documents, the body length of *Arrhopalites potapovi* is not explicitly stated. However, it is mentioned that this species has a small body size, which suggests it is relatively diminutive compared to other species in the genus . For precise measurements, additional data would be required.",pmc,1,2.34,no_answer,no_answer,,
K003,doc_extractive,habitat,Hypogastruridae,5337,oak leaf litter || in oak leaf litter and on the ground,oak forest,plazi,1,1.43,wrong,wrong,,
K003,doc_generative,habitat,Hypogastruridae,5337,oak leaf litter || in oak leaf litter and on the ground,"Based on the provided documents, Ephemerotoma skarzynskii is known only from its type locality, but specific details about its habitat are not provided . The species was observed in mass aggregation, suggesting it may inhabit environments where such aggregations occur, though exact ecological preferences remain unspecified.",plazi,1,0.93,no_answer,no_answer,,
K003,e2e_sparse_extractive,habitat,Hypogastruridae,5337,oak leaf litter || in oak leaf litter and on the ground,soil,pmc,0,5.01,wrong,correct,,
K003,e2e_sparse_generative,habitat,Hypogastruridae,5337,oak leaf litter || in oak leaf litter and on the ground,"Based on the provided documents, *Ephemerotoma skarzynskii* inhabits forest soils and leaf litter in Iran . This species is specifically noted to be found only at its type locality .",pmc,0,2.41,correct,no_answer,,
K005,doc_extractive,body_size,Arrhopalitidae,64,1.0 mm || ~1.0 mm,1.0 mm,plazi,1,2.04,correct,correct,,
K005,doc_generative,body_size,Arrhopalitidae,64,1.0 mm || ~1.0 mm,"Based on the provided documents, the body length of *Arrhopalites plectrifer* is approximately 1.0 millimeter .",plazi,1,0.6,correct,correct,,
K005,e2e_dense_generative,body_size,Arrhopalitidae,64,1.0 mm || ~1.0 mm,"Based on the provided documents, the body length of Arrhopalites plectrifer is approximately 1.0 mm .",plazi,1,7.06,correct,correct,,
K005,e2e_sparse_extractive,body_size,Arrhopalitidae,64,1.0 mm || ~1.0 mm,0.8–1.0 mm,pmc,1,6.62,correct,wrong,,
K005,e2e_sparse_generative,body_size,Arrhopalitidae,64,1.0 mm || ~1.0 mm,"Based on the provided documents, the body length of Arrhopalites plectrifer is approximately 1.0 mm .",pmc,1,3.04,correct,wrong,,
K007,doc_extractive,habitat,Tomoceridae,12802,entrance and twilight zone of caves || caves || troglophilous,Silická ľadnica Ice Cave,plazi,1,1.69,correct,correct,,
K007,doc_generative,habitat,Tomoceridae,12802,entrance and twilight zone of caves || caves || troglophilous,"Based on the provided documents, *Plutomurus ruseki* inhabits underground environments, specifically the subterranean habitats of several karst regions in Slovakia and the Western Carpathians .",plazi,1,0.77,wrong,wrong,,
K007,e2e_sparse_extractive,habitat,Tomoceridae,12802,entrance and twilight zone of caves || caves || troglophilous,Silická ľadnica Ice Cave,pmc,1,1.9,correct,correct,,
K007,e2e_sparse_generative,habitat,Tomoceridae,12802,entrance and twilight zone of caves || caves || troglophilous,"Based on the provided documents, *Plutomurus ruseki* inhabits subterranean environments within several karst regions of Slovakia and the Western Carpathians .",pmc,1,1.9,wrong,wrong,,
K011,doc_extractive,body_size,Paronellidae,31,2.3 mm || up to 2.3 mm,up to 2.3 mm,plazi,1,1.36,correct,correct,,
K011,doc_generative,body_size,Paronellidae,31,2.3 mm || up to 2.3 mm,"Based on the provided documents, the body length of *Metacoelura majeri* is not explicitly stated . The description focuses on morphological features such as antenna length and structure but does not provide specific measurements for the body length.",plazi,1,0.85,no_answer,no_answer,,
K011,e2e_sparse_extractive,body_size,Paronellidae,31,2.3 mm || up to 2.3 mm,up to 2.3 mm,medline,1,7.2,correct,no_answer,,
K011,e2e_sparse_generative,body_size,Paronellidae,31,2.3 mm || up to 2.3 mm,"Based on the provided documents, the body length of *Metacoelura majeri* is not explicitly mentioned. The text describes various anatomical features but does not provide specific measurements for the body length . Therefore, the body length cannot be determined from the given information.",medline,1,3.47,no_answer,no_answer,,
K012,doc_extractive,body_size,Neelidae,1734,550 µm || ~ 550 µm,550 µm,plazi,1,1.4,correct,correct,,
K012,doc_generative,body_size,Neelidae,1734,550 µm || ~ 550 µm,"Based on the provided documents, the body length of *Spinaethorax adamantis* is approximately 550 micrometers .",plazi,1,0.58,correct,correct,,
K012,e2e_sparse_extractive,body_size,Neelidae,1734,550 µm || ~ 550 µm,0.5-0.7 mm,pmc,1,6.13,wrong,wrong,,
K012,e2e_sparse_generative,body_size,Neelidae,1734,550 µm || ~ 550 µm,"Based on the provided documents, the body length of *Spinaethorax adamantis* is approximately 550 micrometers .",pmc,1,2.51,correct,no_answer,,
K014,doc_extractive,body_size,Orchesellidae,70,1.65 mm || 1.32 to 2.22 mm,1.32 to 2.22 mm,plazi,1,1.72,correct,correct,,
K014,doc_generative,body_size,Orchesellidae,70,1.65 mm || 1.32 to 2.22 mm,"Based on the provided documents, the body length of *Mastigoceras handschini* is 1.65 mm .",plazi,1,0.44,correct,correct,,
K014,e2e_sparse_extractive,body_size,Orchesellidae,70,1.65 mm || 1.32 to 2.22 mm,1.32 to 2.22 mm,pmc,1,2.51,correct,correct,,
K014,e2e_sparse_generative,body_size,Orchesellidae,70,1.65 mm || 1.32 to 2.22 mm,"Based on the provided documents, the body length of *Mastigoceras handschini* is 1.65 mm . This measurement refers to the holotype specimen.",pmc,1,1.79,correct,correct,,
K019,doc_extractive,habitat,Cyphoderidae,7069,on guano in the dark zone of a karstic cave || guano in the dark zone of a karstic cave || guano,Thailand,plazi,1,1.43,geography,geography,,
K019,doc_generative,habitat,Cyphoderidae,7069,on guano in the dark zone of a karstic cave || guano in the dark zone of a karstic cave || guano,"Based on the provided documents, there is no specific information regarding the habitat of *Cyphoderus khaochakanus*. The description focuses on morphological characteristics rather than ecological preferences or habitats .",plazi,1,0.61,no_answer,no_answer,,
K019,e2e_sparse_extractive,habitat,Cyphoderidae,7069,on guano in the dark zone of a karstic cave || guano in the dark zone of a karstic cave || guano,cave,plazi,0,1.13,correct,correct,,
K019,e2e_sparse_generative,habitat,Cyphoderidae,7069,on guano in the dark zone of a karstic cave || guano in the dark zone of a karstic cave || guano,"Based on the provided documents, Cyphoderus khaochakanus is found in caves in Sa Kaeo, Thailand . The species is only known to occur in this specific location within Thailand . There is no mention of its presence elsewhere.",plazi,0,1.41,no_answer,no_answer,,
K021,doc_extractive,habitat,Dicyrtomidae,6120,under wet wood and in litter in deciduous forest,deciduous forest,plazi,1,1.82,correct,correct,,
K021,doc_generative,habitat,Dicyrtomidae,6120,under wet wood and in litter in deciduous forest,"Based on the provided documents, there is no specific information about the habitat of *Papirioides zhejiangensis* . The description focuses on morphological characteristics and comparisons with other species, but does not mention ecological or habitat preferences.",plazi,1,0.95,no_answer,no_answer,,
K021,e2e_sparse_extractive,habitat,Dicyrtomidae,6120,under wet wood and in litter in deciduous forest,bamboo,pmc,0,7.07,no_answer,geography,,
K021,e2e_sparse_generative,habitat,Dicyrtomidae,6120,under wet wood and in litter in deciduous forest,"Based on the provided documents, there is no specific information regarding the habitat of *Papirioides zhejiangensis*. The available sources describe habitats for other species such as *Sporothrix zhejiangensis*, *Floronia huishuiensis*, *Tripylina zhejiangensis*, *Styrax zhejiangensis*, and *Styrax macrocarpus* but not for *Papirioides zhejiangensis* .",pmc,0,3.42,no_answer,no_answer,,
K025,doc_extractive,habitat,Entomobryidae,4224,decomposing leaves along the roads,"China, Jiangsu Province, Nanjing, Qixia Mountain",plazi,1,1.43,geography,geography,,
K025,doc_generative,habitat,Entomobryidae,4224,decomposing leaves along the roads,"Based on the provided documents, *Sinella qixiaensis* is found in decomposing leaves along the roads . This habitat preference suggests it is associated with moist, organic-rich environments typical of leaf litter habitats.",plazi,1,0.62,correct,correct,,
K025,e2e_sparse_extractive,habitat,Entomobryidae,4224,decomposing leaves along the roads,,,0,0.99,no_answer,no_answer,,
K025,e2e_sparse_generative,habitat,Entomobryidae,4224,decomposing leaves along the roads,,,0,1.91,no_answer,no_answer,,
K026,doc_extractive,body_size,Hypogastruridae,610,1.9 mm || up to 1.9 mm,up to 1.9 mm,plazi,1,2.17,correct,correct,,
K026,doc_generative,body_size,Hypogastruridae,610,1.9 mm || up to 1.9 mm,"Based on the provided documents, there is no specific mention of the body length of *Hypogastrura gracilis*. The text discusses morphological characteristics such as the presence of multiple clubbed tenent hairs and differences in setae lengths between *H. gracilis* and *H. viatica*, but does not provide measurements related to body size .",plazi,1,0.8,no_answer,no_answer,,
K026,e2e_sparse_extractive,body_size,Hypogastruridae,610,1.9 mm || up to 1.9 mm,1.6 mm,pmc,0,8.28,wrong,wrong,,
K026,e2e_sparse_generative,body_size,Hypogastruridae,610,1.9 mm || up to 1.9 mm,"Based on the provided documents, the body length of *Hypogastrura gracilis* is not explicitly stated. However, related species such as *Ceratophysella adexilis* have a body length up to 1.6 mm . For *Hypogastrura yosii*, the body length is noted as up to 1.5 mm . These values may provide an approximate range for *Hypogastrura gracilis*.",pmc,0,4.32,wrong,wrong,,
K029,doc_extractive,body_size,Neanuridae,2623,1.0- 1.7mm || 1.0-1.7 mm || 1.0–1.7 mm,1.0- 1.7mm,plazi,1,1.95,correct,correct,,
K029,doc_generative,body_size,Neanuridae,2623,1.0- 1.7mm || 1.0-1.7 mm || 1.0–1.7 mm,"Based on the provided documents, the body length of *Friesea najtae* is not specified .",plazi,1,0.51,no_answer,no_answer,,
K029,e2e_sparse_extractive,body_size,Neanuridae,2623,1.0- 1.7mm || 1.0-1.7 mm || 1.0–1.7 mm,4.1 mm,plazi,1,6.65,wrong,wrong,,
K029,e2e_sparse_generative,body_size,Neanuridae,2623,1.0- 1.7mm || 1.0-1.7 mm || 1.0–1.7 mm,"Based on the provided documents, the body length of *Friesea najtae* is not explicitly mentioned. The text describes habitat and behavior but does not provide specific measurements for body length . Therefore, the body length cannot be determined from the given information.",plazi,1,2.97,no_answer,no_answer,,
K030,doc_extractive,body_size,Tomoceridae,354,4.1–4.8mm || 4.1–4.8 mm || 4.1-4.8 mm,4.1–4.8mm,plazi,1,1.53,correct,correct,,
K030,doc_generative,body_size,Tomoceridae,354,4.1–4.8mm || 4.1–4.8 mm || 4.1-4.8 mm,"Based on the provided documents, the body length of *Tomocerus deharvengi* is not explicitly mentioned . The description focuses on morphological characteristics such as the number of macrochaetae, pseudopores, and dental spines but does not provide specific measurements.",plazi,1,1.13,no_answer,no_answer,,
K030,e2e_dense_generative,body_size,Tomoceridae,354,4.1–4.8mm || 4.1–4.8 mm || 4.1-4.8 mm,"Based on the provided documents, the body length of *Tomocerus deharvengi* is not explicitly mentioned. The descriptions focus on morphological characteristics such as the number of macrochaetae, pseudopores, and dental spines, but do not provide specific measurements . Therefore, the exact body length cannot be determined from the given sources.",plazi,1,6.66,no_answer,no_answer,,
K030,e2e_sparse_extractive,body_size,Tomoceridae,354,4.1–4.8mm || 4.1–4.8 mm || 4.1-4.8 mm,4.1–4.8mm,pmc,1,7.17,correct,wrong,,
K030,e2e_sparse_generative,body_size,Tomoceridae,354,4.1–4.8mm || 4.1–4.8 mm || 4.1-4.8 mm,"Based on the provided documents, the body length of *Tomocerus deharvengi* is not explicitly mentioned. The descriptions focus on morphological characteristics such as the number of macrochaetae, pseudopores, and dental spines, but do not provide specific measurements .",pmc,1,2.97,no_answer,no_answer,,
K037,doc_extractive,habitat,Orchesellidae,13980,dark zone of a cave on ground floor with small patch of bat guano || dark zone of a cave || bat guano,cave,plazi,1,1.43,correct,correct,,
K037,doc_generative,habitat,Orchesellidae,13980,dark zone of a cave on ground floor with small patch of bat guano || dark zone of a cave || bat guano,"Based on the provided documents, *Alloscopus jantapusoae* was collected from cave habitats . This suggests that its habitat is subterranean or cave environments. No further details about specific cave characteristics or geographic location are given in the source.",plazi,1,0.83,correct,correct,,
K037,e2e_sparse_extractive,habitat,Orchesellidae,13980,dark zone of a cave on ground floor with small patch of bat guano || dark zone of a cave || bat guano,bark of the sago palm tree,pmc,0,2.87,wrong,correct,,
K037,e2e_sparse_generative,habitat,Orchesellidae,13980,dark zone of a cave on ground floor with small patch of bat guano || dark zone of a cave || bat guano,"Based on the provided documents, Alloscopus jantapasoae is described as a newly discovered species with a distinct habitat. However, the specific details about its habitat are not explicitly mentioned in the given text. The document primarily focuses on comparing morphological characteristics among various Alloscopus species rather than detailing their habitats . Therefore, there is insufficient information to determine the exact habitat of Alloscopus jantapasoae from the provided source.",pmc,0,2.08,no_answer,correct,,
K044,doc_extractive,habitat,Dicyrtomidae,7808,litter and soil mass of a coniferous forest dominated by the Korean pine || coniferous forest || Pinus koraiensis,Habitat. The new species was collected from litter and soil mass of a coniferous forest,plazi,1,1.39,correct,correct,,
K044,doc_generative,habitat,Dicyrtomidae,7808,litter and soil mass of a coniferous forest dominated by the Korean pine || coniferous forest || Pinus koraiensis,"Based on the provided documents, *Ptenothrix koreanensis* was collected from the litter and soil mass of a coniferous forest dominated by the Korean pine (*Pinus koraiensis*) in South Korea . This indicates that its habitat is associated with such forest environments.",plazi,1,0.92,correct,correct,,
K044,e2e_sparse_extractive,habitat,Dicyrtomidae,7808,litter and soil mass of a coniferous forest dominated by the Korean pine || coniferous forest || Pinus koraiensis,Habitat. The new species was collected from litter and soil mass of a coniferous forest,pmc,1,1.83,correct,correct,,
K044,e2e_sparse_generative,habitat,Dicyrtomidae,7808,litter and soil mass of a coniferous forest dominated by the Korean pine || coniferous forest || Pinus koraiensis,"Based on the provided documents, *Ptenothrix koreanensis* was collected from the litter and soil mass of a coniferous forest dominated by the Korean pine (*Pinus koraiensis*) in South Korea . This indicates that its habitat is associated with such forest environments.",pmc,1,2.32,correct,correct,,
K047,doc_extractive,body_size,Hypogastruridae,433,1.5 mm || up to 1.5 mm,up to 1.5 mm,plazi,1,1.37,correct,correct,,
K047,doc_generative,body_size,Hypogastruridae,433,1.5 mm || up to 1.5 mm,"Based on the provided documents, the maximum body length of *Ceratophysella tupamara* is up to 1.5 mm .",plazi,1,0.55,correct,correct,,
K047,e2e_sparse_extractive,body_size,Hypogastruridae,433,1.5 mm || up to 1.5 mm,up to 1.5 mm,pmc,1,1.84,correct,correct,,
K047,e2e_sparse_generative,body_size,Hypogastruridae,433,1.5 mm || up to 1.5 mm,"Based on the provided documents, the maximum body length of *Ceratophysella tupamara* is up to 1.5 mm .",pmc,1,1.64,correct,correct,,
K049,doc_extractive,body_size,Arrhopalitidae,1293,about 1.2 mm || 1.23 mm || 1.2 mm,1203,plazi,1,1.66,no_answer,no_answer,,
K049,doc_generative,body_size,Arrhopalitidae,1293,about 1.2 mm || 1.23 mm || 1.2 mm,"Based on the provided documents, the body length of *Arrhopalites macronyx* ranges from 831 to 1074 μm for males and 1063 to 1283 μm for females .",plazi,1,0.8,wrong,wrong,,
K049,e2e_sparse_extractive,body_size,Arrhopalitidae,1293,about 1.2 mm || 1.23 mm || 1.2 mm,2× the head length,pmc,1,5.79,no_answer,no_answer,,
K049,e2e_sparse_generative,body_size,Arrhopalitidae,1293,about 1.2 mm || 1.23 mm || 1.2 mm,"Based on the provided documents, the body length of *Arrhopalites macronyx* ranges from 831 to 1074 micrometers for males and 1063 to 1283 micrometers for females .",pmc,1,2.77,wrong,no_answer,,
K051,doc_extractive,habitat,Tomoceridae,6619,twilight zone of the cave || troglophilous,soil and cave,plazi,1,1.33,correct,correct,,
K051,doc_generative,habitat,Tomoceridae,6619,twilight zone of the cave || troglophilous,"Based on the provided documents, Plutomurus weinerae is found exclusively in a cave in Georgia (Caucasus) . The specific habitat details beyond being a cave-dwelling species are not elaborated upon in the given text.",plazi,1,0.62,correct,correct,,
K051,e2e_sparse_extractive,habitat,Tomoceridae,6619,twilight zone of the cave || troglophilous,,pmc,0,1.42,no_answer,no_answer,,
K051,e2e_sparse_generative,habitat,Tomoceridae,6619,twilight zone of the cave || troglophilous,,pmc,0,1.64,no_answer,correct,,
K053,doc_extractive,habitat,Sminthuridae,1198,associated to bushes || bushes,bushes,plazi,1,1.74,unscored,unscored,,
K053,doc_generative,habitat,Sminthuridae,1198,associated to bushes || bushes,"Based on the provided documents, there is no specific information about the habitat of *Szeptyckitheca implicata* . The description focuses on morphological characteristics rather than ecological or habitat preferences. Further research would be needed to determine its habitat.",plazi,1,0.82,unscored,unscored,,
K053,e2e_sparse_extractive,habitat,Sminthuridae,1198,associated to bushes || bushes,bushes,pmc,1,6.73,unscored,unscored,,
K053,e2e_sparse_generative,habitat,Sminthuridae,1198,associated to bushes || bushes,"Based on the provided documents, the habitat of *Szeptyckitheca implicata* is not explicitly mentioned. The available information describes morphological characteristics rather than ecological preferences . Additional research would be needed to determine its specific habitat requirements.",pmc,1,2.08,unscored,unscored,,
K058,doc_extractive,habitat,Orchesellidae,7153,Eucalyptus plantations with a semiopen canopy || Eucalyptus plantations,Eucalyptus plantations,plazi,1,1.85,geography,geography,,
K058,doc_generative,habitat,Orchesellidae,7153,Eucalyptus plantations with a semiopen canopy || Eucalyptus plantations,"Based on the provided documents, *Dicranocentrus pampaensis* inhabits Eucalyptus plantations characterized by a semiopen canopy that allows for considerable input of sunlight. The species was found at an altitude of 146 m in a region with a climate classified as Cfa according to the Köppen system, featuring a mean annual temperature of 17°C and rainfall of 1301 mm .",plazi,1,1.01,correct,correct,,
K058,e2e_sparse_extractive,habitat,Orchesellidae,7153,Eucalyptus plantations with a semiopen canopy || Eucalyptus plantations,Eucalyptus plantations,pmc,1,1.94,geography,geography,,
K058,e2e_sparse_generative,habitat,Orchesellidae,7153,Eucalyptus plantations with a semiopen canopy || Eucalyptus plantations,"Based on the provided documents, *Dicranocentrus pampaensis* is found in Eucalyptus plantations with a semiopen canopy that allows for considerable input of sunlight . The species was discovered at an altitude of 146 m in a region with a climate classified as Cfa according to the Köppen system, characterized by a mean annual temperature of 17°C and rainfall of 1301 mm .",pmc,1,3.45,correct,correct,,
K059,doc_extractive,habitat,Brachystomellidae,84,floating on water in a rock pool || rock pool,Stellenbosch Mountain,plazi,1,1.8,geography,geography,,
K059,doc_generative,habitat,Brachystomellidae,84,floating on water in a rock pool || rock pool,"Based on the provided documents, Setanodosa jacquesi is found floating on water in a rock pool within the Cape region . This indicates that its habitat is specifically associated with such environments. No further details about its ecological preferences or distribution beyond this single location are given.",plazi,1,0.86,correct,correct,,
K059,e2e_sparse_extractive,habitat,Brachystomellidae,84,floating on water in a rock pool || rock pool,,,0,0.96,no_answer,no_answer,,
K059,e2e_sparse_generative,habitat,Brachystomellidae,84,floating on water in a rock pool || rock pool,,,0,0.88,no_answer,no_answer,,
K064,doc_extractive,body_size,Onychiuridae,345,1.1–1.2 mm || 1.1-1.2 mm,1.1–1.2 mm,plazi,1,1.45,correct,correct,,
K064,doc_generative,body_size,Onychiuridae,345,1.1–1.2 mm || 1.1-1.2 mm,"Based on the provided documents, the body length of *Spinonychiurus edinensis* is not explicitly stated. However, it is mentioned that *Onychiurus spinosus*, a related species, has a body size of 0.6 mm . This does not directly indicate the body length of *Spinonychiurus edinensis*.",plazi,1,1.21,wrong,wrong,,
K064,e2e_sparse_extractive,body_size,Onychiuridae,345,1.1–1.2 mm || 1.1-1.2 mm,1.1–1.2 mm,pmc,1,7.06,correct,no_answer,,
K064,e2e_sparse_generative,body_size,Onychiuridae,345,1.1–1.2 mm || 1.1-1.2 mm,"Based on the provided documents, the body length of *Spinonychiurus edinensis* is not explicitly stated. However, comparisons with related species suggest that it may be similar in size to other members of the genus, which typically range from approximately 0.6 to 1.15 mm . For precise measurements, further reference to specific studies would be required.",pmc,1,2.24,wrong,no_answer,,
K068,doc_extractive,body_size,Arrhopalitidae,114,0.7 mm,0.7 mm,plazi,1,1.2,correct,correct,,
K068,doc_generative,body_size,Arrhopalitidae,114,0.7 mm,"Based on the provided documents, the body length of *Arrhopalites kolymensis* is 0.7 mm .",plazi,1,0.61,correct,correct,,
K068,e2e_sparse_extractive,body_size,Arrhopalitidae,114,0.7 mm,0.7 mm,pmc,1,2.15,correct,wrong,,
K068,e2e_sparse_generative,body_size,Arrhopalitidae,114,0.7 mm,"Based on the provided documents, the body length of *Arrhopalites kolymensis* is 0.7 mm .",pmc,1,1.36,correct,correct,,
K069,doc_extractive,body_size,Neanuridae,466,2.3–3.4mm || 2.3–3.4 mm || 3.2mm || 3.2 mm,2.3–3.4mm,plazi,1,1.57,correct,correct,,
K069,doc_generative,body_size,Neanuridae,466,2.3–3.4mm || 2.3–3.4 mm || 3.2mm || 3.2 mm,"Based on the provided documents, the body length of *Lobellina hunanensis* ranges from 2.3 to 3.4 mm, with the holotype measuring 3.2 mm .",plazi,1,0.88,correct,correct,,
K069,e2e_sparse_extractive,body_size,Neanuridae,466,2.3–3.4mm || 2.3–3.4 mm || 3.2mm || 3.2 mm,20.0 mm,pmc,0,7.24,wrong,wrong,,
K069,e2e_sparse_generative,body_size,Neanuridae,466,2.3–3.4mm || 2.3–3.4 mm || 3.2mm || 3.2 mm,"Based on the provided documents, the body length of *Lobellina hunanensis* ranges from 2.3 to 3.4 mm .",pmc,1,2.9,correct,wrong,,
K070,doc_extractive,habitat,Tomoceridae,4377,humus layer of mixed forest,Purple Mountain,plazi,1,2.08,geography,geography,,
K070,doc_generative,habitat,Tomoceridae,4377,humus layer of mixed forest,"Based on the provided documents, *Tomocerus persimilis* inhabits the humus layer of mixed forests . This ecological preference is specifically noted in the description of its habitat .",plazi,1,0.74,correct,correct,,
K070,e2e_dense_generative,habitat,Tomoceridae,4377,humus layer of mixed forest,"Based on the provided documents, there is no specific mention of the habitat of *Tomocerus persimilis*. However, it is noted that *Myrmeleon persimilis* inhabits beaches along the western shore of Taiwan and surrounding islands like Penghu and Kinmen . It is important to note that *Tomocerus persimilis* might not be the same species as *Tomocerus* spp., which are typically associated with soil and leaf litter habitats . Therefore, the habitat details for *Tomocerus persimilis* cannot be determined from the given sources.",medline,0,8.81,no_answer,geography,,
K070,e2e_sparse_extractive,habitat,Tomoceridae,4377,humus layer of mixed forest,soil and leaf litter,medline,0,7.09,correct,no_answer,,
K070,e2e_sparse_generative,habitat,Tomoceridae,4377,humus layer of mixed forest,"Based on the provided documents, there is no specific mention of the habitat of *Tomocerus persimilis*. The habitats described pertain to other species within the genus *Tomocerus*, such as being found in soil and leaf litter, mixed forests, mosses, and lichens. Therefore, the habitat of *Tomocerus persimilis* cannot be determined from the given sources.",medline,0,3.38,no_answer,no_answer,,
K072,doc_extractive,habitat,Sminthuridae,9270,forest litter covering sandy soils in shady areas || forest litter || Atlantic Forest,Habitat,plazi,1,1.46,geography,geography,,
K072,doc_generative,habitat,Sminthuridae,9270,forest litter covering sandy soils in shady areas || forest litter || Atlantic Forest,"Based on the provided documents, *Szeptyckitheca cyanea* was found in two locations within the Atlantic Forest phytogeographic domain in Brazil. These habitats include the forest litter covering sandy soils in shady areas at the Federal University of Rio Grande do Norte and the National Forest of Nisia Floresta .",plazi,1,0.97,correct,correct,,
K072,e2e_sparse_extractive,habitat,Sminthuridae,9270,forest litter covering sandy soils in shady areas || forest litter || Atlantic Forest,Habitat,pmc,1,1.84,geography,correct,,
K072,e2e_sparse_generative,habitat,Sminthuridae,9270,forest litter covering sandy soils in shady areas || forest litter || Atlantic Forest,"Based on the provided documents, *Szeptyckitheca cyanea* was found in two locations within the Atlantic Forest phytogeographic domain in Brazil. It inhabits forest litter covering sandy soils in shady areas .",pmc,1,2.25,correct,no_answer,,
K074,doc_extractive,body_size,Entomobryidae,59,2.6 mm,2.6 mm,plazi,1,1.38,correct,correct,,
K074,doc_generative,body_size,Entomobryidae,59,2.6 mm,"Based on the provided documents, the body length of *Dicranocentrus icelosmarias* is not specified .",plazi,1,0.62,no_answer,no_answer,,
K074,e2e_sparse_extractive,body_size,Entomobryidae,59,2.6 mm,2.6 mm,pmc,1,3.38,correct,wrong,,
K074,e2e_sparse_generative,body_size,Entomobryidae,59,2.6 mm,"Based on the provided documents, the body length of *Dicranocentrus icelosmarias* is not explicitly stated . The description focuses on morphological features such as antennae, eyes, and setation rather than providing measurements for body length. Therefore, specific body length data for this species is lacking in the given source.",pmc,1,2.64,no_answer,no_answer,,
K077,doc_extractive,habitat,Entomobryidae,5330,the litter of montane deciduous forests || litter of montane deciduous forests,litter from deciduous forest,plazi,1,1.4,correct,correct,,
K077,doc_generative,habitat,Entomobryidae,5330,the litter of montane deciduous forests || litter of montane deciduous forests,"Based on the provided documents, *Entomobrya multisetis* is found in the litter of montane deciduous forests and is widely distributed in the East Caucasus .",plazi,1,0.62,correct,correct,,
K077,e2e_sparse_extractive,habitat,Entomobryidae,5330,the litter of montane deciduous forests || litter of montane deciduous forests,litter from deciduous forest,plazi,1,1.39,correct,correct,,
K077,e2e_sparse_generative,habitat,Entomobryidae,5330,the litter of montane deciduous forests || litter of montane deciduous forests,"Based on the provided documents, *Entomobrya multisetis* is found in the litter of montane deciduous forests and is widely distributed in the East Caucasus .",plazi,1,1.3,correct,correct,,
K082,doc_extractive,body_size,Entomobryidae,1635,1.1 mm || 1.0– 1.3 mm || 1.0-1.3 mm,14 cm,plazi,1,2.05,no_answer,no_answer,,
K082,doc_generative,body_size,Entomobryidae,1635,1.1 mm || 1.0– 1.3 mm || 1.0-1.3 mm,"Based on the provided documents, the body length of *Lepidocyrtus thoracicus* is not specified . Further details regarding its morphology would need to be referenced from additional sources.",plazi,1,0.61,no_answer,no_answer,,
K082,e2e_dense_generative,body_size,Entomobryidae,1635,1.1 mm || 1.0– 1.3 mm || 1.0-1.3 mm,"Based on the provided documents, the body length of *Lepidocyrtus thoracicus* is not explicitly stated. However, it is mentioned that the species belongs to the *L. lignorum*-group, and other species in this group have varying body lengths. For example, *Lepidocyrtus tomosvaryi* has a maximum body length of 1.0 mm . Since specific measurements for *L. thoracicus* are lacking in the given text, further details would require additional references.",plazi,0,7.99,correct,correct,,
K082,e2e_sparse_extractive,body_size,Entomobryidae,1635,1.1 mm || 1.0– 1.3 mm || 1.0-1.3 mm,3.5-4.1 mm,pmc,0,7.74,wrong,wrong,,
K082,e2e_sparse_generative,body_size,Entomobryidae,1635,1.1 mm || 1.0– 1.3 mm || 1.0-1.3 mm,"Based on the provided documents, the body length of *Lepidocyrtus thoracicus* is not explicitly stated. However, it is mentioned that the species has ""hologically characters"" indicating its placement within the *L. lignorum*-group, and it is noted that in the European fauna, the mesothoracic macrochaeta is present in certain species, suggesting possible size similarities . For precise measurements, additional data would be required.",pmc,1,3.74,no_answer,wrong,,
K085,doc_extractive,habitat,Isotomidae,258,soil inside cracks in rocks || soil under oak trees,soil under oak trees,plazi,1,1.15,correct,correct,,
K085,doc_generative,habitat,Isotomidae,258,soil inside cracks in rocks || soil under oak trees,"Based on the provided documents, Hemisotoma quadrioculatus is found in the soil within cracks in rocks in Tajikistan . No further details regarding its specific habitat preferences are given.",plazi,1,0.84,correct,correct,,
K085,e2e_sparse_extractive,habitat,Isotomidae,258,soil inside cracks in rocks || soil under oak trees,,,0,0.93,no_answer,no_answer,,
K085,e2e_sparse_generative,habitat,Isotomidae,258,soil inside cracks in rocks || soil under oak trees,,,0,1.02,no_answer,no_answer,,
K087,doc_extractive,habitat,Neanuridae,4557,pasture fields || two different pasture fields,"ex soil, Acacia pennatula , Oplinemus , Croton jalapensis , forest",plazi,1,1.34,wrong,wrong,,
K087,doc_generative,habitat,Neanuridae,4557,pasture fields || two different pasture fields,"Based on the provided documents, there is no specific information about the habitat of *Pseudachorutes nica* . The description focuses on morphological characteristics rather than ecological preferences or habitat details.",plazi,1,0.76,no_answer,no_answer,,
K087,e2e_sparse_extractive,habitat,Neanuridae,4557,pasture fields || two different pasture fields,,pmc,0,3.24,no_answer,geography,,
K087,e2e_sparse_generative,habitat,Neanuridae,4557,pasture fields || two different pasture fields,,pmc,0,1.64,no_answer,no_answer,,
K091,doc_extractive,habitat,Tullbergiidae,549,the soil of a meadow in Hungary || soil of a meadow || leaf litter under oak trees,meadow,plazi,1,1.74,correct,correct,,
K091,doc_generative,habitat,Tullbergiidae,549,the soil of a meadow in Hungary || soil of a meadow || leaf litter under oak trees,"Based on the provided documents, *Metaphorura riozoi* has been found in soil and leaf litter under cypress trees (*Cupressus spp.*) in Ilam Province, Iran, as well as under oak trees (*Quercus brantii*) in Gachan Mountain, Ilam Province, Iran . Additionally, it was initially recorded from the soil of a meadow in Hungary .",plazi,1,1.29,correct,correct,,
K091,e2e_sparse_extractive,habitat,Tullbergiidae,549,the soil of a meadow in Hungary || soil of a meadow || leaf litter under oak trees,soil and leaf litter under cypress and oak trees,pmc,0,3.23,correct,correct,,
K091,e2e_sparse_generative,habitat,Tullbergiidae,549,the soil of a meadow in Hungary || soil of a meadow || leaf litter under oak trees,"Based on the provided documents, *Metaphorura riozoi* inhabits soil and leaf litter under cypress and oak trees in Iran . The general distribution includes Hungary and Iran . No additional details about its habitat beyond these regions and substrates are provided in the given sources.",pmc,0,2.66,correct,correct,,
K093,doc_extractive,habitat,Neelidae,6777,anthropized environments || mostly found in anthropized environments,anthropized,plazi,1,1.61,no_answer,no_answer,,
K093,doc_generative,habitat,Neelidae,6777,anthropized environments || mostly found in anthropized environments,"Based on the provided documents, *Megalothorax incertus* has been found in a variety of habitats. It was identified in Sicily near *M. perspicillum*, in Russia within a dry meadow that had been used as pasture and agricultural land, and in Shanghai, China. These findings suggest that *M. incertus* can inhabit disturbed or modified environments such as pastures, agricultural areas, and possibly other soil-rich settings .",plazi,1,1.38,wrong,wrong,,
K093,e2e_sparse_extractive,habitat,Neelidae,6777,anthropized environments || mostly found in anthropized environments,soil of alfalfa fields,pmc,0,7.19,wrong,no_answer,,
K093,e2e_sparse_generative,habitat,Neelidae,6777,anthropized environments || mostly found in anthropized environments,"Based on the provided documents, *Megalothorax incertus* inhabits soil and litter under trees such as black alder, oriental beech (*Fagus orientalis*), date-plum (*Diospyrus lotus*), Persian silk tree (*Albizia julibrissin*), oak, and maple (*Acer cappadocicum*) in Iran . This species is described as cosmopolitan in general distribution .",pmc,0,4.71,wrong,no_answer,,
K094,doc_extractive,body_size,Neanuridae,835,0.40–0.69 mm || 0.40-0.69 mm || 0.62 mm,0.40–0.69 mm,plazi,1,1.33,correct,correct,,
K094,doc_generative,body_size,Neanuridae,835,0.40–0.69 mm || 0.40-0.69 mm || 0.62 mm,"Based on the provided documents, the body length of *Friesea kariae* ranges from 0.40 to 0.69 mm, excluding the antennae . The holotype measures 0.62 mm.",plazi,1,0.72,correct,correct,,
K094,e2e_sparse_extractive,body_size,Neanuridae,835,0.40–0.69 mm || 0.40-0.69 mm || 0.62 mm,1.0- 1.7mm,plazi,0,6.45,wrong,wrong,,
K094,e2e_sparse_generative,body_size,Neanuridae,835,0.40–0.69 mm || 0.40-0.69 mm || 0.62 mm,"Based on the provided documents, the body length of *Friesea kariae* is 0.40–0.69 mm, measured without the antennae .",plazi,1,3.27,correct,correct,,
K101,doc_extractive,body_size,Hypogastruridae,378,1.5 mm || up to 1.5 mm,1.5 mm,plazi,1,1.38,correct,correct,,
K101,doc_generative,body_size,Hypogastruridae,378,1.5 mm || up to 1.5 mm,"Based on the provided documents, the body length of *Hypogastrura sheyangensis* is not specified .",plazi,1,0.47,no_answer,no_answer,,
K101,e2e_dense_generative,body_size,Hypogastruridae,378,1.5 mm || up to 1.5 mm,"Based on the provided documents, the body length of *Hypogastrura sheyangensis* is up to 1.5 mm .",plazi,0,6.61,correct,correct,,
K101,e2e_sparse_extractive,body_size,Hypogastruridae,378,1.5 mm || up to 1.5 mm,1-1.3 mm,pmc,1,7.06,wrong,correct,,
K101,e2e_sparse_generative,body_size,Hypogastruridae,378,1.5 mm || up to 1.5 mm,"Based on the provided documents, the body length of *Hypogastrura sheyangensis* is not explicitly stated. However, related species such as *Hypogastrura yosii* have a body length up to 1.5 mm . For *Hypogastrura sheyangensis*, specific measurements were not included in the given text.",pmc,0,3.27,correct,correct,,
K105,doc_extractive,habitat,Tomoceridae,6949,troglophilous || probably troglophilous species,"GEORGIA, Imereti region",plazi,1,1.7,geography,geography,,
K105,doc_generative,habitat,Tomoceridae,6949,troglophilous || probably troglophilous species,"Based on the provided documents, the specific habitat of *Plutomurus revazi* is mentioned as being from ""Satsurblia Cave"" and ""Prometheus Cave,"" indicating that it is a cave-dwelling species . No further details about its ecological preferences or distribution beyond these caves are given.",plazi,1,0.82,correct,correct,,
K105,e2e_sparse_extractive,habitat,Tomoceridae,6949,troglophilous || probably troglophilous species,springtails,pmc,0,5.39,no_answer,geography,,
K105,e2e_sparse_generative,habitat,Tomoceridae,6949,troglophilous || probably troglophilous species,"Based on the provided documents, there is no specific information regarding the habitat of *Plutomurus revazi*. The available data describe *Plutomurus ruseki* as inhabiting underground habitats in karst regions of Slovakia and the Western Carpathians, but no details are given for *Plutomurus revazi* .",pmc,0,2.56,no_answer,correct,,
K112,doc_extractive,habitat,Orchesellidae,20607,the old bark of the sago palm ( Metroxylon sagu Rottb ) at the lower trunk level || old bark of the sago palm || sago palm,bark of the sago palm tree,plazi,1,1.34,correct,correct,,
K112,doc_generative,habitat,Orchesellidae,20607,the old bark of the sago palm ( Metroxylon sagu Rottb ) at the lower trunk level || old bark of the sago palm || sago palm,"Based on the provided documents, the habitat of *Alloscopus sago* is described as ""distinctly different"" from that of *A. whitteni*, but no specific details about its exact habitat are given .",plazi,1,0.91,geography,geography,,
K112,e2e_sparse_extractive,habitat,Orchesellidae,20607,the old bark of the sago palm ( Metroxylon sagu Rottb ) at the lower trunk level || old bark of the sago palm || sago palm,bark of the sago palm tree,pmc,1,3.99,correct,correct,,
K112,e2e_sparse_generative,habitat,Orchesellidae,20607,the old bark of the sago palm ( Metroxylon sagu Rottb ) at the lower trunk level || old bark of the sago palm || sago palm,"Based on the provided documents, the habitat of *Alloscopus sago* is described as ""distinctly different"" from that of *A. whitteni*, but no specific details about its exact habitat are given .",pmc,1,1.51,geography,correct,,
K113,doc_extractive,body_size,Brachystomellidae,865,0.88 mm || 0.47-1.20 mm,0.88 mm,plazi,1,1.43,correct,correct,,
K113,doc_generative,body_size,Brachystomellidae,865,0.88 mm || 0.47-1.20 mm,"Based on the provided documents, the body length of *Neorganella rotundatae* ranges from 0.47 to 1.20 mm, with the holotype measuring 0.88 mm .",plazi,1,0.65,correct,correct,,
K113,e2e_sparse_extractive,body_size,Brachystomellidae,865,0.88 mm || 0.47-1.20 mm,35–45 µm,pmc,1,6.96,wrong,no_answer,,
K113,e2e_sparse_generative,body_size,Brachystomellidae,865,0.88 mm || 0.47-1.20 mm,"Based on the provided documents, the body length of *Neorganella rotundatae* ranges from 0.47 mm to 1.20 mm, with the holotype measuring 0.88 mm .",pmc,1,2.84,correct,correct,,
K117,doc_extractive,body_size,Hypogastruridae,842,1.5 mm || up to 1.5 mm,1.5 mm,plazi,1,1.43,correct,correct,,
K117,doc_generative,body_size,Hypogastruridae,842,1.5 mm || up to 1.5 mm,"Based on the provided documents, the body length of *Hypogastrura yosii* is up to 1.5 mm .",plazi,1,0.42,correct,correct,,
K117,e2e_dense_generative,body_size,Hypogastruridae,842,1.5 mm || up to 1.5 mm,"Based on the provided documents, the body length of *Hypogastrura yosii* is up to 1.5 mm .",pmc,1,5.32,correct,wrong,,
K117,e2e_sparse_extractive,body_size,Hypogastruridae,842,1.5 mm || up to 1.5 mm,14–17,pmc,1,7.07,no_answer,wrong,,
K117,e2e_sparse_generative,body_size,Hypogastruridae,842,1.5 mm || up to 1.5 mm,"Based on the provided documents, the body length of *Hypogastrura yosii* is up to 1.5 mm .",pmc,1,2.42,correct,no_answer,,
K119,doc_extractive,body_size,Arrhopalitidae,1052,0.7 mm || ~ 0.7 mm,0.7 mm,plazi,1,1.94,correct,correct,,
K119,doc_generative,body_size,Arrhopalitidae,1052,0.7 mm || ~ 0.7 mm,"Based on the provided documents, the body length of *Pygmarrhopalites sericus* is approximately 0.7 mm . Some variations in measurements have been noted, with lengths ranging up to 0.8 mm in certain specimens .",plazi,1,0.75,correct,correct,,
K119,e2e_sparse_extractive,body_size,Arrhopalitidae,1052,0.7 mm || ~ 0.7 mm,22.5–43 vs. 22–79 mm,pmc,1,6.72,wrong,correct,,
K119,e2e_sparse_generative,body_size,Arrhopalitidae,1052,0.7 mm || ~ 0.7 mm,"Based on the provided documents, the body length of *Pygmarrhopalites sericus* is approximately 0.7 mm . This measurement is consistent across different references describing this species .",pmc,1,1.84,correct,correct,,
K121,doc_extractive,body_size,Tomoceridae,524,3.5–4.0 mm || 3.5-4.0 mm,3.5–4.0 mm,plazi,1,1.74,correct,correct,,
K121,doc_generative,body_size,Tomoceridae,524,3.5–4.0 mm || 3.5-4.0 mm,"Based on the provided documents, the body length of *Monodontocerus mulunensis* is not specified .",plazi,1,0.51,no_answer,no_answer,,
K121,e2e_sparse_extractive,body_size,Tomoceridae,524,3.5–4.0 mm || 3.5-4.0 mm,3.5–4.0 mm,pmc,1,5.6,correct,no_answer,,
K121,e2e_sparse_generative,body_size,Tomoceridae,524,3.5–4.0 mm || 3.5-4.0 mm,"Based on the provided documents, the body length of *Monodontocerus mulunensis* is not explicitly stated. However, comparative notes mention that it is most similar to *L. hujiayaoi* and *L. mulunensis*, suggesting possible similarities in size, though no direct measurement is given for *M. mulunensis* .",pmc,0,3.25,no_answer,no_answer,,
K123,doc_extractive,habitat,Sminthuridae,1617,"Robinia sp., shrubs, pines, and plant debris || Robinia || plant debris","Habitat.
Specimens were found associated to Robinia sp., shrubs, pines, and plant debris",plazi,1,1.84,geography,geography,,
K123,doc_generative,habitat,Sminthuridae,1617,"Robinia sp., shrubs, pines, and plant debris || Robinia || plant debris","Based on the provided documents, *Szeptyckitheca kesongensis* is found in habitats associated with Robinia sp., shrubs, pines, and plant debris . The specific environmental conditions or soil types are not detailed in the given source.",plazi,1,0.71,wrong,wrong,,
K123,e2e_sparse_extractive,habitat,Sminthuridae,1617,"Robinia sp., shrubs, pines, and plant debris || Robinia || plant debris",bushes,pmc,1,4.71,no_answer,geography,,
K123,e2e_sparse_generative,habitat,Sminthuridae,1617,"Robinia sp., shrubs, pines, and plant debris || Robinia || plant debris","Based on the provided documents, Szeptyckitheca kesongensis  was found associated with Robinia sp., shrubs, pines, and plant debris .",pmc,1,1.84,geography,geography,,
K124,doc_extractive,habitat,Tullbergiidae,4314,marine littoral sand,La Bocana beach,plazi,1,1.44,geography,geography,,
K124,doc_generative,habitat,Tullbergiidae,4314,marine littoral sand,"Based on the provided documents, the specific habitat of *Mexicaphorura guerrerensis* is not explicitly mentioned. However, it is noted that this species is distinct from other Mexican Tullbergiidae and was described from a location in Mexico, though no detailed ecological or habitat description is given .",plazi,1,0.81,no_answer,no_answer,,
K124,e2e_sparse_extractive,habitat,Tullbergiidae,4314,marine littoral sand,Cloud forests,pmc,0,6.66,wrong,geography,,
K124,e2e_sparse_generative,habitat,Tullbergiidae,4314,marine littoral sand,"Based on the provided documents, there is no specific mention of ""Mexicaphorura guerrerensis."" However, if you meant *Handleyomys guerrerensis*, its habitat is cloud forests at elevations of 1000-2500 m . If referring to another species named ""guerrerensis,"" additional clarification would be needed as the available data does not specify the habitat for ""Mexicaphorura guerrerensis.""",pmc,0,3.18,no_answer,correct,,
K129,doc_extractive,body_size,Brachystomellidae,1127,0.45-0.95 mm,0.45-0.95 mm,plazi,1,2.76,correct,correct,,
K129,doc_generative,body_size,Brachystomellidae,1127,0.45-0.95 mm,"Based on the provided documents, the body length of *Brachystomella porcus* ranges from 0.45 to 0.95 mm .",plazi,1,0.55,correct,correct,,
K129,e2e_sparse_extractive,body_size,Brachystomellidae,1127,0.45-0.95 mm,0.45-0.95 mm,pmc,1,5.04,correct,correct,,
K129,e2e_sparse_generative,body_size,Brachystomellidae,1127,0.45-0.95 mm,"Based on the provided documents, the body length of *Brachystomella porcus* ranges from 0.45 to 0.95 mm .",pmc,1,2.45,correct,wrong,,
K135,doc_extractive,body_size,Arrhopalitidae,97,1.2 mm,1.2 mm,plazi,1,1.59,correct,correct,,
K135,doc_generative,body_size,Arrhopalitidae,97,1.2 mm,"Based on the provided documents, the body length of *Arrhopalites harveyi* is 1.2 mm .",plazi,1,0.44,correct,correct,,
K135,e2e_dense_generative,body_size,Arrhopalitidae,97,1.2 mm,"Based on the provided documents, the body length of *Arrhopalites harveyi* is 1.2 mm .",plazi,1,7.08,correct,correct,,
K135,e2e_sparse_extractive,body_size,Arrhopalitidae,97,1.2 mm,1.2 mm,pmc,1,7.26,correct,no_answer,,
K135,e2e_sparse_generative,body_size,Arrhopalitidae,97,1.2 mm,"Based on the provided documents, the body length of *Arrhopalites harveyi* is stated as 1.2 mm .",pmc,1,3.66,correct,no_answer,,
K136,doc_extractive,body_size,Neanuridae,927,0.84 mm,0.84 mm,plazi,1,1.64,correct,correct,,
K136,doc_generative,body_size,Neanuridae,927,0.84 mm,"Based on the provided documents, the body length of *Endonura levantica* is not specified .",plazi,1,0.51,no_answer,no_answer,,
K136,e2e_dense_generative,body_size,Neanuridae,927,0.84 mm,"Based on the provided documents, the body length of *Endonura levantica* is reported as 0.77 to 0.84 mm .",plazi,0,6.96,correct,correct,,
K136,e2e_sparse_extractive,body_size,Neanuridae,927,0.84 mm,1 mm,pmc,1,7.74,wrong,wrong,,
K136,e2e_sparse_generative,body_size,Neanuridae,927,0.84 mm,"Based on the provided documents, the body length of *Endonura levantica* is not explicitly stated. However, it is mentioned that *E. deharvengi* has a body size ranging from 2.10 to 2.50 mm, while *E. levantica* is noted to be smaller, suggesting its body length is less than that of *E. deharvengi* . For precise measurements, further reference to detailed taxonomic descriptions would be necessary.",pmc,0,4.83,wrong,no_answer,,
K137,doc_extractive,body_size,Tomoceridae,407,3.0 mm || up to 3.0 mm,up to 3.0 mm,plazi,1,1.36,correct,correct,,
K137,doc_generative,body_size,Tomoceridae,407,3.0 mm || up to 3.0 mm,"Based on the provided documents, the body length of *Tomocerus jilinensis* is not explicitly stated . The document describes morphological characteristics but does not provide specific measurements for body length.",plazi,1,0.64,no_answer,no_answer,,
K137,e2e_sparse_extractive,body_size,Tomoceridae,407,3.0 mm || up to 3.0 mm,6.8 mm,pmc,1,7.17,wrong,wrong,,
K137,e2e_sparse_generative,body_size,Tomoceridae,407,3.0 mm || up to 3.0 mm,"Based on the provided documents, the body length of *Tomocerus jilinensis* is not explicitly mentioned . However, it can be inferred that its body length is likely smaller compared to *Nemoura tripotini*, which has a body length of 6.8 mm , as they belong to different genera within the same order. Therefore, the exact body length of *Tomocerus jilinensis* remains unspecified in the given sources.",pmc,1,3.68,wrong,no_answer,,
K138,doc_extractive,habitat,Onychiuridae,3235,"broadleaved litter and soil, in an urban recreational park || urban recreational park || broadleaved litter and soil",litter and soil in the broadleaved forest,plazi,1,1.47,correct,correct,,
K138,doc_generative,habitat,Onychiuridae,3235,"broadleaved litter and soil, in an urban recreational park || urban recreational park || broadleaved litter and soil","Based on the provided documents, there is no specific information about the habitat of *Thalassaphorura xihuensis*. The text describes morphological characteristics and comparisons with other species but does not mention its ecological or geographic habitat .",plazi,1,1.02,no_answer,no_answer,,
K138,e2e_dense_generative,habitat,Onychiuridae,3235,"broadleaved litter and soil, in an urban recreational park || urban recreational park || broadleaved litter and soil","Based on the provided documents, there is no specific information about the habitat of *Thalassaphorura xihuensis*. The available data describe habitats for other species within the genus *Thalassaphorura*, such as soil and leaf litter under oak, cypress, or pine trees in Iran, but not for *T. xihuensis* . Therefore, the habitat of *Thalassaphorura xihuensis* cannot be determined from the given sources.",medline,0,6.76,no_answer,no_answer,,
K138,e2e_sparse_extractive,habitat,Onychiuridae,3235,"broadleaved litter and soil, in an urban recreational park || urban recreational park || broadleaved litter and soil",soil and leaf litter under oak trees,medline,0,5.38,correct,wrong,,
K138,e2e_sparse_generative,habitat,Onychiuridae,3235,"broadleaved litter and soil, in an urban recreational park || urban recreational park || broadleaved litter and soil","Based on the provided documents, there is no specific information about the habitat of *Thalassaphorura xihuensis*. The available data describe habitats for other species within the genus *Thalassaphorura* but not for *T. xihuensis* -.",medline,0,3.79,no_answer,no_answer,,
K147,doc_extractive,habitat,Isotomidae,3532,under leaf-litter of moist deciduous forest || leaf-litter of moist deciduous forest || Tussar plantation garden,India,plazi,1,1.33,geography,geography,,
K147,doc_generative,habitat,Isotomidae,3532,under leaf-litter of moist deciduous forest || leaf-litter of moist deciduous forest || Tussar plantation garden,"Based on the provided documents, there is no specific information about the habitat of *Proisotoma pakurensis*. The descriptions focus on morphological characteristics rather than ecological or geographic distribution . Further research would be needed to determine its habitat preferences.",plazi,1,0.72,no_answer,no_answer,,
K147,e2e_sparse_extractive,habitat,Isotomidae,3532,under leaf-litter of moist deciduous forest || leaf-litter of moist deciduous forest || Tussar plantation garden,,,0,0.97,no_answer,no_answer,,
K147,e2e_sparse_generative,habitat,Isotomidae,3532,under leaf-litter of moist deciduous forest || leaf-litter of moist deciduous forest || Tussar plantation garden,,,0,0.92,no_answer,no_answer,,
K149,doc_extractive,habitat,Neanuridae,2613,leaf litter in deciduous forest,"School of Life Science, Nanjing University",plazi,1,2.01,geography,geography,,
K149,doc_generative,habitat,Neanuridae,2613,leaf litter in deciduous forest,"Based on the provided documents, there is no specific information about the habitat of *Lobellina nanjingensis*. The description focuses on morphological characteristics and comparisons with other species, but does not mention ecological or habitat preferences .",plazi,1,0.72,no_answer,no_answer,,
K149,e2e_sparse_extractive,habitat,Neanuridae,2613,leaf litter in deciduous forest,"hypogeous, gregarious",pmc,0,6.65,no_answer,no_answer,,
K149,e2e_sparse_generative,habitat,Neanuridae,2613,leaf litter in deciduous forest,"Based on the provided documents, there is no direct mention of the habitat of *Lobellina nanjingensis*. However, related species such as *Poecilobdella nanjingensis* are described as inhabiting rocks in moist mountainous habitats . For *Homalota nanjingensis*, the habitat includes the under bark of dead pine trees in Nanjing Zijin Mountain National Forest Park . Since *Lobellina nanjingensis* is not explicitly discussed, its specific habitat remains unspecified in the available sources.",pmc,0,3.69,no_answer,no_answer,,
K150,doc_extractive,habitat,Tomoceridae,6192,both twilight and dark zones of the cave || twilight and dark zones of the cave || troglophilous,Kharagauli municipality,plazi,1,1.77,geography,geography,,
K150,doc_generative,habitat,Tomoceridae,6192,both twilight and dark zones of the cave || twilight and dark zones of the cave || troglophilous,"Based on the provided documents, Plutomurus kharagauliensis is a troglophilous species, indicating it inhabits cave environments. However, the specific details about its exact habitat or distribution are not mentioned in the given text .",plazi,1,0.79,no_answer,no_answer,,
K150,e2e_sparse_extractive,habitat,Tomoceridae,6192,both twilight and dark zones of the cave || twilight and dark zones of the cave || troglophilous,,pmc,0,1.74,no_answer,correct,,
K150,e2e_sparse_generative,habitat,Tomoceridae,6192,both twilight and dark zones of the cave || twilight and dark zones of the cave || troglophilous,,pmc,0,1.33,no_answer,correct,,
K151,doc_extractive,body_size,Isotomidae,2411,1.7–1.8 mm || 1.7-1.8 mm,65.5867°N,plazi,1,2.65,no_answer,no_answer,,
K151,doc_generative,body_size,Isotomidae,2411,1.7–1.8 mm || 1.7-1.8 mm,"Based on the provided documents, the body length of *Desoria cooki* is up to 1.7–1.8 mm .",plazi,1,0.65,correct,correct,,
K151,e2e_sparse_extractive,body_size,Isotomidae,2411,1.7–1.8 mm || 1.7-1.8 mm,65.5867°N,plazi,1,2.66,no_answer,no_answer,,
K151,e2e_sparse_generative,body_size,Isotomidae,2411,1.7–1.8 mm || 1.7-1.8 mm,"Based on the provided documents, the body length of *Desoria cooki* is up to 1.7–1.8 mm .",plazi,1,0.51,correct,correct,,
K152,doc_extractive,body_size,Entomobryidae,471,1.6 mm || 1.57 mm,1.6 mm,plazi,1,2.66,correct,correct,,
K152,doc_generative,body_size,Entomobryidae,471,1.6 mm || 1.57 mm,"Based on the provided documents, the body length of *Alloscopus namtip* is not specified .",plazi,1,0.51,no_answer,no_answer,,
K152,e2e_sparse_extractive,body_size,Entomobryidae,471,1.6 mm || 1.57 mm,1.6 mm,pmc,1,4.91,correct,no_answer,,
K152,e2e_sparse_generative,body_size,Entomobryidae,471,1.6 mm || 1.57 mm,"Based on the provided documents, the body length of *Alloscopus namtip* is 1.6 mm .",pmc,0,1.28,correct,wrong,,
K153,doc_extractive,body_size,Hypogastruridae,263,1-1.3 mm || 1–1.3 mm,1-1.3 mm,plazi,1,1.29,correct,correct,,
K153,doc_generative,body_size,Hypogastruridae,263,1-1.3 mm || 1–1.3 mm,"Based on the provided documents, the body length of *Ceratophysella brevisensillata* is 1-1.3 mm .",plazi,1,0.57,correct,correct,,
K153,e2e_dense_generative,body_size,Hypogastruridae,263,1-1.3 mm || 1–1.3 mm,"Based on the provided documents, the body length of *Ceratophysella brevisensillata* is 1-1.3 mm .",pmc,1,6.76,correct,correct,,
K153,e2e_sparse_extractive,body_size,Hypogastruridae,263,1-1.3 mm || 1–1.3 mm,1-1.3 mm,pmc,1,8.09,correct,correct,,
K153,e2e_sparse_generative,body_size,Hypogastruridae,263,1-1.3 mm || 1–1.3 mm,"Based on the provided documents, the body length of *Ceratophysella brevisensillata* is 1-1.3 mm .",pmc,1,2.4,correct,correct,,
K154,doc_extractive,body_size,Arrhopalitidae,142,0.9 mm,0.9 mm,plazi,1,1.53,correct,correct,,
K154,doc_generative,body_size,Arrhopalitidae,142,0.9 mm,"Based on the provided documents, the body length of *Arrhopalites colchicus* is not specified .",plazi,1,0.51,no_answer,no_answer,,
K154,e2e_sparse_extractive,body_size,Arrhopalitidae,142,0.9 mm,0.9 mm,pmc,1,2.97,correct,correct,,
K154,e2e_sparse_generative,body_size,Arrhopalitidae,142,0.9 mm,"Based on the provided documents, the body length of *Arrhopalites colchicus* is not explicitly stated . However, it can be inferred that its morphology includes specific features such as the antennae structure and setae arrangement, which may correlate with its size . Further details would require additional data.",pmc,1,1.74,no_answer,correct,,
K155,doc_extractive,body_size,Neanuridae,1034,2.7 mm || 2.8 mm,"2.8 mm, one juvenile 1.3 mm",plazi,1,1.38,correct,correct,,
K155,doc_generative,body_size,Neanuridae,1034,2.7 mm || 2.8 mm,"Based on the provided documents, the body length of *Paralobella sensilla* is reported as follows: the holotype female measures 2.7 mm, while a paratype female measures 2.8 mm, and a juvenile specimen measures 1.3 mm .",plazi,1,0.95,correct,correct,,
K155,e2e_sparse_extractive,body_size,Neanuridae,1034,2.7 mm || 2.8 mm,1.33–1.79 mm,pmc,0,5.53,wrong,correct,,
K155,e2e_sparse_generative,body_size,Neanuridae,1034,2.7 mm || 2.8 mm,"Based on the provided documents, the body length of *Paralobella sensilla* is reported for the holotype female as 2.7 mm, with paratype females measuring 2.8 mm and a juvenile specimen being 1.3 mm .",pmc,1,1.81,correct,no_answer,,
K156,doc_extractive,body_size,Tomoceridae,998,3 mm,3 mm,plazi,1,1.32,correct,correct,,
K156,doc_generative,body_size,Tomoceridae,998,3 mm,"Based on the provided documents, the body length of *Pogonognathellus litoralis* is not explicitly stated . The description mentions that the antennae are approximately 0.7 to 0.8 times the body length, but the actual body length measurement is not given.",plazi,1,1.03,no_answer,no_answer,,
K156,e2e_sparse_extractive,body_size,Tomoceridae,998,3 mm,3 mm,plazi,1,1.43,correct,correct,,
K156,e2e_sparse_generative,body_size,Tomoceridae,998,3 mm,"Based on the provided documents, the body length of *Pogonognathellus litoralis* is not explicitly stated . The description mentions that the antennae are approximately 0.7 to 0.8 times the body length, but the actual body length measurement is not given.",plazi,1,0.77,no_answer,no_answer,,
K157,doc_extractive,body_size,Onychiuridae,469,1.7–2.0 mm || 1.7-2.0 mm || 1.6 mm,1.7–2.0 mm,plazi,1,2.46,correct,correct,,
K157,doc_generative,body_size,Onychiuridae,469,1.7–2.0 mm || 1.7-2.0 mm || 1.6 mm,"Based on the provided documents, the body length of *Onychiurus gulinensis* is not specified .",plazi,1,0.48,no_answer,no_answer,,
K157,e2e_sparse_extractive,body_size,Onychiuridae,469,1.7–2.0 mm || 1.7-2.0 mm || 1.6 mm,1.7–2.0 mm,plazi,1,4.74,correct,correct,,
K157,e2e_sparse_generative,body_size,Onychiuridae,469,1.7–2.0 mm || 1.7-2.0 mm || 1.6 mm,"Based on the provided documents, the body length of *Onychiurus gulinensis* is not specified . Additional research would be required to determine this characteristic.",plazi,1,0.69,no_answer,no_answer,,
K158,doc_extractive,body_size,Paronellidae,387,2.51 mm,2.51 mm,plazi,1,1.33,correct,correct,,
K158,doc_generative,body_size,Paronellidae,387,2.51 mm,"Based on the provided documents, the body length of *Trogolaphysa ernesti* is not specified .",plazi,1,0.46,no_answer,no_answer,,
K158,e2e_dense_generative,body_size,Paronellidae,387,2.51 mm,"Based on the provided documents, the body length of *Trogolaphysa ernesti* is not explicitly mentioned . However, it can be inferred that its body length is comparable to other described species within the genus, though specific measurements are lacking in the given text.",pmc,1,6.5,no_answer,wrong,,
K158,e2e_sparse_extractive,body_size,Paronellidae,387,2.51 mm,2.1 mm,pmc,1,6.61,wrong,wrong,,
K158,e2e_sparse_generative,body_size,Paronellidae,387,2.51 mm,"Based on the provided documents, the body length of *Trogolaphysa ernesti* is not explicitly stated. However, it can be inferred that its body length is comparable to other described species within the genus *Trogolaphysa*, which typically range up to approximately 2.1 mm . Further details would require direct reference to specific measurements for *Trogolaphysa ernesti*.",pmc,0,3.48,wrong,wrong,,
K160,doc_extractive,body_size,Orchesellidae,69,2.5–3 mm || 2.5-3 mm,2.5–3 mm,plazi,1,1.37,correct,correct,,
K160,doc_generative,body_size,Orchesellidae,69,2.5–3 mm || 2.5-3 mm,"Based on the provided documents, the body length of *Australotomurus morbidus* is approximately 2.5 to 3 mm .",plazi,1,0.55,correct,correct,,
K160,e2e_sparse_extractive,body_size,Orchesellidae,69,2.5–3 mm || 2.5-3 mm,1.77-2.17 mm,plazi,0,6.81,wrong,wrong,,
K160,e2e_sparse_generative,body_size,Orchesellidae,69,2.5–3 mm || 2.5-3 mm,"Based on the provided documents, the body length of *Australotomurus morbidus* is noted as 3 mm . This measurement refers to the overall size of the specimen, distinguishing it as one of the larger species within the genus. No additional details about body length are provided in the other references.",plazi,0,2.65,correct,correct,,
K161,doc_extractive,body_size,Sminthuridae,483,0.93–1.77 mm || 0.93-1.77 mm || 1.27 mm,0.93–1.77 mm,plazi,1,1.84,correct,correct,,
K161,doc_generative,body_size,Sminthuridae,483,0.93–1.77 mm || 0.93-1.77 mm || 1.27 mm,"Based on the provided documents, the body length of *Temeritas paradoxalis* is not specified .",plazi,1,0.39,no_answer,no_answer,,
K161,e2e_sparse_extractive,body_size,Sminthuridae,483,0.93–1.77 mm || 0.93-1.77 mm || 1.27 mm,0.93–1.77 mm,plazi,1,6.61,correct,correct,,
K161,e2e_sparse_generative,body_size,Sminthuridae,483,0.93–1.77 mm || 0.93-1.77 mm || 1.27 mm,"Based on the provided documents, the body length of *Temeritas paradoxalis* is not explicitly mentioned. The descriptions focus on morphological characteristics rather than providing specific body length measurements . Therefore, no definitive answer regarding the body length can be given from the available data.",plazi,1,2.98,no_answer,no_answer,,
K162,doc_extractive,body_size,Neelidae,1436,0.2–0.34 mm || 0.2-0.34 mm || 0.26 mm,increased body size,plazi,1,1.97,no_answer,no_answer,,
K162,doc_generative,body_size,Neelidae,1436,0.2–0.34 mm || 0.2-0.34 mm || 0.26 mm,"Based on the provided documents, the body length of *Megalothorax sanctistephani* is not specified . The description focuses on morphological features such as claws, unguis, and other structures but does not mention overall body dimensions.",plazi,1,0.76,no_answer,no_answer,,
K162,e2e_sparse_extractive,body_size,Neelidae,1436,0.2–0.34 mm || 0.2-0.34 mm || 0.26 mm,0.16,pmc,0,7.07,no_answer,correct,,
K162,e2e_sparse_generative,body_size,Neelidae,1436,0.2–0.34 mm || 0.2-0.34 mm || 0.26 mm,"Based on the provided documents, there is no specific mention of the body length of *Megalothorax sanctistephani*. The descriptions focus on morphological features such as claws, unguis, tenaculum, ventral tube, and ecological findings, but not on overall body dimensions . Additional studies or references would be needed to determine the body length.",pmc,1,3.68,no_answer,correct,,
K163,doc_extractive,body_size,Tullbergiidae,1083,1.2 mm || 0.83-1.4 mm,1.2 mm,plazi,1,1.33,correct,correct,,
K163,doc_generative,body_size,Tullbergiidae,1083,1.2 mm || 0.83-1.4 mm,"Based on the provided documents, 12 specimens of *Tullbergia alcirae* had a body length ranging from 0.83 to 1.4 mm, with an average of 1.2 mm .",plazi,1,0.83,correct,correct,,
K163,e2e_sparse_extractive,body_size,Tullbergiidae,1083,1.2 mm || 0.83-1.4 mm,1.2 mm,pmc,1,2.86,correct,correct,,
K163,e2e_sparse_generative,body_size,Tullbergiidae,1083,1.2 mm || 0.83-1.4 mm,"Based on the provided documents, the body length of *Tullbergia alcirae* is 1.2 mm, with a range from 0.83 to 1.4 mm .",pmc,1,1.64,correct,correct,,
K164,doc_extractive,body_size,Isotomidae,963,0.8–1.2 mm || 0.8-1.2 mm,0.8–1.2 mm,plazi,1,1.43,correct,correct,,
K164,doc_generative,body_size,Isotomidae,963,0.8–1.2 mm || 0.8-1.2 mm,"Based on the provided documents, the body length of *Scutisotoma schisti* is not specified .",plazi,1,0.51,no_answer,no_answer,,
K164,e2e_sparse_extractive,body_size,Isotomidae,963,0.8–1.2 mm || 0.8-1.2 mm,0.8–1.0 mm,plazi,1,5.33,correct,correct,,
K164,e2e_sparse_generative,body_size,Isotomidae,963,0.8–1.2 mm || 0.8-1.2 mm,"Based on the provided documents, there is no specific mention of the body length of *Scutisotoma schisti*. The descriptions focus on morphological characteristics such as chaetotaxy, palp structure, and furcal anatomy rather than body dimensions . Therefore, the body length cannot be determined from the given sources.",plazi,1,1.12,no_answer,no_answer,,
K165,doc_extractive,body_size,Entomobryidae,2504,2.40 mm || 2.05 mm,30 T 4191 45213,plazi,1,1.32,no_answer,no_answer,,
K165,doc_generative,body_size,Entomobryidae,2504,2.40 mm || 2.05 mm,"Based on the provided documents, the body length of *Pseudosinella valverdei* ranges from up to 2.40 mm when including the head, with an average of 2.05 mm for adult specimens .",plazi,1,0.74,correct,correct,,
K165,e2e_sparse_extractive,body_size,Entomobryidae,2504,2.40 mm || 2.05 mm,1622 m,pmc,1,2.51,no_answer,no_answer,,
K165,e2e_sparse_generative,body_size,Entomobryidae,2504,2.40 mm || 2.05 mm,"Based on the provided documents, the body length of *Pseudosinella valverdei* is up to 2.40 mm, including the head, with a mean length of 2.05 mm for adult specimens .",pmc,1,1.74,correct,no_answer,,
K166,doc_extractive,body_size,Hypogastruridae,3904,1-2 mm || 1–2 mm,1-2 mm,plazi,1,1.43,correct,correct,,
K166,doc_generative,body_size,Hypogastruridae,3904,1-2 mm || 1–2 mm,"Based on the provided documents, the body length of *Ceratophysella stachi* is 1-2 mm .",plazi,1,0.51,correct,correct,,
K166,e2e_sparse_extractive,body_size,Hypogastruridae,3904,1-2 mm || 1–2 mm,1-2 mm,pmc,1,3.93,correct,correct,,
K166,e2e_sparse_generative,body_size,Hypogastruridae,3904,1-2 mm || 1–2 mm,"Based on the provided documents, the body length of *Ceratophysella stachi* is 1-2 mm .",pmc,1,1.84,correct,wrong,,
K167,doc_extractive,body_size,Arrhopalitidae,84,0.7 mm,0.7 mm,plazi,1,1.19,correct,correct,,
K167,doc_generative,body_size,Arrhopalitidae,84,0.7 mm,"Based on the provided documents, the body length of *Arrhopalites ruseki* is 0.7 mm .",plazi,1,0.61,correct,correct,,
K167,e2e_sparse_extractive,body_size,Arrhopalitidae,84,0.7 mm,0.7 mm,pmc,1,6.74,correct,correct,,
K167,e2e_sparse_generative,body_size,Arrhopalitidae,84,0.7 mm,"Based on the provided documents, the body length of *Arrhopalites ruseki* is not explicitly stated. However, it belongs to the ""Pygmaeus group s.str."" which typically includes very small species, with total lengths around 0.7 mm . For precise measurements, additional data would be required.",pmc,1,4.09,correct,correct,,
K168,doc_extractive,body_size,Neanuridae,2639,0.6–2.30 mm || 0.6-2.30 mm,0.6–2.30 mm,plazi,1,1.55,correct,correct,,
K168,doc_generative,body_size,Neanuridae,2639,0.6–2.30 mm || 0.6-2.30 mm,"Based on the provided documents, 0.6 to 2.30 mm.",plazi,1,0.42,correct,correct,,
K168,e2e_sparse_extractive,body_size,Neanuridae,2639,0.6–2.30 mm || 0.6-2.30 mm,0.6–2.30 mm,pmc,1,7.69,correct,wrong,,
K168,e2e_sparse_generative,body_size,Neanuridae,2639,0.6–2.30 mm || 0.6-2.30 mm,"Based on the provided documents, the body length of *Endonura reticulata* (without antennae) ranges from 0.6 to 2.30 mm .",pmc,1,2.34,correct,no_answer,,
K169,doc_extractive,body_size,Tomoceridae,394,2.8–3.3 mm || 2.8-3.3 mm || 3.0 mm,2.8–3.3 mm,plazi,1,2.05,correct,correct,,
K169,doc_generative,body_size,Tomoceridae,394,2.8–3.3 mm || 2.8-3.3 mm || 3.0 mm,"Based on the provided documents, the body length of *Tomocerus pseudospinulus* is not specified .",plazi,1,0.5,no_answer,no_answer,,
K169,e2e_dense_generative,body_size,Tomoceridae,394,2.8–3.3 mm || 2.8-3.3 mm || 3.0 mm,"Based on the provided documents, the specific body length of *Tomocerus pseudospinulus* is not mentioned. The descriptions focus on morphological features such as coloration, chaetotaxy, and dental structures rather than providing measurements . Therefore, no definitive body length is available from the given sources.",pmc,1,7.22,no_answer,no_answer,,
K169,e2e_sparse_extractive,body_size,Tomoceridae,394,2.8–3.3 mm || 2.8-3.3 mm || 3.0 mm,2.8–3.3 mm,pmc,1,6.91,correct,wrong,,
K169,e2e_sparse_generative,body_size,Tomoceridae,394,2.8–3.3 mm || 2.8-3.3 mm || 3.0 mm,"Based on the provided documents, the body length of *Tomocerus pseudospinulus* is not explicitly stated. However, it is mentioned that this species has a short antenna, which is approximately 0.6 to 0.75 times the length of the body . Without direct measurements, the exact body length cannot be determined from the given information.",pmc,1,2.38,no_answer,no_answer,,
K170,doc_extractive,body_size,Onychiuridae,1967,1.2–1.7 mm || 1.5–2.3 mm || 1.2 mm,1592 m,plazi,1,1.28,no_answer,no_answer,,
K170,doc_generative,body_size,Onychiuridae,1967,1.2–1.7 mm || 1.5–2.3 mm || 1.2 mm,"Based on the provided documents, the body length of *Heteraphorura iranica* is not explicitly stated. However, it mentions that its length equals 0.60–0.65 of the inner edge of the claw . This suggests the body length is proportionate to the claw's inner edge but does not provide an absolute measurement.",plazi,1,0.89,no_answer,no_answer,,
K170,e2e_sparse_extractive,body_size,Onychiuridae,1967,1.2–1.7 mm || 1.5–2.3 mm || 1.2 mm,42–79 mm,pmc,0,8.25,wrong,wrong,,
K170,e2e_sparse_generative,body_size,Onychiuridae,1967,1.2–1.7 mm || 1.5–2.3 mm || 1.2 mm,"Based on the provided documents, 0.60 to 0.65 times the length of the inner edge of the claw is mentioned for *Heteraphorura iranica*, but no direct measurement of body length is given . Therefore, the exact body length cannot be determined from the available information.",pmc,1,3.58,no_answer,wrong,,
K171,doc_extractive,body_size,Paronellidae,385,1.57 mm,1.57 mm,plazi,1,1.64,correct,correct,,
K171,doc_generative,body_size,Paronellidae,385,1.57 mm,"Based on the provided documents, the total body length (head + trunk) of Salina zhangi is 1.57 mm .",plazi,1,0.51,correct,correct,,
K171,e2e_sparse_extractive,body_size,Paronellidae,385,1.57 mm,1.57 mm,pmc,1,7.83,correct,no_answer,,
K171,e2e_sparse_generative,body_size,Paronellidae,385,1.57 mm,"Based on the provided documents, the body length of *Salina zhangi* is not explicitly stated. However, it is mentioned that the total length (head + trunk) of the holotype is 1.57 mm . This measurement includes both the head and the trunk, but the exact body length excluding the head is not specified in the given text.",pmc,1,3.06,correct,no_answer,,
K174,doc_extractive,body_size,Sminthuridae,754,"1,184µm || 1,184 µm || 1184 µm","1,184µm",plazi,1,2.16,correct,correct,,
K174,doc_generative,body_size,Sminthuridae,754,"1,184µm || 1,184 µm || 1184 µm","Based on the provided documents, the body length of *Keratosminthurus tapigu* is 1,184 micrometers .",plazi,1,0.54,correct,correct,,
K174,e2e_sparse_extractive,body_size,Sminthuridae,754,"1,184µm || 1,184 µm || 1184 µm","1,184µm",plazi,1,4.58,correct,correct,,
K174,e2e_sparse_generative,body_size,Sminthuridae,754,"1,184µm || 1,184 µm || 1184 µm","Based on the provided documents, the body length of *Keratosminthurus tapigu* is 1,184 meters .",plazi,1,2.15,no_answer,no_answer,,
K175,doc_extractive,body_size,Neelidae,3610,300 µm,subequal in unguis length,plazi,1,1.43,no_answer,no_answer,,
K175,doc_generative,body_size,Neelidae,3610,300 µm,"Based on the provided documents, the body length of *Megalothorax cellarincola* is up to 300 micrometers .",plazi,1,0.51,correct,correct,,
K175,e2e_sparse_extractive,body_size,Neelidae,3610,300 µm,subequal in unguis length,plazi,1,3.17,no_answer,no_answer,,
K175,e2e_sparse_generative,body_size,Neelidae,3610,300 µm,"Based on the provided documents, the body length of *Megalothorax cellarincola* is up to 300 micrometers .",plazi,1,0.61,correct,correct,,
K176,doc_extractive,body_size,Tullbergiidae,345,0.50–0.62 mm || 0.50-0.62 mm,0.50–0.62 mm,plazi,1,1.54,correct,correct,,
K176,doc_generative,body_size,Tullbergiidae,345,0.50–0.62 mm || 0.50-0.62 mm,"Based on the provided documents, the body length of *Tullbergia meridionalis* (without antennae) ranges from 0.50 to 0.62 mm .",plazi,1,0.61,correct,correct,,
K176,e2e_dense_generative,body_size,Tullbergiidae,345,0.50–0.62 mm || 0.50-0.62 mm,"Based on the provided documents, the body length of *Tullbergia meridionalis* is reported as 0.50 to 0.62 mm without antennae .",plazi,1,6.43,correct,correct,,
K176,e2e_sparse_extractive,body_size,Tullbergiidae,345,0.50–0.62 mm || 0.50-0.62 mm,45–48 mm,pmc,1,7.66,wrong,no_answer,,
K176,e2e_sparse_generative,body_size,Tullbergiidae,345,0.50–0.62 mm || 0.50-0.62 mm,"Based on the provided documents, the body length of *Tullbergia meridionalis* is reported as 0.50 to 0.62 mm without antennae .",pmc,1,3.07,correct,no_answer,,
K177,doc_extractive,body_size,Isotomidae,1680,1.93 mm,7km,plazi,1,1.58,no_answer,no_answer,,
K177,doc_generative,body_size,Isotomidae,1680,1.93 mm,"Based on the provided documents, the body length of *Isotomurus jharkhandensis* is not specified . Additional sources would be required to determine this characteristic.",plazi,1,0.53,no_answer,no_answer,,
K177,e2e_sparse_extractive,body_size,Isotomidae,1680,1.93 mm,1.93 mm 1.82 mm,plazi,1,2.58,correct,correct,,
K177,e2e_sparse_generative,body_size,Isotomidae,1680,1.93 mm,"Based on the provided documents, the body length of *Isotomurus jharkhandensis* is not explicitly stated. However, it is mentioned that this species is closely related to *Isotomurus indicus*, which has a body length of 1.93 mm and 1.82 mm . Since no specific measurements for *I. jharkhandensis* are provided, the exact body length cannot be determined from the available information.",plazi,0,1.38,correct,correct,,
K178,doc_extractive,body_size,Entomobryidae,3603,2.60 mm || 2.84 mm || 2.66 mm,"35F1F485-6D6D-4333-8AB3-F52D73AE0D1F
TYPE MATERIAL. — Holotype. Spain • ♀; Segovia, Sierra de Guadarrama, Majada Hambrienta (Northeast); 30 T 4185 45229; 1994 m a.s.l.; 17.XI.2015; Ortuño et al. leg.; pitfall SSD (since 2.VI.2015); MZNA SSD-7 (slide 06).
Paratypes. Spain • 19 specimens in ethyl alcohol; same data; MZNA as for holotype; Ortuño et al. leg.; MZNA • 4 specimens on slide and 78 in ethyl alcohol; SSD-6, slides 10 and 11; same data; MZNA • 5 specimens on slide and 24 in ethyl alcohol; SSD-8, slides 01 and 05; same data; MZNA • 4 specimens; SSD- 10, slide 02; same data; MZNA • 2 specimens on slide and 10 in ethyl alcohol; SSD-8, slides 14 and 15; same data as for holotype; Ortuño et al. leg.; MNHN .
TYPE LOCALITY. — Spain, Segovia, Sierra de Guadarrama, Majada Hambrienta (Northeast); 30 T4185 45229",plazi,1,2.66,no_answer,no_answer,,
K178,doc_generative,body_size,Entomobryidae,3603,2.60 mm || 2.84 mm || 2.66 mm,"Based on the provided documents, the body length of *Entomobrya guadarramensis* is not specified .",plazi,1,0.61,no_answer,no_answer,,
K178,e2e_sparse_extractive,body_size,Entomobryidae,3603,2.60 mm || 2.84 mm || 2.66 mm,0.44 and 0.55 mm,pmc,1,3.06,wrong,no_answer,,
K178,e2e_sparse_generative,body_size,Entomobryidae,3603,2.60 mm || 2.84 mm || 2.66 mm,"Based on the provided documents, the body length of *Entomobrya guadarramensis* is not specified .",pmc,1,1.08,no_answer,no_answer,,
K179,doc_extractive,body_size,Hypogastruridae,995,2.4 mm,2.4 mm,plazi,1,1.34,correct,correct,,
K179,doc_generative,body_size,Hypogastruridae,995,2.4 mm,"Based on the provided documents, there is no specific mention of the body length of *Ceratophysella macrocantha*. The text describes morphological characteristics such as the length of the inner edge of the leg claws, the structure of the mucro, and the length of tenent hairs relative to the claws, but does not provide measurements for body length .",plazi,1,1.12,no_answer,no_answer,,
K179,e2e_dense_generative,body_size,Hypogastruridae,995,2.4 mm,"Based on the provided documents, the body length of *Ceratophysella macrocantha* is not explicitly mentioned . However, it can be inferred that its body length might be comparable to other closely related species within the genus, such as *Ceratophysella communis*, which has a body length up to 1.8 mm . Further specific measurements would be required for precise determination.",pmc,1,7.88,wrong,correct,,
K179,e2e_sparse_extractive,body_size,Hypogastruridae,995,2.4 mm,2.4 mm,pmc,1,7.27,correct,wrong,,
K179,e2e_sparse_generative,body_size,Hypogastruridae,995,2.4 mm,"Based on the provided documents, the body length of *Ceratophysella macrocantha* is not explicitly mentioned . However, it can be inferred that its body length might be comparable to other closely related species within the genus, such as *Ceratophysella communis*, which has a body length up to 1.8 mm . Further specific measurements would require direct reference to detailed taxonomic studies or morphological analyses focused on *C. macrocantha*.",pmc,1,3.54,wrong,correct,,
K180,doc_extractive,body_size,Arrhopalitidae,1659,0.9mm || 0.9 mm,0.75X,plazi,1,1.43,no_answer,no_answer,,
K180,doc_generative,body_size,Arrhopalitidae,1659,0.9mm || 0.9 mm,"Based on the provided documents, the total length of the adult female holotype of *Arrhopalites ezoensis* is 0.9 mm . There is no mention of the body length for males or other specimens.",plazi,1,1.53,correct,correct,,
K180,e2e_sparse_extractive,body_size,Arrhopalitidae,1659,0.9mm || 0.9 mm,0.75X,pmc,1,2.05,no_answer,correct,,
K180,e2e_sparse_generative,body_size,Arrhopalitidae,1659,0.9mm || 0.9 mm,"Based on the provided documents, the total length of the adult female holotype of *Arrhopalites ezoensis* is 0.9 mm . There is no mention of the body length for males or other specimens.",pmc,1,1.23,correct,correct,,
K181,doc_extractive,body_size,Neanuridae,42,1.15–1.40 mm || 1.15-1.40 mm,1.15–1.40 mm,plazi,1,1.56,correct,correct,,
K181,doc_generative,body_size,Neanuridae,42,1.15–1.40 mm || 1.15-1.40 mm,"Based on the provided documents, the body length of *Pseudachorutes scythicus* without antennae ranges from 1.15 to 1.40 mm .",plazi,1,0.89,correct,correct,,
K181,e2e_sparse_extractive,body_size,Neanuridae,42,1.15–1.40 mm || 1.15-1.40 mm,1.15–1.40 mm,pmc,1,6.55,correct,wrong,,
K181,e2e_sparse_generative,body_size,Neanuridae,42,1.15–1.40 mm || 1.15-1.40 mm,"Based on the provided documents, the body length of *Pseudachorutes scythicus* without antennae ranges from 1.15 to 1.40 mm .",pmc,1,3.53,correct,no_answer,,
K182,doc_extractive,body_size,Tomoceridae,814,3.6 mm,"3.6 mm versus 3.3 mm).
Regarding previous non-type records of Tomocerus ocreatus, Stach (1964, 1965 ) redescribed two different forms of Tomocerus ocreatus from southeastern China and northern Vietnam, respectively, and also claimed that the Japanese record of “ Tomocerus minor ” by Uchida (1953) was actually Tomocerus ocreatus ; Yosii described a Japanese species Tomocerus kawamurai (Yosii, 1954) and then synonymized it with Tomocerus ocreatus (Yosii 1956, 1967); Chiba (1968) recognized three forms in Japanese Tomocerus ocreatus ; Lee (1975) made descriptive notes on Korean specimens; Martynova (1977) recorded Tomocerus ocreatus in Sakhalin and made some descriptive notes on it. These redescriptions had subtle to considerable differences to each other, and were never identical to the original description. The Chinese “ ocreatus ” recorded in Hangzhou (“Hangchow”), Zhejiang Province by Stach (1964) has brownish body colour and distinctly short antenna about half the length of body",plazi,1,1.28,correct,correct,,
K182,doc_generative,body_size,Tomoceridae,814,3.6 mm,"Based on the provided documents, there is no specific mention of the body length of *Tomocerus ocreatus*. The text describes morphological features such as color, antenna length, and structural characteristics of spines and denticles but does not provide measurements . Additional sources would be required to determine the body length.",plazi,1,0.85,no_answer,no_answer,,
K182,e2e_dense_generative,body_size,Tomoceridae,814,3.6 mm,"Based on the provided documents, the body length of *Tomocerus ocreatus* is not explicitly stated. However, *Tomocerus qinae*, which is compared to *T. ocreatus*, has a body length of approximately 3.3 mm . This suggests that *T. ocreatus* might have a comparable body size, though without direct measurement data from the sources, this remains an inference.",pmc,0,6.76,wrong,no_answer,,
K182,e2e_sparse_extractive,body_size,Tomoceridae,814,3.6 mm,1.6–1.8 mm,pmc,0,7.06,wrong,no_answer,,
K182,e2e_sparse_generative,body_size,Tomoceridae,814,3.6 mm,"Based on the provided documents, the body length of *Tomocerus ocreatus* is not explicitly stated. However, it is mentioned that *Tomocerus qinae* sp. nov. has a body length of approximately 3.3 mm, and comparisons suggest that *T. ocreatus* might be similar in size, though this is not confirmed . Further detailed measurements would be required for an accurate determination.",pmc,0,3.6,wrong,no_answer,,
K183,doc_extractive,body_size,Onychiuridae,511,1.8–2.6 mm || 1.8-2.6 mm || 2.0 mm,1.8–2.6 mm,plazi,1,1.33,correct,correct,,
K183,doc_generative,body_size,Onychiuridae,511,1.8–2.6 mm || 1.8-2.6 mm || 2.0 mm,"Based on the provided documents, the body length of *Deuteraphorura kozmani* ranges from 1.8 to 2.6 mm in females and 1.5 to 2.0 mm in males .",plazi,1,0.77,correct,correct,,
K183,e2e_sparse_extractive,body_size,Onychiuridae,511,1.8–2.6 mm || 1.8-2.6 mm || 2.0 mm,1.8–2.6 mm,pmc,1,4.2,correct,correct,,
K183,e2e_sparse_generative,body_size,Onychiuridae,511,1.8–2.6 mm || 1.8-2.6 mm || 2.0 mm,"Based on the provided documents, the body length of *Deuteraphorura kozmani* ranges from 1.8 to 2.6 mm in females and 1.5 to 2.0 mm in males, with an average of 2.0 mm (n = 18) .",pmc,1,1.82,correct,correct,,
K184,doc_extractive,body_size,Paronellidae,31,2.4 mm,2.4 mm,plazi,1,1.31,correct,correct,,
K184,doc_generative,body_size,Paronellidae,31,2.4 mm,"Based on the provided documents, the body length of *Pseudoparonella seminigra* is up to 2.4 mm .",plazi,1,0.44,correct,correct,,
K184,e2e_sparse_extractive,body_size,Paronellidae,31,2.4 mm,5–7,medline,0,8.27,no_answer,no_answer,,
K184,e2e_sparse_generative,body_size,Paronellidae,31,2.4 mm,"Based on the provided documents, the body length of *Pseudoparonella seminigra* is up to 2.4 mm .",medline,1,3.28,correct,no_answer,,
K188,doc_extractive,body_size,Neelidae,1370,0.35 mm,0.35 mm,plazi,1,2.15,correct,correct,,
K188,doc_generative,body_size,Neelidae,1370,0.35 mm,"Based on the provided documents, the body length of *Megalothorax roseus* is up to 0.35 mm .",plazi,1,0.61,correct,correct,,
K188,e2e_sparse_extractive,body_size,Neelidae,1370,0.35 mm,0.35 mm,pmc,1,3.93,correct,wrong,,
K188,e2e_sparse_generative,body_size,Neelidae,1370,0.35 mm,"Based on the provided documents, the body length of *Megalothorax roseus* is up to 0.35 mm . This measurement is consistent with the description given for the species .",pmc,1,1.64,correct,correct,,
K190,doc_extractive,body_size,Isotomidae,1205,0.65–0.80 mm || 0.65-0.80 mm,0.65–0.80 mm,plazi,1,1.33,correct,correct,,
K190,doc_generative,body_size,Isotomidae,1205,0.65–0.80 mm || 0.65-0.80 mm,"Based on the provided documents, the body length of *Cylindropygus ferox* is 0.65 to 0.80 mm .",plazi,1,0.61,correct,correct,,
K190,e2e_sparse_extractive,body_size,Isotomidae,1205,0.65–0.80 mm || 0.65-0.80 mm,0.65–0.80 mm,plazi,1,7.86,correct,correct,,
K190,e2e_sparse_generative,body_size,Isotomidae,1205,0.65–0.80 mm || 0.65-0.80 mm,"Based on the provided documents, the body length of *Cylindropygus ferox* is 0.65 to 0.80 mm .",plazi,1,3.89,correct,correct,,
K191,doc_extractive,body_size,Entomobryidae,650,1.8 mm,1.8 mm,plazi,1,2.05,correct,correct,,
K191,doc_generative,body_size,Entomobryidae,650,1.8 mm,"Based on the provided documents, the body length of *Dicranocentrus liuae* is up to 1.8 mm .",plazi,1,0.61,correct,correct,,
K191,e2e_sparse_extractive,body_size,Entomobryidae,650,1.8 mm,1.73 mm,pmc,0,7.38,wrong,wrong,,
K191,e2e_sparse_generative,body_size,Entomobryidae,650,1.8 mm,"Based on the provided documents, the body length of *Dicranocentrus liuae* is up to 1.8 mm .",pmc,1,1.94,correct,correct,,
K192,doc_extractive,body_size,Hypogastruridae,215,1.8 mm,up to 1.8 mm,plazi,1,2.08,correct,correct,,
K192,doc_generative,body_size,Hypogastruridae,215,1.8 mm,"Based on the provided documents, the body length of *Ceratophysella communis* is up to 1.8 mm .",plazi,1,0.55,correct,correct,,
K192,e2e_dense_generative,body_size,Hypogastruridae,215,1.8 mm,"Based on the provided documents, the body length of *Ceratophysella communis* is up to 1.8 mm . No other specific measurements are mentioned in the given sources.",pmc,1,7.98,correct,no_answer,,
K192,e2e_sparse_extractive,body_size,Hypogastruridae,215,1.8 mm,0.7mm,pmc,1,7.45,wrong,wrong,,
K192,e2e_sparse_generative,body_size,Hypogastruridae,215,1.8 mm,"Based on the provided documents, the body length of *Ceratophysella communis* is up to 1.8 mm .",pmc,1,3.48,correct,wrong,,
K193,doc_extractive,habitat,Entomobryidae,2988,decompositing leaf litter || leaf litter,Yunnan,plazi,1,1.33,geography,geography,,
K193,doc_generative,habitat,Entomobryidae,2988,decompositing leaf litter || leaf litter,"Based on the provided documents, Coecobrya qinae is found in leaf litter . No further details about its specific habitat preferences are given.",plazi,1,0.61,correct,correct,,
K193,e2e_sparse_extractive,habitat,Entomobryidae,2988,decompositing leaf litter || leaf litter,,pmc,0,1.44,no_answer,wrong,,
K193,e2e_sparse_generative,habitat,Entomobryidae,2988,decompositing leaf litter || leaf litter,,pmc,0,0.93,no_answer,no_answer,,
K194,doc_extractive,habitat,Tomoceridae,3536,"ground litter, dead logs and live mosses on steep slopes in a closed forest || ground litter",ground litter,plazi,1,2.39,correct,correct,,
K194,doc_generative,habitat,Tomoceridae,3536,"ground litter, dead logs and live mosses on steep slopes in a closed forest || ground litter","Based on the provided documents, *Tomocerus (Ocreatomurus) oppositus* inhabits ground litter, dead logs, and live mosses on steep slopes within a closed forest. It is also found under a wood board beside a cottage in a village .",plazi,1,0.92,correct,correct,,
K194,e2e_sparse_extractive,habitat,Tomoceridae,3536,"ground litter, dead logs and live mosses on steep slopes in a closed forest || ground litter",ground litter,pmc,1,1.93,correct,correct,,
K194,e2e_sparse_generative,habitat,Tomoceridae,3536,"ground litter, dead logs and live mosses on steep slopes in a closed forest || ground litter","Based on the provided documents, *Tomocerus (Ocreatomurus) oppositus* inhabits ground litter, dead logs, and live mosses on steep slopes within a closed forest, as well as under a wood board beside a cottage in a village .",pmc,1,1.21,correct,correct,,
K197,doc_extractive,habitat,Neanuridae,5320,rotten wood and litter of Quercus suber and Q. canariensis forest || rotten wood and litter,humid,plazi,1,1.43,no_answer,no_answer,,
K197,doc_generative,habitat,Neanuridae,5320,rotten wood and litter of Quercus suber and Q. canariensis forest || rotten wood and litter,"Based on the provided documents, Pseudachorutes deficiens is found in humid habitats . The specific location within this habitat is not detailed in the given text.",plazi,1,0.61,geography,geography,,
K197,e2e_sparse_extractive,habitat,Neanuridae,5320,rotten wood and litter of Quercus suber and Q. canariensis forest || rotten wood and litter,soil and leaf litter,plazi,1,6.04,correct,correct,,
K197,e2e_sparse_generative,habitat,Neanuridae,5320,rotten wood and litter of Quercus suber and Q. canariensis forest || rotten wood and litter,"Based on the provided documents, Pseudachorutes deficiens inhabits humid habitats . The specific details about its ecological preferences or exact environmental conditions are not elaborated further in the given text.",plazi,1,2.05,geography,geography,,
K198,doc_extractive,habitat,Hypogastruridae,4982,soil under decaying leaves and sticks in deciduous forest,Nanjing,plazi,1,1.54,geography,geography,,
K198,doc_generative,habitat,Hypogastruridae,4982,soil under decaying leaves and sticks in deciduous forest,"Based on the provided documents, there is no specific information about the habitat of *Hypogastrura quadritenenta* . The description focuses on morphological characteristics rather than ecological preferences or habitats. Further research would be needed to determine its habitat.",plazi,1,0.72,no_answer,no_answer,,
K198,e2e_dense_generative,habitat,Hypogastruridae,4982,soil under decaying leaves and sticks in deciduous forest,"Based on the provided documents, there is no specific information about the habitat of *Hypogastrura quadritenenta*. The available data describe habitats for other species within the genus *Hypogastrura*, such as leaf litter in forests or soil and litter in mountainous regions, but these do not apply to *Hypogastrura quadritenenta* .",pmc,0,7.39,no_answer,no_answer,,
K198,e2e_sparse_extractive,habitat,Hypogastruridae,4982,soil under decaying leaves and sticks in deciduous forest,soil,pmc,0,6.5,correct,geography,,
K198,e2e_sparse_generative,habitat,Hypogastruridae,4982,soil under decaying leaves and sticks in deciduous forest,"Based on the provided documents, there is no specific information about the habitat of *Hypogastrura quadritenenta*. The available data describe habitats for other species within the genus *Hypogastrura* and related genera, such as leaf litter in forests or soil, but these do not apply to *Hypogastrura quadritenenta* -.",pmc,0,3.34,no_answer,no_answer,,
K199,doc_extractive,habitat,Onychiuridae,4197,saline meadows and cryo-arid steppes || saline meadows,grass-wormwood meadow on salt licks,plazi,1,1.58,correct,correct,,
K199,doc_generative,habitat,Onychiuridae,4197,saline meadows and cryo-arid steppes || saline meadows,"Based on the provided documents, there is no specific information about the habitat of *Thalassaphorura transbaikalica*. The details given focus on morphological characteristics distinguishing it from other species . Further research or additional sources would be required to determine its ecological preferences or habitat.",plazi,1,0.92,no_answer,no_answer,,
K199,e2e_sparse_extractive,habitat,Onychiuridae,4197,saline meadows and cryo-arid steppes || saline meadows,,,0,0.93,no_answer,no_answer,,
K199,e2e_sparse_generative,habitat,Onychiuridae,4197,saline meadows and cryo-arid steppes || saline meadows,,,0,0.18,no_answer,no_answer,,
K200,doc_extractive,habitat,Paronellidae,11438,a chamber in the dark zone of a cave || dark zone of a cave,a chamber in the dark zone of a cave,plazi,1,2.84,correct,correct,,
K200,doc_generative,habitat,Paronellidae,11438,a chamber in the dark zone of a cave || dark zone of a cave,"Based on the provided documents, *Troglopedetes spectabilis* exclusively inhabits a chamber in the dark zone of a cave, specifically within an oligotrophic habitat that is very humid and wet with muddy ground . The cave is situated in a dry evergreen forest mixed with bamboo forest at a moderate altitude of 426 meters above sea level .",plazi,1,1.02,correct,correct,,
K200,e2e_sparse_extractive,habitat,Paronellidae,11438,a chamber in the dark zone of a cave || dark zone of a cave,oligotrophic,pmc,1,3.55,no_answer,correct,,
K200,e2e_sparse_generative,habitat,Paronellidae,11438,a chamber in the dark zone of a cave || dark zone of a cave,"Based on the provided documents, *Troglopedetes spectabilis* exclusively inhabits a chamber in the dark zone of a cave, specifically within an oligotrophic habitat that is very humid and wet with muddy ground. The environmental conditions include air temperatures ranging from 23.5-24.3°C, soil temperatures between 22.9-23.1°C, and a relative humidity of 84% .",pmc,1,1.71,correct,correct,,
K202,doc_extractive,habitat,Tullbergiidae,3977,the dunes of the beach and tropical forest || dunes of the beach,litter of old coast western hemlock forest,plazi,1,1.54,correct,correct,,
K202,doc_generative,habitat,Tullbergiidae,3977,the dunes of the beach and tropical forest || dunes of the beach,"Based on the provided documents, *Sensiphorura oligoseta* is found in the dunes of the beach and tropical forests on the island of Hainan, which is located in southeastern China . This indicates that its habitat includes coastal dune environments and tropical forest areas.",plazi,1,0.92,correct,correct,,
K202,e2e_sparse_extractive,habitat,Tullbergiidae,3977,the dunes of the beach and tropical forest || dunes of the beach,cave,plazi,1,3.01,wrong,wrong,,
K202,e2e_sparse_generative,habitat,Tullbergiidae,3977,the dunes of the beach and tropical forest || dunes of the beach,"Based on the provided documents, Sensiphorura oligoseta is found in the dunes of the beach and tropical forest on the island of Hainan in southeastern China .",plazi,1,1.64,correct,correct,,
K203,doc_extractive,habitat,Neelidae,11975,humid micro-habitats,"humid micro-habitats in Pyrenees, though it was absent from the Bernadouze peat-bog itself. Other Megalothorax found in moist mosses",plazi,1,1.33,unscored,unscored,,
K203,doc_generative,habitat,Neelidae,11975,humid micro-habitats,"Based on the provided documents, *Megalothorax sanguineus* inhabits humid micro-habitats in the Pyrenees. It is specifically noted to be absent from the Bernadouze peat-bog, suggesting a preference for moist environments rather than highly specific peatland habitats .",plazi,1,0.82,unscored,unscored,,
K203,e2e_dense_generative,habitat,Neelidae,11975,humid micro-habitats,"Based on the provided documents, the habitat of *Megalothorax sanguineus* is not explicitly mentioned. However, related species within the genus *Megalothorax*, such as *M. minimus* and *M. perspicillum*, are found in soil and leaf litter under various types of vegetation, including forests and agricultural areas . Therefore, it is plausible that *M. sanguineus* may inhabit similar environments, though this requires further confirmation from specific studies on this species.",pmc,0,9.48,unscored,unscored,,
K203,e2e_sparse_extractive,habitat,Neelidae,11975,humid micro-habitats,soil of alfalfa fields,pmc,0,7.68,unscored,unscored,,
K203,e2e_sparse_generative,habitat,Neelidae,11975,humid micro-habitats,"Based on the provided documents, Megalothorax sanguineus is mentioned in association with France , but specific habitat details are not directly provided. However, related species like Megalothorax minimus are noted to inhabit soil of alfalfa fields . The exact habitat of M. sanguineus remains unspecified in the given sources.",pmc,0,3.58,unscored,unscored,,
K204,doc_extractive,habitat,Arrhopalitidae,13880,caves,terrestrial,plazi,1,1.43,no_answer,no_answer,,
K204,doc_generative,habitat,Arrhopalitidae,13880,caves,"Based on the provided documents, Pygmarrhopalites arbaicus is described as an ambiont troglomorph, indicating that it inhabits caves or subterranean environments . The specific habitat details beyond this classification are not elaborated upon in the given text.",plazi,1,2.35,correct,correct,,
K204,e2e_sparse_extractive,habitat,Arrhopalitidae,13880,caves,terrestrial,pmc,1,2.71,no_answer,no_answer,,
K204,e2e_sparse_generative,habitat,Arrhopalitidae,13880,caves,"Based on the provided documents, *Pygmarrhopalites arbaicus* is classified as an atmobiont troglomorph, indicating that it inhabits subterranean environments such as caves or rock shelters . The specific habitat details are not elaborated upon in the given text.",pmc,1,1.74,correct,correct,,
K205,doc_extractive,habitat,Entomobryidae,353,Under stones,Under stones,plazi,1,1.12,unscored,unscored,,
K205,doc_generative,habitat,Entomobryidae,353,Under stones,"Based on the provided documents, *Sinella quinocula* is found under stones in its habitat . The specific ecological preference mentioned is associated with stone cover, indicating that it likely inhabits moist, terrestrial environments where stones provide shelter, such as forest floors or rocky areas. No further details about microhabitat preferences are given in the source.",plazi,1,0.83,unscored,unscored,,
K205,e2e_sparse_extractive,habitat,Entomobryidae,353,Under stones,forest soil and leaf litter,pmc,0,5.45,unscored,unscored,,
K205,e2e_sparse_generative,habitat,Entomobryidae,353,Under stones,"Based on the provided documents, there is no specific mention of the habitat of *Sinella quinocula*. The available information pertains to other *Sinella* species such as *Sinella lipsae*, *Sinella curviseta*, and others, but none directly address *Sinella quinocula* , , , , . Therefore, the habitat of *Sinella quinocula* cannot be determined from the given sources.",pmc,0,3.69,unscored,unscored,,
K206,doc_extractive,habitat,Tomoceridae,5701,In cAVE || cave,"Yu & Deharveng 2018, sp. nov.",plazi,1,1.41,geography,geography,,
K206,doc_generative,habitat,Tomoceridae,5701,In cAVE || cave,"Based on the provided documents, Tomocerus troglodytes is a cave-dwelling species, as it resembles another cave-dwelling species, T. caecus, within the same complex . The specific habitat details beyond being cave-dwelling are not explicitly mentioned in the given text.",plazi,1,0.92,no_answer,no_answer,,
K206,e2e_dense_generative,habitat,Tomoceridae,5701,In cAVE || cave,"Based on the provided documents, there is no specific mention of the habitat of *Tomocerus troglodytes*. However, related species within the genus *Tomocerus* are typically found in habitats such as soil, leaf litter, mixed forests, and areas with humus , , . Therefore, it is plausible that *Tomocerus troglodytes* may inhabit similar environments, though this remains speculative without direct evidence.",medline,0,10.17,no_answer,no_answer,,
K206,e2e_sparse_extractive,habitat,Tomoceridae,5701,In cAVE || cave,soil and leaf litter,pmc,0,7.52,wrong,wrong,,
K206,e2e_sparse_generative,habitat,Tomoceridae,5701,In cAVE || cave,"Based on the provided documents, there is no direct mention of the habitat of *Tomocerus troglodytes*. However, related species within the genus *Tomocerus* are found in habitats such as soil, leaf litter, mixed forests, and mosses on tree trunks ,,. For precise details about *T. troglodytes*, additional research would be required.",pmc,0,4.1,no_answer,correct,,
K207,doc_extractive,habitat,Isotomidae,10352,forest litter,stream,plazi,1,1.46,wrong,wrong,,
K207,doc_generative,habitat,Isotomidae,10352,forest litter,"Based on the provided documents, the specific habitat of *Semicerura draconis* is not explicitly mentioned. However, the specimens were collected from the Khehtsyr Range in Khabarovsk Krai, Russia . This suggests that the species may inhabit regions within this area, potentially including forested or mountainous environments. Further research would be necessary to determine its exact ecological preferences.",plazi,1,2.12,no_answer,no_answer,,
K207,e2e_sparse_extractive,habitat,Isotomidae,10352,forest litter,Habitat in America,pmc,0,5.89,geography,wrong,,
K207,e2e_sparse_generative,habitat,Isotomidae,10352,forest litter,"Based on the provided documents, there is no specific information about the habitat of *Semicerura draconis*. The term ""draconis"" appears in several entries, but none refer explicitly to *Semicerura draconis* or its habitat. Therefore, the available sources do not provide details regarding this species' habitat .",pmc,0,3.39,no_answer,no_answer,,
K208,doc_extractive,habitat,Sminthuridae,1635,a coniferous forest of Cryptomeria fortunei || coniferous forest,coniferous forest of Cryptomeria fortunei,plazi,1,1.67,correct,correct,,
K208,doc_generative,habitat,Sminthuridae,1635,a coniferous forest of Cryptomeria fortunei || coniferous forest,"Based on the provided documents, Szeptyckitheca spinimucronata was found in a coniferous forest of *Cryptomeria fortunei* . There is no additional information about its specific habitat preferences beyond this location.",plazi,1,1.03,correct,correct,,
K208,e2e_sparse_extractive,habitat,Sminthuridae,1635,a coniferous forest of Cryptomeria fortunei || coniferous forest,bushes,pmc,0,4.86,no_answer,geography,,
K208,e2e_sparse_generative,habitat,Sminthuridae,1635,a coniferous forest of Cryptomeria fortunei || coniferous forest,"Based on the provided documents, Szeptyckitheca spinimucronata was found in a coniferous forest of Cryptomeria fortunei .",pmc,1,1.52,correct,correct,,
K209,doc_extractive,habitat,Neanuridae,3294,soil under a stack of decayed grass in the orange grove,orange trees,plazi,1,1.38,no_answer,no_answer,,
K209,doc_generative,habitat,Neanuridae,3294,soil under a stack of decayed grass in the orange grove,"Based on the provided documents, there is no specific information about the habitat of *Pseudachorutes cheni*. The description focuses on morphological characteristics rather than ecological or environmental preferences . Further research would be needed to determine its habitat.",plazi,1,0.72,no_answer,no_answer,,
K209,e2e_sparse_extractive,habitat,Neanuridae,3294,soil under a stack of decayed grass in the orange grove,soil and leaf litter,pmc,0,6.59,correct,correct,,
K209,e2e_sparse_generative,habitat,Neanuridae,3294,soil under a stack of decayed grass in the orange grove,"Based on the provided documents, there is no specific information about the habitat of *Pseudachorutes cheni*. The available data describe habitats for other species within the genus *Pseudachorutes*, such as soil and leaf litter, but not for *Pseudachorutes cheni* -.",pmc,0,4.71,no_answer,no_answer,,
K210,doc_extractive,habitat,Hypogastruridae,7292,a saline maritime marsh || saline maritime marsh,litter of a mountain forest vs. a saline maritime marsh,plazi,1,1.44,correct,correct,,
K210,doc_generative,habitat,Hypogastruridae,7292,a saline maritime marsh || saline maritime marsh,"Based on the provided documents, Hypogastrura variata is found in high-montane habitats in the European Alps . This species was recently redescribed, indicating ongoing taxonomic studies .",plazi,1,0.64,geography,geography,,
K210,e2e_dense_generative,habitat,Hypogastruridae,7292,a saline maritime marsh || saline maritime marsh,"Based on the provided documents, Hypogastrura variata is found in high-montane habitats in the European Alps . No specific details about its exact ecological preferences or microhabitat within these areas are provided.",pmc,1,6.84,geography,no_answer,,
K210,e2e_sparse_extractive,habitat,Hypogastruridae,7292,a saline maritime marsh || saline maritime marsh,leaf litter in forest,pmc,1,7.07,wrong,wrong,,
K210,e2e_sparse_generative,habitat,Hypogastruridae,7292,a saline maritime marsh || saline maritime marsh,"Based on the provided documents, Hypogastrura variata is found in high-montane habitats in the European Alps . This species is distinguished by specific morphological features that differentiate it from other related species such as H. oreophila and H. exigua, which also inhabit montane regions . No additional details about its exact habitat preferences beyond the high-montane environment are provided in the sources.",pmc,1,2.56,geography,geography,,
K211,doc_extractive,habitat,Onychiuridae,4241,the coniferous forest || coniferous forest,litter and soil,plazi,1,1.43,wrong,wrong,,
K211,doc_generative,habitat,Onychiuridae,4241,the coniferous forest || coniferous forest,"Based on the provided documents, there is no specific information about the habitat of Spinonychiurus sinensis. The text primarily discusses taxonomic classification and morphological characteristics rather than ecological or habitat preferences .",plazi,1,0.72,no_answer,no_answer,,
K211,e2e_dense_generative,habitat,Onychiuridae,4241,the coniferous forest || coniferous forest,"Based on the provided documents, there is no direct mention of the habitat of *Spinonychiurus sinensis*. However, related species such as *Spinonychiurus tianshanicus* and *Spinonychiurus persicus* are associated with soil under cereal, chestnut, and pine trees, or soil and leaf litter in pine and oak forests, respectively . Therefore, it can be inferred that *Spinonychiurus sinensis* may inhabit similar environments, though this remains speculative without explicit documentation.",medline,0,7.93,no_answer,no_answer,,
K211,e2e_sparse_extractive,habitat,Onychiuridae,4241,the coniferous forest || coniferous forest,soil,pmc,0,6.98,wrong,wrong,,
K211,e2e_sparse_generative,habitat,Onychiuridae,4241,the coniferous forest || coniferous forest,"Based on the provided documents, there is no direct mention of the habitat of *Spinonychiurus sinensis*. However, related species such as *Spinonychiurus persicus* are noted to inhabit soil and leaf litter in pine and oak forests in Iran . Similarly, *Spinonychiurus tianshanicus* is found in soil under cereal, chestnut, and pine trees in Iran . While these details pertain to closely related species, they suggest that *Spinonychiurus sinensis* might share similar habitats. Further research would be needed for confirmation.",pmc,0,3.14,no_answer,no_answer,,
K212,doc_extractive,habitat,Paronellidae,4508,iron caves,Brazil,plazi,1,1.4,geography,geography,,
K212,doc_generative,habitat,Paronellidae,4508,iron caves,"Based on the provided documents, there is no specific information about the habitat of *Cyphoderus mucrominimus* . The description focuses on morphological characteristics distinguishing it from other species but does not mention its ecological or geographic habitat preferences.",plazi,1,0.94,no_answer,no_answer,,
K212,e2e_sparse_extractive,habitat,Paronellidae,4508,iron caves,cave,pmc,0,5.69,correct,correct,,
K212,e2e_sparse_generative,habitat,Paronellidae,4508,iron caves,"Based on the provided documents, there is no specific information about the habitat of *Cyphoderus mucrominimus*. The available data describe habitats for other *Cyphoderus* species such as forest soil under stone, soil and litter of walnut gardens, soil, and caves, but none directly relate to *C. mucrominimus* . Further research or documentation would be required to determine its habitat.",pmc,0,2.08,no_answer,correct,,
K214,doc_extractive,habitat,Entomobryidae,8722,the dark zone of the cave || dark zone of the cave,an oligotrophic area within the wet and humid dark zone of a cave,plazi,1,1.38,correct,correct,,
K214,doc_generative,habitat,Entomobryidae,8722,the dark zone of the cave || dark zone of the cave,"Based on the provided documents, Coecobrya cavicola inhabits an oligotrophic area within the wet and humid dark zone of a cave . This environment is characterized by low nutrient availability and constant darkness, which influences the morphological adaptations of the species .",plazi,1,0.7,correct,correct,,
K214,e2e_sparse_extractive,habitat,Entomobryidae,8722,the dark zone of the cave || dark zone of the cave,Jujnovića špilja,pmc,1,3.08,geography,correct,,
K214,e2e_sparse_generative,habitat,Entomobryidae,8722,the dark zone of the cave || dark zone of the cave,"Based on the provided documents, Coecobrya cavicola inhabits an oligotrophic area within the wet and humid dark zone of a cave . This species was discovered in a cave environment characterized by low nutrient availability and constant humidity .",pmc,1,1.12,correct,correct,,
K215,doc_extractive,habitat,Tomoceridae,6348,piles of bat guano in the Dark Zone || bat guano,Jangamgul cave,plazi,1,1.44,correct,correct,,
K215,doc_generative,habitat,Tomoceridae,6348,piles of bat guano in the Dark Zone || bat guano,"Based on the provided documents, the specific habitat of *Plutomurus jangamensis* is not mentioned . The description focuses on morphological characteristics distinguishing it from other species but does not provide information about its ecological preferences or habitat.",plazi,1,0.71,no_answer,no_answer,,
K215,e2e_sparse_extractive,habitat,Tomoceridae,6348,piles of bat guano in the Dark Zone || bat guano,springtails,pmc,0,5.51,no_answer,no_answer,,
K215,e2e_sparse_generative,habitat,Tomoceridae,6348,piles of bat guano in the Dark Zone || bat guano,"Based on the provided documents, there is no specific information regarding the habitat of *Plutomurus jangamensis*. The details given pertain to *Plutomurus ruseki* and do not mention *P. jangamensis* . Therefore, the habitat of *Plutomurus jangamensis* cannot be determined from the available sources.",pmc,0,2.01,no_answer,no_answer,,
K216,doc_extractive,habitat,Isotomidae,7136,littoral zone of the shore of Lake Baikal || shingly beaches || littoral zone,stony beach,plazi,1,1.43,no_answer,no_answer,,
K216,doc_generative,habitat,Isotomidae,7136,littoral zone of the shore of Lake Baikal || shingly beaches || littoral zone,"Based on the provided documents, there is no specific information about the habitat of *Pseudanurophorus barathrum* . The description focuses on morphological characteristics rather than ecological preferences or habitat requirements. Further research would be needed to determine its habitat.",plazi,1,0.76,no_answer,no_answer,,
K216,e2e_sparse_extractive,habitat,Isotomidae,7136,littoral zone of the shore of Lake Baikal || shingly beaches || littoral zone,,pmc,0,1.41,no_answer,wrong,,
K216,e2e_sparse_generative,habitat,Isotomidae,7136,littoral zone of the shore of Lake Baikal || shingly beaches || littoral zone,,pmc,0,0.86,no_answer,correct,,
K218,doc_extractive,habitat,Neanuridae,5584,the thick layer of leaf litter of an oak forest || leaf litter || decaying wood,leaf litter of a beech forest,plazi,1,2.2,correct,correct,,
K218,doc_generative,habitat,Neanuridae,5584,the thick layer of leaf litter of an oak forest || leaf litter || decaying wood,"Based on the provided documents, *Bilobella matsakisi* appears to be euryoecious, meaning it has broad habitat tolerances. It is suggested that this species could be more widely distributed across the Balkan Peninsula than currently documented . However, specific habitat details are not explicitly mentioned in the given text.",plazi,1,1.34,no_answer,no_answer,,
K218,e2e_sparse_extractive,habitat,Neanuridae,5584,the thick layer of leaf litter of an oak forest || leaf litter || decaying wood,soil,plazi,1,5.37,wrong,wrong,,
K218,e2e_sparse_generative,habitat,Neanuridae,5584,the thick layer of leaf litter of an oak forest || leaf litter || decaying wood,"Based on the provided documents, Bilobella matsakisi appears to be euryoecious in terms of habitat requirements, suggesting it can thrive in various environments. However, specific habitat details for Bilobella matsakisi are not explicitly stated in the given texts . The related species, Anamastigona matsakisi, is associated with macquis habitats featuring Juniperus phoenicea L., which might indicate similar ecological preferences . Further research would be needed to confirm if these habitats apply to Bilobella matsakisi specifically.",plazi,1,2.76,no_answer,no_answer,,
K219,doc_extractive,habitat,Hypogastruridae,3418,soil under tiles and leaves,Huqiu Mountain,plazi,1,1.43,geography,geography,,
K219,doc_generative,habitat,Hypogastruridae,3418,soil under tiles and leaves,"Based on the provided documents, there is no specific information about the habitat of *Hypogastrura heptasetata*. The description focuses on morphological characteristics and comparisons with other species but does not mention ecological or habitat preferences .",plazi,1,0.61,no_answer,no_answer,,
K219,e2e_sparse_extractive,habitat,Hypogastruridae,3418,soil under tiles and leaves,,pmc,0,1.46,no_answer,no_answer,,
K219,e2e_sparse_generative,habitat,Hypogastruridae,3418,soil under tiles and leaves,,pmc,0,1.08,no_answer,no_answer,,
K220,doc_extractive,habitat,Onychiuridae,4840,organic remains and the surface of gours || Troglobiont,"Onychiurus akelaris Jordana & Beruete, 1983 . Mitt. Schweiz. Entomol. Ges., 56(3-4): 307
Deuteraphorura akelaris (Jordana & Beruete) : Jordana et al., 2012. Terrestrial Arthropod Reviews, 5: 65
Figs 2–7, Tables 2, 3 and 10
Type material. Loc. 1. Akelar cave",plazi,1,2.02,correct,correct,,
K220,doc_generative,habitat,Onychiuridae,4840,organic remains and the surface of gours || Troglobiont,"Based on the provided documents, *Deuteraphorura akelaris* is associated with cave environments. The type material was collected from Akelar cave, and additional specimens were found in Fria cave, indicating that this species inhabits caves . There is no specific mention of other habitats beyond caves in the given sources.",plazi,1,1.52,no_answer,no_answer,,
K220,e2e_sparse_extractive,habitat,Onychiuridae,4840,organic remains and the surface of gours || Troglobiont,"Species Distribution Habitat Body length (mm) PAO Dorsal pso Ventral pso Subcoxae 1 pso MVO D. akelaris Jordana & Beruete, 1983 Spain",pmc,0,1.75,geography,correct,,
K220,e2e_sparse_generative,habitat,Onychiuridae,4840,organic remains and the surface of gours || Troglobiont,"Based on the provided documents, Deuteraphorura akelaris inhabits caves in Spain (Navarra) .",pmc,0,1.04,correct,correct,,
K221,doc_extractive,habitat,Paronellidae,3921,iron-caves || water film over the rocks and organic debris,small (less than 100 m deep) iron-caves,plazi,1,1.37,correct,correct,,
K221,doc_generative,habitat,Paronellidae,3921,iron-caves || water film over the rocks and organic debris,"Based on the provided documents, *Troglobius ferroicus* inhabits small (less than 100 m deep) iron caves, specifically dwelling on the water film over rocks and organic debris in the aphotic zone. It is likely a troglobite that resides in the Mesovoid Shallow Substratum (MSS) and adjacent areas within these caves .",plazi,1,1.35,correct,correct,,
K221,e2e_sparse_extractive,habitat,Paronellidae,3921,iron-caves || water film over the rocks and organic debris,small (less than 100 m deep) iron-caves,plazi,1,2.95,correct,correct,,
K221,e2e_sparse_generative,habitat,Paronellidae,3921,iron-caves || water film over the rocks and organic debris,"Based on the provided documents, Troglobius ferroicus inhabits small (less than 100 m deep) iron caves, specifically dwelling on the water film over rocks and organic debris in the aphotic zone. It is likely to reside in the Mesovoid Shallow Substratum (MSS) and adjacent areas within these caves .",plazi,1,2.08,correct,correct,,
K223,doc_extractive,habitat,Entomobryidae,10895,beneath leaf litter on a mountain slope || leaf litter,leaf litter on a mountain slope,plazi,1,1.53,correct,correct,,
K223,doc_generative,habitat,Entomobryidae,10895,beneath leaf litter on a mountain slope || leaf litter,"Based on the provided documents, *Homidia quadripora* is found beneath leaf litter on a mountain slope .",plazi,1,0.62,correct,correct,,
K223,e2e_sparse_extractive,habitat,Entomobryidae,10895,beneath leaf litter on a mountain slope || leaf litter,leaf litter on a mountain slope,plazi,1,1.37,correct,correct,,
K223,e2e_sparse_generative,habitat,Entomobryidae,10895,beneath leaf litter on a mountain slope || leaf litter,"Based on the provided documents, Homidia quadripora is found beneath leaf litter on a mountain slope .",plazi,1,0.51,correct,correct,,
K225,doc_extractive,habitat,Isotomidae,317,damp habitats,damp,plazi,1,2.31,unscored,unscored,,
K225,doc_generative,habitat,Isotomidae,317,damp habitats,"Based on the provided documents, *Isotomurus palustris* is typically found in damp habitats . However, specific details about its preferred environmental conditions beyond being associated with moist environments are not elaborated upon in the given text.",plazi,1,0.82,unscored,unscored,,
K225,e2e_dense_generative,habitat,Isotomidae,317,damp habitats,"Based on the provided documents, *Isotomurus palustris* inhabits soil in rapeseed fields in Iran . The general distribution of this species is noted as unclear and requires revision .",pmc,0,7.27,unscored,unscored,,
K225,e2e_sparse_extractive,habitat,Isotomidae,317,damp habitats,soil in rapeseed fields,pmc,0,7.41,unscored,unscored,,
K225,e2e_sparse_generative,habitat,Isotomidae,317,damp habitats,"Based on the provided documents, *Isotomurus palustris* inhabits soil in rapeseed fields in Iran . This species is also noted for its unclear general distribution, requiring further revision .",pmc,0,3.69,unscored,unscored,,
K226,doc_extractive,habitat,Sminthuridae,1918,"Australian pine needles, leaf mold, and forest debris || forest litter || sand dunes","Sphyrotheca mucroserratus Snider, 1978: 236.
Diagnosis.
Antennae, legs, and furca purplish, head purplish near the mouth",plazi,1,1.3,geography,geography,,
K226,doc_generative,habitat,Sminthuridae,1918,"Australian pine needles, leaf mold, and forest debris || forest litter || sand dunes","Based on the provided documents, *Szeptyckitheca mucroserrata* is found associated with Australian pine needles, leaf mold, and forest debris in Florida, USA . In Brazil, it is found associated with forest litter and on sand dunes . The exact habitat may vary by region, but these associations provide insight into its ecological preferences.",plazi,1,0.81,correct,correct,,
K226,e2e_sparse_extractive,habitat,Sminthuridae,1918,"Australian pine needles, leaf mold, and forest debris || forest litter || sand dunes",bushes,pmc,0,5.23,no_answer,correct,,
K226,e2e_sparse_generative,habitat,Sminthuridae,1918,"Australian pine needles, leaf mold, and forest debris || forest litter || sand dunes","Based on the provided documents, Szeptyckitheca mucroserrata is found associated with Australian pine needles, leaf mold, and forest debris in Florida, USA . In Brazil, specimens of Szeptyckitheca mucroserrata were found associated with forest litter and on sand dunes .",pmc,1,2.15,correct,correct,,
K228,doc_extractive,habitat,Hypogastruridae,7672,bat guano in a cave || bat guano,bat guano,plazi,1,1.34,no_answer,no_answer,,
K228,doc_generative,habitat,Hypogastruridae,7672,bat guano in a cave || bat guano,"Based on the provided documents, Triacanthella madiba is found abundantly in the guano microhabitat of Wynberg cave and was not found outside in Table Mountain. This suggests that its primary habitat is within the guano-rich environment of caves in this region .",plazi,1,0.71,correct,correct,,
K228,e2e_sparse_extractive,habitat,Hypogastruridae,7672,bat guano in a cave || bat guano,bat guano,pmc,1,2.94,no_answer,geography,,
K228,e2e_sparse_generative,habitat,Hypogastruridae,7672,bat guano in a cave || bat guano,"Based on the provided documents, Triacanthella madiba is found abundantly in the guano microhabitat of Wynberg cave and was not found outside in Table Mountain. This suggests that its primary habitat is within the guano-rich environment of caves in this region .",pmc,1,1.75,correct,correct,,
K229,doc_extractive,habitat,Onychiuridae,3677,the broadleaved forest || broadleaved forest,litter and soil in the broad leaved forest,plazi,1,1.36,correct,correct,,
K229,doc_generative,habitat,Onychiuridae,3677,the broadleaved forest || broadleaved forest,"Based on the provided documents, Leeonychiurus fusongensis is found in the broadleaved forest . There is no further detail regarding its specific microhabitat or ecological preferences within this environment.",plazi,1,0.81,correct,correct,,
K229,e2e_sparse_extractive,habitat,Onychiuridae,3677,the broadleaved forest || broadleaved forest,gesting a similar habitat,plazi,0,1.4,no_answer,no_answer,,
K229,e2e_sparse_generative,habitat,Onychiuridae,3677,the broadleaved forest || broadleaved forest,"Based on the provided documents, there is no specific information about the habitat of *Leeonychiurus fusongensis*. The text mentions *Serratella fusongensis* (not *Leeonychiurus fusongensis*) being from north-eastern China, but it does not describe its habitat . Therefore, the habitat of *Leeonychiurus fusongensis* cannot be determined from the given sources.",plazi,0,1.42,no_answer,no_answer,,
K230,doc_extractive,habitat,Paronellidae,7189,"guanophile || entrance, twilight (Fig. 22) and dark zones of caves || caves","Belize
Habitat",plazi,1,1.97,geography,geography,,
K230,doc_generative,habitat,Paronellidae,7189,"guanophile || entrance, twilight (Fig. 22) and dark zones of caves || caves","Based on the provided documents, Trogolaphysa giordanoae inhabits caves, specifically the entrance, twilight, and dark zones. It is often associated with guano from fruit bats or other animals and is predominantly found on the floor of caves, though it can also be present on cave walls .",plazi,1,0.92,correct,correct,,
K230,e2e_sparse_extractive,habitat,Paronellidae,7189,"guanophile || entrance, twilight (Fig. 22) and dark zones of caves || caves","Belize
Habitat",pmc,1,6.48,geography,wrong,,
K230,e2e_sparse_generative,habitat,Paronellidae,7189,"guanophile || entrance, twilight (Fig. 22) and dark zones of caves || caves","Based on the provided documents, Trogolaphysa giordanoae is a guanophile, recorded from the entrance, twilight, and dark zones of caves. It is often found on the floor of caves, though it can also be present on cave walls. The species is frequently associated with fruit bat or other guano .",pmc,1,2.18,correct,correct,,
K231,doc_extractive,habitat,Entomobryidae,6076,moss on alder logs || moss,moss on dead lying alder trees,plazi,1,1.43,correct,correct,,
K231,doc_generative,habitat,Entomobryidae,6076,moss on alder logs || moss,"Based on the provided documents, the specific habitat of *Lepidocyrtus florae* is not explicitly mentioned. The description focuses on its morphological characteristics and comparisons with other species within the genus . Further ecological or habitat-related details would require additional research or documentation.",plazi,1,0.99,no_answer,no_answer,,
K231,e2e_dense_generative,habitat,Entomobryidae,6076,moss on alder logs || moss,"Based on the provided documents, there is no specific information about the habitat of *Lepidocyrtus florae*. The available data describe habitats for other *Lepidocyrtus* species but do not mention *L. florae* -.",pmc,0,6.74,no_answer,wrong,,
K231,e2e_sparse_extractive,habitat,Entomobryidae,6076,moss on alder logs || moss,Doi Inthanon forest,pmc,0,7.06,wrong,no_answer,,
K231,e2e_sparse_generative,habitat,Entomobryidae,6076,moss on alder logs || moss,"Based on the provided documents, there is no specific information about the habitat of *Lepidocyrtus florae*. The available data describe habitats for other species such as *Ascocyrtus medius*, *Lepidocyrtus simplex*, *Lepidocyrtus cyaneus*, *Lepidocyrtus curvicollis*, and *Acrocyrtus bipunctatus* but do not mention *Lepidocyrtus florae* , , , . Therefore, the habitat of this particular species cannot be determined from the given sources.",pmc,0,4.34,no_answer,wrong,,
K232,doc_extractive,habitat,Tomoceridae,8235,troglophilous,"GEORGIA, Samegrelo– – Zemo Svaneti region",plazi,1,1.36,geography,geography,,
K232,doc_generative,habitat,Tomoceridae,8235,troglophilous,"Based on the provided documents, the specific habitat of *Plutomurus shurubumuensis* is not explicitly mentioned. However, it is noted that this species was discovered in an area spanning nearly 100 km, suggesting it may inhabit diverse environments within this region . Further details about its ecological preferences or specific habitats would require additional research.",plazi,1,0.81,no_answer,no_answer,,
K232,e2e_sparse_extractive,habitat,Tomoceridae,8235,troglophilous,,pmc,0,1.44,no_answer,correct,,
K232,e2e_sparse_generative,habitat,Tomoceridae,8235,troglophilous,,pmc,0,1.03,no_answer,correct,,
K233,doc_extractive,habitat,Isotomidae,4304,leaf litter in indigenous vegetation || leaf litter,South Africa,plazi,1,2.04,geography,geography,,
K233,doc_generative,habitat,Isotomidae,4304,leaf litter in indigenous vegetation || leaf litter,"Based on the provided documents, there is no specific information about the habitat of *Cryptopygus bulbus*. The description focuses on morphological characteristics rather than ecological preferences or habitats . Further research would be needed to determine its habitat requirements.",plazi,1,1.57,no_answer,no_answer,,
K233,e2e_sparse_extractive,habitat,Isotomidae,4304,leaf litter in indigenous vegetation || leaf litter,,,0,0.96,no_answer,no_answer,,
K233,e2e_sparse_generative,habitat,Isotomidae,4304,leaf litter in indigenous vegetation || leaf litter,,,0,0.18,no_answer,no_answer,,
K235,doc_extractive,trophic_guild,Entomobryidae,8806,bat guano || patches of bat guano,bat guano,plazi,1,2.31,no_answer,no_answer,1,1
K235,doc_generative,trophic_guild,Entomobryidae,8806,bat guano || patches of bat guano,"Based on the provided documents, Coecobrya ellisi feeds on patches of bat guano in mesotrophic to eutrophic habitats .",plazi,1,0.58,no_answer,no_answer,1,1
K235,e2e_sparse_extractive,trophic_guild,Entomobryidae,8806,bat guano || patches of bat guano,bat guano,pmc,1,4.02,no_answer,no_answer,1,1
K235,e2e_sparse_generative,trophic_guild,Entomobryidae,8806,bat guano || patches of bat guano,"Based on the provided documents, *Coecobrya ellisi* feeds on patches of bat guano in mesotrophic to eutrophic habitats within its cave environment .",pmc,1,1.58,no_answer,correct,1,1
K236,doc_extractive,trophic_guild,Tullbergiidae,5689,fungi,clay soil,plazi,1,1.47,no_answer,no_answer,0,0
K236,doc_generative,trophic_guild,Tullbergiidae,5689,fungi,"Based on the provided documents, Prabhergia mana likely feeds on fungi, as it was found in bee nesting holes, suggesting a possible diet consisting of fungal material .",plazi,1,0.64,correct,correct,1,1
K236,e2e_sparse_extractive,trophic_guild,Tullbergiidae,5689,fungi,clay soil,pmc,1,2.87,no_answer,no_answer,0,0
K236,e2e_sparse_generative,trophic_guild,Tullbergiidae,5689,fungi,"Based on the provided documents, Prabhergia mana sp. nov. likely feeds on fungi, as it was found in bee nesting holes, suggesting a probable diet consisting of fungal material . The specific feeding habits have not been explicitly detailed in the given sources.",pmc,1,2.71,correct,no_answer,1,0
K237,doc_extractive,trophic_guild,Entomobryidae,4771,superficial molds and fine organic debris || fungivorous – detritivorous || molds,superficial molds and fine organic debris,plazi,1,1.33,correct,correct,1,1
K237,doc_generative,trophic_guild,Entomobryidae,4771,superficial molds and fine organic debris || fungivorous – detritivorous || molds,"Based on the provided documents, Willowsia solanella feeds primarily on superficial molds and fine organic debris . It is described as a fungivorous detritivorous species .",plazi,1,0.72,correct,correct,1,1
K237,e2e_sparse_extractive,trophic_guild,Entomobryidae,4771,superficial molds and fine organic debris || fungivorous – detritivorous || molds,superficial molds and fine organic debris,plazi,1,1.43,correct,correct,1,1
K237,e2e_sparse_generative,trophic_guild,Entomobryidae,4771,superficial molds and fine organic debris || fungivorous – detritivorous || molds,"Based on the provided documents, Willowsia solanella feeds primarily on superficial molds and fine organic debris. It is described as a fungivorous detritivorous species .",plazi,1,0.66,correct,correct,1,1
K238,doc_extractive,trophic_guild,Entomobryidae,10815,a cricket corpse || cricket corpse,cricket corpse,plazi,1,1.94,no_answer,no_answer,1,1
K238,doc_generative,trophic_guild,Entomobryidae,10815,a cricket corpse || cricket corpse,"Based on the provided documents, Coecobrya sirindhornae was observed feeding on a cricket corpse . There is no mention of other food sources in the given text.",plazi,1,0.52,no_answer,no_answer,1,1
K238,e2e_sparse_extractive,trophic_guild,Entomobryidae,10815,a cricket corpse || cricket corpse,cricket corpse,pmc,1,4.27,no_answer,no_answer,1,0
K238,e2e_sparse_generative,trophic_guild,Entomobryidae,10815,a cricket corpse || cricket corpse,"Based on the provided documents, Coecobrya sirindhornae was observed feeding on a cricket corpse . There is no further detailed information about its diet in the given sources.",pmc,1,1.23,no_answer,correct,1,1
K244,doc_extractive,trophic_guild,Entomobryidae,2527,fungal hyphae and spores || fungal hyphae,pine and oak litter,plazi,1,1.35,no_answer,no_answer,0,0
K244,doc_generative,trophic_guild,Entomobryidae,2527,fungal hyphae and spores || fungal hyphae,"Based on the provided documents, there is no specific information regarding the diet of *Lepidocyrtus bicoloris*. The description focuses on morphological characteristics and differentiation from other species . Further research would be needed to determine its feeding habits.",plazi,1,0.7,no_answer,no_answer,0,0
K244,e2e_dense_generative,trophic_guild,Entomobryidae,2527,fungal hyphae and spores || fungal hyphae,"Based on the provided documents, there is no specific information regarding the diet of *Lepidocyrtus bicoloris*. However, it is noted that some *Lepidocyrtus* species may ingest pollen, either directly by visiting flowers or through wind-borne pollen . Further research would be needed to determine if *Lepidocyrtus bicoloris* feeds on similar resources.",plazi,0,7.48,no_answer,no_answer,0,0
K244,e2e_sparse_extractive,trophic_guild,Entomobryidae,2527,fungal hyphae and spores || fungal hyphae,pine and oak litter,pmc,1,7.6,no_answer,no_answer,0,0
K244,e2e_sparse_generative,trophic_guild,Entomobryidae,2527,fungal hyphae and spores || fungal hyphae,"Based on the provided documents, there is no specific information regarding the diet of *Lepidocyrtus bicoloris*. The available sources focus on taxonomic descriptions and morphological characteristics rather than ecological data or feeding habits . Further research would be needed to determine its dietary preferences.",pmc,1,2.46,no_answer,no_answer,0,0
K247,doc_extractive,trophic_guild,Tullbergiidae,8754,fungivorous || spores and mycelium fragments of soil fungi || soil fungi,soil samples from coniferous forest,plazi,1,1.4,no_answer,no_answer,0,0
K247,doc_generative,trophic_guild,Tullbergiidae,8754,fungivorous || spores and mycelium fragments of soil fungi || soil fungi,"Based on the provided documents, there is no specific information regarding the diet or feeding habits of *Paratullbergia chuana* . The description focuses on morphological characteristics rather than ecological preferences.",plazi,1,0.72,no_answer,no_answer,0,0
K247,e2e_sparse_extractive,trophic_guild,Tullbergiidae,8754,fungivorous || spores and mycelium fragments of soil fungi || soil fungi,soil samples from coniferous forest,medline,1,1.86,no_answer,no_answer,0,0
K247,e2e_sparse_generative,trophic_guild,Tullbergiidae,8754,fungivorous || spores and mycelium fragments of soil fungi || soil fungi,"Based on the provided documents, there is no specific information regarding the feeding habits or diet of *Paratullbergia chuana*. The description focuses on morphological characteristics rather than ecological or dietary preferences .",medline,1,1.54,no_answer,no_answer,0,0
K248,doc_extractive,trophic_guild,unassigned,9664,clay and organic particles || fungal hyphae || fungal spores,hind abdomen,plazi,1,1.41,no_answer,no_answer,0,0
K248,doc_generative,trophic_guild,unassigned,9664,clay and organic particles || fungal hyphae || fungal spores,"Based on the provided documents, there is no specific information regarding the diet or feeding habits of *Neelus koseli*. The available data focuses on its classification, habitat, and evolutionary relationships rather than its ecological niche or dietary preferences. Therefore, the feeding habits of *Neelus koseli* remain unspecified in the given sources.",plazi,1,0.93,no_answer,no_answer,0,0
K248,e2e_sparse_extractive,trophic_guild,unassigned,9664,clay and organic particles || fungal hyphae || fungal spores,Neelus murinus,pmc,0,6.91,no_answer,no_answer,0,0
K248,e2e_sparse_generative,trophic_guild,unassigned,9664,clay and organic particles || fungal hyphae || fungal spores,"Based on the provided documents, there is no specific information regarding the diet or feeding habits of *Neelus koseli*. The sources discuss taxonomic relationships, morphological characteristics, and geographic distributions but do not mention dietary preferences . Further research would be needed to determine the feeding ecology of this species.",pmc,1,2.15,no_answer,no_answer,0,0
