qid,config,question_type,family,question,gold_answer,answer_offset,doc_ref,doc_ref_hit_gold,wall_s,error,plazi_answer,top_answer,top_collection,plazi_rank,gold_retrieved,gold_doc_rank,gold_answer_doc,n_plazi_docs,pipeline_time,unresolved,plazi_answered,plazi_em,plazi_contains,plazi_f1,plazi_rougeL,plazi_faith,top_answered,top_em,top_contains,top_f1,top_rougeL,top_faith
K001,doc_extractive,body_size,unassigned,What is the body length of Arrhopalites potapovi?,0.88 mm || up to 0.88 mm,29,038187D3FFFEFFAEFF27FF3DFA3EAA55,True,2.92,,0.88 mm,0.88 mm,plazi,1,1,1,1,1,2.725,False,1.0,1.0,1.0,1.0,1.0,,1.0,1.0,1.0,1.0,1.0,
K001,doc_generative,body_size,unassigned,What is the body length of Arrhopalites potapovi?,0.88 mm || up to 0.88 mm,29,038187D3FFFEFFAEFF27FF3DFA3EAA55,True,0.69,,"Based on the provided documents, the body length of *Arrhopalites potapovi* is not explicitly mentioned . Further details regarding its morphology would need to be referenced from additional sources.","Based on the provided documents, the body length of *Arrhopalites potapovi* is not explicitly mentioned . Further details regarding its morphology would need to be referenced from additional sources.",plazi,1,1,1,1,1,0.489,False,1.0,0.0,0.0,0.0625,0.06060606060606061,0.3384615384615385,1.0,0.0,0.0,0.0625,0.06060606060606061,0.3384615384615385
K001,e2e_sparse_extractive,body_size,unassigned,What is the body length of Arrhopalites potapovi?,0.88 mm || up to 0.88 mm,29,,,4.15,,0.88 mm,1 13 * 1 * 0 * 1 1 2 1 1 2 1 0–1 1 0 * 1 1 * 5 * 1 * 1 * 1 1 * 1 * 3 * 1 * 1 * 1 * 5 0 3 2 * 3 3 3 3 * 16 P,pmc,2,1,1,1,2,3.96,False,1.0,1.0,1.0,1.0,1.0,,1.0,0.0,0.0,0.0,0.05,
K003,doc_extractive,habitat,Hypogastruridae,What is the habitat of Ephemerotoma skarzynskii?,oak leaf litter || in oak leaf litter and on the ground,5337,03F06833FFAF647A8CC6F741FCDBFD87,True,1.43,,oak forest,oak forest,plazi,1,1,1,1,1,1.151,False,1.0,0.0,0.0,0.4,0.4,,1.0,0.0,0.0,0.4,0.4,
K003,doc_generative,habitat,Hypogastruridae,What is the habitat of Ephemerotoma skarzynskii?,oak leaf litter || in oak leaf litter and on the ground,5337,03F06833FFAF647A8CC6F741FCDBFD87,True,0.93,,"Based on the provided documents, Ephemerotoma skarzynskii is known only from its type locality, but specific details about its habitat are not provided . The species was observed in mass aggregation, suggesting it may inhabit environments where such aggregations occur, though exact ecological preferences remain unspecified.","Based on the provided documents, Ephemerotoma skarzynskii is known only from its type locality, but specific details about its habitat are not provided . The species was observed in mass aggregation, suggesting it may inhabit environments where such aggregations occur, though exact ecological preferences remain unspecified.",plazi,1,1,1,1,1,0.707,False,1.0,0.0,0.0,0.11320754716981134,0.07547169811320754,0.1893939393939394,1.0,0.0,0.0,0.11320754716981134,0.07547169811320754,0.1893939393939394
K003,e2e_sparse_extractive,habitat,Hypogastruridae,What is the habitat of Ephemerotoma skarzynskii?,oak leaf litter || in oak leaf litter and on the ground,5337,,,5.01,,soil,forest soli and leaf litter,pmc,2,0,,0,3,4.829,False,1.0,0.0,0.0,0.0,0.0,,1.0,0.0,0.0,0.5,0.5,
K005,doc_extractive,body_size,Arrhopalitidae,What is the body length of Arrhopalites plectrifer?,1.0 mm || ~1.0 mm,64,03C387C2FFE6FFC7FE9C435EAF713706,True,2.04,,1.0 mm,1.0 mm,plazi,1,1,1,1,1,1.853,False,1.0,1.0,1.0,1.0,1.0,,1.0,1.0,1.0,1.0,1.0,
K005,doc_generative,body_size,Arrhopalitidae,What is the body length of Arrhopalites plectrifer?,1.0 mm || ~1.0 mm,64,03C387C2FFE6FFC7FE9C435EAF713706,True,0.6,,"Based on the provided documents, the body length of *Arrhopalites plectrifer* is approximately 1.0 millimeter .","Based on the provided documents, the body length of *Arrhopalites plectrifer* is approximately 1.0 millimeter .",plazi,1,1,1,1,1,0.415,False,1.0,0.0,0.0,0.11764705882352941,0.21052631578947367,0.5555555555555556,1.0,0.0,0.0,0.11764705882352941,0.21052631578947367,0.5555555555555556
K005,e2e_sparse_extractive,body_size,Arrhopalitidae,What is the body length of Arrhopalites plectrifer?,1.0 mm || ~1.0 mm,64,,,6.62,,0.8–1.0 mm,0.95 mm,pmc,2,1,2,0,3,6.441,False,1.0,0.0,1.0,0.5,0.7499999999999999,,1.0,0.0,0.0,0.5,0.6666666666666666,
K005,e2e_dense_generative,body_size,Arrhopalitidae,What is the body length of Arrhopalites plectrifer?,1.0 mm || ~1.0 mm,64,,,7.06,,"Based on the provided documents, the body length of Arrhopalites plectrifer is approximately 1.0 mm .","Based on the provided documents, the body length of Arrhopalites plectrifer is approximately 1.0 mm .",plazi,1,1,1,1,1,6.88,False,1.0,0.0,1.0,0.23529411764705882,0.3157894736842105,0.5555555555555556,1.0,0.0,1.0,0.23529411764705882,0.3157894736842105,0.5555555555555556
K007,doc_extractive,habitat,Tomoceridae,What is the habitat of Plutomurus ruseki?,entrance and twilight zone of caves || caves || troglophilous,12802,03FF1701192EFF8F95AAFF229FB420E1,True,1.69,,Silická ľadnica Ice Cave,Silická ľadnica Ice Cave,plazi,1,1,1,1,1,1.515,False,1.0,0.0,0.0,0.0,0.0,,1.0,0.0,0.0,0.0,0.0,
K007,doc_generative,habitat,Tomoceridae,What is the habitat of Plutomurus ruseki?,entrance and twilight zone of caves || caves || troglophilous,12802,03FF1701192EFF8F95AAFF229FB420E1,True,0.77,,"Based on the provided documents, *Plutomurus ruseki* inhabits underground environments, specifically the subterranean habitats of several karst regions in Slovakia and the Western Carpathians .","Based on the provided documents, *Plutomurus ruseki* inhabits underground environments, specifically the subterranean habitats of several karst regions in Slovakia and the Western Carpathians .",plazi,1,1,1,1,1,0.539,False,1.0,0.0,0.0,0.13333333333333333,0.06666666666666667,0.21052631578947367,1.0,0.0,0.0,0.13333333333333333,0.06666666666666667,0.21052631578947367
K007,e2e_sparse_extractive,habitat,Tomoceridae,What is the habitat of Plutomurus ruseki?,entrance and twilight zone of caves || caves || troglophilous,12802,,,1.9,,Silická ľadnica Ice Cave,Silická ľadnica Ice Cave,pmc,2,1,1,1,1,1.724,False,1.0,0.0,0.0,0.0,0.0,,1.0,0.0,0.0,0.0,0.0,
K011,doc_extractive,body_size,Paronellidae,What is the body length of Metacoelura majeri?,2.3 mm || up to 2.3 mm,31,3D404F72FFDBFFD85E8FFB3CDC0BF977,True,1.36,,up to 2.3 mm,up to 2.3 mm,plazi,1,1,1,1,1,1.17,False,1.0,1.0,1.0,1.0,1.0,,1.0,1.0,1.0,1.0,1.0,
K011,doc_generative,body_size,Paronellidae,What is the body length of Metacoelura majeri?,2.3 mm || up to 2.3 mm,31,3D404F72FFDBFFD85E8FFB3CDC0BF977,True,0.85,,"Based on the provided documents, the body length of *Metacoelura majeri* is not explicitly stated . The description focuses on morphological features such as antenna length and structure but does not provide specific measurements for the body length.","Based on the provided documents, the body length of *Metacoelura majeri* is not explicitly stated . The description focuses on morphological features such as antenna length and structure but does not provide specific measurements for the body length.",plazi,1,1,1,1,1,0.577,False,0.0,0.0,0.0,0.0,0.0,0.38636363636363635,0.0,0.0,0.0,0.0,0.0,0.38636363636363635
K011,e2e_sparse_extractive,body_size,Paronellidae,What is the body length of Metacoelura majeri?,2.3 mm || up to 2.3 mm,31,,,7.2,,up to 2.3 mm,Metacoelura majeri sp. nov.,medline,3,1,1,1,3,7.021,False,1.0,1.0,1.0,1.0,1.0,,1.0,0.0,0.0,0.0,0.0,
K012,doc_extractive,body_size,Neelidae,What is the body length of Spinaethorax adamantis?,550 µm || ~ 550 µm,1734,F8468796FF92FFE0FD855DAAFAD537C0,True,1.4,,550 µm,550 µm,plazi,1,1,1,1,1,1.21,False,1.0,1.0,1.0,1.0,1.0,,1.0,1.0,1.0,1.0,1.0,
K012,doc_generative,body_size,Neelidae,What is the body length of Spinaethorax adamantis?,550 µm || ~ 550 µm,1734,F8468796FF92FFE0FD855DAAFAD537C0,True,0.58,,"Based on the provided documents, the body length of *Spinaethorax adamantis* is approximately 550 micrometers .","Based on the provided documents, the body length of *Spinaethorax adamantis* is approximately 550 micrometers .",plazi,1,1,1,1,1,0.402,False,1.0,0.0,0.0,0.11764705882352941,0.11764705882352941,0.3,1.0,0.0,0.0,0.11764705882352941,0.11764705882352941,0.3
K012,e2e_sparse_extractive,body_size,Neelidae,What is the body length of Spinaethorax adamantis?,550 µm || ~ 550 µm,1734,,,6.13,,0.5-0.7 mm,148 µm,pmc,2,1,2,0,3,5.941,False,1.0,0.0,0.0,0.0,0.0,,1.0,0.0,0.0,0.5,0.5,
K014,doc_extractive,body_size,Orchesellidae,What is the body length of Mastigoceras handschini?,1.65 mm || 1.32 to 2.22 mm,70,C9E98ADD8F7F5DB0B7EE9E6D7F575FDB,True,1.72,,1.32 to 2.22 mm,1.32 to 2.22 mm,plazi,1,1,1,1,1,1.534,False,1.0,1.0,1.0,1.0,1.0,,1.0,1.0,1.0,1.0,1.0,
K014,doc_generative,body_size,Orchesellidae,What is the body length of Mastigoceras handschini?,1.65 mm || 1.32 to 2.22 mm,70,C9E98ADD8F7F5DB0B7EE9E6D7F575FDB,True,0.44,,"Based on the provided documents, the body length of *Mastigoceras handschini* is 1.65 mm .","Based on the provided documents, the body length of *Mastigoceras handschini* is 1.65 mm .",plazi,1,1,1,1,1,0.261,False,1.0,0.0,1.0,0.25,0.33333333333333337,0.5,1.0,0.0,1.0,0.25,0.33333333333333337,0.5
K014,e2e_sparse_extractive,body_size,Orchesellidae,What is the body length of Mastigoceras handschini?,1.65 mm || 1.32 to 2.22 mm,70,,,2.51,,1.32 to 2.22 mm,1.32 to 2.22 mm,pmc,2,1,1,1,2,2.262,False,1.0,1.0,1.0,1.0,1.0,,1.0,1.0,1.0,1.0,1.0,
K019,doc_extractive,habitat,Cyphoderidae,What is the habitat of Cyphoderus khaochakanus?,on guano in the dark zone of a karstic cave || guano in the dark zone of a karstic cave || guano,7069,6CB1AEDA09E85EB254C928B8B074EDF1,True,1.43,,Thailand,Thailand,plazi,1,1,1,1,1,1.229,False,1.0,0.0,0.0,0.0,0.0,,1.0,0.0,0.0,0.0,0.0,
K019,doc_generative,habitat,Cyphoderidae,What is the habitat of Cyphoderus khaochakanus?,on guano in the dark zone of a karstic cave || guano in the dark zone of a karstic cave || guano,7069,6CB1AEDA09E85EB254C928B8B074EDF1,True,0.61,,"Based on the provided documents, there is no specific information regarding the habitat of *Cyphoderus khaochakanus*. The description focuses on morphological characteristics rather than ecological preferences or habitats .","Based on the provided documents, there is no specific information regarding the habitat of *Cyphoderus khaochakanus*. The description focuses on morphological characteristics rather than ecological preferences or habitats .",plazi,1,1,1,1,1,0.333,False,1.0,0.0,0.0,0.15789473684210525,0.15789473684210525,0.3068181818181818,1.0,0.0,0.0,0.15789473684210525,0.15789473684210525,0.3068181818181818
K019,e2e_sparse_extractive,habitat,Cyphoderidae,What is the habitat of Cyphoderus khaochakanus?,on guano in the dark zone of a karstic cave || guano in the dark zone of a karstic cave || guano,7069,,,1.13,,cave,cave,plazi,1,0,,0,1,0.954,False,1.0,0.0,0.0,0.19999999999999998,0.19999999999999998,,1.0,0.0,0.0,0.19999999999999998,0.19999999999999998,
K021,doc_extractive,habitat,Dicyrtomidae,What is the habitat of Papirioides zhejiangensis?,under wet wood and in litter in deciduous forest,6120,03AB457E0926FFB124E7F9AD3075FBF8,True,1.82,,deciduous forest,deciduous forest,plazi,1,1,1,1,1,1.636,False,1.0,0.0,0.0,0.3636363636363636,0.3636363636363636,,1.0,0.0,0.0,0.3636363636363636,0.3636363636363636,
K021,doc_generative,habitat,Dicyrtomidae,What is the habitat of Papirioides zhejiangensis?,under wet wood and in litter in deciduous forest,6120,03AB457E0926FFB124E7F9AD3075FBF8,True,0.95,,"Based on the provided documents, there is no specific information about the habitat of *Papirioides zhejiangensis* . The description focuses on morphological characteristics and comparisons with other species, but does not mention ecological or habitat preferences.","Based on the provided documents, there is no specific information about the habitat of *Papirioides zhejiangensis* . The description focuses on morphological characteristics and comparisons with other species, but does not mention ecological or habitat preferences.",plazi,1,1,1,1,1,0.717,False,1.0,0.0,0.0,0.04545454545454545,0.04545454545454545,0.3133971291866029,1.0,0.0,0.0,0.04545454545454545,0.04545454545454545,0.3133971291866029
K021,e2e_sparse_extractive,habitat,Dicyrtomidae,What is the habitat of Papirioides zhejiangensis?,under wet wood and in litter in deciduous forest,6120,,,7.07,,bamboo,Papirioidesjacobsoni,pmc,2,0,,0,3,6.82,False,1.0,0.0,0.0,0.0,0.0,,1.0,0.0,0.0,0.0,0.0,
K025,e2e_sparse_extractive,habitat,Entomobryidae,What is the habitat of Sinella qixiaensis?,decomposing leaves along the roads,4224,,,0.99,,,,,,0,,0,0,0.795,False,0.0,0.0,0.0,0.0,0.0,,0.0,0.0,0.0,0.0,0.0,
K025,doc_extractive,habitat,Entomobryidae,What is the habitat of Sinella qixiaensis?,decomposing leaves along the roads,4224,3F2B64127F2214239E8C41E82727C418,True,1.43,,"China, Jiangsu Province, Nanjing, Qixia Mountain","China, Jiangsu Province, Nanjing, Qixia Mountain",plazi,1,1,1,1,1,1.228,False,1.0,0.0,0.0,0.0,0.0,,1.0,0.0,0.0,0.0,0.0,
K025,doc_generative,habitat,Entomobryidae,What is the habitat of Sinella qixiaensis?,decomposing leaves along the roads,4224,3F2B64127F2214239E8C41E82727C418,True,0.62,,"Based on the provided documents, *Sinella qixiaensis* is found in decomposing leaves along the roads . This habitat preference suggests it is associated with moist, organic-rich environments typical of leaf litter habitats.","Based on the provided documents, *Sinella qixiaensis* is found in decomposing leaves along the roads . This habitat preference suggests it is associated with moist, organic-rich environments typical of leaf litter habitats.",plazi,1,1,1,1,1,0.372,False,1.0,0.0,1.0,0.27777777777777773,0.2702702702702703,0.2625,1.0,0.0,1.0,0.27777777777777773,0.2702702702702703,0.2625
K026,doc_extractive,body_size,Hypogastruridae,What is the body length of Hypogastrura gracilis?,1.9 mm || up to 1.9 mm,610,03B287DDFFFEFD69F582F95A8AEE5FA8,True,2.17,,up to 1.9 mm,up to 1.9 mm,plazi,1,1,1,1,1,1.992,False,1.0,1.0,1.0,1.0,1.0,,1.0,1.0,1.0,1.0,1.0,
K026,doc_generative,body_size,Hypogastruridae,What is the body length of Hypogastrura gracilis?,1.9 mm || up to 1.9 mm,610,03B287DDFFFEFD69F582F95A8AEE5FA8,True,0.8,,"Based on the provided documents, there is no specific mention of the body length of *Hypogastrura gracilis*. The text discusses morphological characteristics such as the presence of multiple clubbed tenent hairs and differences in setae lengths between *H. gracilis* and *H. viatica*, but does not provide measurements related to body size .","Based on the provided documents, there is no specific mention of the body length of *Hypogastrura gracilis*. The text discusses morphological characteristics such as the presence of multiple clubbed tenent hairs and differences in setae lengths between *H. gracilis* and *H. viatica*, but does not provide measurements related to body size .",plazi,1,1,1,1,1,0.595,False,0.0,0.0,0.0,0.03636363636363636,0.03571428571428571,0.4220238095238095,0.0,0.0,0.0,0.03636363636363636,0.03571428571428571,0.4220238095238095
K026,e2e_sparse_extractive,body_size,Hypogastruridae,What is the body length of Hypogastrura gracilis?,1.9 mm || up to 1.9 mm,610,,,8.28,,1.6 mm,1.1–1.5 mm,pmc,2,0,,0,3,8.096,False,1.0,0.0,0.0,0.5,0.6666666666666666,,1.0,0.0,0.0,0.5,0.5,
K029,doc_extractive,body_size,Neanuridae,What is the body length of Friesea najtae?,1.0- 1.7mm || 1.0-1.7 mm || 1.0–1.7 mm,2623,5306878ECC17FFF2DE73F911FD9A6996,True,1.95,,1.0- 1.7mm,1.0- 1.7mm,plazi,1,1,1,1,1,1.71,False,1.0,1.0,1.0,1.0,1.0,,1.0,1.0,1.0,1.0,1.0,
K029,doc_generative,body_size,Neanuridae,What is the body length of Friesea najtae?,1.0- 1.7mm || 1.0-1.7 mm || 1.0–1.7 mm,2623,5306878ECC17FFF2DE73F911FD9A6996,True,0.51,,"Based on the provided documents, the body length of *Friesea najtae* is not specified .","Based on the provided documents, the body length of *Friesea najtae* is not specified .",plazi,1,1,1,1,1,0.274,False,0.0,0.0,0.0,0.0,0.0,0.4444444444444444,0.0,0.0,0.0,0.0,0.0,0.4444444444444444
K029,e2e_sparse_extractive,body_size,Neanuridae,What is the body length of Friesea najtae?,1.0- 1.7mm || 1.0-1.7 mm || 1.0–1.7 mm,2623,,,6.65,,4.1 mm,4.1 mm,plazi,1,1,3,0,3,6.464,False,1.0,0.0,0.0,0.5,0.5,,1.0,0.0,0.0,0.5,0.5,
K030,doc_extractive,body_size,Tomoceridae,What is the body length of Tomocerus deharvengi?,4.1–4.8mm || 4.1–4.8 mm || 4.1-4.8 mm,354,52368796FFB2FFDE49A4F8D20610FAE3,True,1.53,,4.1–4.8mm,4.1–4.8mm,plazi,1,1,1,1,1,1.292,False,1.0,1.0,1.0,1.0,1.0,,1.0,1.0,1.0,1.0,1.0,
K030,doc_generative,body_size,Tomoceridae,What is the body length of Tomocerus deharvengi?,4.1–4.8mm || 4.1–4.8 mm || 4.1-4.8 mm,354,52368796FFB2FFDE49A4F8D20610FAE3,True,1.13,,"Based on the provided documents, the body length of *Tomocerus deharvengi* is not explicitly mentioned . The description focuses on morphological characteristics such as the number of macrochaetae, pseudopores, and dental spines but does not provide specific measurements.","Based on the provided documents, the body length of *Tomocerus deharvengi* is not explicitly mentioned . The description focuses on morphological characteristics such as the number of macrochaetae, pseudopores, and dental spines but does not provide specific measurements.",plazi,1,1,1,1,1,0.927,False,0.0,0.0,0.0,0.0,0.0,0.43636363636363634,0.0,0.0,0.0,0.0,0.0,0.43636363636363634
K030,e2e_sparse_extractive,body_size,Tomoceridae,What is the body length of Tomocerus deharvengi?,4.1–4.8mm || 4.1–4.8 mm || 4.1-4.8 mm,354,,,7.17,,4.1–4.8mm,2.9 mm,pmc,2,1,1,1,3,6.976,False,1.0,1.0,1.0,1.0,1.0,,1.0,0.0,0.0,0.5,0.25,
K030,e2e_dense_generative,body_size,Tomoceridae,What is the body length of Tomocerus deharvengi?,4.1–4.8mm || 4.1–4.8 mm || 4.1-4.8 mm,354,,,6.66,,"Based on the provided documents, the body length of *Tomocerus deharvengi* is not explicitly mentioned. The descriptions focus on morphological characteristics such as the number of macrochaetae, pseudopores, and dental spines, but do not provide specific measurements . Therefore, the exact body length cannot be determined from the given sources.","Based on the provided documents, the body length of *Tomocerus deharvengi* is not explicitly mentioned. The descriptions focus on morphological characteristics such as the number of macrochaetae, pseudopores, and dental spines, but do not provide specific measurements . Therefore, the exact body length cannot be determined from the given sources.",plazi,1,1,1,1,1,6.477,False,0.0,0.0,0.0,0.0,0.0,0.3313131313131313,0.0,0.0,0.0,0.0,0.0,0.3313131313131313
K037,doc_extractive,habitat,Orchesellidae,What is the habitat of Alloscopus jantapasoae?,dark zone of a cave on ground floor with small patch of bat guano || dark zone of a cave || bat guano,13980,03BF1C65DAAA58D8A59926FA780957C2,True,1.43,,cave,cave,plazi,1,1,1,1,1,1.223,False,1.0,0.0,0.0,0.33333333333333337,0.33333333333333337,,1.0,0.0,0.0,0.33333333333333337,0.33333333333333337,
K037,doc_generative,habitat,Orchesellidae,What is the habitat of Alloscopus jantapasoae?,dark zone of a cave on ground floor with small patch of bat guano || dark zone of a cave || bat guano,13980,03BF1C65DAAA58D8A59926FA780957C2,True,0.83,,"Based on the provided documents, *Alloscopus jantapusoae* was collected from cave habitats . This suggests that its habitat is subterranean or cave environments. No further details about specific cave characteristics or geographic location are given in the source.","Based on the provided documents, *Alloscopus jantapusoae* was collected from cave habitats . This suggests that its habitat is subterranean or cave environments. No further details about specific cave characteristics or geographic location are given in the source.",plazi,1,1,1,1,1,0.655,False,1.0,0.0,0.0,0.0784313725490196,0.047619047619047616,0.06984126984126984,1.0,0.0,0.0,0.0784313725490196,0.047619047619047616,0.06984126984126984
K037,e2e_sparse_extractive,habitat,Orchesellidae,What is the habitat of Alloscopus jantapasoae?,dark zone of a cave on ground floor with small patch of bat guano || dark zone of a cave || bat guano,13980,,,2.87,,bark of the sago palm tree,cave,pmc,3,0,,0,1,2.604,False,1.0,0.0,0.0,0.1818181818181818,0.1818181818181818,,1.0,0.0,0.0,0.33333333333333337,0.33333333333333337,
K044,doc_extractive,habitat,Dicyrtomidae,What is the habitat of Ptenothrix koreanensis?,litter and soil mass of a coniferous forest dominated by the Korean pine || coniferous forest || Pinus koraiensis,7808,03AB5E67186AD17AFF0FFD3982D316F7,True,1.39,,Habitat. The new species was collected from litter and soil mass of a coniferous forest,Habitat. The new species was collected from litter and soil mass of a coniferous forest,plazi,1,1,1,1,1,1.191,False,1.0,0.0,1.0,0.6428571428571429,0.5714285714285715,,1.0,0.0,1.0,0.6428571428571429,0.5714285714285715,
K044,doc_generative,habitat,Dicyrtomidae,What is the habitat of Ptenothrix koreanensis?,litter and soil mass of a coniferous forest dominated by the Korean pine || coniferous forest || Pinus koraiensis,7808,03AB5E67186AD17AFF0FFD3982D316F7,True,0.92,,"Based on the provided documents, *Ptenothrix koreanensis* was collected from the litter and soil mass of a coniferous forest dominated by the Korean pine (*Pinus koraiensis*) in South Korea . This indicates that its habitat is associated with such forest environments.","Based on the provided documents, *Ptenothrix koreanensis* was collected from the litter and soil mass of a coniferous forest dominated by the Korean pine (*Pinus koraiensis*) in South Korea . This indicates that its habitat is associated with such forest environments.",plazi,1,1,1,1,1,0.731,False,1.0,0.0,1.0,0.4905660377358491,0.4905660377358491,0.23295454545454547,1.0,0.0,1.0,0.4905660377358491,0.4905660377358491,0.23295454545454547
K044,e2e_sparse_extractive,habitat,Dicyrtomidae,What is the habitat of Ptenothrix koreanensis?,litter and soil mass of a coniferous forest dominated by the Korean pine || coniferous forest || Pinus koraiensis,7808,,,1.83,,Habitat. The new species was collected from litter and soil mass of a coniferous forest,litter and soil mass of a coniferous forest,pmc,2,1,1,1,1,1.652,False,1.0,0.0,1.0,0.6428571428571429,0.5714285714285715,,1.0,0.0,1.0,0.761904761904762,0.761904761904762,
K047,doc_extractive,body_size,Hypogastruridae,What is the body length of Ceratophysella tupamara?,1.5 mm || up to 1.5 mm,433,40426A098B05A51BECEAFD5BFBB3FBC7,True,1.37,,up to 1.5 mm,up to 1.5 mm,plazi,1,1,1,1,1,1.194,False,1.0,1.0,1.0,1.0,1.0,,1.0,1.0,1.0,1.0,1.0,
K047,doc_generative,body_size,Hypogastruridae,What is the body length of Ceratophysella tupamara?,1.5 mm || up to 1.5 mm,433,40426A098B05A51BECEAFD5BFBB3FBC7,True,0.55,,"Based on the provided documents, the maximum body length of *Ceratophysella tupamara* is up to 1.5 mm .","Based on the provided documents, the maximum body length of *Ceratophysella tupamara* is up to 1.5 mm .",plazi,1,1,1,1,1,0.325,False,1.0,0.0,1.0,0.38095238095238093,0.4347826086956522,0.9090909090909091,1.0,0.0,1.0,0.38095238095238093,0.4347826086956522,0.9090909090909091
K047,e2e_sparse_extractive,body_size,Hypogastruridae,What is the body length of Ceratophysella tupamara?,1.5 mm || up to 1.5 mm,433,,,1.84,,up to 1.5 mm,up to 1.5 mm,pmc,2,1,1,1,1,1.624,False,1.0,1.0,1.0,1.0,1.0,,1.0,1.0,1.0,1.0,1.0,
K049,doc_extractive,body_size,Arrhopalitidae,What is the body length of Arrhopalites macronyx?,about 1.2 mm || 1.23 mm || 1.2 mm,1293,03CC7853487FFFD9FF65FCD7FCA19E73,True,1.66,,1203,1203,plazi,1,1,1,1,1,1.475,False,1.0,0.0,0.0,0.0,0.0,,1.0,0.0,0.0,0.0,0.0,
K049,doc_generative,body_size,Arrhopalitidae,What is the body length of Arrhopalites macronyx?,about 1.2 mm || 1.23 mm || 1.2 mm,1293,03CC7853487FFFD9FF65FCD7FCA19E73,True,0.8,,"Based on the provided documents, the body length of *Arrhopalites macronyx* ranges from 831 to 1074 μm for males and 1063 to 1283 μm for females .","Based on the provided documents, the body length of *Arrhopalites macronyx* ranges from 831 to 1074 μm for males and 1063 to 1283 μm for females .",plazi,1,1,1,1,1,0.574,False,1.0,0.0,0.0,0.0,0.0,0.23809523809523808,1.0,0.0,0.0,0.0,0.0,0.23809523809523808
K049,e2e_sparse_extractive,body_size,Arrhopalitidae,What is the body length of Arrhopalites macronyx?,about 1.2 mm || 1.23 mm || 1.2 mm,1293,,,5.79,,2× the head length,~ 7,pmc,2,1,3,0,3,5.617,False,1.0,0.0,0.0,0.0,0.28571428571428575,,1.0,0.0,0.0,0.0,0.0,
K051,doc_extractive,habitat,Tomoceridae,What is the habitat of Plutomurus weinerae?,twilight zone of the cave || troglophilous,6619,DB28A21D9214FF8EFF18FBD2FC9FFEE8,True,1.33,,soil and cave,soil and cave,plazi,1,1,1,1,1,1.132,False,1.0,0.0,0.0,0.25,0.25,,1.0,0.0,0.0,0.25,0.25,
K051,doc_generative,habitat,Tomoceridae,What is the habitat of Plutomurus weinerae?,twilight zone of the cave || troglophilous,6619,DB28A21D9214FF8EFF18FBD2FC9FFEE8,True,0.62,,"Based on the provided documents, Plutomurus weinerae is found exclusively in a cave in Georgia (Caucasus) . The specific habitat details beyond being a cave-dwelling species are not elaborated upon in the given text.","Based on the provided documents, Plutomurus weinerae is found exclusively in a cave in Georgia (Caucasus) . The specific habitat details beyond being a cave-dwelling species are not elaborated upon in the given text.",plazi,1,1,1,1,1,0.437,False,1.0,0.0,0.0,0.10526315789473685,0.10256410256410256,0.2700534759358289,1.0,0.0,0.0,0.10526315789473685,0.10256410256410256,0.2700534759358289
K051,e2e_sparse_extractive,habitat,Tomoceridae,What is the habitat of Plutomurus weinerae?,twilight zone of the cave || troglophilous,6619,,,1.42,,,springtail,pmc,,0,,0,0,1.241,False,0.0,0.0,0.0,0.0,0.0,,1.0,0.0,0.0,0.0,0.0,
K053,doc_extractive,habitat,Sminthuridae,What is the habitat of Szeptyckitheca implicata?,associated to bushes || bushes,1198,3FF0ED456B995B5680990F2F80BBD53E,True,1.74,,bushes,bushes,plazi,1,1,1,1,1,1.552,False,1.0,1.0,1.0,1.0,1.0,,1.0,1.0,1.0,1.0,1.0,
K053,doc_generative,habitat,Sminthuridae,What is the habitat of Szeptyckitheca implicata?,associated to bushes || bushes,1198,3FF0ED456B995B5680990F2F80BBD53E,True,0.82,,"Based on the provided documents, there is no specific information about the habitat of *Szeptyckitheca implicata* . The description focuses on morphological characteristics rather than ecological or habitat preferences. Further research would be needed to determine its habitat.","Based on the provided documents, there is no specific information about the habitat of *Szeptyckitheca implicata* . The description focuses on morphological characteristics rather than ecological or habitat preferences. Further research would be needed to determine its habitat.",plazi,1,1,1,1,1,0.547,False,1.0,0.0,0.0,0.05,0.05,0.20454545454545456,1.0,0.0,0.0,0.05,0.05,0.20454545454545456
K053,e2e_sparse_extractive,habitat,Sminthuridae,What is the habitat of Szeptyckitheca implicata?,associated to bushes || bushes,1198,,,6.73,,bushes,bushes,pmc,2,1,2,0,3,6.55,False,1.0,1.0,1.0,1.0,1.0,,1.0,1.0,1.0,1.0,1.0,
K058,doc_extractive,habitat,Orchesellidae,What is the habitat of Dicranocentrus pampaensis?,Eucalyptus plantations with a semiopen canopy || Eucalyptus plantations,7153,039C87CB02440C73FF76FEC88AF7FD29,True,1.85,,Eucalyptus plantations,Eucalyptus plantations,plazi,1,1,1,1,1,1.674,False,1.0,1.0,1.0,1.0,1.0,,1.0,1.0,1.0,1.0,1.0,
K058,doc_generative,habitat,Orchesellidae,What is the habitat of Dicranocentrus pampaensis?,Eucalyptus plantations with a semiopen canopy || Eucalyptus plantations,7153,039C87CB02440C73FF76FEC88AF7FD29,True,1.01,,"Based on the provided documents, *Dicranocentrus pampaensis* inhabits Eucalyptus plantations characterized by a semiopen canopy that allows for considerable input of sunlight. The species was found at an altitude of 146 m in a region with a climate classified as Cfa according to the Köppen system, featuring a mean annual temperature of 17°C and rainfall of 1301 mm .","Based on the provided documents, *Dicranocentrus pampaensis* inhabits Eucalyptus plantations characterized by a semiopen canopy that allows for considerable input of sunlight. The species was found at an altitude of 146 m in a region with a climate classified as Cfa according to the Köppen system, featuring a mean annual temperature of 17°C and rainfall of 1301 mm .",plazi,1,1,1,1,1,0.759,False,1.0,0.0,1.0,0.1875,0.15151515151515152,0.20098039215686275,1.0,0.0,1.0,0.1875,0.15151515151515152,0.20098039215686275
K058,e2e_sparse_extractive,habitat,Orchesellidae,What is the habitat of Dicranocentrus pampaensis?,Eucalyptus plantations with a semiopen canopy || Eucalyptus plantations,7153,,,1.94,,Eucalyptus plantations,Eucalyptus plantations,pmc,2,1,1,1,1,1.722,False,1.0,1.0,1.0,1.0,1.0,,1.0,1.0,1.0,1.0,1.0,
K059,doc_extractive,habitat,Brachystomellidae,What is the habitat of Setanodosa jacquesi?,floating on water in a rock pool || rock pool,84,03B487EFFFD1FFECFF24FCC004526D3A,True,1.8,,Stellenbosch Mountain,Stellenbosch Mountain,plazi,1,1,1,1,1,1.554,False,1.0,0.0,0.0,0.0,0.0,,1.0,0.0,0.0,0.0,0.0,
K059,doc_generative,habitat,Brachystomellidae,What is the habitat of Setanodosa jacquesi?,floating on water in a rock pool || rock pool,84,03B487EFFFD1FFECFF24FCC004526D3A,True,0.86,,"Based on the provided documents, Setanodosa jacquesi is found floating on water in a rock pool within the Cape region . This indicates that its habitat is specifically associated with such environments. No further details about its ecological preferences or distribution beyond this single location are given.","Based on the provided documents, Setanodosa jacquesi is found floating on water in a rock pool within the Cape region . This indicates that its habitat is specifically associated with such environments. No further details about its ecological preferences or distribution beyond this single location are given.",plazi,1,1,1,1,1,0.673,False,1.0,0.0,1.0,0.2641509433962264,0.2641509433962264,0.27474747474747474,1.0,0.0,1.0,0.2641509433962264,0.2641509433962264,0.27474747474747474
K059,e2e_sparse_extractive,habitat,Brachystomellidae,What is the habitat of Setanodosa jacquesi?,floating on water in a rock pool || rock pool,84,,,0.96,,,,,,0,,0,0,0.746,False,0.0,0.0,0.0,0.0,0.0,,0.0,0.0,0.0,0.0,0.0,
K064,doc_extractive,body_size,Onychiuridae,What is the body length of Spinonychiurus edinensis?,1.1–1.2 mm || 1.1-1.2 mm,345,10737675FFD98F5CBDB027556661A88C,True,1.45,,1.1–1.2 mm,1.1–1.2 mm,plazi,1,1,1,1,1,1.27,False,1.0,1.0,1.0,1.0,1.0,,1.0,1.0,1.0,1.0,1.0,
K064,doc_generative,body_size,Onychiuridae,What is the body length of Spinonychiurus edinensis?,1.1–1.2 mm || 1.1-1.2 mm,345,10737675FFD98F5CBDB027556661A88C,True,1.21,,"Based on the provided documents, the body length of *Spinonychiurus edinensis* is not explicitly stated. However, it is mentioned that *Onychiurus spinosus*, a related species, has a body size of 0.6 mm . This does not directly indicate the body length of *Spinonychiurus edinensis*.","Based on the provided documents, the body length of *Spinonychiurus edinensis* is not explicitly stated. However, it is mentioned that *Onychiurus spinosus*, a related species, has a body size of 0.6 mm . This does not directly indicate the body length of *Spinonychiurus edinensis*.",plazi,1,1,1,1,1,1.035,False,1.0,0.0,0.0,0.04444444444444444,0.04081632653061225,0.5287878787878788,1.0,0.0,0.0,0.04444444444444444,0.04081632653061225,0.5287878787878788
K064,e2e_sparse_extractive,body_size,Onychiuridae,What is the body length of Spinonychiurus edinensis?,1.1–1.2 mm || 1.1-1.2 mm,345,,,7.06,,1.1–1.2 mm,B,pmc,2,1,1,1,3,6.818,False,1.0,1.0,1.0,1.0,1.0,,1.0,0.0,0.0,0.0,0.0,
K068,doc_extractive,body_size,Arrhopalitidae,What is the body length of Arrhopalites kolymensis?,0.7 mm,114,03EDEE2852136F5EFE9EF9C6FDF62115,True,1.2,,0.7 mm,0.7 mm,plazi,1,1,1,1,1,0.914,False,1.0,1.0,1.0,1.0,1.0,,1.0,1.0,1.0,1.0,1.0,
K068,doc_generative,body_size,Arrhopalitidae,What is the body length of Arrhopalites kolymensis?,0.7 mm,114,03EDEE2852136F5EFE9EF9C6FDF62115,True,0.61,,"Based on the provided documents, the body length of *Arrhopalites kolymensis* is 0.7 mm .","Based on the provided documents, the body length of *Arrhopalites kolymensis* is 0.7 mm .",plazi,1,1,1,1,1,0.324,False,1.0,0.0,1.0,0.25,0.33333333333333337,0.375,1.0,0.0,1.0,0.25,0.33333333333333337,0.375
K068,e2e_sparse_extractive,body_size,Arrhopalitidae,What is the body length of Arrhopalites kolymensis?,0.7 mm,114,,,2.15,,0.7 mm,1.5 mm,pmc,2,1,1,1,2,1.961,False,1.0,1.0,1.0,1.0,1.0,,1.0,0.0,0.0,0.5,0.3333333333333333,
K069,doc_extractive,body_size,Neanuridae,What is the body length of Lobellina hunanensis?,2.3–3.4mm || 2.3–3.4 mm || 3.2mm || 3.2 mm,466,1D10480A3B4BDC1D4EAD395686A7DD54,True,1.57,,2.3–3.4mm,2.3–3.4mm,plazi,1,1,1,1,1,1.396,False,1.0,1.0,1.0,1.0,1.0,,1.0,1.0,1.0,1.0,1.0,
K069,doc_generative,body_size,Neanuridae,What is the body length of Lobellina hunanensis?,2.3–3.4mm || 2.3–3.4 mm || 3.2mm || 3.2 mm,466,1D10480A3B4BDC1D4EAD395686A7DD54,True,0.88,,"Based on the provided documents, the body length of *Lobellina hunanensis* ranges from 2.3 to 3.4 mm, with the holotype measuring 3.2 mm .","Based on the provided documents, the body length of *Lobellina hunanensis* ranges from 2.3 to 3.4 mm, with the holotype measuring 3.2 mm .",plazi,1,1,1,1,1,0.631,False,1.0,0.0,1.0,0.16,0.32258064516129037,0.2698412698412698,1.0,0.0,1.0,0.16,0.32258064516129037,0.2698412698412698
K070,doc_extractive,habitat,Tomoceridae,What is the habitat of Tomocerus persimilis?,humus layer of mixed forest,4377,03DEBC14AA684C4C27CB47C3E12224E4,True,2.08,,Purple Mountain,Purple Mountain,plazi,1,1,1,1,1,1.898,False,1.0,0.0,0.0,0.0,0.0,,1.0,0.0,0.0,0.0,0.0,
K069,e2e_sparse_extractive,body_size,Neanuridae,What is the body length of Lobellina hunanensis?,2.3–3.4mm || 2.3–3.4 mm || 3.2mm || 3.2 mm,466,,,7.24,,20.0 mm,2.2 mm,pmc,2,0,,0,3,7.065,False,1.0,0.0,0.0,0.5,0.3333333333333333,,1.0,0.0,0.0,0.5,0.6666666666666666,
K070,doc_generative,habitat,Tomoceridae,What is the habitat of Tomocerus persimilis?,humus layer of mixed forest,4377,03DEBC14AA684C4C27CB47C3E12224E4,True,0.74,,"Based on the provided documents, *Tomocerus persimilis* inhabits the humus layer of mixed forests . This ecological preference is specifically noted in the description of its habitat .","Based on the provided documents, *Tomocerus persimilis* inhabits the humus layer of mixed forests . This ecological preference is specifically noted in the description of its habitat .",plazi,1,1,1,1,1,0.538,False,1.0,0.0,1.0,0.25806451612903225,0.25806451612903225,0.29166666666666663,1.0,0.0,1.0,0.25806451612903225,0.25806451612903225,0.29166666666666663
K070,e2e_sparse_extractive,habitat,Tomoceridae,What is the habitat of Tomocerus persimilis?,humus layer of mixed forest,4377,,,7.09,,soil and leaf litter,bean plants,medline,3,0,,0,3,6.885,False,1.0,0.0,0.0,0.0,0.0,,1.0,0.0,0.0,0.0,0.0,
K070,e2e_dense_generative,habitat,Tomoceridae,What is the habitat of Tomocerus persimilis?,humus layer of mixed forest,4377,,,8.81,,"Based on the provided documents, there is no specific mention of the habitat of *Tomocerus persimilis*. However, it is noted that *Myrmeleon persimilis* inhabits beaches along the western shore of Taiwan and surrounding islands like Penghu and Kinmen . It is important to note that *Tomocerus persimilis* might not be the same species as *Tomocerus* spp., which are typically associated with soil and leaf litter habitats . Therefore, the habitat details for *Tomocerus persimilis* cannot be determined from the given sources.","Based on the provided documents, Tomocerus persimilis is not directly mentioned. However, the document  refers to ""Drosophila persimilis,"" which is a fruit fly species, and discusses its dispersal behavior in a heterogeneous environment. Document  mentions ""Phytoseiulus persimilis,"" a predatory mite, which inhabits environments where it preys on spider mites on plants. It is possible that ""Tomocerus persimilis"" may refer to a different organism, possibly a beetle, as ""Tomocerus"" is a genus of beetles. Without specific information about ""Tomocerus persimilis,"" its exact habitat cannot be determined from the given sources.",medline,3,0,,0,3,8.578,False,1.0,0.0,0.0,0.023809523809523808,0.023809523809523808,0.3757066462948816,1.0,0.0,0.0,0.02127659574468085,0.02127659574468085,0.43282828282828284
K072,doc_extractive,habitat,Sminthuridae,What is the habitat of Szeptyckitheca cyanea?,forest litter covering sandy soils in shady areas || forest litter || Atlantic Forest,9270,5C078AB1E856532EB5F209F69958BDB8,True,1.46,,Habitat,Habitat,plazi,1,1,1,1,1,1.162,False,1.0,0.0,0.0,0.0,0.0,,1.0,0.0,0.0,0.0,0.0,
K072,e2e_sparse_extractive,habitat,Sminthuridae,What is the habitat of Szeptyckitheca cyanea?,forest litter covering sandy soils in shady areas || forest litter || Atlantic Forest,9270,,,1.84,,Habitat,"Habitat.
Specimens of S.cyanea sp. nov. were found in two localities ~ 30 km apart in the Rio Grande do Norte state, Brazil: in the central campus of the Federal University of Rio Grande do Norte, Natal municipality, and the National Forest of Nísia Floresta, Nísia Floresta municipality (Fig. 6). Both localities are inserted in the Atlantic Forest phytogeographic domain. The specimens were collected from the forest litter",pmc,2,1,1,1,1,1.575,False,1.0,0.0,0.0,0.0,0.0,,1.0,0.0,1.0,0.08,0.05555555555555556,
K072,doc_generative,habitat,Sminthuridae,What is the habitat of Szeptyckitheca cyanea?,forest litter covering sandy soils in shady areas || forest litter || Atlantic Forest,9270,5C078AB1E856532EB5F209F69958BDB8,True,0.97,,"Based on the provided documents, *Szeptyckitheca cyanea* was found in two locations within the Atlantic Forest phytogeographic domain in Brazil. These habitats include the forest litter covering sandy soils in shady areas at the Federal University of Rio Grande do Norte and the National Forest of Nisia Floresta .","Based on the provided documents, *Szeptyckitheca cyanea* was found in two locations within the Atlantic Forest phytogeographic domain in Brazil. These habitats include the forest litter covering sandy soils in shady areas at the Federal University of Rio Grande do Norte and the National Forest of Nisia Floresta .",plazi,1,1,1,1,1,0.785,False,1.0,0.0,1.0,0.2857142857142857,0.2857142857142857,0.39642857142857146,1.0,0.0,1.0,0.2857142857142857,0.2857142857142857,0.39642857142857146
K074,doc_extractive,body_size,Entomobryidae,What is the body length of Dicranocentrus icelosmarias?,2.6 mm,59,03DF87B4E03A5D4CFF58FD2F3DDDFD26,True,1.38,,2.6 mm,2.6 mm,plazi,1,1,1,1,1,1.199,False,1.0,1.0,1.0,1.0,1.0,,1.0,1.0,1.0,1.0,1.0,
K074,doc_generative,body_size,Entomobryidae,What is the body length of Dicranocentrus icelosmarias?,2.6 mm,59,03DF87B4E03A5D4CFF58FD2F3DDDFD26,True,0.62,,"Based on the provided documents, the body length of *Dicranocentrus icelosmarias* is not specified .","Based on the provided documents, the body length of *Dicranocentrus icelosmarias* is not specified .",plazi,1,1,1,1,1,0.411,False,0.0,0.0,0.0,0.0,0.0,0.5555555555555556,0.0,0.0,0.0,0.0,0.0,0.5555555555555556
K074,e2e_sparse_extractive,body_size,Entomobryidae,What is the body length of Dicranocentrus icelosmarias?,2.6 mm,59,,,3.38,,2.6 mm,3.96 mm,pmc,2,1,1,1,2,3.17,False,1.0,1.0,1.0,1.0,1.0,,1.0,0.0,0.0,0.5,0.3333333333333333,
K077,doc_extractive,habitat,Entomobryidae,What is the habitat of Entomobrya multisetis?,the litter of montane deciduous forests || litter of montane deciduous forests,5330,027087B5A8537858CCE7FFE1FC20FDCF,True,1.4,,litter from deciduous forest,litter from deciduous forest,plazi,1,1,1,1,1,1.135,False,1.0,0.0,0.0,0.4444444444444445,0.4444444444444445,,1.0,0.0,0.0,0.4444444444444445,0.4444444444444445,
K077,e2e_sparse_extractive,habitat,Entomobryidae,What is the habitat of Entomobrya multisetis?,the litter of montane deciduous forests || litter of montane deciduous forests,5330,,,1.39,,litter from deciduous forest,litter from deciduous forest,plazi,1,1,1,1,1,1.21,False,1.0,0.0,0.0,0.4444444444444445,0.4444444444444445,,1.0,0.0,0.0,0.4444444444444445,0.4444444444444445,
K077,doc_generative,habitat,Entomobryidae,What is the habitat of Entomobrya multisetis?,the litter of montane deciduous forests || litter of montane deciduous forests,5330,027087B5A8537858CCE7FFE1FC20FDCF,True,0.62,,"Based on the provided documents, *Entomobrya multisetis* is found in the litter of montane deciduous forests and is widely distributed in the East Caucasus .","Based on the provided documents, *Entomobrya multisetis* is found in the litter of montane deciduous forests and is widely distributed in the East Caucasus .",plazi,1,1,1,1,1,0.447,False,1.0,0.0,1.0,0.4,0.4,0.42105263157894735,1.0,0.0,1.0,0.4,0.4,0.42105263157894735
K082,doc_extractive,body_size,Entomobryidae,What is the body length of Lepidocyrtus thoracicus?,1.1 mm || 1.0– 1.3 mm || 1.0-1.3 mm,1635,980887A1B840FFF8FF32E0459BF0DE91,True,2.05,,14 cm,14 cm,plazi,1,1,1,1,1,1.788,False,1.0,0.0,0.0,0.0,0.0,,1.0,0.0,0.0,0.0,0.0,
K082,doc_generative,body_size,Entomobryidae,What is the body length of Lepidocyrtus thoracicus?,1.1 mm || 1.0– 1.3 mm || 1.0-1.3 mm,1635,980887A1B840FFF8FF32E0459BF0DE91,True,0.61,,"Based on the provided documents, the body length of *Lepidocyrtus thoracicus* is not specified . Further details regarding its morphology would need to be referenced from additional sources.","Based on the provided documents, the body length of *Lepidocyrtus thoracicus* is not specified . Further details regarding its morphology would need to be referenced from additional sources.",plazi,1,1,1,1,1,0.402,False,0.0,0.0,0.0,0.0,0.0,0.2222222222222222,0.0,0.0,0.0,0.0,0.0,0.2222222222222222
K082,e2e_sparse_extractive,body_size,Entomobryidae,What is the body length of Lepidocyrtus thoracicus?,1.1 mm || 1.0– 1.3 mm || 1.0-1.3 mm,1635,,,7.74,,3.5-4.1 mm,0.4–1.2 mm,pmc,2,0,,0,3,7.519,False,1.0,0.0,0.0,0.5,0.5,,1.0,0.0,0.0,0.5,0.6,
K082,e2e_dense_generative,body_size,Entomobryidae,What is the body length of Lepidocyrtus thoracicus?,1.1 mm || 1.0– 1.3 mm || 1.0-1.3 mm,1635,,,7.99,,"Based on the provided documents, the body length of *Lepidocyrtus thoracicus* is not explicitly stated. However, it is mentioned that the species belongs to the *L. lignorum*-group, and other species in this group have varying body lengths. For example, *Lepidocyrtus tomosvaryi* has a maximum body length of 1.0 mm . Since specific measurements for *L. thoracicus* are lacking in the given text, further details would require additional references.","Based on the provided documents, the body length of *Lepidocyrtus thoracicus* is not explicitly stated. However, it is mentioned that the species belongs to the *L. lignorum*-group, and other species in this group have varying body lengths. For example, *Lepidocyrtus tomosvaryi* has a maximum body length of 1.0 mm . Since specific measurements for *L. thoracicus* are lacking in the given text, further details would require additional references.",plazi,1,0,,0,1,7.709,False,1.0,0.0,0.0,0.02898550724637681,0.08108108108108109,0.1627039627039627,1.0,0.0,0.0,0.02898550724637681,0.08108108108108109,0.1627039627039627
K085,doc_extractive,habitat,Isotomidae,What is the habitat of Hemisotoma quadrioculatus?,soil inside cracks in rocks || soil under oak trees,258,877F1C3EFFC76F4F21DB5AC0FB18FB04,True,1.15,,soil under oak trees,soil under oak trees,plazi,1,1,1,1,1,0.97,False,1.0,1.0,1.0,1.0,1.0,,1.0,1.0,1.0,1.0,1.0,
K085,e2e_sparse_extractive,habitat,Isotomidae,What is the habitat of Hemisotoma quadrioculatus?,soil inside cracks in rocks || soil under oak trees,258,,,0.93,,,,,,0,,0,0,0.755,False,0.0,0.0,0.0,0.0,0.0,,0.0,0.0,0.0,0.0,0.0,
K085,doc_generative,habitat,Isotomidae,What is the habitat of Hemisotoma quadrioculatus?,soil inside cracks in rocks || soil under oak trees,258,877F1C3EFFC76F4F21DB5AC0FB18FB04,True,0.84,,"Based on the provided documents, Hemisotoma quadrioculatus is found in the soil within cracks in rocks in Tajikistan . No further details regarding its specific habitat preferences are given.","Based on the provided documents, Hemisotoma quadrioculatus is found in the soil within cracks in rocks in Tajikistan . No further details regarding its specific habitat preferences are given.",plazi,1,1,1,1,1,0.647,False,1.0,0.0,0.0,0.24242424242424243,0.24242424242424243,0.5230769230769231,1.0,0.0,0.0,0.24242424242424243,0.24242424242424243,0.5230769230769231
K087,doc_extractive,habitat,Neanuridae,What is the habitat of Pseudachorutes nica?,pasture fields || two different pasture fields,4557,6C8DBFFDED1DB7930149B56BCEDBCA7B,True,1.34,,"ex soil, Acacia pennatula , Oplinemus , Croton jalapensis , forest","ex soil, Acacia pennatula , Oplinemus , Croton jalapensis , forest",plazi,1,1,1,1,1,1.164,False,1.0,0.0,0.0,0.0,0.0,,1.0,0.0,0.0,0.0,0.0,
K087,doc_generative,habitat,Neanuridae,What is the habitat of Pseudachorutes nica?,pasture fields || two different pasture fields,4557,6C8DBFFDED1DB7930149B56BCEDBCA7B,True,0.76,,"Based on the provided documents, there is no specific information about the habitat of *Pseudachorutes nica* . The description focuses on morphological characteristics rather than ecological preferences or habitat details.","Based on the provided documents, there is no specific information about the habitat of *Pseudachorutes nica* . The description focuses on morphological characteristics rather than ecological preferences or habitat details.",plazi,1,1,1,1,1,0.511,False,1.0,0.0,0.0,0.0,0.0,0.17482517482517482,1.0,0.0,0.0,0.0,0.0,0.17482517482517482
K087,e2e_sparse_extractive,habitat,Neanuridae,What is the habitat of Pseudachorutes nica?,pasture fields || two different pasture fields,4557,,,3.24,,,Distribution and Habitat. Specimens of Aethiopella ricardoi sp. nov. were collected at the beginning of rainy season in Lagoa Redonda Farm,pmc,,0,,0,0,3.01,False,0.0,0.0,0.0,0.0,0.0,,1.0,0.0,0.0,0.0,0.0,
K091,doc_extractive,habitat,Tullbergiidae,What is the habitat of Metaphorura riozoi?,the soil of a meadow in Hungary || soil of a meadow || leaf litter under oak trees,549,877F1C3EFFC46F4F227E598BFDCDFA0E,True,1.74,,meadow,meadow,plazi,1,1,1,1,1,1.507,False,1.0,0.0,0.0,0.4,0.4,,1.0,0.0,0.0,0.4,0.4,
K091,doc_generative,habitat,Tullbergiidae,What is the habitat of Metaphorura riozoi?,the soil of a meadow in Hungary || soil of a meadow || leaf litter under oak trees,549,877F1C3EFFC46F4F227E598BFDCDFA0E,True,1.29,,"Based on the provided documents, *Metaphorura riozoi* has been found in soil and leaf litter under cypress trees (*Cupressus spp.*) in Ilam Province, Iran, as well as under oak trees (*Quercus brantii*) in Gachan Mountain, Ilam Province, Iran . Additionally, it was initially recorded from the soil of a meadow in Hungary .","Based on the provided documents, *Metaphorura riozoi* has been found in soil and leaf litter under cypress trees (*Cupressus spp.*) in Ilam Province, Iran, as well as under oak trees (*Quercus brantii*) in Gachan Mountain, Ilam Province, Iran . Additionally, it was initially recorded from the soil of a meadow in Hungary .",plazi,1,1,1,1,1,1.116,False,1.0,0.0,1.0,0.24137931034482762,0.24137931034482762,0.7452991452991453,1.0,0.0,1.0,0.24137931034482762,0.24137931034482762,0.7452991452991453
K091,e2e_sparse_extractive,habitat,Tullbergiidae,What is the habitat of Metaphorura riozoi?,the soil of a meadow in Hungary || soil of a meadow || leaf litter under oak trees,549,,,3.23,,soil and leaf litter under cypress and oak trees,soil and leaf litter under cypress and oak trees,pmc,2,0,,0,1,3.053,False,1.0,0.0,0.0,0.7142857142857143,0.7142857142857143,,1.0,0.0,0.0,0.7142857142857143,0.7142857142857143,
K093,doc_extractive,habitat,Neelidae,What is the habitat of Megalothorax incertus?,anthropized environments || mostly found in anthropized environments,6777,03FC6644DC422C76FF79F8746E17FAAB,True,1.61,,anthropized,anthropized,plazi,1,1,1,1,1,1.377,False,1.0,0.0,0.0,0.6666666666666666,0.6666666666666666,,1.0,0.0,0.0,0.6666666666666666,0.6666666666666666,
K093,doc_generative,habitat,Neelidae,What is the habitat of Megalothorax incertus?,anthropized environments || mostly found in anthropized environments,6777,03FC6644DC422C76FF79F8746E17FAAB,True,1.38,,"Based on the provided documents, *Megalothorax incertus* has been found in a variety of habitats. It was identified in Sicily near *M. perspicillum*, in Russia within a dry meadow that had been used as pasture and agricultural land, and in Shanghai, China. These findings suggest that *M. incertus* can inhabit disturbed or modified environments such as pastures, agricultural areas, and possibly other soil-rich settings .","Based on the provided documents, *Megalothorax incertus* has been found in a variety of habitats. It was identified in Sicily near *M. perspicillum*, in Russia within a dry meadow that had been used as pasture and agricultural land, and in Shanghai, China. These findings suggest that *M. incertus* can inhabit disturbed or modified environments such as pastures, agricultural areas, and possibly other soil-rich settings .",plazi,1,1,1,1,1,1.201,False,1.0,0.0,0.0,0.08695652173913043,0.08571428571428573,0.2442016806722689,1.0,0.0,0.0,0.08695652173913043,0.08571428571428573,0.2442016806722689
K093,e2e_sparse_extractive,habitat,Neelidae,What is the habitat of Megalothorax incertus?,anthropized environments || mostly found in anthropized environments,6777,,,7.19,,soil of alfalfa fields,e,pmc,2,0,,0,3,6.914,False,1.0,0.0,0.0,0.0,0.0,,1.0,0.0,0.0,0.0,0.0,
K094,doc_extractive,body_size,Neanuridae,What is the body length of Friesea kariae?,0.40–0.69 mm || 0.40-0.69 mm || 0.62 mm,835,65497666FFA5446A50C942C4FA1BD3F1,True,1.33,,0.40–0.69 mm,0.40–0.69 mm,plazi,1,1,1,1,1,1.129,False,1.0,1.0,1.0,1.0,1.0,,1.0,1.0,1.0,1.0,1.0,
K094,doc_generative,body_size,Neanuridae,What is the body length of Friesea kariae?,0.40–0.69 mm || 0.40-0.69 mm || 0.62 mm,835,65497666FFA5446A50C942C4FA1BD3F1,True,0.72,,"Based on the provided documents, the body length of *Friesea kariae* ranges from 0.40 to 0.69 mm, excluding the antennae . The holotype measures 0.62 mm.","Based on the provided documents, the body length of *Friesea kariae* ranges from 0.40 to 0.69 mm, excluding the antennae . The holotype measures 0.62 mm.",plazi,1,1,1,1,1,0.443,False,1.0,0.0,1.0,0.14814814814814814,0.30303030303030304,0.3138888888888889,1.0,0.0,1.0,0.14814814814814814,0.30303030303030304,0.3138888888888889
K094,e2e_sparse_extractive,body_size,Neanuridae,What is the body length of Friesea kariae?,0.40–0.69 mm || 0.40-0.69 mm || 0.62 mm,835,,,6.45,,1.0- 1.7mm,1.0- 1.7mm,plazi,1,0,,0,3,6.269,False,1.0,0.0,0.0,0.0,0.28571428571428575,,1.0,0.0,0.0,0.0,0.28571428571428575,
K101,doc_extractive,body_size,Hypogastruridae,What is the body length of Hypogastrura sheyangensis?,1.5 mm || up to 1.5 mm,378,144E1D5BFF8FFFAC4CD4BCEEFA29B428,True,1.38,,1.5 mm,1.5 mm,plazi,1,1,1,1,1,1.202,False,1.0,1.0,1.0,1.0,1.0,,1.0,1.0,1.0,1.0,1.0,
K101,doc_generative,body_size,Hypogastruridae,What is the body length of Hypogastrura sheyangensis?,1.5 mm || up to 1.5 mm,378,144E1D5BFF8FFFAC4CD4BCEEFA29B428,True,0.47,,"Based on the provided documents, the body length of *Hypogastrura sheyangensis* is not specified .","Based on the provided documents, the body length of *Hypogastrura sheyangensis* is not specified .",plazi,1,1,1,1,1,0.253,False,0.0,0.0,0.0,0.0,0.0,0.6666666666666666,0.0,0.0,0.0,0.0,0.0,0.6666666666666666
K101,e2e_sparse_extractive,body_size,Hypogastruridae,What is the body length of Hypogastrura sheyangensis?,1.5 mm || up to 1.5 mm,378,,,7.06,,1-1.3 mm,1.1–1.5 mm,pmc,2,1,3,0,3,6.789,False,1.0,0.0,0.0,0.5,0.5714285714285715,,1.0,0.0,1.0,0.5,0.7499999999999999,
K101,e2e_dense_generative,body_size,Hypogastruridae,What is the body length of Hypogastrura sheyangensis?,1.5 mm || up to 1.5 mm,378,,,6.61,,"Based on the provided documents, the body length of *Hypogastrura sheyangensis* is up to 1.5 mm .","Based on the provided documents, the body length of *Hypogastrura sheyangensis* is up to 1.5 mm .",plazi,1,0,,0,1,6.424,False,1.0,0.0,1.0,0.4,0.45454545454545453,0.4,1.0,0.0,1.0,0.4,0.45454545454545453,0.4
K105,doc_extractive,habitat,Tomoceridae,What is the habitat of Plutomurus revazi?,troglophilous || probably troglophilous species,6949,039987FCFFC9FF9BFF14398D6DF08B95,True,1.7,,"GEORGIA, Imereti region","GEORGIA, Imereti region",plazi,1,1,1,1,1,1.512,False,1.0,0.0,0.0,0.0,0.0,,1.0,0.0,0.0,0.0,0.0,
K105,doc_generative,habitat,Tomoceridae,What is the habitat of Plutomurus revazi?,troglophilous || probably troglophilous species,6949,039987FCFFC9FF9BFF14398D6DF08B95,True,0.82,,"Based on the provided documents, the specific habitat of *Plutomurus revazi* is mentioned as being from ""Satsurblia Cave"" and ""Prometheus Cave,"" indicating that it is a cave-dwelling species . No further details about its ecological preferences or distribution beyond these caves are given.","Based on the provided documents, the specific habitat of *Plutomurus revazi* is mentioned as being from ""Satsurblia Cave"" and ""Prometheus Cave,"" indicating that it is a cave-dwelling species . No further details about its ecological preferences or distribution beyond these caves are given.",plazi,1,1,1,1,1,0.611,False,1.0,0.0,0.0,0.044444444444444446,0.04347826086956522,0.13043478260869565,1.0,0.0,0.0,0.044444444444444446,0.04347826086956522,0.13043478260869565
K105,e2e_sparse_extractive,habitat,Tomoceridae,What is the habitat of Plutomurus revazi?,troglophilous || probably troglophilous species,6949,,,5.39,,springtails,Collembola,pmc,2,0,,0,2,5.211,False,1.0,0.0,0.0,0.0,0.0,,1.0,0.0,0.0,0.0,0.0,
K112,doc_extractive,habitat,Orchesellidae,What is the habitat of Alloscopus sago?,the old bark of the sago palm ( Metroxylon sagu Rottb ) at the lower trunk level || old bark of the sago palm || sago palm,20607,0EF6CE3D67555C8F93347918DB4C684B,True,1.34,,bark of the sago palm tree,bark of the sago palm tree,plazi,1,1,1,1,1,1.162,False,1.0,0.0,1.0,0.8333333333333334,0.8333333333333334,,1.0,0.0,1.0,0.8333333333333334,0.8333333333333334,
K112,doc_generative,habitat,Orchesellidae,What is the habitat of Alloscopus sago?,the old bark of the sago palm ( Metroxylon sagu Rottb ) at the lower trunk level || old bark of the sago palm || sago palm,20607,0EF6CE3D67555C8F93347918DB4C684B,True,0.91,,"Based on the provided documents, the habitat of *Alloscopus sago* is described as ""distinctly different"" from that of *A. whitteni*, but no specific details about its exact habitat are given .","Based on the provided documents, the habitat of *Alloscopus sago* is described as ""distinctly different"" from that of *A. whitteni*, but no specific details about its exact habitat are given .",plazi,1,1,1,1,1,0.666,False,1.0,0.0,0.0,0.17777777777777776,0.13333333333333333,0.25,1.0,0.0,0.0,0.17777777777777776,0.13333333333333333,0.25
K112,e2e_sparse_extractive,habitat,Orchesellidae,What is the habitat of Alloscopus sago?,the old bark of the sago palm ( Metroxylon sagu Rottb ) at the lower trunk level || old bark of the sago palm || sago palm,20607,,,3.99,,bark of the sago palm tree,palm forest,pmc,3,1,1,1,1,3.73,False,1.0,0.0,1.0,0.8333333333333334,0.8333333333333334,,1.0,0.0,0.0,0.5,0.5,
K113,doc_extractive,body_size,Brachystomellidae,What is the body length of Neorganella rotundatae?,0.88 mm || 0.47-1.20 mm,865,E75F96C1532AAEE2F42F5D9D8A0E5B3A,True,1.43,,0.88 mm,0.88 mm,plazi,1,1,1,1,1,1.169,False,1.0,1.0,1.0,1.0,1.0,,1.0,1.0,1.0,1.0,1.0,
K113,doc_generative,body_size,Brachystomellidae,What is the body length of Neorganella rotundatae?,0.88 mm || 0.47-1.20 mm,865,E75F96C1532AAEE2F42F5D9D8A0E5B3A,True,0.65,,"Based on the provided documents, the body length of *Neorganella rotundatae* ranges from 0.47 to 1.20 mm, with the holotype measuring 0.88 mm .","Based on the provided documents, the body length of *Neorganella rotundatae* ranges from 0.47 to 1.20 mm, with the holotype measuring 0.88 mm .",plazi,1,1,1,1,1,0.471,False,1.0,0.0,1.0,0.16,0.32258064516129037,0.2328042328042328,1.0,0.0,1.0,0.16,0.32258064516129037,0.2328042328042328
K113,e2e_sparse_extractive,body_size,Brachystomellidae,What is the body length of Neorganella rotundatae?,0.88 mm || 0.47-1.20 mm,865,,,6.96,,35–45 µm,seedling to mature flowering branches,pmc,2,1,2,0,3,6.744,False,1.0,0.0,0.0,0.0,0.0,,1.0,0.0,0.0,0.0,0.0,
K117,doc_extractive,body_size,Hypogastruridae,What is the body length of Hypogastrura yosii?,1.5 mm || up to 1.5 mm,842,D420C10EF21FFFD4FF137483FDFDFDB2,True,1.43,,1.5 mm,1.5 mm,plazi,1,1,1,1,1,1.167,False,1.0,1.0,1.0,1.0,1.0,,1.0,1.0,1.0,1.0,1.0,
K117,doc_generative,body_size,Hypogastruridae,What is the body length of Hypogastrura yosii?,1.5 mm || up to 1.5 mm,842,D420C10EF21FFFD4FF137483FDFDFDB2,True,0.42,,"Based on the provided documents, the body length of *Hypogastrura yosii* is up to 1.5 mm .","Based on the provided documents, the body length of *Hypogastrura yosii* is up to 1.5 mm .",plazi,1,1,1,1,1,0.236,False,1.0,0.0,1.0,0.4,0.45454545454545453,0.4,1.0,0.0,1.0,0.4,0.45454545454545453,0.4
K117,e2e_dense_generative,body_size,Hypogastruridae,What is the body length of Hypogastrura yosii?,1.5 mm || up to 1.5 mm,842,,,5.32,,"Based on the provided documents, the body length of *Hypogastrura yosii* is up to 1.5 mm .","Based on the provided documents, the body length of *Hypogastrura yosii* is not explicitly stated. However, related species within the same genus have body lengths ranging from 0.7 to 1.6 mm . For precise measurements specific to *Hypogastrura yosii*, additional data would be required .",pmc,2,1,1,1,1,5.055,False,1.0,0.0,1.0,0.4,0.45454545454545453,0.4,1.0,0.0,0.0,0.0851063829787234,0.12000000000000001,0.19935897435897437
K117,e2e_sparse_extractive,body_size,Hypogastruridae,What is the body length of Hypogastrura yosii?,1.5 mm || up to 1.5 mm,842,,,7.07,,14–17,1.1–1.6 mm,pmc,2,1,3,0,3,6.799,False,1.0,0.0,0.0,0.0,0.0,,1.0,0.0,0.0,0.5,0.5,
K119,doc_extractive,body_size,Arrhopalitidae,What is the body length of Pygmarrhopalites sericus?,0.7 mm || ~ 0.7 mm,1052,8F2F2F2DA735FF85FF1F4CB1377FFAA6,True,1.94,,0.7 mm,0.7 mm,plazi,1,1,1,1,1,1.659,False,1.0,1.0,1.0,1.0,1.0,,1.0,1.0,1.0,1.0,1.0,
K119,doc_generative,body_size,Arrhopalitidae,What is the body length of Pygmarrhopalites sericus?,0.7 mm || ~ 0.7 mm,1052,8F2F2F2DA735FF85FF1F4CB1377FFAA6,True,0.75,,"Based on the provided documents, the body length of *Pygmarrhopalites sericus* is approximately 0.7 mm . Some variations in measurements have been noted, with lengths ranging up to 0.8 mm in certain specimens .","Based on the provided documents, the body length of *Pygmarrhopalites sericus* is approximately 0.7 mm . Some variations in measurements have been noted, with lengths ranging up to 0.8 mm in certain specimens .",plazi,1,1,1,1,1,0.565,False,1.0,0.0,1.0,0.11764705882352941,0.1621621621621622,0.27008547008547007,1.0,0.0,1.0,0.11764705882352941,0.1621621621621622,0.27008547008547007
K119,e2e_sparse_extractive,body_size,Arrhopalitidae,What is the body length of Pygmarrhopalites sericus?,0.7 mm || ~ 0.7 mm,1052,,,6.72,,22.5–43 vs. 22–79 mm,0.7 mm,pmc,2,1,2,0,3,6.511,False,1.0,0.0,0.0,0.3333333333333333,0.2,,1.0,1.0,1.0,1.0,1.0,
K121,doc_extractive,body_size,Tomoceridae,What is the body length of Monodontocerus mulunensis?,3.5–4.0 mm || 3.5-4.0 mm,524,03BE075BFFC7FFAA17B8FBBBFB8BB5CC,True,1.74,,3.5–4.0 mm,3.5–4.0 mm,plazi,1,1,1,1,1,1.35,False,1.0,1.0,1.0,1.0,1.0,,1.0,1.0,1.0,1.0,1.0,
K121,doc_generative,body_size,Tomoceridae,What is the body length of Monodontocerus mulunensis?,3.5–4.0 mm || 3.5-4.0 mm,524,03BE075BFFC7FFAA17B8FBBBFB8BB5CC,True,0.51,,"Based on the provided documents, the body length of *Monodontocerus mulunensis* is not specified .","Based on the provided documents, the body length of *Monodontocerus mulunensis* is not specified .",plazi,1,1,1,1,1,0.307,False,0.0,0.0,0.0,0.0,0.0,0.6666666666666666,0.0,0.0,0.0,0.0,0.0,0.6666666666666666
K121,e2e_sparse_extractive,body_size,Tomoceridae,What is the body length of Monodontocerus mulunensis?,3.5–4.0 mm || 3.5-4.0 mm,524,,,5.6,,3.5–4.0 mm,"236,700 km2",pmc,3,1,1,1,3,5.374,False,1.0,1.0,1.0,1.0,1.0,,1.0,0.0,0.0,0.0,0.0,
K123,doc_extractive,habitat,Sminthuridae,What is the habitat of Szeptyckitheca kesongensis?,"Robinia sp., shrubs, pines, and plant debris || Robinia || plant debris",1617,CE8739D088AC526E962DB20C4A333FC4,True,1.84,,"Habitat.
Specimens were found associated to Robinia sp., shrubs, pines, and plant debris","Habitat.
Specimens were found associated to Robinia sp., shrubs, pines, and plant debris",plazi,1,1,1,1,1,1.615,False,1.0,0.0,1.0,0.7000000000000001,0.7000000000000001,,1.0,0.0,1.0,0.7000000000000001,0.7000000000000001,
K123,doc_generative,habitat,Sminthuridae,What is the habitat of Szeptyckitheca kesongensis?,"Robinia sp., shrubs, pines, and plant debris || Robinia || plant debris",1617,CE8739D088AC526E962DB20C4A333FC4,True,0.71,,"Based on the provided documents, *Szeptyckitheca kesongensis* is found in habitats associated with Robinia sp., shrubs, pines, and plant debris . The specific environmental conditions or soil types are not detailed in the given source.","Based on the provided documents, *Szeptyckitheca kesongensis* is found in habitats associated with Robinia sp., shrubs, pines, and plant debris . The specific environmental conditions or soil types are not detailed in the given source.",plazi,1,1,1,1,1,0.528,False,1.0,0.0,1.0,0.34146341463414637,0.34146341463414637,0.23809523809523808,1.0,0.0,1.0,0.34146341463414637,0.34146341463414637,0.23809523809523808
K123,e2e_sparse_extractive,habitat,Sminthuridae,What is the habitat of Szeptyckitheca kesongensis?,"Robinia sp., shrubs, pines, and plant debris || Robinia || plant debris",1617,,,4.71,,bushes,"Habitat.
Specimens were found in low flooded jungle",pmc,2,1,3,0,3,4.462,False,1.0,0.0,0.0,0.0,0.0,,1.0,0.0,0.0,0.0,0.0,
K124,doc_extractive,habitat,Tullbergiidae,What is the habitat of Mexicaphorura guerrerensis?,marine littoral sand,4314,462C4399517288EDC0A8EF3142DDD8B8,True,1.44,,La Bocana beach,La Bocana beach,plazi,1,1,1,1,1,1.156,False,1.0,0.0,0.0,0.0,0.0,,1.0,0.0,0.0,0.0,0.0,
K124,doc_generative,habitat,Tullbergiidae,What is the habitat of Mexicaphorura guerrerensis?,marine littoral sand,4314,462C4399517288EDC0A8EF3142DDD8B8,True,0.81,,"Based on the provided documents, the specific habitat of *Mexicaphorura guerrerensis* is not explicitly mentioned. However, it is noted that this species is distinct from other Mexican Tullbergiidae and was described from a location in Mexico, though no detailed ecological or habitat description is given .","Based on the provided documents, the specific habitat of *Mexicaphorura guerrerensis* is not explicitly mentioned. However, it is noted that this species is distinct from other Mexican Tullbergiidae and was described from a location in Mexico, though no detailed ecological or habitat description is given .",plazi,1,1,1,1,1,0.628,False,1.0,0.0,0.0,0.0,0.0,0.4,1.0,0.0,0.0,0.0,0.0,0.4
K124,e2e_sparse_extractive,habitat,Tullbergiidae,What is the habitat of Mexicaphorura guerrerensis?,marine littoral sand,4314,,,6.66,,Cloud forests,"Ixtapa, Guerrero to Huatulco, Oaxaca",pmc,2,0,,0,3,6.487,False,1.0,0.0,0.0,0.0,0.0,,1.0,0.0,0.0,0.0,0.0,
K129,doc_extractive,body_size,Brachystomellidae,What is the body length of Brachystomella porcus?,0.45-0.95 mm,1127,D3CB1B7A2460D5107B1A84372804678C,True,2.76,,0.45-0.95 mm,0.45-0.95 mm,plazi,1,1,1,1,1,2.575,False,1.0,1.0,1.0,1.0,1.0,,1.0,1.0,1.0,1.0,1.0,
K129,doc_generative,body_size,Brachystomellidae,What is the body length of Brachystomella porcus?,0.45-0.95 mm,1127,D3CB1B7A2460D5107B1A84372804678C,True,0.55,,"Based on the provided documents, the body length of *Brachystomella porcus* ranges from 0.45 to 0.95 mm .","Based on the provided documents, the body length of *Brachystomella porcus* ranges from 0.45 to 0.95 mm .",plazi,1,1,1,1,1,0.363,False,1.0,0.0,0.0,0.10526315789473684,0.4166666666666667,0.1111111111111111,1.0,0.0,0.0,0.10526315789473684,0.4166666666666667,0.1111111111111111
K129,e2e_sparse_extractive,body_size,Brachystomellidae,What is the body length of Brachystomella porcus?,0.45-0.95 mm,1127,,,5.04,,0.45-0.95 mm,0.45–0.95 mm,pmc,2,1,1,1,3,4.783,False,1.0,1.0,1.0,1.0,1.0,,1.0,0.0,0.0,0.5,1.0,
K135,doc_extractive,body_size,Arrhopalitidae,What is the body length of Arrhopalites harveyi?,1.2 mm,97,03C387C2FFE2FFC3FE9C471BAF0133BB,True,1.59,,1.2 mm,1.2 mm,plazi,1,1,1,1,1,1.413,False,1.0,1.0,1.0,1.0,1.0,,1.0,1.0,1.0,1.0,1.0,
K135,doc_generative,body_size,Arrhopalitidae,What is the body length of Arrhopalites harveyi?,1.2 mm,97,03C387C2FFE2FFC3FE9C471BAF0133BB,True,0.44,,"Based on the provided documents, the body length of *Arrhopalites harveyi* is 1.2 mm .","Based on the provided documents, the body length of *Arrhopalites harveyi* is 1.2 mm .",plazi,1,1,1,1,1,0.267,False,1.0,0.0,1.0,0.25,0.33333333333333337,0.75,1.0,0.0,1.0,0.25,0.33333333333333337,0.75
K135,e2e_dense_generative,body_size,Arrhopalitidae,What is the body length of Arrhopalites harveyi?,1.2 mm,97,,,7.08,,"Based on the provided documents, the body length of *Arrhopalites harveyi* is 1.2 mm .","Based on the provided documents, the body length of *Arrhopalites harveyi* is 1.2 mm .",plazi,1,1,1,1,1,6.878,False,1.0,0.0,1.0,0.25,0.33333333333333337,0.75,1.0,0.0,1.0,0.25,0.33333333333333337,0.75
K135,e2e_sparse_extractive,body_size,Arrhopalitidae,What is the body length of Arrhopalites harveyi?,1.2 mm,97,,,7.26,,1.2 mm,in µm,pmc,2,1,1,1,3,7.079,False,1.0,1.0,1.0,1.0,1.0,,1.0,0.0,0.0,0.0,0.0,
K136,doc_extractive,body_size,Neanuridae,What is the body length of Endonura levantica?,0.84 mm,927,03C9E776FFDDFFBABCABFD45A4A9FF72,True,1.64,,0.84 mm,0.84 mm,plazi,1,1,1,1,1,1.302,False,1.0,1.0,1.0,1.0,1.0,,1.0,1.0,1.0,1.0,1.0,
K136,doc_generative,body_size,Neanuridae,What is the body length of Endonura levantica?,0.84 mm,927,03C9E776FFDDFFBABCABFD45A4A9FF72,True,0.51,,"Based on the provided documents, the body length of *Endonura levantica* is not specified .","Based on the provided documents, the body length of *Endonura levantica* is not specified .",plazi,1,1,1,1,1,0.244,False,0.0,0.0,0.0,0.0,0.0,0.4444444444444444,0.0,0.0,0.0,0.0,0.0,0.4444444444444444
K136,e2e_sparse_extractive,body_size,Neanuridae,What is the body length of Endonura levantica?,0.84 mm,927,,,7.74,,1 mm,0.8 to 1.45 mm,pmc,2,1,3,0,3,7.557,False,1.0,0.0,0.0,0.5,0.4,,1.0,0.0,0.0,0.3333333333333333,0.4444444444444444,
K136,e2e_dense_generative,body_size,Neanuridae,What is the body length of Endonura levantica?,0.84 mm,927,,,6.96,,"Based on the provided documents, the body length of *Endonura levantica* is reported as 0.77 to 0.84 mm .","Based on the provided documents, the body length of *Endonura levantica* is reported as 0.77 to 0.84 mm .",plazi,1,0,,0,1,6.712,False,1.0,0.0,1.0,0.19999999999999998,0.2608695652173913,0.15,1.0,0.0,1.0,0.19999999999999998,0.2608695652173913,0.15
K137,doc_extractive,body_size,Tomoceridae,What is the body length of Tomocerus jilinensis?,3.0 mm || up to 3.0 mm,407,03903879FFB96401FF4CE917A7F1C4F0,True,1.36,,up to 3.0 mm,up to 3.0 mm,plazi,1,1,1,1,1,1.182,False,1.0,1.0,1.0,1.0,1.0,,1.0,1.0,1.0,1.0,1.0,
K137,doc_generative,body_size,Tomoceridae,What is the body length of Tomocerus jilinensis?,3.0 mm || up to 3.0 mm,407,03903879FFB96401FF4CE917A7F1C4F0,True,0.64,,"Based on the provided documents, the body length of *Tomocerus jilinensis* is not explicitly stated . The document describes morphological characteristics but does not provide specific measurements for body length.","Based on the provided documents, the body length of *Tomocerus jilinensis* is not explicitly stated . The document describes morphological characteristics but does not provide specific measurements for body length.",plazi,1,1,1,1,1,0.45,False,0.0,0.0,0.0,0.0,0.0,0.3214285714285714,0.0,0.0,0.0,0.0,0.0,0.3214285714285714
K137,e2e_sparse_extractive,body_size,Tomoceridae,What is the body length of Tomocerus jilinensis?,3.0 mm || up to 3.0 mm,407,,,7.17,,6.8 mm,2 mm,pmc,2,1,3,0,3,6.97,False,1.0,0.0,0.0,0.5,0.3333333333333333,,1.0,0.0,0.0,0.5,0.4,
K138,doc_extractive,habitat,Onychiuridae,What is the habitat of Thalassaphorura xihuensis?,"broadleaved litter and soil, in an urban recreational park || urban recreational park || broadleaved litter and soil",3235,03B487AE1B59093EB3B4FD72ADD9FD74,True,1.47,,litter and soil in the broadleaved forest,litter and soil in the broadleaved forest,plazi,1,1,1,1,1,1.211,False,1.0,0.0,0.0,0.7272727272727273,0.5454545454545454,,1.0,0.0,0.0,0.7272727272727273,0.5454545454545454,
K138,doc_generative,habitat,Onychiuridae,What is the habitat of Thalassaphorura xihuensis?,"broadleaved litter and soil, in an urban recreational park || urban recreational park || broadleaved litter and soil",3235,03B487AE1B59093EB3B4FD72ADD9FD74,True,1.02,,"Based on the provided documents, there is no specific information about the habitat of *Thalassaphorura xihuensis*. The text describes morphological characteristics and comparisons with other species but does not mention its ecological or geographic habitat .","Based on the provided documents, there is no specific information about the habitat of *Thalassaphorura xihuensis*. The text describes morphological characteristics and comparisons with other species but does not mention its ecological or geographic habitat .",plazi,1,1,1,1,1,0.777,False,1.0,0.0,0.0,0.05128205128205128,0.05128205128205128,0.2607655502392344,1.0,0.0,0.0,0.05128205128205128,0.05128205128205128,0.2607655502392344
K138,e2e_sparse_extractive,habitat,Onychiuridae,What is the habitat of Thalassaphorura xihuensis?,"broadleaved litter and soil, in an urban recreational park || urban recreational park || broadleaved litter and soil",3235,,,5.38,,soil and leaf litter under oak trees,intertidal,medline,3,0,,0,3,5.152,False,1.0,0.0,0.0,0.5454545454545454,0.18181818181818182,,1.0,0.0,0.0,0.0,0.0,
K138,e2e_dense_generative,habitat,Onychiuridae,What is the habitat of Thalassaphorura xihuensis?,"broadleaved litter and soil, in an urban recreational park || urban recreational park || broadleaved litter and soil",3235,,,6.76,,"Based on the provided documents, there is no specific information about the habitat of *Thalassaphorura xihuensis*. The available data describe habitats for other species within the genus *Thalassaphorura*, such as soil and leaf litter under oak, cypress, or pine trees in Iran, but not for *T. xihuensis* . Therefore, the habitat of *Thalassaphorura xihuensis* cannot be determined from the given sources.","Based on the provided documents, there is no specific information about the habitat of *Thalassaphorura xihuensis*. The sources discuss *Thalassaphorura thalassophila* and *Thalassaphorura debilis*, which are found in intertidal ecosystems . Therefore, it cannot be concluded about the habitat of *T. xihuensis* from these sources.",medline,3,0,,0,4,6.515,False,1.0,0.0,0.0,0.11594202898550725,0.057971014492753624,0.25633255633255636,1.0,0.0,0.0,0.07547169811320754,0.07547169811320754,0.3444805194805195
K147,e2e_sparse_extractive,habitat,Isotomidae,What is the habitat of Proisotoma pakurensis?,under leaf-litter of moist deciduous forest || leaf-litter of moist deciduous forest || Tussar plantation garden,3532,,,0.97,,,,,,0,,0,0,0.786,False,0.0,0.0,0.0,0.0,0.0,,0.0,0.0,0.0,0.0,0.0,
K147,doc_extractive,habitat,Isotomidae,What is the habitat of Proisotoma pakurensis?,under leaf-litter of moist deciduous forest || leaf-litter of moist deciduous forest || Tussar plantation garden,3532,0D38B345FFBF1D05D952FC81335274F3,True,1.33,,India,India,plazi,1,1,1,1,1,1.149,False,1.0,0.0,0.0,0.0,0.0,,1.0,0.0,0.0,0.0,0.0,
K147,doc_generative,habitat,Isotomidae,What is the habitat of Proisotoma pakurensis?,under leaf-litter of moist deciduous forest || leaf-litter of moist deciduous forest || Tussar plantation garden,3532,0D38B345FFBF1D05D952FC81335274F3,True,0.72,,"Based on the provided documents, there is no specific information about the habitat of *Proisotoma pakurensis*. The descriptions focus on morphological characteristics rather than ecological or geographic distribution . Further research would be needed to determine its habitat preferences.","Based on the provided documents, there is no specific information about the habitat of *Proisotoma pakurensis*. The descriptions focus on morphological characteristics rather than ecological or geographic distribution . Further research would be needed to determine its habitat preferences.",plazi,1,1,1,1,1,0.515,False,1.0,0.0,0.0,0.046511627906976744,0.045454545454545456,0.11868686868686867,1.0,0.0,0.0,0.046511627906976744,0.045454545454545456,0.11868686868686867
K149,doc_extractive,habitat,Neanuridae,What is the habitat of Lobellina nanjingensis?,leaf litter in deciduous forest,2613,DA63800CFFC51A79FF32F8CAFAC5430C,True,2.01,,"School of Life Science, Nanjing University","School of Life Science, Nanjing University",plazi,1,1,1,1,1,1.747,False,1.0,0.0,0.0,0.0,0.0,,1.0,0.0,0.0,0.0,0.0,
K149,doc_generative,habitat,Neanuridae,What is the habitat of Lobellina nanjingensis?,leaf litter in deciduous forest,2613,DA63800CFFC51A79FF32F8CAFAC5430C,True,0.72,,"Based on the provided documents, there is no specific information about the habitat of *Lobellina nanjingensis*. The description focuses on morphological characteristics and comparisons with other species, but does not mention ecological or habitat preferences .","Based on the provided documents, there is no specific information about the habitat of *Lobellina nanjingensis*. The description focuses on morphological characteristics and comparisons with other species, but does not mention ecological or habitat preferences .",plazi,1,1,1,1,1,0.503,False,1.0,0.0,0.0,0.0,0.0,0.28708133971291866,1.0,0.0,0.0,0.0,0.0,0.28708133971291866
K149,e2e_sparse_extractive,habitat,Neanuridae,What is the habitat of Lobellina nanjingensis?,leaf litter in deciduous forest,2613,,,6.65,,"hypogeous, gregarious",terrestrial,pmc,2,0,,0,3,6.43,False,1.0,0.0,0.0,0.0,0.0,,1.0,0.0,0.0,0.0,0.0,
K150,doc_extractive,habitat,Tomoceridae,What is the habitat of Plutomurus kharagauliensis?,both twilight and dark zones of the cave || twilight and dark zones of the cave || troglophilous,6192,03FF1701192BFF8595AAFA539D2821FD,True,1.77,,Kharagauli municipality,Kharagauli municipality,plazi,1,1,1,1,1,1.589,False,1.0,0.0,0.0,0.0,0.0,,1.0,0.0,0.0,0.0,0.0,
K150,doc_generative,habitat,Tomoceridae,What is the habitat of Plutomurus kharagauliensis?,both twilight and dark zones of the cave || twilight and dark zones of the cave || troglophilous,6192,03FF1701192BFF8595AAFA539D2821FD,True,0.79,,"Based on the provided documents, Plutomurus kharagauliensis is a troglophilous species, indicating it inhabits cave environments. However, the specific details about its exact habitat or distribution are not mentioned in the given text .","Based on the provided documents, Plutomurus kharagauliensis is a troglophilous species, indicating it inhabits cave environments. However, the specific details about its exact habitat or distribution are not mentioned in the given text .",plazi,1,1,1,1,1,0.542,False,0.0,0.0,1.0,0.1,0.1,0.19518716577540107,0.0,0.0,1.0,0.1,0.1,0.19518716577540107
K150,e2e_sparse_extractive,habitat,Tomoceridae,What is the habitat of Plutomurus kharagauliensis?,both twilight and dark zones of the cave || twilight and dark zones of the cave || troglophilous,6192,,,1.74,,,Kozmani Cave,pmc,,0,,0,0,1.485,False,0.0,0.0,0.0,0.0,0.0,,1.0,0.0,0.0,0.22222222222222224,0.22222222222222224,
K151,doc_extractive,body_size,Isotomidae,What is the body length of Desoria cooki?,1.7–1.8 mm || 1.7-1.8 mm,2411,039C8798F361084F08D2FF28FCAC136E,True,2.65,,65.5867°N,65.5867°N,plazi,1,1,1,1,1,2.468,False,1.0,0.0,0.0,0.0,0.0,,1.0,0.0,0.0,0.0,0.0,
K151,e2e_sparse_extractive,body_size,Isotomidae,What is the body length of Desoria cooki?,1.7–1.8 mm || 1.7-1.8 mm,2411,,,2.66,,65.5867°N,65.5867°N,plazi,1,1,1,1,1,2.474,False,1.0,0.0,0.0,0.0,0.0,,1.0,0.0,0.0,0.0,0.0,
K151,doc_generative,body_size,Isotomidae,What is the body length of Desoria cooki?,1.7–1.8 mm || 1.7-1.8 mm,2411,039C8798F361084F08D2FF28FCAC136E,True,0.65,,"Based on the provided documents, the body length of *Desoria cooki* is up to 1.7–1.8 mm .","Based on the provided documents, the body length of *Desoria cooki* is up to 1.7–1.8 mm .",plazi,1,1,1,1,1,0.41,False,1.0,0.0,1.0,0.2222222222222222,0.4166666666666667,0.4,1.0,0.0,1.0,0.2222222222222222,0.4166666666666667,0.4
K152,doc_extractive,body_size,Entomobryidae,What is the body length of Alloscopus namtip?,1.6 mm || 1.57 mm,471,03E2981ED122FFB4F1438A8DFD038E1E,True,2.66,,1.6 mm,1.6 mm,plazi,1,1,1,1,1,2.444,False,1.0,1.0,1.0,1.0,1.0,,1.0,1.0,1.0,1.0,1.0,
K152,doc_generative,body_size,Entomobryidae,What is the body length of Alloscopus namtip?,1.6 mm || 1.57 mm,471,03E2981ED122FFB4F1438A8DFD038E1E,True,0.51,,"Based on the provided documents, the body length of *Alloscopus namtip* is not specified .","Based on the provided documents, the body length of *Alloscopus namtip* is not specified .",plazi,1,1,1,1,1,0.258,False,0.0,0.0,0.0,0.0,0.0,0.5555555555555556,0.0,0.0,0.0,0.0,0.0,0.5555555555555556
K152,e2e_sparse_extractive,body_size,Entomobryidae,What is the body length of Alloscopus namtip?,1.6 mm || 1.57 mm,471,,,4.91,,1.6 mm,0.91,pmc,2,1,1,1,3,4.684,False,1.0,1.0,1.0,1.0,1.0,,1.0,0.0,0.0,0.0,0.0,
K153,doc_extractive,body_size,Hypogastruridae,What is the body length of Ceratophysella brevisensillata?,1-1.3 mm || 1–1.3 mm,263,03E20D10A853FFD9FF71FE4DFCFFFC69,True,1.29,,1-1.3 mm,1-1.3 mm,plazi,1,1,1,1,1,1.113,False,1.0,1.0,1.0,1.0,1.0,,1.0,1.0,1.0,1.0,1.0,
K153,doc_generative,body_size,Hypogastruridae,What is the body length of Ceratophysella brevisensillata?,1-1.3 mm || 1–1.3 mm,263,03E20D10A853FFD9FF71FE4DFCFFFC69,True,0.57,,"Based on the provided documents, the body length of *Ceratophysella brevisensillata* is 1-1.3 mm .","Based on the provided documents, the body length of *Ceratophysella brevisensillata* is 1-1.3 mm .",plazi,1,1,1,1,1,0.373,False,1.0,0.0,1.0,0.25,0.4,0.75,1.0,0.0,1.0,0.25,0.4,0.75
K153,e2e_sparse_extractive,body_size,Hypogastruridae,What is the body length of Ceratophysella brevisensillata?,1-1.3 mm || 1–1.3 mm,263,,,8.09,,1-1.3 mm,1-1.3 mm,pmc,2,1,1,1,3,7.754,False,1.0,1.0,1.0,1.0,1.0,,1.0,1.0,1.0,1.0,1.0,
K153,e2e_dense_generative,body_size,Hypogastruridae,What is the body length of Ceratophysella brevisensillata?,1-1.3 mm || 1–1.3 mm,263,,,6.76,,"Based on the provided documents, the body length of *Ceratophysella brevisensillata* is 1-1.3 mm .","Based on the provided documents, the body length of *Ceratophysella brevisensillata* is stated as 1-1.3 mm .",pmc,2,1,1,1,1,6.58,False,1.0,0.0,1.0,0.25,0.4,0.75,1.0,0.0,1.0,0.2222222222222222,0.3636363636363636,0.2
K154,doc_extractive,body_size,Arrhopalitidae,What is the body length of Arrhopalites colchicus?,0.9 mm,142,1E61975CFFE80A6FFF0EFF5AD8922839,True,1.53,,0.9 mm,0.9 mm,plazi,1,1,1,1,1,1.316,False,1.0,1.0,1.0,1.0,1.0,,1.0,1.0,1.0,1.0,1.0,
K154,doc_generative,body_size,Arrhopalitidae,What is the body length of Arrhopalites colchicus?,0.9 mm,142,1E61975CFFE80A6FFF0EFF5AD8922839,True,0.51,,"Based on the provided documents, the body length of *Arrhopalites colchicus* is not specified .","Based on the provided documents, the body length of *Arrhopalites colchicus* is not specified .",plazi,1,1,1,1,1,0.307,False,0.0,0.0,0.0,0.0,0.0,0.5555555555555556,0.0,0.0,0.0,0.0,0.0,0.5555555555555556
K154,e2e_sparse_extractive,body_size,Arrhopalitidae,What is the body length of Arrhopalites colchicus?,0.9 mm,142,,,2.97,,0.9 mm,0.9 mm,pmc,2,1,1,1,2,2.682,False,1.0,1.0,1.0,1.0,1.0,,1.0,1.0,1.0,1.0,1.0,
K155,doc_extractive,body_size,Neanuridae,What is the body length of Paralobella sensilla?,2.7 mm || 2.8 mm,1034,5F2287ADFFAE0C72F2A2FC63FB60F9D9,True,1.38,,"2.8 mm, one juvenile 1.3 mm","2.8 mm, one juvenile 1.3 mm",plazi,1,1,1,1,1,1.2,False,1.0,0.0,1.0,0.5,0.5454545454545454,,1.0,0.0,1.0,0.5,0.5454545454545454,
K155,doc_generative,body_size,Neanuridae,What is the body length of Paralobella sensilla?,2.7 mm || 2.8 mm,1034,5F2287ADFFAE0C72F2A2FC63FB60F9D9,True,0.95,,"Based on the provided documents, the body length of *Paralobella sensilla* is reported as follows: the holotype female measures 2.7 mm, while a paratype female measures 2.8 mm, and a juvenile specimen measures 1.3 mm .","Based on the provided documents, the body length of *Paralobella sensilla* is reported as follows: the holotype female measures 2.7 mm, while a paratype female measures 2.8 mm, and a juvenile specimen measures 1.3 mm .",plazi,1,1,1,1,1,0.768,False,1.0,0.0,1.0,0.1081081081081081,0.14634146341463414,0.5138888888888888,1.0,0.0,1.0,0.1081081081081081,0.14634146341463414,0.5138888888888888
K155,e2e_sparse_extractive,body_size,Neanuridae,What is the body length of Paralobella sensilla?,2.7 mm || 2.8 mm,1034,,,5.53,,1.33–1.79 mm,2.7 mm,pmc,2,0,,0,3,5.329,False,1.0,0.0,0.0,0.5,0.25,,1.0,1.0,1.0,1.0,1.0,
K156,doc_extractive,body_size,Tomoceridae,What is the body length of Pogonognathellus litoralis?,3 mm,998,8C788F692A6AAE7ED9CF83658AA8717A,True,1.32,,3 mm,3 mm,plazi,1,1,1,1,1,1.139,False,1.0,1.0,1.0,1.0,1.0,,1.0,1.0,1.0,1.0,1.0,
K156,e2e_sparse_extractive,body_size,Tomoceridae,What is the body length of Pogonognathellus litoralis?,3 mm,998,,,1.43,,3 mm,3 mm,plazi,1,1,1,1,1,1.235,False,1.0,1.0,1.0,1.0,1.0,,1.0,1.0,1.0,1.0,1.0,
K156,doc_generative,body_size,Tomoceridae,What is the body length of Pogonognathellus litoralis?,3 mm,998,8C788F692A6AAE7ED9CF83658AA8717A,True,1.03,,"Based on the provided documents, the body length of *Pogonognathellus litoralis* is not explicitly stated . The description mentions that the antennae are approximately 0.7 to 0.8 times the body length, but the actual body length measurement is not given.","Based on the provided documents, the body length of *Pogonognathellus litoralis* is not explicitly stated . The description mentions that the antennae are approximately 0.7 to 0.8 times the body length, but the actual body length measurement is not given.",plazi,1,1,1,1,1,0.821,False,1.0,0.0,0.0,0.0,0.0,0.05,1.0,0.0,0.0,0.0,0.0,0.05
K157,doc_extractive,body_size,Onychiuridae,What is the body length of Onychiurus gulinensis?,1.7–2.0 mm || 1.7-2.0 mm || 1.6 mm,469,131087DDEB7DF014FE6358C4FEEDFA30,True,2.46,,1.7–2.0 mm,1.7–2.0 mm,plazi,1,1,1,1,1,2.279,False,1.0,1.0,1.0,1.0,1.0,,1.0,1.0,1.0,1.0,1.0,
K157,doc_generative,body_size,Onychiuridae,What is the body length of Onychiurus gulinensis?,1.7–2.0 mm || 1.7-2.0 mm || 1.6 mm,469,131087DDEB7DF014FE6358C4FEEDFA30,True,0.48,,"Based on the provided documents, the body length of *Onychiurus gulinensis* is not specified .","Based on the provided documents, the body length of *Onychiurus gulinensis* is not specified .",plazi,1,1,1,1,1,0.301,False,0.0,0.0,0.0,0.0,0.0,0.5555555555555556,0.0,0.0,0.0,0.0,0.0,0.5555555555555556
K157,e2e_sparse_extractive,body_size,Onychiuridae,What is the body length of Onychiurus gulinensis?,1.7–2.0 mm || 1.7-2.0 mm || 1.6 mm,469,,,4.74,,1.7–2.0 mm,1.7–2.0 mm,plazi,1,1,1,1,3,4.562,False,1.0,1.0,1.0,1.0,1.0,,1.0,1.0,1.0,1.0,1.0,
K158,doc_extractive,body_size,Paronellidae,What is the body length of Trogolaphysa ernesti?,2.51 mm,387,6F20573334383A1BCC8AFC6643AEF91D,True,1.33,,2.51 mm,2.51 mm,plazi,1,1,1,1,1,1.135,False,1.0,1.0,1.0,1.0,1.0,,1.0,1.0,1.0,1.0,1.0,
K158,doc_generative,body_size,Paronellidae,What is the body length of Trogolaphysa ernesti?,2.51 mm,387,6F20573334383A1BCC8AFC6643AEF91D,True,0.46,,"Based on the provided documents, the body length of *Trogolaphysa ernesti* is not specified .","Based on the provided documents, the body length of *Trogolaphysa ernesti* is not specified .",plazi,1,1,1,1,1,0.289,False,0.0,0.0,0.0,0.0,0.0,0.5555555555555556,0.0,0.0,0.0,0.0,0.0,0.5555555555555556
K158,e2e_sparse_extractive,body_size,Paronellidae,What is the body length of Trogolaphysa ernesti?,2.51 mm,387,,,6.61,,2.1 mm,2.11 mm,pmc,2,1,2,0,3,6.426,False,1.0,0.0,0.0,0.5,0.6666666666666666,,1.0,0.0,0.0,0.5,0.6666666666666666,
K158,e2e_dense_generative,body_size,Paronellidae,What is the body length of Trogolaphysa ernesti?,2.51 mm,387,,,6.5,,"Based on the provided documents, the body length of *Trogolaphysa ernesti* is not explicitly mentioned . However, it can be inferred that its body length is comparable to other described species within the genus, though specific measurements are lacking in the given text.","Based on the provided documents, the body length of *Trogolaphysa ernesti* is not explicitly mentioned. However, related species within the genus *Trogolaphysa*, such as *Trogolaphysa jacobyi*, have a body length up to 2.0 mm . Since *T. ernesti* is noted for having distinct manubrial spines compared to other genera , it is possible that its body length is comparable to other members of the genus, though this remains an inference due to the absence of direct measurement data.",pmc,2,1,1,1,1,6.285,False,1.0,0.0,0.0,0.0,0.0,0.3611111111111111,1.0,0.0,0.0,0.025641025641025637,0.05,0.3962962962962963
K160,doc_extractive,body_size,Orchesellidae,What is the body length of Australotomurus morbidus?,2.5–3 mm || 2.5-3 mm,69,B14287AAFF82704E3E83B346FBA1F82C,True,1.37,,2.5–3 mm,2.5–3 mm,plazi,1,1,1,1,1,1.175,False,1.0,1.0,1.0,1.0,1.0,,1.0,1.0,1.0,1.0,1.0,
K160,doc_generative,body_size,Orchesellidae,What is the body length of Australotomurus morbidus?,2.5–3 mm || 2.5-3 mm,69,B14287AAFF82704E3E83B346FBA1F82C,True,0.55,,"Based on the provided documents, the body length of *Australotomurus morbidus* is approximately 2.5 to 3 mm .","Based on the provided documents, the body length of *Australotomurus morbidus* is approximately 2.5 to 3 mm .",plazi,1,1,1,1,1,0.368,False,1.0,0.0,0.0,0.10526315789473684,0.3636363636363636,0.5972222222222222,1.0,0.0,0.0,0.10526315789473684,0.3636363636363636,0.5972222222222222
K161,doc_extractive,body_size,Sminthuridae,What is the body length of Temeritas paradoxalis?,0.93–1.77 mm || 0.93-1.77 mm || 1.27 mm,483,052C87EDFFF58036FF15EA8EFD46F55E,True,1.84,,0.93–1.77 mm,0.93–1.77 mm,plazi,1,1,1,1,1,1.605,False,1.0,1.0,1.0,1.0,1.0,,1.0,1.0,1.0,1.0,1.0,
K160,e2e_sparse_extractive,body_size,Orchesellidae,What is the body length of Australotomurus morbidus?,2.5–3 mm || 2.5-3 mm,69,,,6.81,,1.77-2.17 mm,1.77-2.17 mm,plazi,1,0,,0,3,6.622,False,1.0,0.0,0.0,0.5,0.4444444444444445,,1.0,0.0,0.0,0.5,0.4444444444444445,
K161,doc_generative,body_size,Sminthuridae,What is the body length of Temeritas paradoxalis?,0.93–1.77 mm || 0.93-1.77 mm || 1.27 mm,483,052C87EDFFF58036FF15EA8EFD46F55E,True,0.39,,"Based on the provided documents, the body length of *Temeritas paradoxalis* is not specified .","Based on the provided documents, the body length of *Temeritas paradoxalis* is not specified .",plazi,1,1,1,1,1,0.212,False,0.0,0.0,0.0,0.0,0.0,0.6666666666666666,0.0,0.0,0.0,0.0,0.0,0.6666666666666666
K162,doc_extractive,body_size,Neelidae,What is the body length of Megalothorax sanctistephani?,0.2–0.34 mm || 0.2-0.34 mm || 0.26 mm,1436,752287812A4CF97B2EFB8CFAFEE9AF77,True,1.97,,increased body size,increased body size,plazi,1,1,1,1,1,1.711,False,1.0,0.0,0.0,0.0,0.0,,1.0,0.0,0.0,0.0,0.0,
K161,e2e_sparse_extractive,body_size,Sminthuridae,What is the body length of Temeritas paradoxalis?,0.93–1.77 mm || 0.93-1.77 mm || 1.27 mm,483,,,6.61,,0.93–1.77 mm,0.93–1.77 mm,plazi,1,1,1,1,3,6.277,False,1.0,1.0,1.0,1.0,1.0,,1.0,1.0,1.0,1.0,1.0,
K162,doc_generative,body_size,Neelidae,What is the body length of Megalothorax sanctistephani?,0.2–0.34 mm || 0.2-0.34 mm || 0.26 mm,1436,752287812A4CF97B2EFB8CFAFEE9AF77,True,0.76,,"Based on the provided documents, the body length of *Megalothorax sanctistephani* is not specified . The description focuses on morphological features such as claws, unguis, and other structures but does not mention overall body dimensions.","Based on the provided documents, the body length of *Megalothorax sanctistephani* is not specified . The description focuses on morphological features such as claws, unguis, and other structures but does not mention overall body dimensions.",plazi,1,1,1,1,1,0.564,False,0.0,0.0,0.0,0.0,0.0,0.3472222222222222,0.0,0.0,0.0,0.0,0.0,0.3472222222222222
K162,e2e_sparse_extractive,body_size,Neelidae,What is the body length of Megalothorax sanctistephani?,0.2–0.34 mm || 0.2-0.34 mm || 0.26 mm,1436,,,7.07,,0.16,0.2–0.7 mm,pmc,2,0,,0,3,6.791,False,1.0,0.0,0.0,0.0,0.4,,1.0,0.0,0.0,0.5,0.8000000000000002,
K163,doc_extractive,body_size,Tullbergiidae,What is the body length of Tullbergia alcirae?,1.2 mm || 0.83-1.4 mm,1083,2DEE602F4D01A07469F02C9ECD4C24AA,True,1.33,,1.2 mm,1.2 mm,plazi,1,1,1,1,1,1.146,False,1.0,1.0,1.0,1.0,1.0,,1.0,1.0,1.0,1.0,1.0,
K163,doc_generative,body_size,Tullbergiidae,What is the body length of Tullbergia alcirae?,1.2 mm || 0.83-1.4 mm,1083,2DEE602F4D01A07469F02C9ECD4C24AA,True,0.83,,"Based on the provided documents, 12 specimens of *Tullbergia alcirae* had a body length ranging from 0.83 to 1.4 mm, with an average of 1.2 mm .","Based on the provided documents, 12 specimens of *Tullbergia alcirae* had a body length ranging from 0.83 to 1.4 mm, with an average of 1.2 mm .",plazi,1,1,1,1,1,0.535,False,1.0,0.0,1.0,0.14285714285714288,0.29411764705882354,0.30952380952380953,1.0,0.0,1.0,0.14285714285714288,0.29411764705882354,0.30952380952380953
K163,e2e_sparse_extractive,body_size,Tullbergiidae,What is the body length of Tullbergia alcirae?,1.2 mm || 0.83-1.4 mm,1083,,,2.86,,1.2 mm,1.2 mm,pmc,2,1,1,1,2,2.61,False,1.0,1.0,1.0,1.0,1.0,,1.0,1.0,1.0,1.0,1.0,
K164,doc_extractive,body_size,Isotomidae,What is the body length of Scutisotoma schisti?,0.8–1.2 mm || 0.8-1.2 mm,963,039587D4FFA2FFDC1373FEDC723EFD05,True,1.43,,0.8–1.2 mm,0.8–1.2 mm,plazi,1,1,1,1,1,1.223,False,1.0,1.0,1.0,1.0,1.0,,1.0,1.0,1.0,1.0,1.0,
K164,doc_generative,body_size,Isotomidae,What is the body length of Scutisotoma schisti?,0.8–1.2 mm || 0.8-1.2 mm,963,039587D4FFA2FFDC1373FEDC723EFD05,True,0.51,,"Based on the provided documents, the body length of *Scutisotoma schisti* is not specified .","Based on the provided documents, the body length of *Scutisotoma schisti* is not specified .",plazi,1,1,1,1,1,0.271,False,0.0,0.0,0.0,0.0,0.0,0.4444444444444444,0.0,0.0,0.0,0.0,0.0,0.4444444444444444
K164,e2e_sparse_extractive,body_size,Isotomidae,What is the body length of Scutisotoma schisti?,0.8–1.2 mm || 0.8-1.2 mm,963,,,5.33,,0.8–1.0 mm,0.8–1.0 mm,plazi,1,1,2,0,3,5.154,False,1.0,0.0,0.0,0.5,0.8000000000000002,,1.0,0.0,0.0,0.5,0.8000000000000002,
K165,doc_extractive,body_size,Entomobryidae,What is the body length of Pseudosinella valverdei?,2.40 mm || 2.05 mm,2504,039A87B5FFD40E29FF65FA14FD8CF954,True,1.32,,30 T 4191 45213,30 T 4191 45213,plazi,1,1,1,1,1,1.136,False,1.0,0.0,0.0,0.0,0.0,,1.0,0.0,0.0,0.0,0.0,
K165,doc_generative,body_size,Entomobryidae,What is the body length of Pseudosinella valverdei?,2.40 mm || 2.05 mm,2504,039A87B5FFD40E29FF65FA14FD8CF954,True,0.74,,"Based on the provided documents, the body length of *Pseudosinella valverdei* ranges from up to 2.40 mm when including the head, with an average of 2.05 mm for adult specimens .","Based on the provided documents, the body length of *Pseudosinella valverdei* ranges from up to 2.40 mm when including the head, with an average of 2.05 mm for adult specimens .",plazi,1,1,1,1,1,0.558,False,1.0,0.0,1.0,0.125,0.17142857142857143,0.22424242424242424,1.0,0.0,1.0,0.125,0.17142857142857143,0.22424242424242424
K165,e2e_sparse_extractive,body_size,Entomobryidae,What is the body length of Pseudosinella valverdei?,2.40 mm || 2.05 mm,2504,,,2.51,,1622 m,"4109 0 4109 * Pseudosinella valverdei Baquero and Jordana, 2021 2505 1461 3966",pmc,2,1,2,0,2,2.235,False,1.0,0.0,0.0,0.0,0.0,,1.0,0.0,0.0,0.0,0.0,
K166,doc_extractive,body_size,Hypogastruridae,What is the body length of Ceratophysella stachi?,1-2 mm || 1–2 mm,3904,3048909794415CAFAF7712BC8C024C10,True,1.43,,1-2 mm,1-2 mm,plazi,1,1,1,1,1,1.24,False,1.0,1.0,1.0,1.0,1.0,,1.0,1.0,1.0,1.0,1.0,
K166,doc_generative,body_size,Hypogastruridae,What is the body length of Ceratophysella stachi?,1-2 mm || 1–2 mm,3904,3048909794415CAFAF7712BC8C024C10,True,0.51,,"Based on the provided documents, the body length of *Ceratophysella stachi* is 1-2 mm .","Based on the provided documents, the body length of *Ceratophysella stachi* is 1-2 mm .",plazi,1,1,1,1,1,0.299,False,1.0,0.0,1.0,0.25,0.33333333333333337,0.4444444444444444,1.0,0.0,1.0,0.25,0.33333333333333337,0.4444444444444444
K166,e2e_sparse_extractive,body_size,Hypogastruridae,What is the body length of Ceratophysella stachi?,1-2 mm || 1–2 mm,3904,,,3.93,,1-2 mm,1–2 mm,pmc,2,1,1,1,1,3.746,False,1.0,1.0,1.0,1.0,1.0,,1.0,1.0,1.0,1.0,1.0,
K167,doc_extractive,body_size,Arrhopalitidae,What is the body length of Arrhopalites ruseki?,0.7 mm,84,03EDEE2852106F5DFE9EFA34FDF4214D,True,1.19,,0.7 mm,0.7 mm,plazi,1,1,1,1,1,0.943,False,1.0,1.0,1.0,1.0,1.0,,1.0,1.0,1.0,1.0,1.0,
K167,doc_generative,body_size,Arrhopalitidae,What is the body length of Arrhopalites ruseki?,0.7 mm,84,03EDEE2852106F5DFE9EFA34FDF4214D,True,0.61,,"Based on the provided documents, the body length of *Arrhopalites ruseki* is 0.7 mm .","Based on the provided documents, the body length of *Arrhopalites ruseki* is 0.7 mm .",plazi,1,1,1,1,1,0.392,False,1.0,0.0,1.0,0.25,0.33333333333333337,0.375,1.0,0.0,1.0,0.25,0.33333333333333337,0.375
K167,e2e_sparse_extractive,body_size,Arrhopalitidae,What is the body length of Arrhopalites ruseki?,0.7 mm,84,,,6.74,,0.7 mm,0.7 mm,pmc,2,1,1,1,3,6.559,False,1.0,1.0,1.0,1.0,1.0,,1.0,1.0,1.0,1.0,1.0,
K168,doc_extractive,body_size,Neanuridae,What is the body length of Endonura reticulata?,0.6–2.30 mm || 0.6-2.30 mm,2639,03C9E776FFDBFFB4BCABFD6BA4FDF853,True,1.55,,0.6–2.30 mm,0.6–2.30 mm,plazi,1,1,1,1,1,1.379,False,1.0,1.0,1.0,1.0,1.0,,1.0,1.0,1.0,1.0,1.0,
K168,doc_generative,body_size,Neanuridae,What is the body length of Endonura reticulata?,0.6–2.30 mm || 0.6-2.30 mm,2639,03C9E776FFDBFFB4BCABFD6BA4FDF853,True,0.42,,"Based on the provided documents, 0.6 to 2.30 mm.","Based on the provided documents, 0.6 to 2.30 mm.",plazi,1,1,1,1,1,0.23,False,1.0,0.0,0.0,0.1818181818181818,0.625,0.3333333333333333,1.0,0.0,0.0,0.1818181818181818,0.625,0.3333333333333333
K169,doc_extractive,body_size,Tomoceridae,What is the body length of Tomocerus pseudospinulus?,2.8–3.3 mm || 2.8-3.3 mm || 3.0 mm,394,7F4F87E67620FFE9BFFDFC348DE4186B,True,2.05,,2.8–3.3 mm,2.8–3.3 mm,plazi,1,1,1,1,1,1.797,False,1.0,1.0,1.0,1.0,1.0,,1.0,1.0,1.0,1.0,1.0,
K168,e2e_sparse_extractive,body_size,Neanuridae,What is the body length of Endonura reticulata?,0.6–2.30 mm || 0.6-2.30 mm,2639,,,7.69,,0.6–2.30 mm,1 mm,pmc,2,1,1,1,3,7.508,False,1.0,1.0,1.0,1.0,1.0,,1.0,0.0,0.0,0.5,0.28571428571428575,
K169,doc_generative,body_size,Tomoceridae,What is the body length of Tomocerus pseudospinulus?,2.8–3.3 mm || 2.8-3.3 mm || 3.0 mm,394,7F4F87E67620FFE9BFFDFC348DE4186B,True,0.5,,"Based on the provided documents, the body length of *Tomocerus pseudospinulus* is not specified .","Based on the provided documents, the body length of *Tomocerus pseudospinulus* is not specified .",plazi,1,1,1,1,1,0.319,False,0.0,0.0,0.0,0.0,0.0,0.5555555555555556,0.0,0.0,0.0,0.0,0.0,0.5555555555555556
K169,e2e_sparse_extractive,body_size,Tomoceridae,What is the body length of Tomocerus pseudospinulus?,2.8–3.3 mm || 2.8-3.3 mm || 3.0 mm,394,,,6.91,,2.8–3.3 mm,2.9 mm,pmc,2,1,1,1,3,6.732,False,1.0,1.0,1.0,1.0,1.0,,1.0,0.0,0.0,0.5,0.5,
K169,e2e_dense_generative,body_size,Tomoceridae,What is the body length of Tomocerus pseudospinulus?,2.8–3.3 mm || 2.8-3.3 mm || 3.0 mm,394,,,7.22,,"Based on the provided documents, the specific body length of *Tomocerus pseudospinulus* is not mentioned. The descriptions focus on morphological features such as coloration, chaetotaxy, and dental structures rather than providing measurements . Therefore, no definitive body length is available from the given sources.","Based on the provided documents, the body length of *Tomocerus pseudospinulus* is not explicitly mentioned. However, it is noted that *T. (O.) gyirongensis sp. nov.* is compared to *T. (O.) spinulus*, suggesting they may be closely related species, though specific measurements for *T. pseudospinulus* are absent from the given text .",pmc,3,1,1,1,1,7.03,False,0.0,0.0,0.0,0.0,0.0,0.286096256684492,1.0,0.0,0.0,0.0,0.0,0.06996336996336996
K170,doc_extractive,body_size,Onychiuridae,What is the body length of Heteraphorura iranica?,1.2–1.7 mm || 1.5–2.3 mm || 1.2 mm,1967,03FDDD4A654DFF84CDBAF98939EB308C,True,1.28,,1592 m,1592 m,plazi,1,1,1,1,1,1.103,False,1.0,0.0,0.0,0.0,0.0,,1.0,0.0,0.0,0.0,0.0,
K170,doc_generative,body_size,Onychiuridae,What is the body length of Heteraphorura iranica?,1.2–1.7 mm || 1.5–2.3 mm || 1.2 mm,1967,03FDDD4A654DFF84CDBAF98939EB308C,True,0.89,,"Based on the provided documents, the body length of *Heteraphorura iranica* is not explicitly stated. However, it mentions that its length equals 0.60–0.65 of the inner edge of the claw . This suggests the body length is proportionate to the claw's inner edge but does not provide an absolute measurement.","Based on the provided documents, the body length of *Heteraphorura iranica* is not explicitly stated. However, it mentions that its length equals 0.60–0.65 of the inner edge of the claw . This suggests the body length is proportionate to the claw's inner edge but does not provide an absolute measurement.",plazi,1,1,1,1,1,0.673,False,0.0,0.0,0.0,0.0,0.0,0.1194078947368421,0.0,0.0,0.0,0.0,0.0,0.1194078947368421
K171,doc_extractive,body_size,Paronellidae,What is the body length of Salina zhangi?,1.57 mm,385,6F20573334283A06CC8AFD3F44F3FC5B,True,1.64,,1.57 mm,1.57 mm,plazi,1,1,1,1,1,1.45,False,1.0,1.0,1.0,1.0,1.0,,1.0,1.0,1.0,1.0,1.0,
K170,e2e_sparse_extractive,body_size,Onychiuridae,What is the body length of Heteraphorura iranica?,1.2–1.7 mm || 1.5–2.3 mm || 1.2 mm,1967,,,8.25,,42–79 mm,"803 to 1,053 vs 330 to 380 μm",pmc,2,0,,0,3,7.969,False,1.0,0.0,0.0,0.5,0.3333333333333333,,1.0,0.0,0.0,0.0,0.16666666666666666,
K171,doc_generative,body_size,Paronellidae,What is the body length of Salina zhangi?,1.57 mm,385,6F20573334283A06CC8AFD3F44F3FC5B,True,0.51,,"Based on the provided documents, the total body length (head + trunk) of Salina zhangi is 1.57 mm .","Based on the provided documents, the total body length (head + trunk) of Salina zhangi is 1.57 mm .",plazi,1,1,1,1,1,0.279,False,1.0,0.0,1.0,0.21052631578947367,0.2857142857142857,0.7272727272727273,1.0,0.0,1.0,0.21052631578947367,0.2857142857142857,0.7272727272727273
K174,doc_extractive,body_size,Sminthuridae,What is the body length of Keratosminthurus tapigu?,"1,184µm || 1,184 µm || 1184 µm",754,4444F169FFA35E2A2DB3FA8CFA20F81C,True,2.16,,"1,184µm","1,184µm",plazi,1,1,1,1,1,1.931,False,1.0,1.0,1.0,1.0,1.0,,1.0,1.0,1.0,1.0,1.0,
K174,doc_generative,body_size,Sminthuridae,What is the body length of Keratosminthurus tapigu?,"1,184µm || 1,184 µm || 1184 µm",754,4444F169FFA35E2A2DB3FA8CFA20F81C,True,0.54,,"Based on the provided documents, the body length of *Keratosminthurus tapigu* is 1,184 micrometers .","Based on the provided documents, the body length of *Keratosminthurus tapigu* is 1,184 micrometers .",plazi,1,1,1,1,1,0.364,False,1.0,0.0,0.0,0.125,0.2222222222222222,0.2222222222222222,1.0,0.0,0.0,0.125,0.2222222222222222,0.2222222222222222
K171,e2e_sparse_extractive,body_size,Paronellidae,What is the body length of Salina zhangi?,1.57 mm,385,,,7.83,,1.57 mm,5–7 m,pmc,2,1,1,1,3,7.653,False,1.0,1.0,1.0,1.0,1.0,,1.0,0.0,0.0,0.0,0.0,
K174,e2e_sparse_extractive,body_size,Sminthuridae,What is the body length of Keratosminthurus tapigu?,"1,184µm || 1,184 µm || 1184 µm",754,,,4.58,,"1,184µm","1,184µm",plazi,1,1,1,1,3,4.34,False,1.0,1.0,1.0,1.0,1.0,,1.0,1.0,1.0,1.0,1.0,
K175,doc_extractive,body_size,Neelidae,What is the body length of Megalothorax cellarincola?,300 µm,3610,0C0C6C18FFBAFF877C33FC0CFDEFFA11,True,1.43,,subequal in unguis length,subequal in unguis length,plazi,1,1,1,1,1,1.191,False,1.0,0.0,0.0,0.0,0.0,,1.0,0.0,0.0,0.0,0.0,
K175,doc_generative,body_size,Neelidae,What is the body length of Megalothorax cellarincola?,300 µm,3610,0C0C6C18FFBAFF877C33FC0CFDEFFA11,True,0.51,,"Based on the provided documents, the body length of *Megalothorax cellarincola* is up to 300 micrometers .","Based on the provided documents, the body length of *Megalothorax cellarincola* is up to 300 micrometers .",plazi,1,1,1,1,1,0.256,False,1.0,0.0,0.0,0.1111111111111111,0.1111111111111111,0.5454545454545454,1.0,0.0,0.0,0.1111111111111111,0.1111111111111111,0.5454545454545454
K175,e2e_sparse_extractive,body_size,Neelidae,What is the body length of Megalothorax cellarincola?,300 µm,3610,,,3.17,,subequal in unguis length,subequal in unguis length,plazi,1,1,2,0,2,2.938,False,1.0,0.0,0.0,0.0,0.0,,1.0,0.0,0.0,0.0,0.0,
K176,doc_extractive,body_size,Tullbergiidae,What is the body length of Tullbergia meridionalis?,0.50–0.62 mm || 0.50-0.62 mm,345,03DF8784B137FFB1FF6393A6C91C2DA6,True,1.54,,0.50–0.62 mm,0.50–0.62 mm,plazi,1,1,1,1,1,1.158,False,1.0,1.0,1.0,1.0,1.0,,1.0,1.0,1.0,1.0,1.0,
K176,doc_generative,body_size,Tullbergiidae,What is the body length of Tullbergia meridionalis?,0.50–0.62 mm || 0.50-0.62 mm,345,03DF8784B137FFB1FF6393A6C91C2DA6,True,0.61,,"Based on the provided documents, the body length of *Tullbergia meridionalis* (without antennae) ranges from 0.50 to 0.62 mm .","Based on the provided documents, the body length of *Tullbergia meridionalis* (without antennae) ranges from 0.50 to 0.62 mm .",plazi,1,1,1,1,1,0.336,False,1.0,0.0,0.0,0.09523809523809525,0.3846153846153846,0.36363636363636365,1.0,0.0,0.0,0.09523809523809525,0.3846153846153846,0.36363636363636365
K176,e2e_sparse_extractive,body_size,Tullbergiidae,What is the body length of Tullbergia meridionalis?,0.50–0.62 mm || 0.50-0.62 mm,345,,,7.66,,45–48 mm,30-50 vesicles,pmc,2,1,2,0,3,7.487,False,1.0,0.0,0.0,0.5,0.25,,1.0,0.0,0.0,0.0,0.25,
K176,e2e_dense_generative,body_size,Tullbergiidae,What is the body length of Tullbergia meridionalis?,0.50–0.62 mm || 0.50-0.62 mm,345,,,6.43,,"Based on the provided documents, the body length of *Tullbergia meridionalis* is reported as 0.50 to 0.62 mm without antennae .","Based on the provided documents, the body length of *Tullbergia meridionalis* is reported as 0.50 to 0.62 mm without antennae .",plazi,1,1,1,1,1,6.248,False,1.0,0.0,0.0,0.09090909090909091,0.37037037037037035,0.45,1.0,0.0,0.0,0.09090909090909091,0.37037037037037035,0.45
K177,doc_extractive,body_size,Isotomidae,What is the body length of Isotomurus jharkhandensis?,1.93 mm,1680,0D38B345FFB81D01DA8BFB7E3666742A,True,1.58,,7km,7km,plazi,1,1,1,1,1,1.397,False,1.0,0.0,0.0,0.0,0.0,,1.0,0.0,0.0,0.0,0.0,
K177,doc_generative,body_size,Isotomidae,What is the body length of Isotomurus jharkhandensis?,1.93 mm,1680,0D38B345FFB81D01DA8BFB7E3666742A,True,0.53,,"Based on the provided documents, the body length of *Isotomurus jharkhandensis* is not specified . Additional sources would be required to determine this characteristic.","Based on the provided documents, the body length of *Isotomurus jharkhandensis* is not specified . Additional sources would be required to determine this characteristic.",plazi,1,1,1,1,1,0.307,False,0.0,0.0,0.0,0.0,0.0,0.1111111111111111,0.0,0.0,0.0,0.0,0.0,0.1111111111111111
K177,e2e_sparse_extractive,body_size,Isotomidae,What is the body length of Isotomurus jharkhandensis?,1.93 mm,1680,,,2.58,,1.93 mm 1.82 mm,1.93 mm 1.82 mm,plazi,1,1,3,0,3,2.352,False,1.0,0.0,1.0,0.6666666666666666,0.6666666666666666,,1.0,0.0,1.0,0.6666666666666666,0.6666666666666666,
K178,doc_extractive,body_size,Entomobryidae,What is the body length of Entomobrya guadarramensis?,2.60 mm || 2.84 mm || 2.66 mm,3603,039A87B5FFF90E1EFC0BFB75FB6FF875,True,2.66,,"35F1F485-6D6D-4333-8AB3-F52D73AE0D1F
TYPE MATERIAL. — Holotype. Spain • ♀; Segovia, Sierra de Guadarrama, Majada Hambrienta (Northeast); 30 T 4185 45229; 1994 m a.s.l.; 17.XI.2015; Ortuño et al. leg.; pitfall SSD (since 2.VI.2015); MZNA SSD-7 (slide 06).
Paratypes. Spain • 19 specimens in ethyl alcohol; same data; MZNA as for holotype; Ortuño et al. leg.; MZNA • 4 specimens on slide and 78 in ethyl alcohol; SSD-6, slides 10 and 11; same data; MZNA • 5 specimens on slide and 24 in ethyl alcohol; SSD-8, slides 01 and 05; same data; MZNA • 4 specimens; SSD- 10, slide 02; same data; MZNA • 2 specimens on slide and 10 in ethyl alcohol; SSD-8, slides 14 and 15; same data as for holotype; Ortuño et al. leg.; MNHN .
TYPE LOCALITY. — Spain, Segovia, Sierra de Guadarrama, Majada Hambrienta (Northeast); 30 T4185 45229","35F1F485-6D6D-4333-8AB3-F52D73AE0D1F
TYPE MATERIAL. — Holotype. Spain • ♀; Segovia, Sierra de Guadarrama, Majada Hambrienta (Northeast); 30 T 4185 45229; 1994 m a.s.l.; 17.XI.2015; Ortuño et al. leg.; pitfall SSD (since 2.VI.2015); MZNA SSD-7 (slide 06).
Paratypes. Spain • 19 specimens in ethyl alcohol; same data; MZNA as for holotype; Ortuño et al. leg.; MZNA • 4 specimens on slide and 78 in ethyl alcohol; SSD-6, slides 10 and 11; same data; MZNA • 5 specimens on slide and 24 in ethyl alcohol; SSD-8, slides 01 and 05; same data; MZNA • 4 specimens; SSD- 10, slide 02; same data; MZNA • 2 specimens on slide and 10 in ethyl alcohol; SSD-8, slides 14 and 15; same data as for holotype; Ortuño et al. leg.; MNHN .
TYPE LOCALITY. — Spain, Segovia, Sierra de Guadarrama, Majada Hambrienta (Northeast); 30 T4185 45229",plazi,1,1,1,1,1,2.397,False,1.0,0.0,0.0,0.0,0.01333333333333333,,1.0,0.0,0.0,0.0,0.01333333333333333,
K178,doc_generative,body_size,Entomobryidae,What is the body length of Entomobrya guadarramensis?,2.60 mm || 2.84 mm || 2.66 mm,3603,039A87B5FFF90E1EFC0BFB75FB6FF875,True,0.61,,"Based on the provided documents, the body length of *Entomobrya guadarramensis* is not specified .","Based on the provided documents, the body length of *Entomobrya guadarramensis* is not specified .",plazi,1,1,1,1,1,0.378,False,0.0,0.0,0.0,0.0,0.0,0.2222222222222222,0.0,0.0,0.0,0.0,0.0,0.2222222222222222
K178,e2e_sparse_extractive,body_size,Entomobryidae,What is the body length of Entomobrya guadarramensis?,2.60 mm || 2.84 mm || 2.66 mm,3603,,,3.06,,0.44 and 0.55 mm,between May and October,pmc,2,1,2,0,2,2.88,False,1.0,0.0,0.0,0.3333333333333333,0.2222222222222222,,1.0,0.0,0.0,0.0,0.0,
K179,doc_extractive,body_size,Hypogastruridae,What is the body length of Ceratophysella macrocantha?,2.4 mm,995,F13187C5FF93FFF904DDFB25FE4AFE28,True,1.34,,2.4 mm,2.4 mm,plazi,1,1,1,1,1,1.128,False,1.0,1.0,1.0,1.0,1.0,,1.0,1.0,1.0,1.0,1.0,
K179,doc_generative,body_size,Hypogastruridae,What is the body length of Ceratophysella macrocantha?,2.4 mm,995,F13187C5FF93FFF904DDFB25FE4AFE28,True,1.12,,"Based on the provided documents, there is no specific mention of the body length of *Ceratophysella macrocantha*. The text describes morphological characteristics such as the length of the inner edge of the leg claws, the structure of the mucro, and the length of tenent hairs relative to the claws, but does not provide measurements for body length .","Based on the provided documents, there is no specific mention of the body length of *Ceratophysella macrocantha*. The text describes morphological characteristics such as the length of the inner edge of the leg claws, the structure of the mucro, and the length of tenent hairs relative to the claws, but does not provide measurements for body length .",plazi,1,1,1,1,1,0.884,False,0.0,0.0,0.0,0.0,0.0,0.4,0.0,0.0,0.0,0.0,0.0,0.4
K179,e2e_sparse_extractive,body_size,Hypogastruridae,What is the body length of Ceratophysella macrocantha?,2.4 mm,995,,,7.27,,2.4 mm,1.09 mm,pmc,2,1,1,1,3,7.079,False,1.0,1.0,1.0,1.0,1.0,,1.0,0.0,0.0,0.5,0.3333333333333333,
K180,doc_extractive,body_size,Arrhopalitidae,What is the body length of Arrhopalites ezoensis?,0.9mm || 0.9 mm,1659,03EDEE2852196F53FE9EF9F5FDFF22BA,True,1.43,,0.75X,0.75X,plazi,1,1,1,1,1,1.198,False,1.0,0.0,0.0,0.0,0.5,,1.0,0.0,0.0,0.0,0.5,
K179,e2e_dense_generative,body_size,Hypogastruridae,What is the body length of Ceratophysella macrocantha?,2.4 mm,995,,,7.88,,"Based on the provided documents, the body length of *Ceratophysella macrocantha* is not explicitly mentioned . However, it can be inferred that its body length might be comparable to other closely related species within the genus, such as *Ceratophysella communis*, which has a body length up to 1.8 mm . Further specific measurements would be required for precise determination.","Based on the provided documents, the body length of *Ceratophysella macrocantha* is 2.4 mm .",pmc,2,1,1,1,2,7.63,False,1.0,0.0,0.0,0.033898305084745756,0.03278688524590164,0.35162037037037036,1.0,0.0,1.0,0.25,0.33333333333333337,0.5
K180,doc_generative,body_size,Arrhopalitidae,What is the body length of Arrhopalites ezoensis?,0.9mm || 0.9 mm,1659,03EDEE2852196F53FE9EF9F5FDFF22BA,True,1.53,,"Based on the provided documents, the total length of the adult female holotype of *Arrhopalites ezoensis* is 0.9 mm . There is no mention of the body length for males or other specimens.","Based on the provided documents, the total length of the adult female holotype of *Arrhopalites ezoensis* is 0.9 mm . There is no mention of the body length for males or other specimens.",plazi,1,1,1,1,1,1.353,False,1.0,0.0,1.0,0.11764705882352941,0.16666666666666669,0.42307692307692313,1.0,0.0,1.0,0.11764705882352941,0.16666666666666669,0.42307692307692313
K180,e2e_sparse_extractive,body_size,Arrhopalitidae,What is the body length of Arrhopalites ezoensis?,0.9mm || 0.9 mm,1659,,,2.05,,0.75X,0.9mm,pmc,2,1,1,1,1,1.747,False,1.0,0.0,0.0,0.0,0.5,,1.0,1.0,1.0,1.0,1.0,
K181,doc_extractive,body_size,Neanuridae,What is the body length of Pseudachorutes scythicus?,1.15–1.40 mm || 1.15-1.40 mm,42,03FF6C3A8532FFD07A8C897FF366FD5B,True,1.56,,1.15–1.40 mm,1.15–1.40 mm,plazi,1,1,1,1,1,1.382,False,1.0,1.0,1.0,1.0,1.0,,1.0,1.0,1.0,1.0,1.0,
K181,doc_generative,body_size,Neanuridae,What is the body length of Pseudachorutes scythicus?,1.15–1.40 mm || 1.15-1.40 mm,42,03FF6C3A8532FFD07A8C897FF366FD5B,True,0.89,,"Based on the provided documents, the body length of *Pseudachorutes scythicus* without antennae ranges from 1.15 to 1.40 mm .","Based on the provided documents, the body length of *Pseudachorutes scythicus* without antennae ranges from 1.15 to 1.40 mm .",plazi,1,1,1,1,1,0.536,False,1.0,0.0,0.0,0.09523809523809525,0.3846153846153846,0.3181818181818182,1.0,0.0,0.0,0.09523809523809525,0.3846153846153846,0.3181818181818182
K181,e2e_sparse_extractive,body_size,Neanuridae,What is the body length of Pseudachorutes scythicus?,1.15–1.40 mm || 1.15-1.40 mm,42,,,6.55,,1.15–1.40 mm,1.0– 2.15 mm,pmc,2,1,1,1,3,6.373,False,1.0,1.0,1.0,1.0,1.0,,1.0,0.0,0.0,0.4,0.6,
K182,doc_extractive,body_size,Tomoceridae,What is the body length of Tomocerus ocreatus?,3.6 mm,814,496BD62B7121F106FD8B3D28FAF29E5A,True,1.28,,"3.6 mm versus 3.3 mm).
Regarding previous non-type records of Tomocerus ocreatus, Stach (1964, 1965 ) redescribed two different forms of Tomocerus ocreatus from southeastern China and northern Vietnam, respectively, and also claimed that the Japanese record of “ Tomocerus minor ” by Uchida (1953) was actually Tomocerus ocreatus ; Yosii described a Japanese species Tomocerus kawamurai (Yosii, 1954) and then synonymized it with Tomocerus ocreatus (Yosii 1956, 1967); Chiba (1968) recognized three forms in Japanese Tomocerus ocreatus ; Lee (1975) made descriptive notes on Korean specimens; Martynova (1977) recorded Tomocerus ocreatus in Sakhalin and made some descriptive notes on it. These redescriptions had subtle to considerable differences to each other, and were never identical to the original description. The Chinese “ ocreatus ” recorded in Hangzhou (“Hangchow”), Zhejiang Province by Stach (1964) has brownish body colour and distinctly short antenna about half the length of body","3.6 mm versus 3.3 mm).
Regarding previous non-type records of Tomocerus ocreatus, Stach (1964, 1965 ) redescribed two different forms of Tomocerus ocreatus from southeastern China and northern Vietnam, respectively, and also claimed that the Japanese record of “ Tomocerus minor ” by Uchida (1953) was actually Tomocerus ocreatus ; Yosii described a Japanese species Tomocerus kawamurai (Yosii, 1954) and then synonymized it with Tomocerus ocreatus (Yosii 1956, 1967); Chiba (1968) recognized three forms in Japanese Tomocerus ocreatus ; Lee (1975) made descriptive notes on Korean specimens; Martynova (1977) recorded Tomocerus ocreatus in Sakhalin and made some descriptive notes on it. These redescriptions had subtle to considerable differences to each other, and were never identical to the original description. The Chinese “ ocreatus ” recorded in Hangzhou (“Hangchow”), Zhejiang Province by Stach (1964) has brownish body colour and distinctly short antenna about half the length of body",plazi,1,1,1,1,1,1.101,False,1.0,0.0,1.0,0.0273972602739726,0.0410958904109589,,1.0,0.0,1.0,0.0273972602739726,0.0410958904109589,
K182,doc_generative,body_size,Tomoceridae,What is the body length of Tomocerus ocreatus?,3.6 mm,814,496BD62B7121F106FD8B3D28FAF29E5A,True,0.85,,"Based on the provided documents, there is no specific mention of the body length of *Tomocerus ocreatus*. The text describes morphological features such as color, antenna length, and structural characteristics of spines and denticles but does not provide measurements . Additional sources would be required to determine the body length.","Based on the provided documents, there is no specific mention of the body length of *Tomocerus ocreatus*. The text describes morphological features such as color, antenna length, and structural characteristics of spines and denticles but does not provide measurements . Additional sources would be required to determine the body length.",plazi,1,1,1,1,1,0.582,False,0.0,0.0,0.0,0.0,0.0,0.27575757575757576,0.0,0.0,0.0,0.0,0.0,0.27575757575757576
K182,e2e_sparse_extractive,body_size,Tomoceridae,What is the body length of Tomocerus ocreatus?,3.6 mm,814,,,7.06,,1.6–1.8 mm,relative length of body parts,pmc,3,0,,0,3,6.852,False,1.0,0.0,0.0,0.5,0.5,,1.0,0.0,0.0,0.0,0.0,
K182,e2e_dense_generative,body_size,Tomoceridae,What is the body length of Tomocerus ocreatus?,3.6 mm,814,,,6.76,,"Based on the provided documents, the body length of *Tomocerus ocreatus* is not explicitly stated. However, *Tomocerus qinae*, which is compared to *T. ocreatus*, has a body length of approximately 3.3 mm . This suggests that *T. ocreatus* might have a comparable body size, though without direct measurement data from the sources, this remains an inference.","Based on the provided documents, the specific body length of *Tomocerus ocreatus* is not explicitly mentioned. However, it is noted that there is variation in body size and relative lengths of body parts among specimens . Additionally, comparisons with other species like *T. folsomi* and *T. ocreatus* highlight differences in antenna-to-body ratios and other morphological traits, suggesting variability in body dimensions . Further details on exact measurements would require direct reference to morphometric studies or descriptions that include quantitative data.",pmc,2,0,,0,1,6.539,False,1.0,0.0,0.0,0.03508771929824561,0.06779661016949153,0.22605263157894737,1.0,0.0,0.0,0.0,0.0,0.31141616667932454
K183,doc_extractive,body_size,Onychiuridae,What is the body length of Deuteraphorura kozmani?,1.8–2.6 mm || 1.8-2.6 mm || 2.0 mm,511,4F7687827F6FF270FE3E9EEA9CC7FB7C,True,1.33,,1.8–2.6 mm,1.8–2.6 mm,plazi,1,1,1,1,1,1.153,False,1.0,1.0,1.0,1.0,1.0,,1.0,1.0,1.0,1.0,1.0,
K183,doc_generative,body_size,Onychiuridae,What is the body length of Deuteraphorura kozmani?,1.8–2.6 mm || 1.8-2.6 mm || 2.0 mm,511,4F7687827F6FF270FE3E9EEA9CC7FB7C,True,0.77,,"Based on the provided documents, the body length of *Deuteraphorura kozmani* ranges from 1.8 to 2.6 mm in females and 1.5 to 2.0 mm in males .","Based on the provided documents, the body length of *Deuteraphorura kozmani* ranges from 1.8 to 2.6 mm in females and 1.5 to 2.0 mm in males .",plazi,1,1,1,1,1,0.582,False,1.0,0.0,1.0,0.14285714285714288,0.2857142857142857,0.8833333333333333,1.0,0.0,1.0,0.14285714285714288,0.2857142857142857,0.8833333333333333
K183,e2e_sparse_extractive,body_size,Onychiuridae,What is the body length of Deuteraphorura kozmani?,1.8–2.6 mm || 1.8-2.6 mm || 2.0 mm,511,,,4.2,,1.8–2.6 mm,1.8–2.6 mm,pmc,2,1,1,1,3,3.952,False,1.0,1.0,1.0,1.0,1.0,,1.0,1.0,1.0,1.0,1.0,
K184,doc_extractive,body_size,Paronellidae,What is the body length of Pseudoparonella seminigra?,2.4 mm,31,4C194F51FF8FA50CFF2CF939FCEC078D,True,1.31,,2.4 mm,2.4 mm,plazi,1,1,1,1,1,1.129,False,1.0,1.0,1.0,1.0,1.0,,1.0,1.0,1.0,1.0,1.0,
K184,doc_generative,body_size,Paronellidae,What is the body length of Pseudoparonella seminigra?,2.4 mm,31,4C194F51FF8FA50CFF2CF939FCEC078D,True,0.44,,"Based on the provided documents, the body length of *Pseudoparonella seminigra* is up to 2.4 mm .","Based on the provided documents, the body length of *Pseudoparonella seminigra* is up to 2.4 mm .",plazi,1,1,1,1,1,0.268,False,1.0,0.0,1.0,0.2222222222222222,0.3,0.6,1.0,0.0,1.0,0.2222222222222222,0.3,0.6
K188,doc_extractive,body_size,Neelidae,What is the body length of Megalothorax roseus?,0.35 mm,1370,0389879EFFDFCA4D34AAFF16FF2BF93D,True,2.15,,0.35 mm,0.35 mm,plazi,1,1,1,1,1,1.927,False,1.0,1.0,1.0,1.0,1.0,,1.0,1.0,1.0,1.0,1.0,
K188,doc_generative,body_size,Neelidae,What is the body length of Megalothorax roseus?,0.35 mm,1370,0389879EFFDFCA4D34AAFF16FF2BF93D,True,0.61,,"Based on the provided documents, the body length of *Megalothorax roseus* is up to 0.35 mm .","Based on the provided documents, the body length of *Megalothorax roseus* is up to 0.35 mm .",plazi,1,1,1,1,1,0.426,False,1.0,0.0,1.0,0.2222222222222222,0.3,0.4,1.0,0.0,1.0,0.2222222222222222,0.3,0.4
K184,e2e_sparse_extractive,body_size,Paronellidae,What is the body length of Pseudoparonella seminigra?,2.4 mm,31,,,8.27,,5–7,2n = 18,medline,2,0,,0,3,8.089,False,1.0,0.0,0.0,0.0,0.0,,1.0,0.0,0.0,0.0,0.0,
K188,e2e_sparse_extractive,body_size,Neelidae,What is the body length of Megalothorax roseus?,0.35 mm,1370,,,3.93,,0.35 mm,0.2 to 0.7 mm,pmc,2,1,1,1,2,3.754,False,1.0,1.0,1.0,1.0,1.0,,1.0,0.0,0.0,0.3333333333333333,0.4444444444444444,
K190,doc_extractive,body_size,Isotomidae,What is the body length of Cylindropygus ferox?,0.65–0.80 mm || 0.65-0.80 mm,1205,03E2878A790BFFCE10E0FDB5FE26FA24,True,1.33,,0.65–0.80 mm,0.65–0.80 mm,plazi,1,1,1,1,1,1.132,False,1.0,1.0,1.0,1.0,1.0,,1.0,1.0,1.0,1.0,1.0,
K190,doc_generative,body_size,Isotomidae,What is the body length of Cylindropygus ferox?,0.65–0.80 mm || 0.65-0.80 mm,1205,03E2878A790BFFCE10E0FDB5FE26FA24,True,0.61,,"Based on the provided documents, the body length of *Cylindropygus ferox* is 0.65 to 0.80 mm .","Based on the provided documents, the body length of *Cylindropygus ferox* is 0.65 to 0.80 mm .",plazi,1,1,1,1,1,0.358,False,1.0,0.0,0.0,0.1111111111111111,0.4347826086956522,0.125,1.0,0.0,0.0,0.1111111111111111,0.4347826086956522,0.125
K191,doc_extractive,body_size,Entomobryidae,What is the body length of Dicranocentrus liuae?,1.8 mm,650,EBCAAB5F36C19CC6FF597F2BC8E8D3BB,True,2.05,,1.8 mm,1.8 mm,plazi,1,1,1,1,1,1.772,False,1.0,1.0,1.0,1.0,1.0,,1.0,1.0,1.0,1.0,1.0,
K190,e2e_sparse_extractive,body_size,Isotomidae,What is the body length of Cylindropygus ferox?,0.65–0.80 mm || 0.65-0.80 mm,1205,,,7.86,,0.65–0.80 mm,0.65–0.80 mm,plazi,1,1,1,1,3,7.685,False,1.0,1.0,1.0,1.0,1.0,,1.0,1.0,1.0,1.0,1.0,
K191,doc_generative,body_size,Entomobryidae,What is the body length of Dicranocentrus liuae?,1.8 mm,650,EBCAAB5F36C19CC6FF597F2BC8E8D3BB,True,0.61,,"Based on the provided documents, the body length of *Dicranocentrus liuae* is up to 1.8 mm .","Based on the provided documents, the body length of *Dicranocentrus liuae* is up to 1.8 mm .",plazi,1,1,1,1,1,0.38,False,1.0,0.0,1.0,0.2222222222222222,0.3,0.9,1.0,0.0,1.0,0.2222222222222222,0.3,0.9
K192,doc_extractive,body_size,Hypogastruridae,What is the body length of Ceratophysella communis?,1.8 mm,215,DA0C87CE6B0D827C67289F9E656CB760,True,2.08,,up to 1.8 mm,up to 1.8 mm,plazi,1,1,1,1,1,1.896,False,1.0,0.0,1.0,0.6666666666666666,0.7499999999999999,,1.0,0.0,1.0,0.6666666666666666,0.7499999999999999,
K191,e2e_sparse_extractive,body_size,Entomobryidae,What is the body length of Dicranocentrus liuae?,1.8 mm,650,,,7.38,,1.73 mm,1.32 mm,pmc,2,0,,0,3,7.192,False,1.0,0.0,0.0,0.5,0.6666666666666666,,1.0,0.0,0.0,0.5,0.6666666666666666,
K192,doc_generative,body_size,Hypogastruridae,What is the body length of Ceratophysella communis?,1.8 mm,215,DA0C87CE6B0D827C67289F9E656CB760,True,0.55,,"Based on the provided documents, the body length of *Ceratophysella communis* is up to 1.8 mm .","Based on the provided documents, the body length of *Ceratophysella communis* is up to 1.8 mm .",plazi,1,1,1,1,1,0.371,False,1.0,0.0,1.0,0.2222222222222222,0.3,0.9,1.0,0.0,1.0,0.2222222222222222,0.3,0.9
K192,e2e_sparse_extractive,body_size,Hypogastruridae,What is the body length of Ceratophysella communis?,1.8 mm,215,,,7.45,,0.7mm,1.09 mm,pmc,2,1,2,0,3,7.235,False,1.0,0.0,0.0,0.0,0.0,,1.0,0.0,0.0,0.5,0.6666666666666666,
K192,e2e_dense_generative,body_size,Hypogastruridae,What is the body length of Ceratophysella communis?,1.8 mm,215,,,7.98,,"Based on the provided documents, the body length of *Ceratophysella communis* is up to 1.8 mm . No other specific measurements are mentioned in the given sources.","Based on the provided documents, the body length of *Ceratophysella communis* is not explicitly mentioned. However, it is noted as a valid species within the genus *Ceratophysella*, which includes various species with differing characteristics . For specific measurements related to *Ceratophysella communis*, additional studies or references would be required.",pmc,2,1,1,1,1,7.795,False,1.0,0.0,1.0,0.14285714285714288,0.19999999999999998,0.5,1.0,0.0,0.0,0.0,0.0,0.1431077694235589
K193,doc_extractive,habitat,Entomobryidae,What is the habitat of Coecobrya qinae?,decompositing leaf litter || leaf litter,2988,09BCACBEE67772A1804BBFB3DF95852A,True,1.33,,Yunnan,Yunnan,plazi,1,1,1,1,1,1.145,False,1.0,0.0,0.0,0.0,0.0,,1.0,0.0,0.0,0.0,0.0,
K193,doc_generative,habitat,Entomobryidae,What is the habitat of Coecobrya qinae?,decompositing leaf litter || leaf litter,2988,09BCACBEE67772A1804BBFB3DF95852A,True,0.61,,"Based on the provided documents, Coecobrya qinae is found in leaf litter . No further details about its specific habitat preferences are given.","Based on the provided documents, Coecobrya qinae is found in leaf litter . No further details about its specific habitat preferences are given.",plazi,1,1,1,1,1,0.408,False,1.0,0.0,1.0,0.16666666666666669,0.16666666666666669,0.14285714285714285,1.0,0.0,1.0,0.16666666666666669,0.16666666666666669,0.14285714285714285
K193,e2e_sparse_extractive,habitat,Entomobryidae,What is the habitat of Coecobrya qinae?,decompositing leaf litter || leaf litter,2988,,,1.44,,,"Type Locality
Cavalum I, II, and III caves",pmc,,0,,0,0,1.258,False,0.0,0.0,0.0,0.0,0.0,,1.0,0.0,0.0,0.0,0.0,
K194,doc_extractive,habitat,Tomoceridae,What is the habitat of Tomocerus oppositus?,"ground litter, dead logs and live mosses on steep slopes in a closed forest || ground litter",3536,0398CE51FFA8FF96FF6BFDE8FD0862E4,True,2.39,,ground litter,ground litter,plazi,1,1,1,1,1,2.172,False,1.0,1.0,1.0,1.0,1.0,,1.0,1.0,1.0,1.0,1.0,
K194,doc_generative,habitat,Tomoceridae,What is the habitat of Tomocerus oppositus?,"ground litter, dead logs and live mosses on steep slopes in a closed forest || ground litter",3536,0398CE51FFA8FF96FF6BFDE8FD0862E4,True,0.92,,"Based on the provided documents, *Tomocerus (Ocreatomurus) oppositus* inhabits ground litter, dead logs, and live mosses on steep slopes within a closed forest. It is also found under a wood board beside a cottage in a village .","Based on the provided documents, *Tomocerus (Ocreatomurus) oppositus* inhabits ground litter, dead logs, and live mosses on steep slopes within a closed forest. It is also found under a wood board beside a cottage in a village .",plazi,1,1,1,1,1,0.697,False,1.0,0.0,1.0,0.5490196078431372,0.5098039215686275,0.4087301587301587,1.0,0.0,1.0,0.5490196078431372,0.5098039215686275,0.4087301587301587
K194,e2e_sparse_extractive,habitat,Tomoceridae,What is the habitat of Tomocerus oppositus?,"ground litter, dead logs and live mosses on steep slopes in a closed forest || ground litter",3536,,,1.93,,ground litter,ground litter,pmc,2,1,1,1,1,1.597,False,1.0,1.0,1.0,1.0,1.0,,1.0,1.0,1.0,1.0,1.0,
K197,doc_extractive,habitat,Neanuridae,What is the habitat of Pseudachorutes deficiens?,rotten wood and litter of Quercus suber and Q. canariensis forest || rotten wood and litter,5320,3639C6609E5FFF90FF3D4FBF37657F25,True,1.43,,humid,humid,plazi,1,1,1,1,1,1.226,False,1.0,0.0,0.0,0.0,0.0,,1.0,0.0,0.0,0.0,0.0,
K197,doc_generative,habitat,Neanuridae,What is the habitat of Pseudachorutes deficiens?,rotten wood and litter of Quercus suber and Q. canariensis forest || rotten wood and litter,5320,3639C6609E5FFF90FF3D4FBF37657F25,True,0.61,,"Based on the provided documents, Pseudachorutes deficiens is found in humid habitats . The specific location within this habitat is not detailed in the given text.","Based on the provided documents, Pseudachorutes deficiens is found in humid habitats . The specific location within this habitat is not detailed in the given text.",plazi,1,1,1,1,1,0.365,False,1.0,0.0,0.0,0.0,0.0,0.3626373626373626,1.0,0.0,0.0,0.0,0.0,0.3626373626373626
K197,e2e_sparse_extractive,habitat,Neanuridae,What is the habitat of Pseudachorutes deficiens?,rotten wood and litter of Quercus suber and Q. canariensis forest || rotten wood and litter,5320,,,6.04,,soil and leaf litter,soil and leaf litter,plazi,1,1,3,0,3,5.836,False,1.0,0.0,0.0,0.5,0.5,,1.0,0.0,0.0,0.5,0.5,
K198,doc_extractive,habitat,Hypogastruridae,What is the habitat of Hypogastrura quadritenenta?,soil under decaying leaves and sticks in deciduous forest,4982,033487C7DA4EFFA9FF07697BDBDB7F96,True,1.54,,Nanjing,Nanjing,plazi,1,1,1,1,1,1.36,False,1.0,0.0,0.0,0.0,0.0,,1.0,0.0,0.0,0.0,0.0,
K198,doc_generative,habitat,Hypogastruridae,What is the habitat of Hypogastrura quadritenenta?,soil under decaying leaves and sticks in deciduous forest,4982,033487C7DA4EFFA9FF07697BDBDB7F96,True,0.72,,"Based on the provided documents, there is no specific information about the habitat of *Hypogastrura quadritenenta* . The description focuses on morphological characteristics rather than ecological preferences or habitats. Further research would be needed to determine its habitat.","Based on the provided documents, there is no specific information about the habitat of *Hypogastrura quadritenenta* . The description focuses on morphological characteristics rather than ecological preferences or habitats. Further research would be needed to determine its habitat.",plazi,1,1,1,1,1,0.48,False,1.0,0.0,0.0,0.0,0.0,0.20454545454545456,1.0,0.0,0.0,0.0,0.0,0.20454545454545456
K198,e2e_sparse_extractive,habitat,Hypogastruridae,What is the habitat of Hypogastrura quadritenenta?,soil under decaying leaves and sticks in deciduous forest,4982,,,6.5,,soil,WC I Wet,pmc,3,0,,0,3,6.323,False,1.0,0.0,0.0,0.19999999999999998,0.19999999999999998,,1.0,0.0,0.0,0.0,0.0,
K199,doc_extractive,habitat,Onychiuridae,What is the habitat of Thalassaphorura transbaikalica?,saline meadows and cryo-arid steppes || saline meadows,4197,03E587D9FFE7F37DFF2D51FBFD13CA99,True,1.58,,grass-wormwood meadow on salt licks,grass-wormwood meadow on salt licks,plazi,1,1,1,1,1,1.215,False,1.0,0.0,0.0,0.0,0.0,,1.0,0.0,0.0,0.0,0.0,
K198,e2e_dense_generative,habitat,Hypogastruridae,What is the habitat of Hypogastrura quadritenenta?,soil under decaying leaves and sticks in deciduous forest,4982,,,7.39,,"Based on the provided documents, there is no specific information about the habitat of *Hypogastrura quadritenenta*. The available data describe habitats for other species within the genus *Hypogastrura*, such as leaf litter in forests or soil and litter in mountainous regions, but these do not apply to *Hypogastrura quadritenenta* .","Based on the provided documents, there is no direct mention of the specific habitat of *Hypogastrura quadritenenta*. However, several studies describe habitats for other *Hypogastrura* species, such as soil on mountain slopes covered with grass and moss , or arboreal habitats like hollows at the base of oak trunks and fruiting bodies of fungi . These suggest that *Hypogastrura* species generally inhabit moist, terrestrial environments, possibly including soils, leaf litter, or decaying organic matter. Without explicit information on *H. quadritenenta*, these generalizations cannot be confirmed .",pmc,3,0,,0,5,7.213,False,1.0,0.0,0.0,0.10344827586206896,0.10344827586206896,0.4393939393939394,1.0,0.0,0.0,0.06521739130434782,0.043478260869565216,0.12105263157894736
K199,doc_generative,habitat,Onychiuridae,What is the habitat of Thalassaphorura transbaikalica?,saline meadows and cryo-arid steppes || saline meadows,4197,03E587D9FFE7F37DFF2D51FBFD13CA99,True,0.92,,"Based on the provided documents, there is no specific information about the habitat of *Thalassaphorura transbaikalica*. The details given focus on morphological characteristics distinguishing it from other species . Further research or additional sources would be required to determine its ecological preferences or habitat.","Based on the provided documents, there is no specific information about the habitat of *Thalassaphorura transbaikalica*. The details given focus on morphological characteristics distinguishing it from other species . Further research or additional sources would be required to determine its ecological preferences or habitat.",plazi,1,1,1,1,1,0.655,False,1.0,0.0,0.0,0.0,0.0,0.17676767676767677,1.0,0.0,0.0,0.0,0.0,0.17676767676767677
K199,e2e_sparse_extractive,habitat,Onychiuridae,What is the habitat of Thalassaphorura transbaikalica?,saline meadows and cryo-arid steppes || saline meadows,4197,,,0.93,,,,,,0,,0,0,0.755,False,0.0,0.0,0.0,0.0,0.0,,0.0,0.0,0.0,0.0,0.0,
K200,doc_extractive,habitat,Paronellidae,What is the habitat of Troglopedetes spectabilis?,a chamber in the dark zone of a cave || dark zone of a cave,11438,2065CA16C7EC5AEE904DD5660EEF0C54,True,2.84,,a chamber in the dark zone of a cave,a chamber in the dark zone of a cave,plazi,1,1,1,1,1,2.554,False,1.0,1.0,1.0,1.0,1.0,,1.0,1.0,1.0,1.0,1.0,
K200,doc_generative,habitat,Paronellidae,What is the habitat of Troglopedetes spectabilis?,a chamber in the dark zone of a cave || dark zone of a cave,11438,2065CA16C7EC5AEE904DD5660EEF0C54,True,1.02,,"Based on the provided documents, *Troglopedetes spectabilis* exclusively inhabits a chamber in the dark zone of a cave, specifically within an oligotrophic habitat that is very humid and wet with muddy ground . The cave is situated in a dry evergreen forest mixed with bamboo forest at a moderate altitude of 426 meters above sea level .","Based on the provided documents, *Troglopedetes spectabilis* exclusively inhabits a chamber in the dark zone of a cave, specifically within an oligotrophic habitat that is very humid and wet with muddy ground . The cave is situated in a dry evergreen forest mixed with bamboo forest at a moderate altitude of 426 meters above sea level .",plazi,1,1,1,1,1,0.803,False,1.0,0.0,1.0,0.28125,0.28125,0.3156199677938808,1.0,0.0,1.0,0.28125,0.28125,0.3156199677938808
K200,e2e_sparse_extractive,habitat,Paronellidae,What is the habitat of Troglopedetes spectabilis?,a chamber in the dark zone of a cave || dark zone of a cave,11438,,,3.55,,oligotrophic,oligotrophic cave,pmc,2,1,2,0,3,3.369,False,1.0,0.0,0.0,0.0,0.0,,1.0,0.0,0.0,0.28571428571428575,0.28571428571428575,
K202,doc_extractive,habitat,Tullbergiidae,What is the habitat of Sensiphorura oligoseta?,the dunes of the beach and tropical forest || dunes of the beach,3977,6B02879DB90E664DF4B5FF61FCD9F827,True,1.54,,litter of old coast western hemlock forest,litter of old coast western hemlock forest,plazi,1,1,1,1,1,1.261,False,1.0,0.0,0.0,0.26666666666666666,0.26666666666666666,,1.0,0.0,0.0,0.26666666666666666,0.26666666666666666,
K202,doc_generative,habitat,Tullbergiidae,What is the habitat of Sensiphorura oligoseta?,the dunes of the beach and tropical forest || dunes of the beach,3977,6B02879DB90E664DF4B5FF61FCD9F827,True,0.92,,"Based on the provided documents, *Sensiphorura oligoseta* is found in the dunes of the beach and tropical forests on the island of Hainan, which is located in southeastern China . This indicates that its habitat includes coastal dune environments and tropical forest areas.","Based on the provided documents, *Sensiphorura oligoseta* is found in the dunes of the beach and tropical forests on the island of Hainan, which is located in southeastern China . This indicates that its habitat includes coastal dune environments and tropical forest areas.",plazi,1,1,1,1,1,0.708,False,1.0,0.0,1.0,0.32,0.32,0.2676282051282051,1.0,0.0,1.0,0.32,0.32,0.2676282051282051
K202,e2e_sparse_extractive,habitat,Tullbergiidae,What is the habitat of Sensiphorura oligoseta?,the dunes of the beach and tropical forest || dunes of the beach,3977,,,3.01,,cave,cave,plazi,1,1,3,0,3,2.826,False,1.0,0.0,0.0,0.0,0.0,,1.0,0.0,0.0,0.0,0.0,
K203,doc_extractive,habitat,Neelidae,What is the habitat of Megalothorax sanguineus?,humid micro-habitats,11975,2DB6BA5AC5D079424DF75AD2C74C893A,True,1.33,,"humid micro-habitats in Pyrenees, though it was absent from the Bernadouze peat-bog itself. Other Megalothorax found in moist mosses","humid micro-habitats in Pyrenees, though it was absent from the Bernadouze peat-bog itself. Other Megalothorax found in moist mosses",plazi,1,1,1,1,1,1.142,False,1.0,0.0,1.0,0.1904761904761905,0.25,,1.0,0.0,1.0,0.1904761904761905,0.25,
K203,doc_generative,habitat,Neelidae,What is the habitat of Megalothorax sanguineus?,humid micro-habitats,11975,2DB6BA5AC5D079424DF75AD2C74C893A,True,0.82,,"Based on the provided documents, *Megalothorax sanguineus* inhabits humid micro-habitats in the Pyrenees. It is specifically noted to be absent from the Bernadouze peat-bog, suggesting a preference for moist environments rather than highly specific peatland habitats .","Based on the provided documents, *Megalothorax sanguineus* inhabits humid micro-habitats in the Pyrenees. It is specifically noted to be absent from the Bernadouze peat-bog, suggesting a preference for moist environments rather than highly specific peatland habitats .",plazi,1,1,1,1,1,0.612,False,1.0,0.0,1.0,0.10526315789473684,0.14634146341463414,0.358695652173913,1.0,0.0,1.0,0.10526315789473684,0.14634146341463414,0.358695652173913
K203,e2e_sparse_extractive,habitat,Neelidae,What is the habitat of Megalothorax sanguineus?,humid micro-habitats,11975,,,7.68,,soil of alfalfa fields,below the ground surface,pmc,3,0,,0,3,7.41,False,1.0,0.0,0.0,0.0,0.0,,1.0,0.0,0.0,0.0,0.0,
K204,doc_extractive,habitat,Arrhopalitidae,What is the habitat of Pygmarrhopalites arbaicus?,caves,13880,8F2F2F2DA727FF9EFF1F4A163540FC32,True,1.43,,terrestrial,terrestrial,plazi,1,1,1,1,1,1.226,False,1.0,0.0,0.0,0.0,0.0,,1.0,0.0,0.0,0.0,0.0,
K203,e2e_dense_generative,habitat,Neelidae,What is the habitat of Megalothorax sanguineus?,humid micro-habitats,11975,,,9.48,,"Based on the provided documents, the habitat of *Megalothorax sanguineus* is not explicitly mentioned. However, related species within the genus *Megalothorax*, such as *M. minimus* and *M. perspicillum*, are found in soil and leaf litter under various types of vegetation, including forests and agricultural areas . Therefore, it is plausible that *M. sanguineus* may inhabit similar environments, though this requires further confirmation from specific studies on this species.","Based on the provided documents, the specific habitat of *Megalothorax sanguineus* is not directly mentioned. However, related species like *Hemigrapsus sanguineus* are associated with anthropogenic structures such as riprap, jetties, and sand traps in coastal environments . Additionally, some *Megalothorax* species have been found in cave systems, suggesting potential subterranean habitats . Further research is required to determine the exact habitat preferences of *Megalothorax sanguineus*.",pmc,3,0,,0,2,9.298,False,1.0,0.0,0.0,0.0,0.0,0.47337962962962965,1.0,0.0,0.0,0.0,0.030303030303030304,0.41437728937728935
K204,doc_generative,habitat,Arrhopalitidae,What is the habitat of Pygmarrhopalites arbaicus?,caves,13880,8F2F2F2DA727FF9EFF1F4A163540FC32,True,2.35,,"Based on the provided documents, Pygmarrhopalites arbaicus is described as an ambiont troglomorph, indicating that it inhabits caves or subterranean environments . The specific habitat details beyond this classification are not elaborated upon in the given text.","Based on the provided documents, Pygmarrhopalites arbaicus is described as an ambiont troglomorph, indicating that it inhabits caves or subterranean environments . The specific habitat details beyond this classification are not elaborated upon in the given text.",plazi,1,1,1,1,1,2.078,False,1.0,0.0,1.0,0.05405405405405406,0.05405405405405406,0.15833333333333333,1.0,0.0,1.0,0.05405405405405406,0.05405405405405406,0.15833333333333333
K204,e2e_sparse_extractive,habitat,Arrhopalitidae,What is the habitat of Pygmarrhopalites arbaicus?,caves,13880,,,2.71,,terrestrial,terrestrial,pmc,2,1,1,1,2,2.53,False,1.0,0.0,0.0,0.0,0.0,,1.0,0.0,0.0,0.0,0.0,
K205,doc_extractive,habitat,Entomobryidae,What is the habitat of Sinella quinocula?,Under stones,353,60A34B41BFA429A6D7466A5066D84F2A,True,1.12,,Under stones,Under stones,plazi,1,1,1,1,1,0.9,False,1.0,1.0,1.0,1.0,1.0,,1.0,1.0,1.0,1.0,1.0,
K205,doc_generative,habitat,Entomobryidae,What is the habitat of Sinella quinocula?,Under stones,353,60A34B41BFA429A6D7466A5066D84F2A,True,0.83,,"Based on the provided documents, *Sinella quinocula* is found under stones in its habitat . The specific ecological preference mentioned is associated with stone cover, indicating that it likely inhabits moist, terrestrial environments where stones provide shelter, such as forest floors or rocky areas. No further details about microhabitat preferences are given in the source.","Based on the provided documents, *Sinella quinocula* is found under stones in its habitat . The specific ecological preference mentioned is associated with stone cover, indicating that it likely inhabits moist, terrestrial environments where stones provide shelter, such as forest floors or rocky areas. No further details about microhabitat preferences are given in the source.",plazi,1,1,1,1,1,0.655,False,1.0,0.0,1.0,0.07142857142857142,0.07142857142857142,0.2269824683617787,1.0,0.0,1.0,0.07142857142857142,0.07142857142857142,0.2269824683617787
K205,e2e_sparse_extractive,habitat,Entomobryidae,What is the habitat of Sinella quinocula?,Under stones,353,,,5.45,,forest soil and leaf litter,soil habitat,pmc,2,0,,0,3,5.273,False,1.0,0.0,0.0,0.0,0.0,,1.0,0.0,0.0,0.0,0.0,
K206,doc_extractive,habitat,Tomoceridae,What is the habitat of Tomocerus troglodytes?,In cAVE || cave,5701,03D533495701F16AFF6FFBAEAF65F835,True,1.41,,"Yu & Deharveng 2018, sp. nov.","Yu & Deharveng 2018, sp. nov.",plazi,1,1,1,1,1,1.229,False,1.0,0.0,0.0,0.0,0.0,,1.0,0.0,0.0,0.0,0.0,
K206,doc_generative,habitat,Tomoceridae,What is the habitat of Tomocerus troglodytes?,In cAVE || cave,5701,03D533495701F16AFF6FFBAEAF65F835,True,0.92,,"Based on the provided documents, Tomocerus troglodytes is a cave-dwelling species, as it resembles another cave-dwelling species, T. caecus, within the same complex . The specific habitat details beyond being cave-dwelling are not explicitly mentioned in the given text.","Based on the provided documents, Tomocerus troglodytes is a cave-dwelling species, as it resembles another cave-dwelling species, T. caecus, within the same complex . The specific habitat details beyond being cave-dwelling are not explicitly mentioned in the given text.",plazi,1,1,1,1,1,0.748,False,1.0,0.0,1.0,0.05,0.047619047619047616,0.16581196581196583,1.0,0.0,1.0,0.05,0.047619047619047616,0.16581196581196583
K206,e2e_sparse_extractive,habitat,Tomoceridae,What is the habitat of Tomocerus troglodytes?,In cAVE || cave,5701,,,7.52,,soil and leaf litter,native forest,pmc,3,0,,0,3,7.151,False,1.0,0.0,0.0,0.0,0.0,,1.0,0.0,0.0,0.0,0.0,
K207,doc_extractive,habitat,Isotomidae,What is the habitat of Semicerura draconis?,forest litter,10352,CE2487CB0252FD35B2D8FE020805FD6C,True,1.46,,stream,stream,plazi,1,1,1,1,1,1.216,False,1.0,0.0,0.0,0.0,0.0,,1.0,0.0,0.0,0.0,0.0,
K207,doc_generative,habitat,Isotomidae,What is the habitat of Semicerura draconis?,forest litter,10352,CE2487CB0252FD35B2D8FE020805FD6C,True,2.12,,"Based on the provided documents, the specific habitat of *Semicerura draconis* is not explicitly mentioned. However, the specimens were collected from the Khehtsyr Range in Khabarovsk Krai, Russia . This suggests that the species may inhabit regions within this area, potentially including forested or mountainous environments. Further research would be necessary to determine its exact ecological preferences.","Based on the provided documents, the specific habitat of *Semicerura draconis* is not explicitly mentioned. However, the specimens were collected from the Khehtsyr Range in Khabarovsk Krai, Russia . This suggests that the species may inhabit regions within this area, potentially including forested or mountainous environments. Further research would be necessary to determine its exact ecological preferences.",plazi,1,1,1,1,1,1.905,False,1.0,0.0,0.0,0.0,0.0,0.23009049773755658,1.0,0.0,0.0,0.0,0.0,0.23009049773755658
K206,e2e_dense_generative,habitat,Tomoceridae,What is the habitat of Tomocerus troglodytes?,In cAVE || cave,5701,,,10.17,,"Based on the provided documents, there is no specific mention of the habitat of *Tomocerus troglodytes*. However, related species within the genus *Tomocerus* are typically found in habitats such as soil, leaf litter, mixed forests, and areas with humus , , . Therefore, it is plausible that *Tomocerus troglodytes* may inhabit similar environments, though this remains speculative without direct evidence.","Based on the provided documents, ""Tomocerus troglodytes"" appears to be a typographical error, as the correct name should be ""Pan troglodytes troglodytes,"" referring to a subspecies of chimpanzee. The habitats of Pan troglodytes troglodytes include areas such as the Conkouati-Douli National Park in the Republic of Congo , and regions in Cameroon and Nigeria where ecological niche models have been used to assess suitable habitats . Additionally, they occupy diverse habitats within the Ngotto Forest in the Central African Republic . There is no mention of ""Tomocerus troglodytes"" in the sources.",medline,3,0,,0,3,9.603,False,1.0,0.0,0.0,0.033898305084745756,0.033898305084745756,0.2846581759625238,1.0,0.0,0.0,0.022222222222222223,0.021978021978021976,0.5876466528640442
K207,e2e_sparse_extractive,habitat,Isotomidae,What is the habitat of Semicerura draconis?,forest litter,10352,,,5.89,,Habitat in America,moss,pmc,3,0,,0,3,5.653,False,1.0,0.0,0.0,0.0,0.0,,1.0,0.0,0.0,0.0,0.0,
K208,doc_extractive,habitat,Sminthuridae,What is the habitat of Szeptyckitheca spinimucronata?,a coniferous forest of Cryptomeria fortunei || coniferous forest,1635,52A3A105A6A159C98FC8B5C171FE297A,True,1.67,,coniferous forest of Cryptomeria fortunei,coniferous forest of Cryptomeria fortunei,plazi,1,1,1,1,1,1.4,False,1.0,0.0,1.0,0.9090909090909091,0.9090909090909091,,1.0,0.0,1.0,0.9090909090909091,0.9090909090909091,
K208,doc_generative,habitat,Sminthuridae,What is the habitat of Szeptyckitheca spinimucronata?,a coniferous forest of Cryptomeria fortunei || coniferous forest,1635,52A3A105A6A159C98FC8B5C171FE297A,True,1.03,,"Based on the provided documents, Szeptyckitheca spinimucronata was found in a coniferous forest of *Cryptomeria fortunei* . There is no additional information about its specific habitat preferences beyond this location.","Based on the provided documents, Szeptyckitheca spinimucronata was found in a coniferous forest of *Cryptomeria fortunei* . There is no additional information about its specific habitat preferences beyond this location.",plazi,1,1,1,1,1,0.636,False,1.0,0.0,1.0,0.34285714285714286,0.34285714285714286,0.22727272727272727,1.0,0.0,1.0,0.34285714285714286,0.34285714285714286,0.22727272727272727
K208,e2e_sparse_extractive,habitat,Sminthuridae,What is the habitat of Szeptyckitheca spinimucronata?,a coniferous forest of Cryptomeria fortunei || coniferous forest,1635,,,4.86,,bushes,Cryptomeriafortunei,pmc,2,0,,0,3,4.656,False,1.0,0.0,0.0,0.0,0.0,,1.0,0.0,0.0,0.0,0.0,
K209,doc_extractive,habitat,Neanuridae,What is the habitat of Pseudachorutes cheni?,soil under a stack of decayed grass in the orange grove,3294,038A87DEFFAAFFEBFF6CFBF511C8B2F1,True,1.38,,orange trees,orange trees,plazi,1,1,1,1,1,1.12,False,1.0,0.0,0.0,0.15384615384615385,0.15384615384615385,,1.0,0.0,0.0,0.15384615384615385,0.15384615384615385,
K209,doc_generative,habitat,Neanuridae,What is the habitat of Pseudachorutes cheni?,soil under a stack of decayed grass in the orange grove,3294,038A87DEFFAAFFEBFF6CFBF511C8B2F1,True,0.72,,"Based on the provided documents, there is no specific information about the habitat of *Pseudachorutes cheni*. The description focuses on morphological characteristics rather than ecological or environmental preferences . Further research would be needed to determine its habitat.","Based on the provided documents, there is no specific information about the habitat of *Pseudachorutes cheni*. The description focuses on morphological characteristics rather than ecological or environmental preferences . Further research would be needed to determine its habitat.",plazi,1,1,1,1,1,0.453,False,1.0,0.0,0.0,0.08333333333333334,0.08333333333333334,0.2138047138047138,1.0,0.0,0.0,0.08333333333333334,0.08333333333333334,0.2138047138047138
K209,e2e_sparse_extractive,habitat,Neanuridae,What is the habitat of Pseudachorutes cheni?,soil under a stack of decayed grass in the orange grove,3294,,,6.59,,soil and leaf litter,soil and leaf litter,pmc,3,0,,0,3,6.396,False,1.0,0.0,0.0,0.13333333333333333,0.13333333333333333,,1.0,0.0,0.0,0.13333333333333333,0.13333333333333333,
K210,doc_extractive,habitat,Hypogastruridae,What is the habitat of Hypogastrura variata?,a saline maritime marsh || saline maritime marsh,7292,5DF0D55C63285E05B8A74245E04EE31B,True,1.44,,litter of a mountain forest vs. a saline maritime marsh,litter of a mountain forest vs. a saline maritime marsh,plazi,1,1,1,1,1,1.162,False,1.0,0.0,1.0,0.5714285714285715,0.5714285714285715,,1.0,0.0,1.0,0.5714285714285715,0.5714285714285715,
K210,doc_generative,habitat,Hypogastruridae,What is the habitat of Hypogastrura variata?,a saline maritime marsh || saline maritime marsh,7292,5DF0D55C63285E05B8A74245E04EE31B,True,0.64,,"Based on the provided documents, Hypogastrura variata is found in high-montane habitats in the European Alps . This species was recently redescribed, indicating ongoing taxonomic studies .","Based on the provided documents, Hypogastrura variata is found in high-montane habitats in the European Alps . This species was recently redescribed, indicating ongoing taxonomic studies .",plazi,1,1,1,1,1,0.459,False,1.0,0.0,0.0,0.0,0.0,0.2828282828282828,1.0,0.0,0.0,0.0,0.0,0.2828282828282828
K210,e2e_sparse_extractive,habitat,Hypogastruridae,What is the habitat of Hypogastrura variata?,a saline maritime marsh || saline maritime marsh,7292,,,7.07,,leaf litter in forest,oak forests,pmc,2,1,3,0,3,6.783,False,1.0,0.0,0.0,0.0,0.0,,1.0,0.0,0.0,0.0,0.0,
K211,doc_extractive,habitat,Onychiuridae,What is the habitat of Spinonychiurus sinensis?,the coniferous forest || coniferous forest,4241,AB0C23D47EAE15E953CB2CDCE42FD224,True,1.43,,litter and soil,litter and soil,plazi,1,1,1,1,1,1.223,False,1.0,0.0,0.0,0.0,0.0,,1.0,0.0,0.0,0.0,0.0,
K210,e2e_dense_generative,habitat,Hypogastruridae,What is the habitat of Hypogastrura variata?,a saline maritime marsh || saline maritime marsh,7292,,,6.84,,"Based on the provided documents, Hypogastrura variata is found in high-montane habitats in the European Alps . No specific details about its exact ecological preferences or microhabitat within these areas are provided.","Based on the provided documents, Hypogastrura variata is found in high-montane habitats in the European Alps . Additionally, other species within the genus Hypogastrura are recorded from various habitats including soil on mountain slopes covered with grass, moss, and dicotyledonous plants , as well as arboreal habitats such as hollows at the base of oak trunks and fruiting bodies of tinder fungi . However, specific details about the exact habitat of Hypogastrura variata beyond its association with high-montane regions are not explicitly mentioned in the given texts.",pmc,2,1,1,1,1,6.632,False,1.0,0.0,0.0,0.0,0.0,0.2606060606060606,1.0,0.0,0.0,0.0,0.0,0.375
K211,doc_generative,habitat,Onychiuridae,What is the habitat of Spinonychiurus sinensis?,the coniferous forest || coniferous forest,4241,AB0C23D47EAE15E953CB2CDCE42FD224,True,0.72,,"Based on the provided documents, there is no specific information about the habitat of Spinonychiurus sinensis. The text primarily discusses taxonomic classification and morphological characteristics rather than ecological or habitat preferences .","Based on the provided documents, there is no specific information about the habitat of Spinonychiurus sinensis. The text primarily discusses taxonomic classification and morphological characteristics rather than ecological or habitat preferences .",plazi,1,1,1,1,1,0.488,False,1.0,0.0,0.0,0.0588235294117647,0.0588235294117647,0.28181818181818186,1.0,0.0,0.0,0.0588235294117647,0.0588235294117647,0.28181818181818186
K211,e2e_sparse_extractive,habitat,Onychiuridae,What is the habitat of Spinonychiurus sinensis?,the coniferous forest || coniferous forest,4241,,,6.98,,soil,coastal,pmc,3,0,,0,3,6.798,False,1.0,0.0,0.0,0.0,0.0,,1.0,0.0,0.0,0.0,0.0,
K211,e2e_dense_generative,habitat,Onychiuridae,What is the habitat of Spinonychiurus sinensis?,the coniferous forest || coniferous forest,4241,,,7.93,,"Based on the provided documents, there is no direct mention of the habitat of *Spinonychiurus sinensis*. However, related species such as *Spinonychiurus tianshanicus* and *Spinonychiurus persicus* are associated with soil under cereal, chestnut, and pine trees, or soil and leaf litter in pine and oak forests, respectively . Therefore, it can be inferred that *Spinonychiurus sinensis* may inhabit similar environments, though this remains speculative without explicit documentation.","Based on the provided documents, there is no specific information about the habitat of *Spinonychiurus sinensis*. The available sources discuss the habitat preferences of *Ophiocordyceps sinensis*, *Cordyceps sinensis*, *Eriocheir sinensis* (Chinese Mitten Crab), and *Angelica sinensis*, but none mention *Spinonychiurus sinensis* .",medline,3,0,,0,2,7.748,False,1.0,0.0,0.0,0.028985507246376812,0.028985507246376812,0.3039563718680866,1.0,0.0,0.0,0.04545454545454545,0.04545454545454545,0.6781818181818182
K212,doc_extractive,habitat,Paronellidae,What is the habitat of Cyphoderus mucrominimus?,iron caves,4508,55468786AC05FFB75C85C610B95A07EC,True,1.4,,Brazil,Brazil,plazi,1,1,1,1,1,1.222,False,1.0,0.0,0.0,0.0,0.0,,1.0,0.0,0.0,0.0,0.0,
K212,doc_generative,habitat,Paronellidae,What is the habitat of Cyphoderus mucrominimus?,iron caves,4508,55468786AC05FFB75C85C610B95A07EC,True,0.94,,"Based on the provided documents, there is no specific information about the habitat of *Cyphoderus mucrominimus* . The description focuses on morphological characteristics distinguishing it from other species but does not mention its ecological or geographic habitat preferences.","Based on the provided documents, there is no specific information about the habitat of *Cyphoderus mucrominimus* . The description focuses on morphological characteristics distinguishing it from other species but does not mention its ecological or geographic habitat preferences.",plazi,1,1,1,1,1,0.705,False,1.0,0.0,0.0,0.0,0.0,0.36796536796536794,1.0,0.0,0.0,0.0,0.0,0.36796536796536794
K212,e2e_sparse_extractive,habitat,Paronellidae,What is the habitat of Cyphoderus mucrominimus?,iron caves,4508,,,5.69,,cave,caves,pmc,2,0,,0,3,5.505,False,1.0,0.0,0.0,0.0,0.0,,1.0,0.0,0.0,0.6666666666666666,0.6666666666666666,
K214,doc_extractive,habitat,Entomobryidae,What is the habitat of Coecobrya cavicola?,the dark zone of the cave || dark zone of the cave,8722,03B787B68B55BF73B9FAFF49FF79FC2B,True,1.38,,an oligotrophic area within the wet and humid dark zone of a cave,an oligotrophic area within the wet and humid dark zone of a cave,plazi,1,1,1,1,1,1.201,False,1.0,0.0,0.0,0.5555555555555556,0.5263157894736842,,1.0,0.0,0.0,0.5555555555555556,0.5263157894736842,
K214,doc_generative,habitat,Entomobryidae,What is the habitat of Coecobrya cavicola?,the dark zone of the cave || dark zone of the cave,8722,03B787B68B55BF73B9FAFF49FF79FC2B,True,0.7,,"Based on the provided documents, Coecobrya cavicola inhabits an oligotrophic area within the wet and humid dark zone of a cave . This environment is characterized by low nutrient availability and constant darkness, which influences the morphological adaptations of the species .","Based on the provided documents, Coecobrya cavicola inhabits an oligotrophic area within the wet and humid dark zone of a cave . This environment is characterized by low nutrient availability and constant darkness, which influences the morphological adaptations of the species .",plazi,1,1,1,1,1,0.514,False,1.0,0.0,0.0,0.2608695652173913,0.21739130434782608,0.38651315789473684,1.0,0.0,0.0,0.2608695652173913,0.21739130434782608,0.38651315789473684
K214,e2e_sparse_extractive,habitat,Entomobryidae,What is the habitat of Coecobrya cavicola?,the dark zone of the cave || dark zone of the cave,8722,,,3.08,,Jujnovića špilja,"restricted to the subterranean environment. Remarks. The overall profile of Coecobrya cavicola sp. nov. is intermediate between the non-troglomorphic and troglomorphic groups of species, as it is rather small, and its antennae are not elongated compared to other described highly troglomorphic species (see Table 3). However, here it is placed into the troglomorphic group as it has rather moderately long appendages, slender and elongated claws, as well as being eyeless and depigmented. It is also worth noting that its habitat is an oligotrophic area within the wet and humid dark zone of a cave",pmc,2,1,2,0,2,2.81,False,1.0,0.0,0.0,0.0,0.0,,1.0,0.0,0.0,0.12,0.099009900990099,
K215,doc_extractive,habitat,Tomoceridae,What is the habitat of Plutomurus jangamensis?,piles of bat guano in the Dark Zone || bat guano,6348,4A0C87CCAD4AFFB1B187FC58FCD0FBAB,True,1.44,,Jangamgul cave,Jangamgul cave,plazi,1,1,1,1,1,1.162,False,1.0,0.0,0.0,0.0,0.0,,1.0,0.0,0.0,0.0,0.0,
K215,doc_generative,habitat,Tomoceridae,What is the habitat of Plutomurus jangamensis?,piles of bat guano in the Dark Zone || bat guano,6348,4A0C87CCAD4AFFB1B187FC58FCD0FBAB,True,0.71,,"Based on the provided documents, the specific habitat of *Plutomurus jangamensis* is not mentioned . The description focuses on morphological characteristics distinguishing it from other species but does not provide information about its ecological preferences or habitat.","Based on the provided documents, the specific habitat of *Plutomurus jangamensis* is not mentioned . The description focuses on morphological characteristics distinguishing it from other species but does not provide information about its ecological preferences or habitat.",plazi,1,1,1,1,1,0.436,False,0.0,0.0,0.0,0.0909090909090909,0.0909090909090909,0.20202020202020202,0.0,0.0,0.0,0.0909090909090909,0.0909090909090909,0.20202020202020202
K215,e2e_sparse_extractive,habitat,Tomoceridae,What is the habitat of Plutomurus jangamensis?,piles of bat guano in the Dark Zone || bat guano,6348,,,5.51,,springtails,endemic springtails,pmc,2,0,,0,2,5.313,False,1.0,0.0,0.0,0.0,0.0,,1.0,0.0,0.0,0.0,0.0,
K216,doc_extractive,habitat,Isotomidae,What is the habitat of Pseudanurophorus barathrum?,littoral zone of the shore of Lake Baikal || shingly beaches || littoral zone,7136,4AF91ACA36555987BAA839FB791F4D4C,True,1.43,,stony beach,stony beach,plazi,1,1,1,1,1,1.159,False,1.0,0.0,0.0,0.0,0.0,,1.0,0.0,0.0,0.0,0.0,
K216,doc_generative,habitat,Isotomidae,What is the habitat of Pseudanurophorus barathrum?,littoral zone of the shore of Lake Baikal || shingly beaches || littoral zone,7136,4AF91ACA36555987BAA839FB791F4D4C,True,0.76,,"Based on the provided documents, there is no specific information about the habitat of *Pseudanurophorus barathrum* . The description focuses on morphological characteristics rather than ecological preferences or habitat requirements. Further research would be needed to determine its habitat.","Based on the provided documents, there is no specific information about the habitat of *Pseudanurophorus barathrum* . The description focuses on morphological characteristics rather than ecological preferences or habitat requirements. Further research would be needed to determine its habitat.",plazi,1,1,1,1,1,0.582,False,1.0,0.0,0.0,0.08695652173913043,0.08695652173913043,0.1724941724941725,1.0,0.0,0.0,0.08695652173913043,0.08695652173913043,0.1724941724941725
K216,e2e_sparse_extractive,habitat,Isotomidae,What is the habitat of Pseudanurophorus barathrum?,littoral zone of the shore of Lake Baikal || shingly beaches || littoral zone,7136,,,1.41,,,edaphic,pmc,,0,,0,0,1.233,False,0.0,0.0,0.0,0.0,0.0,,1.0,0.0,0.0,0.0,0.0,
K218,doc_extractive,habitat,Neanuridae,What is the habitat of Bilobella matsakisi?,the thick layer of leaf litter of an oak forest || leaf litter || decaying wood,5584,03E8878C3C05735ED89DF923FDDDFD75,True,2.2,,leaf litter of a beech forest,leaf litter of a beech forest,plazi,1,1,1,1,1,1.999,False,1.0,0.0,1.0,0.5,0.5,,1.0,0.0,1.0,0.5,0.5,
K218,doc_generative,habitat,Neanuridae,What is the habitat of Bilobella matsakisi?,the thick layer of leaf litter of an oak forest || leaf litter || decaying wood,5584,03E8878C3C05735ED89DF923FDDDFD75,True,1.34,,"Based on the provided documents, *Bilobella matsakisi* appears to be euryoecious, meaning it has broad habitat tolerances. It is suggested that this species could be more widely distributed across the Balkan Peninsula than currently documented . However, specific habitat details are not explicitly mentioned in the given text.","Based on the provided documents, *Bilobella matsakisi* appears to be euryoecious, meaning it has broad habitat tolerances. It is suggested that this species could be more widely distributed across the Balkan Peninsula than currently documented . However, specific habitat details are not explicitly mentioned in the given text.",plazi,1,1,1,1,1,1.158,False,1.0,0.0,0.0,0.03508771929824561,0.03508771929824561,0.08333333333333333,1.0,0.0,0.0,0.03508771929824561,0.03508771929824561,0.08333333333333333
K218,e2e_sparse_extractive,habitat,Neanuridae,What is the habitat of Bilobella matsakisi?,the thick layer of leaf litter of an oak forest || leaf litter || decaying wood,5584,,,5.37,,soil,soil,plazi,1,1,3,0,3,5.156,False,1.0,0.0,0.0,0.0,0.0,,1.0,0.0,0.0,0.0,0.0,
K219,doc_extractive,habitat,Hypogastruridae,What is the habitat of Hypogastrura heptasetata?,soil under tiles and leaves,3418,03FB2749FFA06635B08F6793FF51F812,True,1.43,,Huqiu Mountain,Huqiu Mountain,plazi,1,1,1,1,1,1.203,False,1.0,0.0,0.0,0.0,0.0,,1.0,0.0,0.0,0.0,0.0,
K219,doc_generative,habitat,Hypogastruridae,What is the habitat of Hypogastrura heptasetata?,soil under tiles and leaves,3418,03FB2749FFA06635B08F6793FF51F812,True,0.61,,"Based on the provided documents, there is no specific information about the habitat of *Hypogastrura heptasetata*. The description focuses on morphological characteristics and comparisons with other species but does not mention ecological or habitat preferences .","Based on the provided documents, there is no specific information about the habitat of *Hypogastrura heptasetata*. The description focuses on morphological characteristics and comparisons with other species but does not mention ecological or habitat preferences .",plazi,1,1,1,1,1,0.41,False,1.0,0.0,0.0,0.049999999999999996,0.049999999999999996,0.3133971291866029,1.0,0.0,0.0,0.049999999999999996,0.049999999999999996,0.3133971291866029
K219,e2e_sparse_extractive,habitat,Hypogastruridae,What is the habitat of Hypogastrura heptasetata?,soil under tiles and leaves,3418,,,1.46,,,foot of a 4-m high cliff,pmc,,0,,0,0,1.271,False,0.0,0.0,0.0,0.0,0.0,,1.0,0.0,0.0,0.0,0.0,
K220,doc_extractive,habitat,Onychiuridae,What is the habitat of Deuteraphorura akelaris?,organic remains and the surface of gours || Troglobiont,4840,038A8793FFAF676954C6FF4AFEB4F817,True,2.02,,"Onychiurus akelaris Jordana & Beruete, 1983 . Mitt. Schweiz. Entomol. Ges., 56(3-4): 307
Deuteraphorura akelaris (Jordana & Beruete) : Jordana et al., 2012. Terrestrial Arthropod Reviews, 5: 65
Figs 2–7, Tables 2, 3 and 10
Type material. Loc. 1. Akelar cave","Onychiurus akelaris Jordana & Beruete, 1983 . Mitt. Schweiz. Entomol. Ges., 56(3-4): 307
Deuteraphorura akelaris (Jordana & Beruete) : Jordana et al., 2012. Terrestrial Arthropod Reviews, 5: 65
Figs 2–7, Tables 2, 3 and 10
Type material. Loc. 1. Akelar cave",plazi,1,1,1,1,1,1.737,False,1.0,0.0,0.0,0.045454545454545456,0.0425531914893617,,1.0,0.0,0.0,0.045454545454545456,0.0425531914893617,
K220,doc_generative,habitat,Onychiuridae,What is the habitat of Deuteraphorura akelaris?,organic remains and the surface of gours || Troglobiont,4840,038A8793FFAF676954C6FF4AFEB4F817,True,1.52,,"Based on the provided documents, *Deuteraphorura akelaris* is associated with cave environments. The type material was collected from Akelar cave, and additional specimens were found in Fria cave, indicating that this species inhabits caves . There is no specific mention of other habitats beyond caves in the given sources.","Based on the provided documents, *Deuteraphorura akelaris* is associated with cave environments. The type material was collected from Akelar cave, and additional specimens were found in Fria cave, indicating that this species inhabits caves . There is no specific mention of other habitats beyond caves in the given sources.",plazi,1,1,1,1,1,1.349,False,1.0,0.0,0.0,0.10909090909090909,0.07272727272727272,0.29653679653679654,1.0,0.0,0.0,0.10909090909090909,0.07272727272727272,0.29653679653679654
K220,e2e_sparse_extractive,habitat,Onychiuridae,What is the habitat of Deuteraphorura akelaris?,organic remains and the surface of gours || Troglobiont,4840,,,1.75,,"Species Distribution Habitat Body length (mm) PAO Dorsal pso Ventral pso Subcoxae 1 pso MVO D. akelaris Jordana & Beruete, 1983 Spain",Spain (Navarra) cave,pmc,2,0,,0,1,1.572,False,1.0,0.0,0.0,0.0,0.0,,1.0,0.0,0.0,0.0,0.0,
K221,doc_extractive,habitat,Paronellidae,What is the habitat of Troglobius ferroicus?,iron-caves || water film over the rocks and organic debris,3921,D5A482BBE923692D748F26B34A6D383B,True,1.37,,small (less than 100 m deep) iron-caves,small (less than 100 m deep) iron-caves,plazi,1,1,1,1,1,1.186,False,1.0,0.0,1.0,0.25,0.4,,1.0,0.0,1.0,0.25,0.4,
K221,doc_generative,habitat,Paronellidae,What is the habitat of Troglobius ferroicus?,iron-caves || water film over the rocks and organic debris,3921,D5A482BBE923692D748F26B34A6D383B,True,1.35,,"Based on the provided documents, *Troglobius ferroicus* inhabits small (less than 100 m deep) iron caves, specifically dwelling on the water film over rocks and organic debris in the aphotic zone. It is likely a troglobite that resides in the Mesovoid Shallow Substratum (MSS) and adjacent areas within these caves .","Based on the provided documents, *Troglobius ferroicus* inhabits small (less than 100 m deep) iron caves, specifically dwelling on the water film over rocks and organic debris in the aphotic zone. It is likely a troglobite that resides in the Mesovoid Shallow Substratum (MSS) and adjacent areas within these caves .",plazi,1,1,1,1,1,1.116,False,1.0,0.0,0.0,0.2758620689655173,0.24137931034482757,0.3097165991902834,1.0,0.0,0.0,0.2758620689655173,0.24137931034482757,0.3097165991902834
K221,e2e_sparse_extractive,habitat,Paronellidae,What is the habitat of Troglobius ferroicus?,iron-caves || water film over the rocks and organic debris,3921,,,2.95,,small (less than 100 m deep) iron-caves,small (less than 100 m deep) iron-caves,plazi,1,1,1,1,2,2.721,False,1.0,0.0,1.0,0.25,0.4,,1.0,0.0,1.0,0.25,0.4,
K223,doc_extractive,habitat,Entomobryidae,What is the habitat of Homidia quadripora?,beneath leaf litter on a mountain slope || leaf litter,10895,03EA0A1FFFC0FF8EFF4B49DCF35A7D42,True,1.53,,leaf litter on a mountain slope,leaf litter on a mountain slope,plazi,1,1,1,1,1,1.259,False,1.0,0.0,1.0,0.923076923076923,0.923076923076923,,1.0,0.0,1.0,0.923076923076923,0.923076923076923,
K223,doc_generative,habitat,Entomobryidae,What is the habitat of Homidia quadripora?,beneath leaf litter on a mountain slope || leaf litter,10895,03EA0A1FFFC0FF8EFF4B49DCF35A7D42,True,0.62,,"Based on the provided documents, *Homidia quadripora* is found beneath leaf litter on a mountain slope .","Based on the provided documents, *Homidia quadripora* is found beneath leaf litter on a mountain slope .",plazi,1,1,1,1,1,0.35,False,1.0,0.0,1.0,0.6086956521739131,0.6086956521739131,0.36363636363636365,1.0,0.0,1.0,0.6086956521739131,0.6086956521739131,0.36363636363636365
K223,e2e_sparse_extractive,habitat,Entomobryidae,What is the habitat of Homidia quadripora?,beneath leaf litter on a mountain slope || leaf litter,10895,,,1.37,,leaf litter on a mountain slope,leaf litter on a mountain slope,plazi,1,1,1,1,1,1.187,False,1.0,0.0,1.0,0.923076923076923,0.923076923076923,,1.0,0.0,1.0,0.923076923076923,0.923076923076923,
K225,doc_extractive,habitat,Isotomidae,What is the habitat of Isotomurus palustris?,damp habitats,317,03C54558BD2DFFFF1498FF6F0FB1FDC2,True,2.31,,damp,damp,plazi,1,1,1,1,1,2.074,False,1.0,0.0,0.0,0.6666666666666666,0.6666666666666666,,1.0,0.0,0.0,0.6666666666666666,0.6666666666666666,
K225,doc_generative,habitat,Isotomidae,What is the habitat of Isotomurus palustris?,damp habitats,317,03C54558BD2DFFFF1498FF6F0FB1FDC2,True,0.82,,"Based on the provided documents, *Isotomurus palustris* is typically found in damp habitats . However, specific details about its preferred environmental conditions beyond being associated with moist environments are not elaborated upon in the given text.","Based on the provided documents, *Isotomurus palustris* is typically found in damp habitats . However, specific details about its preferred environmental conditions beyond being associated with moist environments are not elaborated upon in the given text.",plazi,1,1,1,1,1,0.643,False,1.0,0.0,1.0,0.1081081081081081,0.1081081081081081,0.5284090909090909,1.0,0.0,1.0,0.1081081081081081,0.1081081081081081,0.5284090909090909
K225,e2e_sparse_extractive,habitat,Isotomidae,What is the habitat of Isotomurus palustris?,damp habitats,317,,,7.41,,soil in rapeseed fields,grass fields,pmc,2,0,,0,3,7.127,False,1.0,0.0,0.0,0.0,0.0,,1.0,0.0,0.0,0.0,0.0,
K225,e2e_dense_generative,habitat,Isotomidae,What is the habitat of Isotomurus palustris?,damp habitats,317,,,7.27,,"Based on the provided documents, *Isotomurus palustris* inhabits soil in rapeseed fields in Iran . The general distribution of this species is noted as unclear and requires revision .","Based on the provided documents, *Isotomurus palustris* inhabits damp habitats and is specifically associated with areas near water, such as along pods and puddles in forests . Additionally, it is found in ruderal areas and is limited to frequently flooded sites . Its presence is linked to moist environments, indicating a preference for hygrophilic conditions .",pmc,2,0,,0,1,6.979,False,1.0,0.0,0.0,0.0,0.0,0.6752136752136753,1.0,0.0,1.0,0.07272727272727272,0.07272727272727272,0.2692307692307692
K226,doc_extractive,habitat,Sminthuridae,What is the habitat of Szeptyckitheca mucroserrata?,"Australian pine needles, leaf mold, and forest debris || forest litter || sand dunes",1918,E0B3CA88DEBA599198C83E45A881594C,True,1.3,,"Sphyrotheca mucroserratus Snider, 1978: 236.
Diagnosis.
Antennae, legs, and furca purplish, head purplish near the mouth","Sphyrotheca mucroserratus Snider, 1978: 236.
Diagnosis.
Antennae, legs, and furca purplish, head purplish near the mouth",plazi,1,1,1,1,1,1.119,False,1.0,0.0,0.0,0.08333333333333333,0.08333333333333333,,1.0,0.0,0.0,0.08333333333333333,0.08333333333333333,
K226,doc_generative,habitat,Sminthuridae,What is the habitat of Szeptyckitheca mucroserrata?,"Australian pine needles, leaf mold, and forest debris || forest litter || sand dunes",1918,E0B3CA88DEBA599198C83E45A881594C,True,0.81,,"Based on the provided documents, *Szeptyckitheca mucroserrata* is found associated with Australian pine needles, leaf mold, and forest debris in Florida, USA . In Brazil, it is found associated with forest litter and on sand dunes . The exact habitat may vary by region, but these associations provide insight into its ecological preferences.","Based on the provided documents, *Szeptyckitheca mucroserrata* is found associated with Australian pine needles, leaf mold, and forest debris in Florida, USA . In Brazil, it is found associated with forest litter and on sand dunes . The exact habitat may vary by region, but these associations provide insight into its ecological preferences.",plazi,1,1,1,1,1,0.635,False,1.0,0.0,1.0,0.2711864406779661,0.2711864406779661,0.23868778280542988,1.0,0.0,1.0,0.2711864406779661,0.2711864406779661,0.23868778280542988
K226,e2e_sparse_extractive,habitat,Sminthuridae,What is the habitat of Szeptyckitheca mucroserrata?,"Australian pine needles, leaf mold, and forest debris || forest litter || sand dunes",1918,,,5.23,,bushes,forest litter and on sand dunes,pmc,2,0,,0,3,4.935,False,1.0,0.0,0.0,0.0,0.0,,1.0,0.0,1.0,0.5,0.5,
K228,doc_extractive,habitat,Hypogastruridae,What is the habitat of Triacanthella madiba?,bat guano in a cave || bat guano,7672,F72D49895E9ED412B7CC41B79706285A,True,1.34,,bat guano,bat guano,plazi,1,1,1,1,1,1.16,False,1.0,1.0,1.0,1.0,1.0,,1.0,1.0,1.0,1.0,1.0,
K228,doc_generative,habitat,Hypogastruridae,What is the habitat of Triacanthella madiba?,bat guano in a cave || bat guano,7672,F72D49895E9ED412B7CC41B79706285A,True,0.71,,"Based on the provided documents, Triacanthella madiba is found abundantly in the guano microhabitat of Wynberg cave and was not found outside in Table Mountain. This suggests that its primary habitat is within the guano-rich environment of caves in this region .","Based on the provided documents, Triacanthella madiba is found abundantly in the guano microhabitat of Wynberg cave and was not found outside in Table Mountain. This suggests that its primary habitat is within the guano-rich environment of caves in this region .",plazi,1,1,1,1,1,0.503,False,0.0,0.0,0.0,0.13043478260869565,0.0851063829787234,0.3375,0.0,0.0,0.0,0.13043478260869565,0.0851063829787234,0.3375
K228,e2e_sparse_extractive,habitat,Hypogastruridae,What is the habitat of Triacanthella madiba?,bat guano in a cave || bat guano,7672,,,2.94,,bat guano,South Africa Table Mountain,pmc,2,1,1,1,1,2.764,False,1.0,1.0,1.0,1.0,1.0,,1.0,0.0,0.0,0.0,0.0,
K229,doc_extractive,habitat,Onychiuridae,What is the habitat of Leeonychiurus fusongensis?,the broadleaved forest || broadleaved forest,3677,AF5487D7E50A3A38FF1FF9FEC3BBFAE1,True,1.36,,litter and soil in the broad leaved forest,litter and soil in the broad leaved forest,plazi,1,1,1,1,1,1.189,False,1.0,0.0,0.0,0.36363636363636365,0.36363636363636365,,1.0,0.0,0.0,0.36363636363636365,0.36363636363636365,
K229,doc_generative,habitat,Onychiuridae,What is the habitat of Leeonychiurus fusongensis?,the broadleaved forest || broadleaved forest,3677,AF5487D7E50A3A38FF1FF9FEC3BBFAE1,True,0.81,,"Based on the provided documents, Leeonychiurus fusongensis is found in the broadleaved forest . There is no further detail regarding its specific microhabitat or ecological preferences within this environment.","Based on the provided documents, Leeonychiurus fusongensis is found in the broadleaved forest . There is no further detail regarding its specific microhabitat or ecological preferences within this environment.",plazi,1,1,1,1,1,0.453,False,1.0,0.0,1.0,0.19354838709677416,0.19354838709677416,0.3125,1.0,0.0,1.0,0.19354838709677416,0.19354838709677416,0.3125
K229,e2e_sparse_extractive,habitat,Onychiuridae,What is the habitat of Leeonychiurus fusongensis?,the broadleaved forest || broadleaved forest,3677,,,1.4,,gesting a similar habitat,gesting a similar habitat,plazi,1,0,,0,1,1.225,False,1.0,0.0,0.0,0.0,0.0,,1.0,0.0,0.0,0.0,0.0,
K230,doc_extractive,habitat,Paronellidae,What is the habitat of Trogolaphysa giordanoae?,"guanophile || entrance, twilight (Fig. 22) and dark zones of caves || caves",7189,FF2F56857627DAFBB37849B35FB7FD6E,True,1.97,,"Belize
Habitat","Belize
Habitat",plazi,1,1,1,1,1,1.798,False,1.0,0.0,0.0,0.0,0.0,,1.0,0.0,0.0,0.0,0.0,
K230,doc_generative,habitat,Paronellidae,What is the habitat of Trogolaphysa giordanoae?,"guanophile || entrance, twilight (Fig. 22) and dark zones of caves || caves",7189,FF2F56857627DAFBB37849B35FB7FD6E,True,0.92,,"Based on the provided documents, Trogolaphysa giordanoae inhabits caves, specifically the entrance, twilight, and dark zones. It is often associated with guano from fruit bats or other animals and is predominantly found on the floor of caves, though it can also be present on cave walls .","Based on the provided documents, Trogolaphysa giordanoae inhabits caves, specifically the entrance, twilight, and dark zones. It is often associated with guano from fruit bats or other animals and is predominantly found on the floor of caves, though it can also be present on cave walls .",plazi,1,1,1,1,1,0.742,False,1.0,0.0,1.0,0.2545454545454546,0.2545454545454546,0.203030303030303,1.0,0.0,1.0,0.2545454545454546,0.2545454545454546,0.203030303030303
K230,e2e_sparse_extractive,habitat,Paronellidae,What is the habitat of Trogolaphysa giordanoae?,"guanophile || entrance, twilight (Fig. 22) and dark zones of caves || caves",7189,,,6.48,,"Belize
Habitat",litter,pmc,2,1,1,1,3,6.205,False,1.0,0.0,0.0,0.0,0.0,,1.0,0.0,0.0,0.0,0.0,
K231,doc_extractive,habitat,Entomobryidae,What is the habitat of Lepidocyrtus florae?,moss on alder logs || moss,6076,553A87DDFF8FFFDDDCB6FAA758B93D24,True,1.43,,moss on dead lying alder trees,moss on dead lying alder trees,plazi,1,1,1,1,1,1.153,False,1.0,0.0,1.0,0.6,0.6,,1.0,0.0,1.0,0.6,0.6,
K231,doc_generative,habitat,Entomobryidae,What is the habitat of Lepidocyrtus florae?,moss on alder logs || moss,6076,553A87DDFF8FFFDDDCB6FAA758B93D24,True,0.99,,"Based on the provided documents, the specific habitat of *Lepidocyrtus florae* is not explicitly mentioned. The description focuses on its morphological characteristics and comparisons with other species within the genus . Further ecological or habitat-related details would require additional research or documentation.","Based on the provided documents, the specific habitat of *Lepidocyrtus florae* is not explicitly mentioned. The description focuses on its morphological characteristics and comparisons with other species within the genus . Further ecological or habitat-related details would require additional research or documentation.",plazi,1,1,1,1,1,0.818,False,1.0,0.0,0.0,0.04444444444444444,0.04347826086956521,0.22222222222222224,1.0,0.0,0.0,0.04444444444444444,0.04347826086956521,0.22222222222222224
K231,e2e_sparse_extractive,habitat,Entomobryidae,What is the habitat of Lepidocyrtus florae?,moss on alder logs || moss,6076,,,7.06,,Doi Inthanon forest,land,pmc,3,0,,0,3,6.85,False,1.0,0.0,0.0,0.0,0.0,,1.0,0.0,0.0,0.0,0.0,
K231,e2e_dense_generative,habitat,Entomobryidae,What is the habitat of Lepidocyrtus florae?,moss on alder logs || moss,6076,,,6.74,,"Based on the provided documents, there is no specific information about the habitat of *Lepidocyrtus florae*. The available data describe habitats for other *Lepidocyrtus* species but do not mention *L. florae* -.","Based on the provided documents, Lepidocyrtus florae is found in an alder forest habitat .",pmc,3,0,,0,2,6.565,False,1.0,0.0,0.0,0.05714285714285715,0.05714285714285715,0.4512987012987013,1.0,0.0,0.0,0.22222222222222224,0.22222222222222224,0.3333333333333333
K232,doc_extractive,habitat,Tomoceridae,What is the habitat of Plutomurus shurubumuensis?,troglophilous,8235,03A5F710FFBBFFCEFF0C4A82B252C24B,True,1.36,,"GEORGIA, Samegrelo– – Zemo Svaneti region","GEORGIA, Samegrelo– – Zemo Svaneti region",plazi,1,1,1,1,1,1.178,False,1.0,0.0,0.0,0.0,0.0,,1.0,0.0,0.0,0.0,0.0,
K232,doc_generative,habitat,Tomoceridae,What is the habitat of Plutomurus shurubumuensis?,troglophilous,8235,03A5F710FFBBFFCEFF0C4A82B252C24B,True,0.81,,"Based on the provided documents, the specific habitat of *Plutomurus shurubumuensis* is not explicitly mentioned. However, it is noted that this species was discovered in an area spanning nearly 100 km, suggesting it may inhabit diverse environments within this region . Further details about its ecological preferences or specific habitats would require additional research.","Based on the provided documents, the specific habitat of *Plutomurus shurubumuensis* is not explicitly mentioned. However, it is noted that this species was discovered in an area spanning nearly 100 km, suggesting it may inhabit diverse environments within this region . Further details about its ecological preferences or specific habitats would require additional research.",plazi,1,1,1,1,1,0.632,False,1.0,0.0,0.0,0.0,0.0,0.13230769230769232,1.0,0.0,0.0,0.0,0.0,0.13230769230769232
K232,e2e_sparse_extractive,habitat,Tomoceridae,What is the habitat of Plutomurus shurubumuensis?,troglophilous,8235,,,1.44,,,caves and scree,pmc,,0,,0,0,1.265,False,0.0,0.0,0.0,0.0,0.0,,1.0,0.0,0.0,0.0,0.0,
K233,doc_extractive,habitat,Isotomidae,What is the habitat of Cryptopygus bulbus?,leaf litter in indigenous vegetation || leaf litter,4304,6A1D4C35081655CEBE5B441E88A98731,True,2.04,,South Africa,South Africa,plazi,1,1,1,1,1,1.854,False,1.0,0.0,0.0,0.0,0.0,,1.0,0.0,0.0,0.0,0.0,
K233,doc_generative,habitat,Isotomidae,What is the habitat of Cryptopygus bulbus?,leaf litter in indigenous vegetation || leaf litter,4304,6A1D4C35081655CEBE5B441E88A98731,True,1.57,,"Based on the provided documents, there is no specific information about the habitat of *Cryptopygus bulbus*. The description focuses on morphological characteristics rather than ecological preferences or habitats . Further research would be needed to determine its habitat requirements.","Based on the provided documents, there is no specific information about the habitat of *Cryptopygus bulbus*. The description focuses on morphological characteristics rather than ecological preferences or habitats . Further research would be needed to determine its habitat requirements.",plazi,1,1,1,1,1,1.388,False,1.0,0.0,0.0,0.0,0.0,0.08838383838383838,1.0,0.0,0.0,0.0,0.0,0.08838383838383838
K233,e2e_sparse_extractive,habitat,Isotomidae,What is the habitat of Cryptopygus bulbus?,leaf litter in indigenous vegetation || leaf litter,4304,,,0.96,,,,,,0,,0,0,0.786,False,0.0,0.0,0.0,0.0,0.0,,0.0,0.0,0.0,0.0,0.0,
K235,doc_extractive,trophic_guild,Entomobryidae,What does Coecobrya ellisi feed on?,bat guano || patches of bat guano,8806,F03D8A04D2DC51F299840363EB9637AA,True,2.31,,bat guano,bat guano,plazi,1,1,1,1,1,2.079,False,1.0,1.0,1.0,1.0,1.0,,1.0,1.0,1.0,1.0,1.0,
K235,doc_generative,trophic_guild,Entomobryidae,What does Coecobrya ellisi feed on?,bat guano || patches of bat guano,8806,F03D8A04D2DC51F299840363EB9637AA,True,0.58,,"Based on the provided documents, Coecobrya ellisi feeds on patches of bat guano in mesotrophic to eutrophic habitats .","Based on the provided documents, Coecobrya ellisi feeds on patches of bat guano in mesotrophic to eutrophic habitats .",plazi,1,1,1,1,1,0.405,False,1.0,0.0,1.0,0.3636363636363636,0.3636363636363636,0.38461538461538464,1.0,0.0,1.0,0.3636363636363636,0.3636363636363636,0.38461538461538464
K235,e2e_sparse_extractive,trophic_guild,Entomobryidae,What does Coecobrya ellisi feed on?,bat guano || patches of bat guano,8806,,,4.02,,bat guano,bat guano,pmc,2,1,1,1,3,3.773,False,1.0,1.0,1.0,1.0,1.0,,1.0,1.0,1.0,1.0,1.0,
K236,doc_extractive,trophic_guild,Tullbergiidae,What does Prabhergia mana feed on?,fungi,5689,03A3A308FFF8FF854C9AFDE1045F1635,True,1.47,,clay soil,clay soil,plazi,1,1,1,1,1,1.283,False,1.0,0.0,0.0,0.0,0.0,,1.0,0.0,0.0,0.0,0.0,
K236,doc_generative,trophic_guild,Tullbergiidae,What does Prabhergia mana feed on?,fungi,5689,03A3A308FFF8FF854C9AFDE1045F1635,True,0.64,,"Based on the provided documents, Prabhergia mana likely feeds on fungi, as it was found in bee nesting holes, suggesting a possible diet consisting of fungal material .","Based on the provided documents, Prabhergia mana likely feeds on fungi, as it was found in bee nesting holes, suggesting a possible diet consisting of fungal material .",plazi,1,1,1,1,1,0.462,False,1.0,0.0,1.0,0.07142857142857142,0.07142857142857142,0.22727272727272727,1.0,0.0,1.0,0.07142857142857142,0.07142857142857142,0.22727272727272727
K236,e2e_sparse_extractive,trophic_guild,Tullbergiidae,What does Prabhergia mana feed on?,fungi,5689,,,2.87,,clay soil,clay soil,pmc,3,1,1,1,2,2.607,False,1.0,0.0,0.0,0.0,0.0,,1.0,0.0,0.0,0.0,0.0,
K237,doc_extractive,trophic_guild,Entomobryidae,What does Willowsia solanella feed on?,superficial molds and fine organic debris || fungivorous – detritivorous || molds,4771,8514C9F3706553B4AB85FC8527576B70,True,1.33,,superficial molds and fine organic debris,superficial molds and fine organic debris,plazi,1,1,1,1,1,1.154,False,1.0,1.0,1.0,1.0,1.0,,1.0,1.0,1.0,1.0,1.0,
K237,doc_generative,trophic_guild,Entomobryidae,What does Willowsia solanella feed on?,superficial molds and fine organic debris || fungivorous – detritivorous || molds,4771,8514C9F3706553B4AB85FC8527576B70,True,0.72,,"Based on the provided documents, Willowsia solanella feeds primarily on superficial molds and fine organic debris . It is described as a fungivorous detritivorous species .","Based on the provided documents, Willowsia solanella feeds primarily on superficial molds and fine organic debris . It is described as a fungivorous detritivorous species .",plazi,1,1,1,1,1,0.456,False,1.0,0.0,1.0,0.4,0.4,0.19886363636363635,1.0,0.0,1.0,0.4,0.4,0.19886363636363635
K237,e2e_sparse_extractive,trophic_guild,Entomobryidae,What does Willowsia solanella feed on?,superficial molds and fine organic debris || fungivorous – detritivorous || molds,4771,,,1.43,,superficial molds and fine organic debris,superficial molds and fine organic debris,plazi,1,1,1,1,1,1.19,False,1.0,1.0,1.0,1.0,1.0,,1.0,1.0,1.0,1.0,1.0,
K238,doc_extractive,trophic_guild,Entomobryidae,What does Coecobrya sirindhornae feed on?,a cricket corpse || cricket corpse,10815,54BBE7D77FFBC80F6A69AB32BD07EE5B,True,1.94,,cricket corpse,cricket corpse,plazi,1,1,1,1,1,1.747,False,1.0,1.0,1.0,1.0,1.0,,1.0,1.0,1.0,1.0,1.0,
K238,doc_generative,trophic_guild,Entomobryidae,What does Coecobrya sirindhornae feed on?,a cricket corpse || cricket corpse,10815,54BBE7D77FFBC80F6A69AB32BD07EE5B,True,0.52,,"Based on the provided documents, Coecobrya sirindhornae was observed feeding on a cricket corpse . There is no mention of other food sources in the given text.","Based on the provided documents, Coecobrya sirindhornae was observed feeding on a cricket corpse . There is no mention of other food sources in the given text.",plazi,1,1,1,1,1,0.338,False,1.0,0.0,1.0,0.20689655172413793,0.20689655172413793,0.3055555555555555,1.0,0.0,1.0,0.20689655172413793,0.20689655172413793,0.3055555555555555
K238,e2e_sparse_extractive,trophic_guild,Entomobryidae,What does Coecobrya sirindhornae feed on?,a cricket corpse || cricket corpse,10815,,,4.27,,cricket corpse,egg laying,pmc,2,1,1,1,2,4.055,False,1.0,1.0,1.0,1.0,1.0,,1.0,0.0,0.0,0.0,0.0,
K244,doc_extractive,trophic_guild,Entomobryidae,What does Lepidocyrtus bicoloris feed on?,fungal hyphae and spores || fungal hyphae,2527,A90387B3FFB4FFBCFF11FF32FC66528E,True,1.35,,pine and oak litter,pine and oak litter,plazi,1,1,1,1,1,1.17,False,1.0,0.0,0.0,0.25,0.25,,1.0,0.0,0.0,0.25,0.25,
K244,doc_generative,trophic_guild,Entomobryidae,What does Lepidocyrtus bicoloris feed on?,fungal hyphae and spores || fungal hyphae,2527,A90387B3FFB4FFBCFF11FF32FC66528E,True,0.7,,"Based on the provided documents, there is no specific information regarding the diet of *Lepidocyrtus bicoloris*. The description focuses on morphological characteristics and differentiation from other species . Further research would be needed to determine its feeding habits.","Based on the provided documents, there is no specific information regarding the diet of *Lepidocyrtus bicoloris*. The description focuses on morphological characteristics and differentiation from other species . Further research would be needed to determine its feeding habits.",plazi,1,1,1,1,1,0.466,False,1.0,0.0,0.0,0.04878048780487805,0.04878048780487805,0.21212121212121213,1.0,0.0,0.0,0.04878048780487805,0.04878048780487805,0.21212121212121213
K244,e2e_sparse_extractive,trophic_guild,Entomobryidae,What does Lepidocyrtus bicoloris feed on?,fungal hyphae and spores || fungal hyphae,2527,,,7.6,,pine and oak litter,permafrost wetlands,pmc,2,1,1,1,3,7.422,False,1.0,0.0,0.0,0.25,0.25,,1.0,0.0,0.0,0.0,0.0,
K244,e2e_dense_generative,trophic_guild,Entomobryidae,What does Lepidocyrtus bicoloris feed on?,fungal hyphae and spores || fungal hyphae,2527,,,7.48,,"Based on the provided documents, there is no specific information regarding the diet of *Lepidocyrtus bicoloris*. However, it is noted that some *Lepidocyrtus* species may ingest pollen, either directly by visiting flowers or through wind-borne pollen . Further research would be needed to determine if *Lepidocyrtus bicoloris* feeds on similar resources.","Based on the provided documents, there is no specific information regarding the diet of *Lepidocyrtus bicoloris*. However, it is noted that some *Lepidocyrtus* species may ingest pollen, either directly by visiting flowers or through wind-borne pollen . Further research would be needed to determine if *Lepidocyrtus bicoloris* feeds on similar resources.",plazi,1,0,,0,1,7.238,False,1.0,0.0,0.0,0.0,0.0,0.179004329004329,1.0,0.0,0.0,0.0,0.0,0.179004329004329
K247,doc_extractive,trophic_guild,Tullbergiidae,What does Paratullbergia chuana feed on?,fungivorous || spores and mycelium fragments of soil fungi || soil fungi,8754,F614CE575378FFC9FF39DB82FD6CFB3B,True,1.4,,soil samples from coniferous forest,soil samples from coniferous forest,plazi,1,1,1,1,1,1.155,False,1.0,0.0,0.0,0.28571428571428575,0.28571428571428575,,1.0,0.0,0.0,0.28571428571428575,0.28571428571428575,
K247,doc_generative,trophic_guild,Tullbergiidae,What does Paratullbergia chuana feed on?,fungivorous || spores and mycelium fragments of soil fungi || soil fungi,8754,F614CE575378FFC9FF39DB82FD6CFB3B,True,0.72,,"Based on the provided documents, there is no specific information regarding the diet or feeding habits of *Paratullbergia chuana* . The description focuses on morphological characteristics rather than ecological preferences.","Based on the provided documents, there is no specific information regarding the diet or feeding habits of *Paratullbergia chuana* . The description focuses on morphological characteristics rather than ecological preferences.",plazi,1,1,1,1,1,0.476,False,1.0,0.0,0.0,0.05555555555555555,0.05555555555555555,0.10714285714285714,1.0,0.0,0.0,0.05555555555555555,0.05555555555555555,0.10714285714285714
K247,e2e_sparse_extractive,trophic_guild,Tullbergiidae,What does Paratullbergia chuana feed on?,fungivorous || spores and mycelium fragments of soil fungi || soil fungi,8754,,,1.86,,soil samples from coniferous forest,Th. I-Abd. V,medline,3,1,1,1,1,1.681,False,1.0,0.0,0.0,0.28571428571428575,0.28571428571428575,,1.0,0.0,0.0,0.0,0.0,
K248,doc_extractive,trophic_guild,unassigned,What does Neelus koseli feed on?,clay and organic particles || fungal hyphae || fungal spores,9664,5E3487991A52A329FF0D5BA4606BEB42,True,1.41,,hind abdomen,hind abdomen,plazi,1,1,1,1,1,1.173,False,1.0,0.0,0.0,0.0,0.0,,1.0,0.0,0.0,0.0,0.0,
K248,doc_generative,trophic_guild,unassigned,What does Neelus koseli feed on?,clay and organic particles || fungal hyphae || fungal spores,9664,5E3487991A52A329FF0D5BA4606BEB42,True,0.93,,"Based on the provided documents, there is no specific information regarding the diet or feeding habits of *Neelus koseli*. The available data focuses on its classification, habitat, and evolutionary relationships rather than its ecological niche or dietary preferences. Therefore, the feeding habits of *Neelus koseli* remain unspecified in the given sources.","Based on the provided documents, there is no specific information regarding the diet or feeding habits of *Neelus koseli*. The available data focuses on its classification, habitat, and evolutionary relationships rather than its ecological niche or dietary preferences. Therefore, the feeding habits of *Neelus koseli* remain unspecified in the given sources.",plazi,1,1,1,1,1,0.751,False,1.0,0.0,0.0,0.03636363636363636,0.03636363636363636,0.25853094274146904,1.0,0.0,0.0,0.03636363636363636,0.03636363636363636,0.25853094274146904
K248,e2e_sparse_extractive,trophic_guild,unassigned,What does Neelus koseli feed on?,clay and organic particles || fungal hyphae || fungal spores,9664,,,6.91,,Neelus murinus,bisexual reproduction and edaphic,pmc,2,0,,0,3,6.699,False,1.0,0.0,0.0,0.0,0.0,,1.0,0.0,0.0,0.25,0.25,
K001,e2e_sparse_generative,body_size,unassigned,What is the body length of Arrhopalites potapovi?,0.88 mm || up to 0.88 mm,29,,,2.34,,"Based on the provided documents, the body length of *Arrhopalites potapovi* is not explicitly stated. However, it is mentioned that this species has a small body size, which suggests it is relatively diminutive compared to other species in the genus . For precise measurements, additional data would be required.","Based on the provided documents, the body length of *Arrhopalites potapovi* is not explicitly stated. However, it is mentioned that *A. potapovi* has female anal valves with 1+1 large modified cuticular spines per side . For more detailed morphological data including body length, additional references would be needed .",pmc,2,1,1,1,1,2.159,False,1.0,0.0,0.0,0.038461538461538464,0.03773584905660377,0.22666666666666666,1.0,0.0,0.0,0.0,0.0,0.4173076923076923
K003,e2e_sparse_generative,habitat,Hypogastruridae,What is the habitat of Ephemerotoma skarzynskii?,oak leaf litter || in oak leaf litter and on the ground,5337,,,2.41,,"Based on the provided documents, *Ephemerotoma skarzynskii* inhabits forest soils and leaf litter in Iran . This species is specifically noted to be found only at its type locality .","Based on the provided documents, *Ephemerotoma skarzynskii* inhabits forest soils and leaf litter in Iran . This species is known only from the type locality in Iran . There is no mention of other habitats for this species in the given sources.",pmc,2,0,,0,1,2.228,False,1.0,0.0,0.0,0.3333333333333333,0.12903225806451613,0.5538461538461539,1.0,0.0,0.0,0.24999999999999997,0.12499999999999999,0.17186147186147185
K005,e2e_sparse_generative,body_size,Arrhopalitidae,What is the body length of Arrhopalites plectrifer?,1.0 mm || ~1.0 mm,64,,,3.04,,"Based on the provided documents, the body length of Arrhopalites plectrifer is approximately 1.0 mm .","Based on the provided documents, there is no specific mention of the body length of *Arrhopalites plectrifer*. However, related species such as *Arrhopalites beijingensis* have body lengths ranging from 700 to 1300 micrometers . For other *Arrhopalites* species, body lengths vary between 0.35 to 2.00 mm . Without direct data on *A. plectrifer*, these values serve as approximate references.",pmc,2,1,1,1,1,2.859,False,1.0,0.0,1.0,0.23529411764705882,0.3157894736842105,0.5555555555555556,1.0,0.0,0.0,0.033898305084745756,0.06451612903225806,0.4039021164021164
K007,e2e_sparse_generative,habitat,Tomoceridae,What is the habitat of Plutomurus ruseki?,entrance and twilight zone of caves || caves || troglophilous,12802,,,1.9,,"Based on the provided documents, *Plutomurus ruseki* inhabits subterranean environments within several karst regions of Slovakia and the Western Carpathians .","Based on the provided documents, *Plutomurus ruseki* sp. nov. is found in both surface and subterranean habitats across different regions of Slovakia . The species is noted for its adaptation to these varied environments, which includes both terrestrial and possibly underground conditions.",pmc,2,1,1,1,1,1.719,False,1.0,0.0,0.0,0.15384615384615383,0.07692307692307691,0.26666666666666666,1.0,0.0,0.0,0.0851063829787234,0.0851063829787234,0.21502474134053082
K011,e2e_sparse_generative,body_size,Paronellidae,What is the body length of Metacoelura majeri?,2.3 mm || up to 2.3 mm,31,,,3.47,,"Based on the provided documents, the body length of *Metacoelura majeri* is not explicitly mentioned. The text describes various anatomical features but does not provide specific measurements for the body length . Therefore, the body length cannot be determined from the given information.","Based on the provided documents, the specific body length of *Metacoelura majeri* is not mentioned . The source describes the discovery and redescription of the species but does not provide detailed morphological measurements such as body length.",medline,3,1,1,1,1,3.262,False,0.0,0.0,0.0,0.0,0.0,0.29924242424242425,0.0,0.0,0.0,0.0,0.0,0.44047619047619047
K012,e2e_sparse_generative,body_size,Neelidae,What is the body length of Spinaethorax adamantis?,550 µm || ~ 550 µm,1734,,,2.51,,"Based on the provided documents, the body length of *Spinaethorax adamantis* is approximately 550 micrometers .","Based on the provided documents, there is no specific mention of the body length of *Spinaethorax adamantis*. The document  discusses *Alviniconcha* species, including *A. adamantis*, but does not provide body length measurements for this species. Therefore, the body length of *Spinaethorax adamantis* cannot be determined from the given sources.",pmc,2,1,1,1,1,2.317,False,1.0,0.0,0.0,0.11764705882352941,0.11764705882352941,0.3,0.0,0.0,0.0,0.0,0.0,0.4063852813852814
K014,e2e_sparse_generative,body_size,Orchesellidae,What is the body length of Mastigoceras handschini?,1.65 mm || 1.32 to 2.22 mm,70,,,1.79,,"Based on the provided documents, the body length of *Mastigoceras handschini* is 1.65 mm . This measurement refers to the holotype specimen.","Based on the provided documents, the body length of *Mastigoceras handschini* ranges from 1.32 to 2.22 mm, with the holotype measuring 1.65 mm .",pmc,2,1,1,1,1,1.534,False,1.0,0.0,1.0,0.17391304347826084,0.24000000000000002,0.3214285714285714,1.0,0.0,1.0,0.29629629629629634,0.375,0.31746031746031744
K019,e2e_sparse_generative,habitat,Cyphoderidae,What is the habitat of Cyphoderus khaochakanus?,on guano in the dark zone of a karstic cave || guano in the dark zone of a karstic cave || guano,7069,,,1.41,,"Based on the provided documents, Cyphoderus khaochakanus is found in caves in Sa Kaeo, Thailand . The species is only known to occur in this specific location within Thailand . There is no mention of its presence elsewhere.","Based on the provided documents, Cyphoderus khaochakanus is found in caves in Sa Kaeo, Thailand . The species is only known to occur in this specific location within Thailand . There is no mention of its presence elsewhere.",plazi,1,0,,0,1,1.218,False,1.0,0.0,0.0,0.1739130434782609,0.1739130434782609,0.30256410256410254,1.0,0.0,0.0,0.1739130434782609,0.1739130434782609,0.30256410256410254
K021,e2e_sparse_generative,habitat,Dicyrtomidae,What is the habitat of Papirioides zhejiangensis?,under wet wood and in litter in deciduous forest,6120,,,3.42,,"Based on the provided documents, there is no specific information regarding the habitat of *Papirioides zhejiangensis*. The available sources describe habitats for other species such as *Sporothrix zhejiangensis*, *Floronia huishuiensis*, *Tripylina zhejiangensis*, *Styrax zhejiangensis*, and *Styrax macrocarpus* but not for *Papirioides zhejiangensis* .","Based on the provided documents, there is no explicit mention of the habitat of *Papirioides zhejiangensis*. However, document  discusses the habitats of various Collembola species in Taiwan, indicating that additional information about locations and habitats was detailed in the remarks section for species like *Papirioides jacobsoni*, suggesting similar details might apply to *Papirioides zhejiangensis* if mentioned. Since no direct information is given about *Papirioides zhejiangensis*'s habitat, this remains unspecified in the provided texts.",pmc,2,0,,0,5,3.244,False,1.0,0.0,0.0,0.0392156862745098,0.0392156862745098,0.5157342657342657,0.0,0.0,0.0,0.07317073170731707,0.07228915662650603,0.3578877005347594
K025,e2e_sparse_generative,habitat,Entomobryidae,What is the habitat of Sinella qixiaensis?,decomposing leaves along the roads,4224,,,1.91,,,,,,0,,0,0,1.644,False,0.0,0.0,0.0,0.0,0.0,,0.0,0.0,0.0,0.0,0.0,
K026,e2e_sparse_generative,body_size,Hypogastruridae,What is the body length of Hypogastrura gracilis?,1.9 mm || up to 1.9 mm,610,,,4.32,,"Based on the provided documents, the body length of *Hypogastrura gracilis* is not explicitly stated. However, related species such as *Ceratophysella adexilis* have a body length up to 1.6 mm . For *Hypogastrura yosii*, the body length is noted as up to 1.5 mm . These values may provide an approximate range for *Hypogastrura gracilis*.","Based on the provided documents, the body length of *Hypogastrura gracilis* is not explicitly stated. However, a related species, *Hypogastrura yosii*, has a body length of approximately 1.1–1.5 mm excluding antennae . This may provide some context, but specific measurements for *Hypogastrura gracilis* are not given in the sources.",pmc,2,0,,0,2,4.075,False,1.0,0.0,0.0,0.10526315789473685,0.13333333333333333,0.4982142857142857,1.0,0.0,0.0,0.039999999999999994,0.07407407407407407,0.2402714932126697
K029,e2e_sparse_generative,body_size,Neanuridae,What is the body length of Friesea najtae?,1.0- 1.7mm || 1.0-1.7 mm || 1.0–1.7 mm,2623,,,2.97,,"Based on the provided documents, the body length of *Friesea najtae* is not explicitly mentioned. The text describes habitat and behavior but does not provide specific measurements for body length . Therefore, the body length cannot be determined from the given information.","Based on the provided documents, the body length of *Friesea najtae* is not explicitly mentioned. The text describes habitat and behavior but does not provide specific measurements for body length . Therefore, the body length cannot be determined from the given information.",plazi,1,1,1,1,1,2.738,False,0.0,0.0,0.0,0.0,0.0,0.2686868686868687,0.0,0.0,0.0,0.0,0.0,0.2686868686868687
K030,e2e_sparse_generative,body_size,Tomoceridae,What is the body length of Tomocerus deharvengi?,4.1–4.8mm || 4.1–4.8 mm || 4.1-4.8 mm,354,,,2.97,,"Based on the provided documents, the body length of *Tomocerus deharvengi* is not explicitly mentioned. The descriptions focus on morphological characteristics such as the number of macrochaetae, pseudopores, and dental spines, but do not provide specific measurements .","Based on the provided documents, the body length of *Tomocerus deharvengi* is not explicitly mentioned. However, it is noted that *T. (O.) deharvengi* is compared to *T. (O.) spinulus*, which suggests it may have a similar size range, though specific measurements are lacking in the given text .",pmc,2,1,1,1,1,2.745,False,0.0,0.0,0.0,0.0,0.0,0.41363636363636364,1.0,0.0,0.0,0.0,0.0,0.05
K037,e2e_sparse_generative,habitat,Orchesellidae,What is the habitat of Alloscopus jantapasoae?,dark zone of a cave on ground floor with small patch of bat guano || dark zone of a cave || bat guano,13980,,,2.08,,"Based on the provided documents, Alloscopus jantapasoae is described as a newly discovered species with a distinct habitat. However, the specific details about its habitat are not explicitly mentioned in the given text. The document primarily focuses on comparing morphological characteristics among various Alloscopus species rather than detailing their habitats . Therefore, there is insufficient information to determine the exact habitat of Alloscopus jantapasoae from the provided source.","Based on the provided documents, Alloscopus jantapasoae sp. nov. was collected from a cave habitat . The specific details about its microhabitat within the cave are not elaborated upon in the given text.",pmc,3,0,,0,1,1.895,False,0.0,0.0,0.0,0.09876543209876543,0.07407407407407407,0.21576168929110107,1.0,0.0,0.0,0.13043478260869562,0.10810810810810811,0.6928104575163399
K044,e2e_sparse_generative,habitat,Dicyrtomidae,What is the habitat of Ptenothrix koreanensis?,litter and soil mass of a coniferous forest dominated by the Korean pine || coniferous forest || Pinus koraiensis,7808,,,2.32,,"Based on the provided documents, *Ptenothrix koreanensis* was collected from the litter and soil mass of a coniferous forest dominated by the Korean pine (*Pinus koraiensis*) in South Korea . This indicates that its habitat is associated with such forest environments.","Based on the provided documents, *Ptenothrix koreanensis* was collected from the litter and soil mass of a coniferous forest dominated by the Korean pine (*Pinus koraiensis*) in South Korea . This indicates that its habitat consists of forest floor environments within coniferous forests.",pmc,2,1,1,1,1,2.101,False,1.0,0.0,1.0,0.4905660377358491,0.4905660377358491,0.23295454545454547,1.0,0.0,1.0,0.4727272727272727,0.4727272727272727,0.16346153846153846
K047,e2e_sparse_generative,body_size,Hypogastruridae,What is the body length of Ceratophysella tupamara?,1.5 mm || up to 1.5 mm,433,,,1.64,,"Based on the provided documents, the maximum body length of *Ceratophysella tupamara* is up to 1.5 mm .","Based on the provided documents, the maximum body length of *Ceratophysella tupamara* is up to 1.5 mm .",pmc,2,1,1,1,1,1.446,False,1.0,0.0,1.0,0.38095238095238093,0.4347826086956522,0.9090909090909091,1.0,0.0,1.0,0.38095238095238093,0.4347826086956522,0.18181818181818182
K049,e2e_sparse_generative,body_size,Arrhopalitidae,What is the body length of Arrhopalites macronyx?,about 1.2 mm || 1.23 mm || 1.2 mm,1293,,,2.77,,"Based on the provided documents, the body length of *Arrhopalites macronyx* ranges from 831 to 1074 micrometers for males and 1063 to 1283 micrometers for females .","Based on the provided documents, the body length of *Arrhopalites macronyx* is not explicitly mentioned. However, it is noted that this species exhibits extreme troglomorphy, characterized by extremely elongated claws and antennae . These features suggest significant morphological adaptation to its cave environment, but specific measurements for body length are absent in the given sources.",pmc,2,1,1,1,1,2.512,False,1.0,0.0,0.0,0.0,0.0,0.23809523809523808,1.0,0.0,0.0,0.0,0.0,0.13475935828877006
K051,e2e_sparse_generative,habitat,Tomoceridae,What is the habitat of Plutomurus weinerae?,twilight zone of the cave || troglophilous,6619,,,1.64,,,"Based on the provided documents, Plutomurus weinerae is associated with cave environments in the Caucasus region, specifically Georgia. This species was discovered in subterranean habitats, indicating its adaptation to dark, humid conditions typical of caves .",pmc,,0,,0,0,1.451,False,0.0,0.0,0.0,0.0,0.0,,1.0,0.0,0.0,0.15,0.09999999999999999,0.06787330316742082
K053,e2e_sparse_generative,habitat,Sminthuridae,What is the habitat of Szeptyckitheca implicata?,associated to bushes || bushes,1198,,,2.08,,"Based on the provided documents, the habitat of *Szeptyckitheca implicata* is not explicitly mentioned. The available information describes morphological characteristics rather than ecological preferences . Additional research would be needed to determine its specific habitat requirements.","Based on the provided documents, the habitat of *Szeptyckitheca implicata* is unknown .",pmc,2,1,1,1,1,1.894,False,1.0,0.0,0.0,0.05263157894736842,0.05263157894736842,0.21481481481481482,1.0,0.0,0.0,0.0,0.0,0.5714285714285714
K058,e2e_sparse_generative,habitat,Orchesellidae,What is the habitat of Dicranocentrus pampaensis?,Eucalyptus plantations with a semiopen canopy || Eucalyptus plantations,7153,,,3.45,,"Based on the provided documents, *Dicranocentrus pampaensis* is found in Eucalyptus plantations with a semiopen canopy that allows for considerable input of sunlight . The species was discovered at an altitude of 146 m in a region with a climate classified as Cfa according to the Köppen system, characterized by a mean annual temperature of 17°C and rainfall of 1301 mm .","Based on the provided documents, *Dicranocentrus pampaensis* inhabits Eucalyptus plantations with a semiopen canopy that allows for considerable input of sunlight. This species was found at an altitude of 146 m in the Brazilian Pampa biome, characterized by a warm temperate climate with a mean annual temperature of 17°C and rainfall of 1301 mm .",pmc,2,1,1,1,1,3.154,False,1.0,0.0,1.0,0.18181818181818182,0.17647058823529413,0.24774774774774774,1.0,0.0,1.0,0.19999999999999998,0.19672131147540983,0.24621212121212122
K059,e2e_sparse_generative,habitat,Brachystomellidae,What is the habitat of Setanodosa jacquesi?,floating on water in a rock pool || rock pool,84,,,0.88,,,,,,0,,0,0,0.695,False,0.0,0.0,0.0,0.0,0.0,,0.0,0.0,0.0,0.0,0.0,
K064,e2e_sparse_generative,body_size,Onychiuridae,What is the body length of Spinonychiurus edinensis?,1.1–1.2 mm || 1.1-1.2 mm,345,,,2.24,,"Based on the provided documents, the body length of *Spinonychiurus edinensis* is not explicitly stated. However, comparisons with related species suggest that it may be similar in size to other members of the genus, which typically range from approximately 0.6 to 1.15 mm . For precise measurements, further reference to specific studies would be required.","Based on the provided documents, the body length of *Spinonychiurus edinensis* is not explicitly stated. However, the antennae are described as ""as long as the head,"" suggesting that the body length might be comparable to the length of the antennae, which are noted to be short and distinctly segmented . Further details regarding body length would require additional specific measurements from the referenced studies.",pmc,2,1,1,1,1,2.063,False,1.0,0.0,0.0,0.03571428571428571,0.06557377049180328,0.29833333333333334,1.0,0.0,0.0,0.0,0.0,0.2747899159663866
K068,e2e_sparse_generative,body_size,Arrhopalitidae,What is the body length of Arrhopalites kolymensis?,0.7 mm,114,,,1.36,,"Based on the provided documents, the body length of *Arrhopalites kolymensis* is 0.7 mm .","Based on the provided documents, the body length of *Arrhopalites kolymensis* is 0.7 mm .",pmc,2,1,1,1,1,1.177,False,1.0,0.0,1.0,0.25,0.33333333333333337,0.375,1.0,0.0,1.0,0.25,0.33333333333333337,0.375
K069,e2e_sparse_generative,body_size,Neanuridae,What is the body length of Lobellina hunanensis?,2.3–3.4mm || 2.3–3.4 mm || 3.2mm || 3.2 mm,466,,,2.9,,"Based on the provided documents, the body length of *Lobellina hunanensis* ranges from 2.3 to 3.4 mm .","Based on the provided documents, the body length of *Lobellina hunanensis* is not explicitly stated. However, related species such as *Rambutanura hunanensis* have a body length of approximately 2.2 mm for a juvenile . For other closely related species like those described in , body lengths range from 2.0 to 3.5 mm for females. Therefore, it can be inferred that *Lobellina hunanensis* likely has a similar size range, though precise measurements are not given in the available literature.",pmc,2,1,1,1,1,2.685,False,1.0,0.0,0.0,0.10526315789473684,0.4166666666666667,0.3333333333333333,1.0,0.0,0.0,0.025641025641025637,0.07142857142857144,0.3675170068027211
K070,e2e_sparse_generative,habitat,Tomoceridae,What is the habitat of Tomocerus persimilis?,humus layer of mixed forest,4377,,,3.38,,"Based on the provided documents, there is no specific mention of the habitat of *Tomocerus persimilis*. The habitats described pertain to other species within the genus *Tomocerus*, such as being found in soil and leaf litter, mixed forests, mosses, and lichens. Therefore, the habitat of *Tomocerus persimilis* cannot be determined from the given sources.","Based on the provided documents, Tomocerus persimilis is not directly mentioned. However, the document  refers to ""Phytoseiulus persimilis,"" which is a predatory mite. The habitat of Phytoseiulus persimilis is typically associated with agricultural environments where it preys on spider mites, such as on bean plants . It is also noted that this species can be stored in cold conditions for extended periods . For Tomocerus persimilis, specific habitat details are not provided in the available sources.",medline,3,0,,0,1,3.137,False,1.0,0.0,0.0,0.06779661016949153,0.06779661016949153,0.21855477855477856,1.0,0.0,0.0,0.02531645569620253,0.02531645569620253,0.537004662004662
K072,e2e_sparse_generative,habitat,Sminthuridae,What is the habitat of Szeptyckitheca cyanea?,forest litter covering sandy soils in shady areas || forest litter || Atlantic Forest,9270,,,2.25,,"Based on the provided documents, *Szeptyckitheca cyanea* was found in two locations within the Atlantic Forest phytogeographic domain in Brazil. It inhabits forest litter covering sandy soils in shady areas .","Based on the provided documents, *Szeptyckitheca cyanea* was found in the Atlantic Forest phytogeographic domain, specifically in the forest litter covering sandy soils in shady areas within the Rio Grande do Norte state, Brazil . The exact climatic classification for these locations is not specified, but they fall under the ""As"" category according to the Köppen-Geiger system .",pmc,2,1,1,1,1,2.038,False,1.0,0.0,1.0,0.4210526315789474,0.4210526315789474,0.2,0.0,0.0,1.0,0.25,0.2424242424242424,0.2398119122257053
K074,e2e_sparse_generative,body_size,Entomobryidae,What is the body length of Dicranocentrus icelosmarias?,2.6 mm,59,,,2.64,,"Based on the provided documents, the body length of *Dicranocentrus icelosmarias* is not explicitly stated . The description focuses on morphological features such as antennae, eyes, and setation rather than providing measurements for body length. Therefore, specific body length data for this species is lacking in the given source.","Based on the provided documents, there is no specific mention of the body length of *Dicranocentrus icelosmarias*. The available data describe body lengths for other species within the genus *Dicranocentrus*, such as *D. hainanicus* and unspecified measurements for another species, but not *D. icelosmarias* , .",pmc,2,1,1,1,1,2.419,False,1.0,0.0,0.0,0.0,0.0,0.33709273182957394,1.0,0.0,0.0,0.0,0.0,0.5625
K077,e2e_sparse_generative,habitat,Entomobryidae,What is the habitat of Entomobrya multisetis?,the litter of montane deciduous forests || litter of montane deciduous forests,5330,,,1.3,,"Based on the provided documents, *Entomobrya multisetis* is found in the litter of montane deciduous forests and is widely distributed in the East Caucasus .","Based on the provided documents, *Entomobrya multisetis* is found in the litter of montane deciduous forests and is widely distributed in the East Caucasus .",plazi,1,1,1,1,1,1.121,False,1.0,0.0,1.0,0.4,0.4,0.42105263157894735,1.0,0.0,1.0,0.4,0.4,0.42105263157894735
K082,e2e_sparse_generative,body_size,Entomobryidae,What is the body length of Lepidocyrtus thoracicus?,1.1 mm || 1.0– 1.3 mm || 1.0-1.3 mm,1635,,,3.74,,"Based on the provided documents, the body length of *Lepidocyrtus thoracicus* is not explicitly stated. However, it is mentioned that the species has ""hologically characters"" indicating its placement within the *L. lignorum*-group, and it is noted that in the European fauna, the mesothoracic macrochaeta is present in certain species, suggesting possible size similarities . For precise measurements, additional data would be required.","Based on the provided documents, there is no specific mention of the body length of *Lepidocyrtus thoracicus*. However, related species like *Lepidocyrtus lignorum* have body lengths ranging from 0.4 to 1.2 mm . For precise measurements of *Lepidocyrtus thoracicus*, additional studies or references would be required.",pmc,2,1,1,1,1,3.523,False,1.0,0.0,0.0,0.0,0.0,0.21931818181818183,1.0,0.0,0.0,0.0425531914893617,0.11538461538461536,0.3092948717948718
K085,e2e_sparse_generative,habitat,Isotomidae,What is the habitat of Hemisotoma quadrioculatus?,soil inside cracks in rocks || soil under oak trees,258,,,1.02,,,,,,0,,0,0,0.679,False,0.0,0.0,0.0,0.0,0.0,,0.0,0.0,0.0,0.0,0.0,
K087,e2e_sparse_generative,habitat,Neanuridae,What is the habitat of Pseudachorutes nica?,pasture fields || two different pasture fields,4557,,,1.64,,,"Based on the provided documents, there is no specific information regarding the habitat of *Pseudachorutes nica*. The available data mention habitats related to other species such as *Aethiopella ricardoi* but not *Pseudachorutes nica* . Additional research would be needed to determine its habitat preferences.",pmc,,0,,0,0,1.406,False,0.0,0.0,0.0,0.0,0.0,,1.0,0.0,0.0,0.0,0.0,0.11942959001782531
K091,e2e_sparse_generative,habitat,Tullbergiidae,What is the habitat of Metaphorura riozoi?,the soil of a meadow in Hungary || soil of a meadow || leaf litter under oak trees,549,,,2.66,,"Based on the provided documents, *Metaphorura riozoi* inhabits soil and leaf litter under cypress and oak trees in Iran . The general distribution includes Hungary and Iran . No additional details about its habitat beyond these regions and substrates are provided in the given sources.","Based on the provided documents, *Metaphorura riozoi* inhabits soil and leaf litter under oak and cypress trees, as well as soil in farmland . This species has been recorded in both Hungary and Iran, with specific mentions of its presence in the Kurdistan province of Iran .",pmc,2,0,,0,1,2.449,False,1.0,0.0,0.0,0.20833333333333334,0.20833333333333334,0.6064425770308124,1.0,0.0,0.0,0.19999999999999998,0.19999999999999998,0.18686868686868685
K093,e2e_sparse_generative,habitat,Neelidae,What is the habitat of Megalothorax incertus?,anthropized environments || mostly found in anthropized environments,6777,,,4.71,,"Based on the provided documents, *Megalothorax incertus* inhabits soil and litter under trees such as black alder, oriental beech (*Fagus orientalis*), date-plum (*Diospyrus lotus*), Persian silk tree (*Albizia julibrissin*), oak, and maple (*Acer cappadocicum*) in Iran . This species is described as cosmopolitan in general distribution .","Based on the provided documents, *Megalothorax incertus* is primarily associated with soil and litter under trees in Iran . However, it has also been recorded from mosses in France . There is no mention of this species being found in natural caves or subterranean habitats . Its presence in Russia's natural habitats remains unconfirmed .",pmc,2,0,,0,1,4.341,False,1.0,0.0,0.0,0.039999999999999994,0.0392156862745098,0.7616487455197133,1.0,0.0,0.0,0.07142857142857142,0.07017543859649124,0.23317307692307693
K094,e2e_sparse_generative,body_size,Neanuridae,What is the body length of Friesea kariae?,0.40–0.69 mm || 0.40-0.69 mm || 0.62 mm,835,,,3.27,,"Based on the provided documents, the body length of *Friesea kariae* is 0.40–0.69 mm, measured without the antennae .","Based on the provided documents, the body length of *Friesea kariae* is 0.40–0.69 mm, measured without the antennae .",plazi,1,1,1,1,1,3.002,False,1.0,0.0,1.0,0.19999999999999998,0.3846153846153846,0.5416666666666666,1.0,0.0,1.0,0.19999999999999998,0.3846153846153846,0.5416666666666666
K101,e2e_sparse_generative,body_size,Hypogastruridae,What is the body length of Hypogastrura sheyangensis?,1.5 mm || up to 1.5 mm,378,,,3.27,,"Based on the provided documents, the body length of *Hypogastrura sheyangensis* is not explicitly stated. However, related species such as *Hypogastrura yosii* have a body length up to 1.5 mm . For *Hypogastrura sheyangensis*, specific measurements were not included in the given text.","Based on the provided documents, the body length of *Hypogastrura sheyangensis* is not explicitly mentioned. However, it can be inferred that this species belongs to the genus *Hypogastrura*, where body lengths typically range from approximately 1.1 to 1.5 mm excluding antennae . This estimate is derived from descriptions of other *Hypogastrura* species within the same family .",pmc,2,0,,0,1,3.042,False,1.0,0.0,1.0,0.17391304347826084,0.20833333333333334,0.31587301587301586,1.0,0.0,1.0,0.10169491525423728,0.12903225806451613,0.33714285714285713
K105,e2e_sparse_generative,habitat,Tomoceridae,What is the habitat of Plutomurus revazi?,troglophilous || probably troglophilous species,6949,,,2.56,,"Based on the provided documents, there is no specific information regarding the habitat of *Plutomurus revazi*. The available data describe *Plutomurus ruseki* as inhabiting underground habitats in karst regions of Slovakia and the Western Carpathians, but no details are given for *Plutomurus revazi* .","Based on the provided documents, *Plutomurus revazi* is a cave inhabitant, as stated in source . It was found in the Kharagauli Municipality, western Georgia, specifically in Kozmani Cave, indicating its association with subterranean environments. No further details about its specific microhabitat within the cave are given in the cited texts.",pmc,2,0,,0,1,2.238,False,1.0,0.0,0.0,0.0,0.0,0.13804713804713803,1.0,0.0,0.0,0.0,0.0,0.07171052631578947
K112,e2e_sparse_generative,habitat,Orchesellidae,What is the habitat of Alloscopus sago?,the old bark of the sago palm ( Metroxylon sagu Rottb ) at the lower trunk level || old bark of the sago palm || sago palm,20607,,,1.51,,"Based on the provided documents, the habitat of *Alloscopus sago* is described as ""distinctly different"" from that of *A. whitteni*, but no specific details about its exact habitat are given .","Based on the provided documents, Alloscopus sago is found in a sago palm forest . This species was specifically described from such an environment, distinguishing it from other members of the genus that may inhabit different settings like caves .",pmc,3,1,1,1,1,1.33,False,1.0,0.0,0.0,0.17777777777777776,0.13333333333333333,0.25,1.0,0.0,1.0,0.18867924528301885,0.1509433962264151,0.6875
K113,e2e_sparse_generative,body_size,Brachystomellidae,What is the body length of Neorganella rotundatae?,0.88 mm || 0.47-1.20 mm,865,,,2.84,,"Based on the provided documents, the body length of *Neorganella rotundatae* ranges from 0.47 mm to 1.20 mm, with the holotype measuring 0.88 mm .","Based on the provided documents, the body length of *Neorganella rotundatae* is not explicitly stated. However, it is mentioned that the type specimen has a body length of 0.88 mm, and the body length range of paratypes is given as 0.47–1.20 mm . These measurements refer to the species *Micronella porcus*, which may be related to *Neorganella rotundatae*. Therefore, without direct mention of *Neorganella rotundatae*'s body length, we cannot provide specific values for this species .",pmc,2,1,1,1,1,2.664,False,1.0,0.0,1.0,0.15384615384615385,0.3125,0.20502645502645503,1.0,0.0,1.0,0.052631578947368425,0.11904761904761907,0.43845722904546436
K117,e2e_sparse_generative,body_size,Hypogastruridae,What is the body length of Hypogastrura yosii?,1.5 mm || up to 1.5 mm,842,,,2.42,,"Based on the provided documents, the body length of *Hypogastrura yosii* is up to 1.5 mm .","Based on the provided documents, the body length of *Hypogastrura yosii* is not explicitly stated. However, it is mentioned as an outgroup in the context of molecular studies involving *Ceratophysella gracilimucronata* sp. nov. . For specific measurements, further detailed descriptions or references would be required.",pmc,2,1,1,1,1,2.245,False,1.0,0.0,1.0,0.4,0.45454545454545453,0.4,1.0,0.0,0.0,0.0,0.0,0.16470588235294117
K119,e2e_sparse_generative,body_size,Arrhopalitidae,What is the body length of Pygmarrhopalites sericus?,0.7 mm || ~ 0.7 mm,1052,,,1.84,,"Based on the provided documents, the body length of *Pygmarrhopalites sericus* is approximately 0.7 mm . This measurement is consistent across different references describing this species .","Based on the provided documents, the body length of *Pygmarrhopalites sericus* ranges from 0.7 to 0.8 mm .",pmc,2,1,1,1,2,1.666,False,1.0,0.0,1.0,0.14814814814814814,0.20689655172413793,0.2722222222222222,1.0,0.0,0.0,0.21052631578947367,0.2727272727272727,0.2222222222222222
K121,e2e_sparse_generative,body_size,Tomoceridae,What is the body length of Monodontocerus mulunensis?,3.5–4.0 mm || 3.5-4.0 mm,524,,,3.25,,"Based on the provided documents, the body length of *Monodontocerus mulunensis* is not explicitly stated. However, comparative notes mention that it is most similar to *L. hujiayaoi* and *L. mulunensis*, suggesting possible similarities in size, though no direct measurement is given for *M. mulunensis* .","Based on the provided documents, the body length of *Monodontocerus mulunensis* is not explicitly stated. However, it is mentioned that *Monodontocerus cinereus* sp. n. differs from *M. mulunensis* in several characteristics including body color, antenna length, number of ungual teeth, and chaetotaxy on abdominal segments III and IV . Without direct measurements or further details, the exact body length cannot be determined from the given sources.",pmc,3,0,,0,1,2.92,False,1.0,0.0,0.0,0.0,0.0,0.16904761904761906,1.0,0.0,0.0,0.0,0.0,0.5654901960784313
K123,e2e_sparse_generative,habitat,Sminthuridae,What is the habitat of Szeptyckitheca kesongensis?,"Robinia sp., shrubs, pines, and plant debris || Robinia || plant debris",1617,,,1.84,,"Based on the provided documents, Szeptyckitheca kesongensis  was found associated with Robinia sp., shrubs, pines, and plant debris .","Based on the provided documents, Szeptyckitheca kesongensis was found in low flooded jungle . The specific details about its habitat are limited to this general description.",pmc,2,1,1,1,1,1.597,False,1.0,0.0,1.0,0.56,0.56,0.2875,1.0,0.0,0.0,0.0,0.0,0.25
K124,e2e_sparse_generative,habitat,Tullbergiidae,What is the habitat of Mexicaphorura guerrerensis?,marine littoral sand,4314,,,3.18,,"Based on the provided documents, there is no specific mention of ""Mexicaphorura guerrerensis."" However, if you meant *Handleyomys guerrerensis*, its habitat is cloud forests at elevations of 1000-2500 m . If referring to another species named ""guerrerensis,"" additional clarification would be needed as the available data does not specify the habitat for ""Mexicaphorura guerrerensis.""","Based on the provided documents, Mexicaphorura guerrerensis is found in the southern Mexican Pacific region, specifically from Ixtapa, Guerrero to Huatulco, Oaxaca. It inhabits algae, coral, coral rock, tubes of sabellariids, and molluscan shells in intertidal to subtidal environments up to 6 meters deep .",pmc,2,0,,0,1,2.999,False,0.0,0.0,0.0,0.0,0.0,0.4513888888888889,1.0,0.0,0.0,0.0,0.0,0.1697860962566845
K129,e2e_sparse_generative,body_size,Brachystomellidae,What is the body length of Brachystomella porcus?,0.45-0.95 mm,1127,,,2.45,,"Based on the provided documents, the body length of *Brachystomella porcus* ranges from 0.45 to 0.95 mm .","Based on the provided documents, the body length of *Brachystomella porcus* (likely referring to *Micronella porcus*) is type: 0.88 mm, with paratype body lengths ranging from 0.47 to 1.20 mm .",pmc,2,1,1,1,1,2.146,False,1.0,0.0,0.0,0.10526315789473684,0.4166666666666667,0.1111111111111111,1.0,0.0,0.0,0.0625,0.15789473684210525,0.3148148148148148
K135,e2e_sparse_generative,body_size,Arrhopalitidae,What is the body length of Arrhopalites harveyi?,1.2 mm,97,,,3.66,,"Based on the provided documents, the body length of *Arrhopalites harveyi* is stated as 1.2 mm .","Based on the provided documents, there is no direct mention of the body length of *Arrhopalites harveyi*. However, it is noted that the chaetotaxy patterns differ between the *caecus* group and the *harveyi* group, with specific numbers of chaetae listed for each group . For detailed morphometric data including body lengths, refer to studies focusing specifically on *A. harveyi*, such as those detailing other *Arrhopalites* species like *A. beijingensis* .",pmc,2,1,1,1,1,3.485,False,1.0,0.0,1.0,0.2222222222222222,0.3,0.7,1.0,0.0,0.0,0.0,0.0,0.42944139194139197
K136,e2e_sparse_generative,body_size,Neanuridae,What is the body length of Endonura levantica?,0.84 mm,927,,,4.83,,"Based on the provided documents, the body length of *Endonura levantica* is not explicitly stated. However, it is mentioned that *E. deharvengi* has a body size ranging from 2.10 to 2.50 mm, while *E. levantica* is noted to be smaller, suggesting its body length is less than that of *E. deharvengi* . For precise measurements, further reference to detailed taxonomic descriptions would be necessary.","Based on the provided documents, the body length of *Endonura levantica* is not explicitly stated. However, it is mentioned that *Endonura zelkovae* sp. nov. has a body length that can be compared morphologically to *E. levantica*, but no specific measurements are given for *E. levantica* itself . Additional details about its body length are not available in the cited sources.",pmc,2,0,,0,1,4.57,False,1.0,0.0,0.0,0.03076923076923077,0.029411764705882356,0.15595238095238095,1.0,0.0,0.0,0.0,0.0,0.07076923076923078
K137,e2e_sparse_generative,body_size,Tomoceridae,What is the body length of Tomocerus jilinensis?,3.0 mm || up to 3.0 mm,407,,,3.68,,"Based on the provided documents, the body length of *Tomocerus jilinensis* is not explicitly mentioned . However, it can be inferred that its body length is likely smaller compared to *Nemoura tripotini*, which has a body length of 6.8 mm , as they belong to different genera within the same order. Therefore, the exact body length of *Tomocerus jilinensis* remains unspecified in the given sources.","Based on the provided documents, the body length of *Tomocerus jilinensis* is not explicitly mentioned. However, it is noted that this species has two mesothoracic bothriotricha, with the socket of the inner one being typically larger, resembling that of a macrochaeta . For precise body length measurements, additional references would be required.",pmc,2,1,1,1,2,3.461,False,1.0,0.0,0.0,0.05970149253731343,0.057971014492753624,0.5515527950310559,1.0,0.0,0.0,0.0,0.0,0.4076923076923077
K138,e2e_sparse_generative,habitat,Onychiuridae,What is the habitat of Thalassaphorura xihuensis?,"broadleaved litter and soil, in an urban recreational park || urban recreational park || broadleaved litter and soil",3235,,,3.79,,"Based on the provided documents, there is no specific information about the habitat of *Thalassaphorura xihuensis*. The available data describe habitats for other species within the genus *Thalassaphorura* but not for *T. xihuensis* -.","Based on the provided documents, there is no specific information about the habitat of *Thalassaphorura xihuensis*. The sources discuss *Thalassaphorura thalassophila* and *Thalassaphorura debilis*, which are found in intertidal ecosystems . Therefore, it cannot be concluded about the habitat of *T. xihuensis* from these sources.",medline,3,0,,0,2,3.479,False,1.0,0.0,0.0,0.0,0.0,0.1534090909090909,1.0,0.0,0.0,0.07547169811320754,0.07547169811320754,0.3444805194805195
K147,e2e_sparse_generative,habitat,Isotomidae,What is the habitat of Proisotoma pakurensis?,under leaf-litter of moist deciduous forest || leaf-litter of moist deciduous forest || Tussar plantation garden,3532,,,0.92,,,,,,0,,0,0,0.68,False,0.0,0.0,0.0,0.0,0.0,,0.0,0.0,0.0,0.0,0.0,
K149,e2e_sparse_generative,habitat,Neanuridae,What is the habitat of Lobellina nanjingensis?,leaf litter in deciduous forest,2613,,,3.69,,"Based on the provided documents, there is no direct mention of the habitat of *Lobellina nanjingensis*. However, related species such as *Poecilobdella nanjingensis* are described as inhabiting rocks in moist mountainous habitats . For *Homalota nanjingensis*, the habitat includes the under bark of dead pine trees in Nanjing Zijin Mountain National Forest Park . Since *Lobellina nanjingensis* is not explicitly discussed, its specific habitat remains unspecified in the available sources.","Based on the provided documents, Lobellina nanjingensis is not mentioned. However, Talaromyces nanjingensis, which may be confused with Lobellina nanjingensis, was isolated from rhizosphere soil of Pinus massoniana . If there is a confusion between genera, the habitat described for Talaromyces nanjingensis is rhizosphere soil. There is no specific information about the habitat of Lobellina nanjingensis in the given sources.",pmc,2,0,,0,2,3.387,False,1.0,0.0,0.0,0.0547945205479452,0.0547945205479452,0.3659090909090909,0.0,0.0,0.0,0.03125,0.03125,0.3677083333333333
K150,e2e_sparse_generative,habitat,Tomoceridae,What is the habitat of Plutomurus kharagauliensis?,both twilight and dark zones of the cave || twilight and dark zones of the cave || troglophilous,6192,,,1.33,,,"Based on the provided documents, *Plutomurus kharagauliensis* is found in Kozmani Cave, located in the Kharagauli Municipality, Georgia. This indicates that its habitat is a cave environment .",pmc,,0,,0,0,1.128,False,0.0,0.0,0.0,0.0,0.0,,1.0,0.0,0.0,0.11764705882352941,0.11764705882352941,0.07692307692307693
K151,e2e_sparse_generative,body_size,Isotomidae,What is the body length of Desoria cooki?,1.7–1.8 mm || 1.7-1.8 mm,2411,,,0.51,,"Based on the provided documents, the body length of *Desoria cooki* is up to 1.7–1.8 mm .","Based on the provided documents, the body length of *Desoria cooki* is up to 1.7–1.8 mm .",plazi,1,1,1,1,1,0.283,False,1.0,0.0,1.0,0.2222222222222222,0.4166666666666667,0.4,1.0,0.0,1.0,0.2222222222222222,0.4166666666666667,0.4
K152,e2e_sparse_generative,body_size,Entomobryidae,What is the body length of Alloscopus namtip?,1.6 mm || 1.57 mm,471,,,1.28,,"Based on the provided documents, the body length of *Alloscopus namtip* is 1.6 mm .","Based on the provided documents, the body length of *Alloscopus namtip* is 1.7 mm . This measurement is consistent across different references discussing the morphology of this species .",pmc,2,0,,0,1,1.098,False,1.0,0.0,1.0,0.25,0.33333333333333337,0.625,1.0,0.0,0.0,0.06896551724137931,0.12903225806451613,0.46634615384615385
K153,e2e_sparse_generative,body_size,Hypogastruridae,What is the body length of Ceratophysella brevisensillata?,1-1.3 mm || 1–1.3 mm,263,,,2.4,,"Based on the provided documents, the body length of *Ceratophysella brevisensillata* is 1-1.3 mm .","Based on the provided documents, the body length of *Ceratophysella brevisensillata* is stated as 1-1.3 mm . This measurement refers to the overall body length of the species.",pmc,2,1,1,1,1,2.04,False,1.0,0.0,1.0,0.25,0.4,0.75,1.0,0.0,1.0,0.13793103448275862,0.2424242424242424,0.1
K154,e2e_sparse_generative,body_size,Arrhopalitidae,What is the body length of Arrhopalites colchicus?,0.9 mm,142,,,1.74,,"Based on the provided documents, the body length of *Arrhopalites colchicus* is not explicitly stated . However, it can be inferred that its morphology includes specific features such as the antennae structure and setae arrangement, which may correlate with its size . Further details would require additional data.","Based on the provided documents, 0.9 mm is stated as the body length of *Arrhopalites colchicus* . This measurement refers to the female specimen described in the study. No additional details regarding body length variations among different life stages or sexes are given in the source material.",pmc,2,1,1,1,2,1.485,False,1.0,0.0,0.0,0.0,0.0,0.24,1.0,0.0,1.0,0.08333333333333333,0.12,0.19936204146730463
K155,e2e_sparse_generative,body_size,Neanuridae,What is the body length of Paralobella sensilla?,2.7 mm || 2.8 mm,1034,,,1.81,,"Based on the provided documents, the body length of *Paralobella sensilla* is reported for the holotype female as 2.7 mm, with paratype females measuring 2.8 mm and a juvenile specimen being 1.3 mm .","Based on the provided documents, there is no specific mention of the body length of *Paralobella* sensilla. The sources describe body lengths for different species within the family Neanuridae but do not provide details about the length of sensilla specifically for *Paralobella*. Therefore, this information cannot be determined from the given texts.",pmc,2,1,1,1,1,1.635,False,1.0,0.0,1.0,0.1142857142857143,0.15384615384615385,0.5,0.0,0.0,0.0,0.0,0.0,0.10111111111111111
K156,e2e_sparse_generative,body_size,Tomoceridae,What is the body length of Pogonognathellus litoralis?,3 mm,998,,,0.77,,"Based on the provided documents, the body length of *Pogonognathellus litoralis* is not explicitly stated . The description mentions that the antennae are approximately 0.7 to 0.8 times the body length, but the actual body length measurement is not given.","Based on the provided documents, the body length of *Pogonognathellus litoralis* is not explicitly stated . The description mentions that the antennae are approximately 0.7 to 0.8 times the body length, but the actual body length measurement is not given.",plazi,1,1,1,1,1,0.59,False,1.0,0.0,0.0,0.0,0.0,0.05,1.0,0.0,0.0,0.0,0.0,0.05
K157,e2e_sparse_generative,body_size,Onychiuridae,What is the body length of Onychiurus gulinensis?,1.7–2.0 mm || 1.7-2.0 mm || 1.6 mm,469,,,0.69,,"Based on the provided documents, the body length of *Onychiurus gulinensis* is not specified . Additional research would be required to determine this characteristic.","Based on the provided documents, the body length of *Onychiurus gulinensis* is not specified . Additional research would be required to determine this characteristic.",plazi,1,1,2,1,2,0.469,False,0.0,0.0,0.0,0.0,0.0,0.2777777777777778,0.0,0.0,0.0,0.0,0.0,0.2777777777777778
K158,e2e_sparse_generative,body_size,Paronellidae,What is the body length of Trogolaphysa ernesti?,2.51 mm,387,,,3.48,,"Based on the provided documents, the body length of *Trogolaphysa ernesti* is not explicitly stated. However, it can be inferred that its body length is comparable to other described species within the genus *Trogolaphysa*, which typically range up to approximately 2.1 mm . Further details would require direct reference to specific measurements for *Trogolaphysa ernesti*.","Based on the provided documents, the body length of *Trogolaphysa ernesti* is not explicitly mentioned. However, related species within the genus *Trogolaphysa* have been noted to have body lengths up to 2.0 mm . For precise measurements specific to *Trogolaphysa ernesti*, additional data would be required.",pmc,2,0,,0,1,3.226,False,1.0,0.0,0.0,0.03571428571428571,0.06896551724137931,0.12008547008547009,1.0,0.0,0.0,0.0425531914893617,0.08163265306122448,0.3872549019607843
K160,e2e_sparse_generative,body_size,Orchesellidae,What is the body length of Australotomurus morbidus?,2.5–3 mm || 2.5-3 mm,69,,,2.65,,"Based on the provided documents, the body length of *Australotomurus morbidus* is noted as 3 mm . This measurement refers to the overall size of the specimen, distinguishing it as one of the larger species within the genus. No additional details about body length are provided in the other references.","Based on the provided documents, the body length of *Australotomurus morbidus* is noted as 3 mm . This measurement refers to the overall size of the specimen, distinguishing it as one of the larger species within the genus. No additional details about body length are provided in the other references.",plazi,1,0,,0,1,2.475,False,1.0,0.0,0.0,0.039215686274509796,0.07547169811320753,0.10425685425685426,1.0,0.0,0.0,0.039215686274509796,0.07547169811320753,0.10425685425685426
K161,e2e_sparse_generative,body_size,Sminthuridae,What is the body length of Temeritas paradoxalis?,0.93–1.77 mm || 0.93-1.77 mm || 1.27 mm,483,,,2.98,,"Based on the provided documents, the body length of *Temeritas paradoxalis* is not explicitly mentioned. The descriptions focus on morphological characteristics rather than providing specific body length measurements . Therefore, no definitive answer regarding the body length can be given from the available data.","Based on the provided documents, the body length of *Temeritas paradoxalis* is not explicitly mentioned. The descriptions focus on morphological characteristics rather than providing specific body length measurements . Therefore, no definitive answer regarding the body length can be given from the available data.",plazi,1,1,1,1,2,2.742,False,1.0,0.0,0.0,0.0,0.0,0.41367521367521365,1.0,0.0,0.0,0.0,0.0,0.41367521367521365
K162,e2e_sparse_generative,body_size,Neelidae,What is the body length of Megalothorax sanctistephani?,0.2–0.34 mm || 0.2-0.34 mm || 0.26 mm,1436,,,3.68,,"Based on the provided documents, there is no specific mention of the body length of *Megalothorax sanctistephani*. The descriptions focus on morphological features such as claws, unguis, tenaculum, ventral tube, and ecological findings, but not on overall body dimensions . Additional studies or references would be needed to determine the body length.","Based on the provided documents, the body length of *Megalothorax sanctistephani* is not explicitly stated. However, it belongs to the genus *Megalothorax*, which has a body length ranging from 0.2 to 0.7 mm . Since *Megalothorax sanctistephani* is a newly described species within this genus, its specific body length would likely fall within this range unless otherwise noted in detailed taxonomic descriptions .",pmc,2,1,1,1,1,3.455,False,1.0,0.0,0.0,0.0,0.0,0.2702020202020202,1.0,0.0,0.0,0.031746031746031744,0.11764705882352941,0.2625
K163,e2e_sparse_generative,body_size,Tullbergiidae,What is the body length of Tullbergia alcirae?,1.2 mm || 0.83-1.4 mm,1083,,,1.64,,"Based on the provided documents, the body length of *Tullbergia alcirae* is 1.2 mm, with a range from 0.83 to 1.4 mm .","Based on the provided documents, 12 specimens of *Tullbergia alcirae* had a body length ranging from 0.83 to 1.4 mm, with an average of 1.2 mm .",pmc,2,1,1,1,1,1.359,False,1.0,0.0,1.0,0.16666666666666669,0.33333333333333337,0.35714285714285715,1.0,0.0,1.0,0.14285714285714288,0.29411764705882354,0.15873015873015872
K164,e2e_sparse_generative,body_size,Isotomidae,What is the body length of Scutisotoma schisti?,0.8–1.2 mm || 0.8-1.2 mm,963,,,1.12,,"Based on the provided documents, there is no specific mention of the body length of *Scutisotoma schisti*. The descriptions focus on morphological characteristics such as chaetotaxy, palp structure, and furcal anatomy rather than body dimensions . Therefore, the body length cannot be determined from the given sources.","Based on the provided documents, there is no specific mention of the body length of *Scutisotoma schisti*. The descriptions focus on morphological characteristics such as chaetotaxy, palp structure, and furcal anatomy rather than body dimensions . Therefore, the body length cannot be determined from the given sources.",plazi,1,1,2,1,2,0.935,False,1.0,0.0,0.0,0.0,0.0,0.4755892255892256,1.0,0.0,0.0,0.0,0.0,0.4755892255892256
K165,e2e_sparse_generative,body_size,Entomobryidae,What is the body length of Pseudosinella valverdei?,2.40 mm || 2.05 mm,2504,,,1.74,,"Based on the provided documents, the body length of *Pseudosinella valverdei* is up to 2.40 mm, including the head, with a mean length of 2.05 mm for adult specimens .","Based on the provided documents, the body length of *Pseudosinella valverdei* is not explicitly stated. The data given includes population counts and other species' details but does not specify the body length for this particular species .",pmc,2,1,1,1,1,1.466,False,1.0,0.0,1.0,0.12903225806451613,0.17647058823529413,0.23030303030303031,0.0,0.0,0.0,0.0,0.0,0.3142857142857143
K166,e2e_sparse_generative,body_size,Hypogastruridae,What is the body length of Ceratophysella stachi?,1-2 mm || 1–2 mm,3904,,,1.84,,"Based on the provided documents, the body length of *Ceratophysella stachi* is 1-2 mm .","Based on the provided documents, the body length of *Ceratophysella stachi* is not explicitly mentioned. However, it is noted that *Ceratophysella sigillata*, which is a different species, has a body length ranging from 2.7 to 6.3 micrometers . For *Ceratophysella stachi*, additional specific measurements are required for accurate determination.",pmc,2,1,1,1,1,1.639,False,1.0,0.0,1.0,0.25,0.33333333333333337,0.4444444444444444,1.0,0.0,0.0,0.0,0.03773584905660377,0.25043859649122807
K167,e2e_sparse_generative,body_size,Arrhopalitidae,What is the body length of Arrhopalites ruseki?,0.7 mm,84,,,4.09,,"Based on the provided documents, the body length of *Arrhopalites ruseki* is not explicitly stated. However, it belongs to the ""Pygmaeus group s.str."" which typically includes very small species, with total lengths around 0.7 mm . For precise measurements, additional data would be required.","Based on the provided documents, the body length of *Arrhopalites ruseki* is not explicitly stated. However, related species like *Arrhopalites beijingensis* have total body lengths ranging from 700 to 1300 micrometers . For *A. ruseki*, the total length is mentioned as 0.7 mm , which converts to 700 micrometers. Therefore, the body length of *Arrhopalites ruseki* is approximately 0.7 mm .",pmc,2,1,1,1,1,3.881,False,1.0,0.0,1.0,0.08888888888888888,0.125,0.15170454545454545,1.0,0.0,1.0,0.06666666666666667,0.09523809523809523,0.31357142857142856
K168,e2e_sparse_generative,body_size,Neanuridae,What is the body length of Endonura reticulata?,0.6–2.30 mm || 0.6-2.30 mm,2639,,,2.34,,"Based on the provided documents, the body length of *Endonura reticulata* (without antennae) ranges from 0.6 to 2.30 mm .","Based on the provided documents, the body length of *Endonura reticulata* is not explicitly stated. However, it is mentioned that *Endonura reticulata* is known from the Nearctic region, specifically Alaska . For detailed morphological characteristics such as body length, further specific references would be required .",pmc,2,1,1,1,1,2.167,False,1.0,0.0,0.0,0.09523809523809525,0.3846153846153846,0.303030303030303,1.0,0.0,0.0,0.0,0.0,0.3476190476190476
K169,e2e_sparse_generative,body_size,Tomoceridae,What is the body length of Tomocerus pseudospinulus?,2.8–3.3 mm || 2.8-3.3 mm || 3.0 mm,394,,,2.38,,"Based on the provided documents, the body length of *Tomocerus pseudospinulus* is not explicitly stated. However, it is mentioned that this species has a short antenna, which is approximately 0.6 to 0.75 times the length of the body . Without direct measurements, the exact body length cannot be determined from the given information.","Based on the provided documents, the body length of *Tomocerus* (O.) *pseudospinulus* is not explicitly mentioned. The description focuses on distinguishing features such as the number of tibiotarsal strong inner chaetae and the arrangement of prominent chaetae on the manubrium, but does not provide specific measurements .",pmc,2,1,1,1,1,2.202,False,1.0,0.0,0.0,0.0,0.03508771929824561,0.21428571428571427,0.0,0.0,0.0,0.0,0.0,0.12222222222222222
K170,e2e_sparse_generative,body_size,Onychiuridae,What is the body length of Heteraphorura iranica?,1.2–1.7 mm || 1.5–2.3 mm || 1.2 mm,1967,,,3.58,,"Based on the provided documents, 0.60 to 0.65 times the length of the inner edge of the claw is mentioned for *Heteraphorura iranica*, but no direct measurement of body length is given . Therefore, the exact body length cannot be determined from the available information.","Based on the provided documents, the body length of *Heteraphorura iranica* is not explicitly mentioned. However, it is noted that *Paurodontella iranica* has a body length ranging from 803 to 1,053 micrometers . Since *Heteraphorura* and *Paurodontella* belong to different families (Onychiuridae and Sphaerulariidae respectively), this information cannot be directly applied to *Heteraphorura iranica*. Therefore, the specific body length for *Heteraphorura iranica* remains unspecified in the given sources.",pmc,2,1,1,1,1,3.401,False,1.0,0.0,0.0,0.0,0.0,0.06777777777777777,1.0,0.0,0.0,0.0,0.028169014084507043,0.38550420168067223
K171,e2e_sparse_generative,body_size,Paronellidae,What is the body length of Salina zhangi?,1.57 mm,385,,,3.06,,"Based on the provided documents, the body length of *Salina zhangi* is not explicitly stated. However, it is mentioned that the total length (head + trunk) of the holotype is 1.57 mm . This measurement includes both the head and the trunk, but the exact body length excluding the head is not specified in the given text.","Based on the provided documents, there is no direct mention of the body length of *Salina zhangi*. However, the document  refers to ""Salina"" but does not provide specific measurements for *Salina zhangi*. Therefore, the body length of *Salina zhangi* cannot be determined from the available information.",pmc,2,1,1,1,1,2.811,False,0.0,0.0,1.0,0.07017543859649122,0.10169491525423728,0.45555555555555555,0.0,0.0,0.0,0.0,0.0,0.3023809523809524
K174,e2e_sparse_generative,body_size,Sminthuridae,What is the body length of Keratosminthurus tapigu?,"1,184µm || 1,184 µm || 1184 µm",754,,,2.15,,"Based on the provided documents, the body length of *Keratosminthurus tapigu* is 1,184 meters .","Based on the provided documents, the body length of *Keratosminthurus tapigu* is 1,184 meters .",plazi,1,1,1,1,1,1.956,False,1.0,0.0,0.0,0.125,0.2222222222222222,0.2222222222222222,1.0,0.0,0.0,0.125,0.2222222222222222,0.2222222222222222
K175,e2e_sparse_generative,body_size,Neelidae,What is the body length of Megalothorax cellarincola?,300 µm,3610,,,0.61,,"Based on the provided documents, the body length of *Megalothorax cellarincola* is up to 300 micrometers .","Based on the provided documents, the body length of *Megalothorax cellarincola* is up to 300 micrometers .",plazi,1,1,1,1,1,0.405,False,1.0,0.0,0.0,0.1111111111111111,0.1111111111111111,0.5454545454545454,1.0,0.0,0.0,0.1111111111111111,0.1111111111111111,0.5454545454545454
K176,e2e_sparse_generative,body_size,Tullbergiidae,What is the body length of Tullbergia meridionalis?,0.50–0.62 mm || 0.50-0.62 mm,345,,,3.07,,"Based on the provided documents, the body length of *Tullbergia meridionalis* is reported as 0.50 to 0.62 mm without antennae .","Based on the provided documents, the body length of Tullbergia meridionalis is not explicitly mentioned. The text describes morphological features but does not provide specific measurements . Additional studies or references would be needed to determine the body length of this species .",pmc,2,1,1,1,1,2.784,False,1.0,0.0,0.0,0.09090909090909091,0.37037037037037035,0.45,0.0,0.0,0.0,0.0,0.0,0.296969696969697
K177,e2e_sparse_generative,body_size,Isotomidae,What is the body length of Isotomurus jharkhandensis?,1.93 mm,1680,,,1.38,,"Based on the provided documents, the body length of *Isotomurus jharkhandensis* is not explicitly stated. However, it is mentioned that this species is closely related to *Isotomurus indicus*, which has a body length of 1.93 mm and 1.82 mm . Since no specific measurements for *I. jharkhandensis* are provided, the exact body length cannot be determined from the available information.","Based on the provided documents, the body length of *Isotomurus jharkhandensis* is not explicitly stated. However, it is mentioned that this species is closely related to *Isotomurus indicus*, which has a body length of 1.93 mm and 1.82 mm . Since no specific measurements for *I. jharkhandensis* are provided, the exact body length cannot be determined from the available information.",plazi,1,0,,0,1,1.197,False,1.0,0.0,1.0,0.06557377049180328,0.09375,0.08761904761904762,1.0,0.0,1.0,0.06557377049180328,0.09375,0.08761904761904762
K178,e2e_sparse_generative,body_size,Entomobryidae,What is the body length of Entomobrya guadarramensis?,2.60 mm || 2.84 mm || 2.66 mm,3603,,,1.08,,"Based on the provided documents, the body length of *Entomobrya guadarramensis* is not specified .","Based on the provided documents, the body length of *Entomobrya guadarramensis* is not specified . Further details regarding its morphology are absent in the given source.",pmc,2,1,2,1,2,0.844,False,0.0,0.0,0.0,0.0,0.0,0.2222222222222222,0.0,0.0,0.0,0.0,0.0,0.24747474747474746
K179,e2e_sparse_generative,body_size,Hypogastruridae,What is the body length of Ceratophysella macrocantha?,2.4 mm,995,,,3.54,,"Based on the provided documents, the body length of *Ceratophysella macrocantha* is not explicitly mentioned . However, it can be inferred that its body length might be comparable to other closely related species within the genus, such as *Ceratophysella communis*, which has a body length up to 1.8 mm . Further specific measurements would require direct reference to detailed taxonomic studies or morphological analyses focused on *C. macrocantha*.","Based on the provided documents, the body length of *Ceratophysella macrocantha* is 2.4 mm . This measurement is specifically noted in the redescription of the species.",pmc,2,1,1,1,2,3.353,False,1.0,0.0,0.0,0.029411764705882356,0.028571428571428574,0.3537990196078431,1.0,0.0,1.0,0.14814814814814814,0.20689655172413793,0.4318181818181818
K180,e2e_sparse_generative,body_size,Arrhopalitidae,What is the body length of Arrhopalites ezoensis?,0.9mm || 0.9 mm,1659,,,1.23,,"Based on the provided documents, the total length of the adult female holotype of *Arrhopalites ezoensis* is 0.9 mm . There is no mention of the body length for males or other specimens.","Based on the provided documents, the body length of Arrhopalites ezoensis is 0.9 mm .",pmc,2,1,1,1,1,1.041,False,1.0,0.0,1.0,0.11764705882352941,0.16666666666666669,0.42307692307692313,1.0,0.0,1.0,0.25,0.33333333333333337,0.375
K181,e2e_sparse_generative,body_size,Neanuridae,What is the body length of Pseudachorutes scythicus?,1.15–1.40 mm || 1.15-1.40 mm,42,,,3.53,,"Based on the provided documents, the body length of *Pseudachorutes scythicus* without antennae ranges from 1.15 to 1.40 mm .","Based on the provided documents, the body length of *Pseudachorutes scythicus* is not explicitly stated. However, it is mentioned that *P. scythicus* has a similar number of labral and prelabral setae as *P. aleksandrae* sp. nov., but differs in other features such as the shape and size of PAO and the number of hr-setae on anal valves . No specific body length measurement for *P. scythicus* is given in the text.",pmc,2,1,1,1,1,3.349,False,1.0,0.0,0.0,0.09523809523809525,0.3846153846153846,0.3181818181818182,1.0,0.0,0.0,0.0,0.0,0.12936507936507935
K182,e2e_sparse_generative,body_size,Tomoceridae,What is the body length of Tomocerus ocreatus?,3.6 mm,814,,,3.6,,"Based on the provided documents, the body length of *Tomocerus ocreatus* is not explicitly stated. However, it is mentioned that *Tomocerus qinae* sp. nov. has a body length of approximately 3.3 mm, and comparisons suggest that *T. ocreatus* might be similar in size, though this is not confirmed . Further detailed measurements would be required for an accurate determination.","Based on the provided documents, there is no specific mention of the exact body length of *Tomocerus ocreatus*. The sources discuss variations in body size and relative lengths of body parts but do not provide a precise measurement . Further detailed morphometric data would be necessary to determine the body length accurately.",pmc,3,0,,0,1,3.407,False,1.0,0.0,0.0,0.03333333333333333,0.06451612903225806,0.26336580086580086,0.0,0.0,0.0,0.0,0.0,0.22051282051282053
K183,e2e_sparse_generative,body_size,Onychiuridae,What is the body length of Deuteraphorura kozmani?,1.8–2.6 mm || 1.8-2.6 mm || 2.0 mm,511,,,1.82,,"Based on the provided documents, the body length of *Deuteraphorura kozmani* ranges from 1.8 to 2.6 mm in females and 1.5 to 2.0 mm in males, with an average of 2.0 mm (n = 18) .","Based on the provided documents, the body length of *Deuteraphorura kozmani* is given as 1.8–2.6 mm in females and 1.5–2.0 mm in males .",pmc,2,1,1,1,1,1.615,False,1.0,0.0,1.0,0.1111111111111111,0.22727272727272727,0.8472222222222222,1.0,0.0,1.0,0.16,0.29411764705882354,0.09999999999999999
K184,e2e_sparse_generative,body_size,Paronellidae,What is the body length of Pseudoparonella seminigra?,2.4 mm,31,,,3.28,,"Based on the provided documents, the body length of *Pseudoparonella seminigra* is up to 2.4 mm .","Based on the provided documents, there is no specific mention of the body length of *Pseudoparonella seminigra*. The text discusses antennal characteristics and other morphological features but does not provide measurements related to body length . Therefore, the body length of *Pseudoparonella seminigra* cannot be determined from the given sources.",medline,2,1,1,1,1,3.015,False,1.0,0.0,1.0,0.2222222222222222,0.3,0.6,0.0,0.0,0.0,0.0,0.0,0.5277777777777778
K188,e2e_sparse_generative,body_size,Neelidae,What is the body length of Megalothorax roseus?,0.35 mm,1370,,,1.64,,"Based on the provided documents, the body length of *Megalothorax roseus* is up to 0.35 mm . This measurement is consistent with the description given for the species .","Based on the provided documents, the body length of *Megalothorax roseus* is up to 0.35 mm . This measurement is specifically noted for this newly described species within the genus *Megalothorax*.",pmc,2,1,1,1,1,1.39,False,1.0,0.0,1.0,0.13793103448275862,0.19354838709677416,0.33636363636363636,1.0,0.0,1.0,0.125,0.17647058823529413,0.2928571428571428
K190,e2e_sparse_generative,body_size,Isotomidae,What is the body length of Cylindropygus ferox?,0.65–0.80 mm || 0.65-0.80 mm,1205,,,3.89,,"Based on the provided documents, the body length of *Cylindropygus ferox* is 0.65 to 0.80 mm .","Based on the provided documents, the body length of *Cylindropygus ferox* is 0.65 to 0.80 mm .",plazi,1,1,1,1,1,3.689,False,1.0,0.0,0.0,0.1111111111111111,0.4347826086956522,0.125,1.0,0.0,0.0,0.1111111111111111,0.4347826086956522,0.125
K191,e2e_sparse_generative,body_size,Entomobryidae,What is the body length of Dicranocentrus liuae?,1.8 mm,650,,,1.94,,"Based on the provided documents, the body length of *Dicranocentrus liuae* is up to 1.8 mm .","Based on the provided documents, the body length of *Dicranocentrus liuae* is up to 1.8 mm .",pmc,2,1,1,1,1,1.733,False,1.0,0.0,1.0,0.2222222222222222,0.3,0.9,1.0,0.0,1.0,0.2222222222222222,0.3,0.6
K192,e2e_sparse_generative,body_size,Hypogastruridae,What is the body length of Ceratophysella communis?,1.8 mm,215,,,3.48,,"Based on the provided documents, the body length of *Ceratophysella communis* is up to 1.8 mm .","Based on the provided documents, the body length of *Ceratophysella communis* is not explicitly mentioned. However, *Ceratophysella karzynskisp. n.* is noted to have a maximum body length of 1.09 mm . Since *C. communis* is another species within the same genus, it may share similar characteristics, but without specific measurements for *C. communis*, this remains an inference .",pmc,2,1,1,1,1,3.14,False,1.0,0.0,1.0,0.2222222222222222,0.3,0.9,1.0,0.0,0.0,0.03448275862068965,0.06666666666666667,0.36877192982456136
K193,e2e_sparse_generative,habitat,Entomobryidae,What is the habitat of Coecobrya qinae?,decompositing leaf litter || leaf litter,2988,,,0.93,,,"Based on the provided documents, Coecobrya qinae is not directly mentioned. However, related species such as Collembola found in the Cavalum and Landeiro Caves suggest that similar species may inhabit cave environments . The specific habitat details for Coecobrya qinae are not provided in the given sources.",pmc,,0,,0,0,0.748,False,0.0,0.0,0.0,0.0,0.0,,1.0,0.0,0.0,0.0,0.0,0.4126984126984127
K194,e2e_sparse_generative,habitat,Tomoceridae,What is the habitat of Tomocerus oppositus?,"ground litter, dead logs and live mosses on steep slopes in a closed forest || ground litter",3536,,,1.21,,"Based on the provided documents, *Tomocerus (Ocreatomurus) oppositus* inhabits ground litter, dead logs, and live mosses on steep slopes within a closed forest, as well as under a wood board beside a cottage in a village .","Based on the provided documents, *Tomocerus oppositus* inhabits ground litter, dead logs, and live mosses on steep slopes in a closed forest, as well as under a wood board beside a cottage in a village .",pmc,2,1,1,1,1,1.031,False,1.0,0.0,1.0,0.56,0.52,0.41935483870967744,1.0,0.0,1.0,0.5714285714285715,0.5714285714285715,0.03333333333333333
K197,e2e_sparse_generative,habitat,Neanuridae,What is the habitat of Pseudachorutes deficiens?,rotten wood and litter of Quercus suber and Q. canariensis forest || rotten wood and litter,5320,,,2.05,,"Based on the provided documents, Pseudachorutes deficiens inhabits humid habitats . The specific details about its ecological preferences or exact environmental conditions are not elaborated further in the given text.","Based on the provided documents, Pseudachorutes deficiens inhabits humid habitats . The specific details about its ecological preferences or exact environmental conditions are not elaborated further in the given text.",plazi,1,1,1,1,1,1.753,False,1.0,0.0,0.0,0.0,0.0,0.3263157894736842,1.0,0.0,0.0,0.0,0.0,0.3263157894736842
K198,e2e_sparse_generative,habitat,Hypogastruridae,What is the habitat of Hypogastrura quadritenenta?,soil under decaying leaves and sticks in deciduous forest,4982,,,3.34,,"Based on the provided documents, there is no specific information about the habitat of *Hypogastrura quadritenenta*. The available data describe habitats for other species within the genus *Hypogastrura* and related genera, such as leaf litter in forests or soil, but these do not apply to *Hypogastrura quadritenenta* -.","Based on the provided documents, there is no specific mention of the habitat of *Hypogastrura quadritenenta*. However, related species such as *Hypogastrura viatica* prefer moist habitats and are often found along seacoasts , while *Hypogastrura manubrialis* is associated with wet habitats and has been found in heavily grazed vegetation . These observations suggest that *Hypogastrura quadritenenta* may also inhabit similar environments, but this remains speculative without direct evidence.",pmc,3,0,,0,2,3.155,False,1.0,0.0,0.0,0.10714285714285714,0.07142857142857142,0.29472140762463345,1.0,0.0,0.0,0.05333333333333334,0.05333333333333334,0.42697811447811446
K199,e2e_sparse_generative,habitat,Onychiuridae,What is the habitat of Thalassaphorura transbaikalica?,saline meadows and cryo-arid steppes || saline meadows,4197,,,0.18,,,,,,0,,0,0,0.003,False,0.0,0.0,0.0,0.0,0.0,,0.0,0.0,0.0,0.0,0.0,
K200,e2e_sparse_generative,habitat,Paronellidae,What is the habitat of Troglopedetes spectabilis?,a chamber in the dark zone of a cave || dark zone of a cave,11438,,,1.71,,"Based on the provided documents, *Troglopedetes spectabilis* exclusively inhabits a chamber in the dark zone of a cave, specifically within an oligotrophic habitat that is very humid and wet with muddy ground. The environmental conditions include air temperatures ranging from 23.5-24.3°C, soil temperatures between 22.9-23.1°C, and a relative humidity of 84% .","Based on the provided documents, Troglopedetes spectabilis inhabits cave environments, specifically wet and moist areas within caves. It is also occasionally found in guano patches in the dark zones of caves .",pmc,2,1,1,1,1,1.459,False,1.0,0.0,1.0,0.3,0.2647058823529412,0.2275132275132275,1.0,0.0,0.0,0.25,0.19999999999999998,0.4226190476190476
K202,e2e_sparse_generative,habitat,Tullbergiidae,What is the habitat of Sensiphorura oligoseta?,the dunes of the beach and tropical forest || dunes of the beach,3977,,,1.64,,"Based on the provided documents, Sensiphorura oligoseta is found in the dunes of the beach and tropical forest on the island of Hainan in southeastern China .","Based on the provided documents, Sensiphorura oligoseta is found in the dunes of the beach and tropical forest on the island of Hainan in southeastern China .",plazi,1,1,1,1,1,1.447,False,1.0,0.0,1.0,0.47058823529411764,0.47058823529411764,0.5238095238095238,1.0,0.0,1.0,0.47058823529411764,0.47058823529411764,0.5238095238095238
K203,e2e_sparse_generative,habitat,Neelidae,What is the habitat of Megalothorax sanguineus?,humid micro-habitats,11975,,,3.58,,"Based on the provided documents, Megalothorax sanguineus is mentioned in association with France , but specific habitat details are not directly provided. However, related species like Megalothorax minimus are noted to inhabit soil of alfalfa fields . The exact habitat of M. sanguineus remains unspecified in the given sources.","Based on the provided documents, the specific habitat of *Megalothorax sanguineus* is not explicitly mentioned. However, it is noted that *Megalothorax* species are found in preserved habitats, and some species have been recorded in caves . Further research is required to determine the exact habitat preferences of *Megalothorax sanguineus* .",pmc,3,0,,0,2,3.334,False,1.0,0.0,0.0,0.0,0.0,0.45669642857142856,1.0,0.0,0.0,0.0,0.0392156862745098,0.24358974358974358
K204,e2e_sparse_generative,habitat,Arrhopalitidae,What is the habitat of Pygmarrhopalites arbaicus?,caves,13880,,,1.74,,"Based on the provided documents, *Pygmarrhopalites arbaicus* is classified as an atmobiont troglomorph, indicating that it inhabits subterranean environments such as caves or rock shelters . The specific habitat details are not elaborated upon in the given text.","Based on the provided documents, *Pygmarrhopalites arbaicus* is described as a cave-dwelling species found in the Arabika Massif in the Caucasus. It is classified as an atmobiont troglomorph, indicating it primarily inhabits subterranean environments such as caves .",pmc,2,1,1,1,1,1.527,False,1.0,0.0,1.0,0.052631578947368425,0.052631578947368425,0.1,1.0,0.0,1.0,0.052631578947368425,0.05128205128205127,0.28125
K205,e2e_sparse_generative,habitat,Entomobryidae,What is the habitat of Sinella quinocula?,Under stones,353,,,3.69,,"Based on the provided documents, there is no specific mention of the habitat of *Sinella quinocula*. The available information pertains to other *Sinella* species such as *Sinella lipsae*, *Sinella curviseta*, and others, but none directly address *Sinella quinocula* , , , , . Therefore, the habitat of *Sinella quinocula* cannot be determined from the given sources.","Based on the provided documents, Sinella quinocula is not explicitly mentioned. However, Sinella curviseta, a closely related species, is noted to inhabit soil environments, as it is referred to as a ""soil model organism"" . Additionally, other Sinella species are found in various habitats including caves and different elevations in China . Without specific mention of Sinella quinocula, its exact habitat cannot be determined from the given sources.",pmc,2,0,,0,5,3.443,False,1.0,0.0,0.0,0.0,0.0,0.34965034965034963,1.0,0.0,0.0,0.0,0.0,0.4447463768115942
K206,e2e_sparse_generative,habitat,Tomoceridae,What is the habitat of Tomocerus troglodytes?,In cAVE || cave,5701,,,4.1,,"Based on the provided documents, there is no direct mention of the habitat of *Tomocerus troglodytes*. However, related species within the genus *Tomocerus* are found in habitats such as soil, leaf litter, mixed forests, and mosses on tree trunks ,,. For precise details about *T. troglodytes*, additional research would be required.","Based on the provided documents, the specific habitat of *Tomocerus troglodytes* is not directly mentioned. However, related species like *Parobisium yosemite* are associated with caves in Yosemite National Park, USA . Other *Tomocerus* species are found in leaf litter, rotten woods, live mosses, and soil environments in forests , . Therefore, it can be inferred that *Tomocerus troglodytes* likely inhabits similar terrestrial environments, possibly including soils and organic matter in forested areas.",pmc,3,0,,0,3,3.836,False,1.0,0.0,0.0,0.038461538461538464,0.038461538461538464,0.18873517786561267,1.0,0.0,1.0,0.028169014084507046,0.028169014084507046,0.42005347593582887
K207,e2e_sparse_generative,habitat,Isotomidae,What is the habitat of Semicerura draconis?,forest litter,10352,,,3.39,,"Based on the provided documents, there is no specific information about the habitat of *Semicerura draconis*. The term ""draconis"" appears in several entries, but none refer explicitly to *Semicerura draconis* or its habitat. Therefore, the available sources do not provide details regarding this species' habitat .","Based on the provided documents, Semicerura draconis is a cave-dwelling springtail. It has been discovered in caves in southern China, specifically in Guangxi Province, where it inhabits environments associated with entomobryids . There is no specific mention of its exact microhabitat beyond being found in cave systems.",pmc,3,0,,0,5,3.122,False,0.0,0.0,0.0,0.0,0.0,0.4301841948900772,1.0,0.0,0.0,0.0,0.0,0.2222222222222222
K208,e2e_sparse_generative,habitat,Sminthuridae,What is the habitat of Szeptyckitheca spinimucronata?,a coniferous forest of Cryptomeria fortunei || coniferous forest,1635,,,1.52,,"Based on the provided documents, Szeptyckitheca spinimucronata was found in a coniferous forest of Cryptomeria fortunei .","Based on the provided documents, Szeptyckitheca spinimucronata was found in a coniferous forest of Cryptomeria fortunei (Itoh and Zhao 1993). The exact habitat details are limited to this location .",pmc,2,1,1,1,1,1.273,False,1.0,0.0,1.0,0.5454545454545454,0.5454545454545454,0.45454545454545453,1.0,0.0,1.0,0.34285714285714286,0.34285714285714286,0.3333333333333333
K209,e2e_sparse_generative,habitat,Neanuridae,What is the habitat of Pseudachorutes cheni?,soil under a stack of decayed grass in the orange grove,3294,,,4.71,,"Based on the provided documents, there is no specific information about the habitat of *Pseudachorutes cheni*. The available data describe habitats for other species within the genus *Pseudachorutes*, such as soil and leaf litter, but not for *Pseudachorutes cheni* -.","Based on the provided documents, there is no specific information regarding the habitat of *Pseudachorutes cheni*. However, related species such as *Pseudachorutes subcrassus* are mentioned to inhabit soil and leaf litter in Iran . For *Pachytriton cheni*, it was found in a nature reserve within a humid environment in Anhui, China . Therefore, while direct data on *Pseudachorutes cheni* is lacking, similar species suggest potential habitats involving moist environments like forests or grasslands.",pmc,3,0,,0,2,4.43,False,1.0,0.0,0.0,0.12000000000000001,0.08,0.24308300395256918,1.0,0.0,0.0,0.12195121951219513,0.07317073170731707,0.3510949834479246
K210,e2e_sparse_generative,habitat,Hypogastruridae,What is the habitat of Hypogastrura variata?,a saline maritime marsh || saline maritime marsh,7292,,,2.56,,"Based on the provided documents, Hypogastrura variata is found in high-montane habitats in the European Alps . This species is distinguished by specific morphological features that differentiate it from other related species such as H. oreophila and H. exigua, which also inhabit montane regions . No additional details about its exact habitat preferences beyond the high-montane environment are provided in the sources.","Based on the provided documents, Hypogastrura variata is described as being from high-montane habitats in the European Alps . However, specific details about its exact habitat preferences or ecological niche are not elaborated upon in the given texts.",pmc,2,1,1,1,1,2.293,False,1.0,0.0,0.0,0.0,0.0,0.2497326203208556,1.0,0.0,0.0,0.0,0.0,0.3360323886639676
K211,e2e_sparse_generative,habitat,Onychiuridae,What is the habitat of Spinonychiurus sinensis?,the coniferous forest || coniferous forest,4241,,,3.14,,"Based on the provided documents, there is no direct mention of the habitat of *Spinonychiurus sinensis*. However, related species such as *Spinonychiurus persicus* are noted to inhabit soil and leaf litter in pine and oak forests in Iran . Similarly, *Spinonychiurus tianshanicus* is found in soil under cereal, chestnut, and pine trees in Iran . While these details pertain to closely related species, they suggest that *Spinonychiurus sinensis* might share similar habitats. Further research would be needed for confirmation.","Based on the provided documents, there is no specific mention of the habitat of *Spinonychiurus sinensis*. However, related species such as *Spinonychiurus persicus* are noted to inhabit soil and leaf litter in pine and oak forests in Iran . Therefore, it is plausible that *Spinonychiurus sinensis* might share a similar ecological niche, although this remains speculative without direct evidence.",pmc,3,0,,0,2,2.965,False,1.0,0.0,0.0,0.025,0.025,0.3589304812834225,1.0,0.0,0.0,0.03278688524590164,0.03278688524590164,0.07575757575757576
K212,e2e_sparse_generative,habitat,Paronellidae,What is the habitat of Cyphoderus mucrominimus?,iron caves,4508,,,2.08,,"Based on the provided documents, there is no specific information about the habitat of *Cyphoderus mucrominimus*. The available data describe habitats for other *Cyphoderus* species such as forest soil under stone, soil and litter of walnut gardens, soil, and caves, but none directly relate to *C. mucrominimus* . Further research or documentation would be required to determine its habitat.","Based on the provided documents, *Cyphoderus mucrominimus* is associated with cave environments. It is specifically mentioned as a troglophile species found in the Caatinga biome, Brazil, indicating its preference for subterranean habitats . Additionally, it is noted as part of the fauna inhabiting ferruginous rocks, suggesting a connection to rocky cave systems .",pmc,2,0,,0,4,1.854,False,1.0,0.0,0.0,0.03333333333333333,0.03333333333333333,0.3151515151515152,1.0,0.0,0.0,0.0,0.0,0.4799498746867168
K214,e2e_sparse_generative,habitat,Entomobryidae,What is the habitat of Coecobrya cavicola?,the dark zone of the cave || dark zone of the cave,8722,,,1.12,,"Based on the provided documents, Coecobrya cavicola inhabits an oligotrophic area within the wet and humid dark zone of a cave . This species was discovered in a cave environment characterized by low nutrient availability and constant humidity .","Based on the provided documents, Coecobrya cavicola is restricted to the subterranean environment . This species was found in caves, indicating its adaptation to underground habitats .",pmc,2,1,1,1,1,0.919,False,1.0,0.0,0.0,0.27906976744186046,0.23255813953488372,0.4375,1.0,0.0,0.0,0.12903225806451613,0.12903225806451613,0.16666666666666666
K215,e2e_sparse_generative,habitat,Tomoceridae,What is the habitat of Plutomurus jangamensis?,piles of bat guano in the Dark Zone || bat guano,6348,,,2.01,,"Based on the provided documents, there is no specific information regarding the habitat of *Plutomurus jangamensis*. The details given pertain to *Plutomurus ruseki* and do not mention *P. jangamensis* . Therefore, the habitat of *Plutomurus jangamensis* cannot be determined from the available sources.","Based on the provided documents, there is no specific information about the habitat of *Plutomurus jangamensis*. The mentioned species *Plutomurus ruseki* and *Plutomurus carpaticus* are associated with subterranean habitats such as karst regions and ice caves . However, without direct reference to *P. jangamensis*, its exact habitat cannot be determined from the given sources.",pmc,2,0,,0,1,1.831,False,1.0,0.0,0.0,0.08,0.08,0.16705516705516704,1.0,0.0,0.0,0.06557377049180328,0.06557377049180328,0.16363636363636364
K216,e2e_sparse_generative,habitat,Isotomidae,What is the habitat of Pseudanurophorus barathrum?,littoral zone of the shore of Lake Baikal || shingly beaches || littoral zone,7136,,,0.86,,,"Based on the provided documents, Pseudanurophorus barathrum is found on the shore of Lake Baikal and saline lakes of continental Asia . This indicates that it inhabits these specific environments, likely preferring moist or aquatic conditions associated with such regions.",pmc,,0,,0,0,0.611,False,0.0,0.0,0.0,0.0,0.0,,1.0,0.0,0.0,0.25531914893617025,0.21276595744680848,0.46875
K218,e2e_sparse_generative,habitat,Neanuridae,What is the habitat of Bilobella matsakisi?,the thick layer of leaf litter of an oak forest || leaf litter || decaying wood,5584,,,2.76,,"Based on the provided documents, Bilobella matsakisi appears to be euryoecious in terms of habitat requirements, suggesting it can thrive in various environments. However, specific habitat details for Bilobella matsakisi are not explicitly stated in the given texts . The related species, Anamastigona matsakisi, is associated with macquis habitats featuring Juniperus phoenicea L., which might indicate similar ecological preferences . Further research would be needed to confirm if these habitats apply to Bilobella matsakisi specifically.","Based on the provided documents, Bilobella matsakisi appears to be euryoecious in terms of habitat requirements, suggesting it can thrive in various environments. However, specific habitat details for Bilobella matsakisi are not explicitly stated in the given texts . The related species, Anamastigona matsakisi, is associated with macquis habitats featuring Juniperus phoenicea L., which might indicate similar ecological preferences . Further research would be needed to confirm if these habitats apply to Bilobella matsakisi specifically.",plazi,1,1,1,1,2,2.483,False,1.0,0.0,0.0,0.048192771084337345,0.048192771084337345,0.23555555555555555,1.0,0.0,0.0,0.048192771084337345,0.048192771084337345,0.23555555555555555
K219,e2e_sparse_generative,habitat,Hypogastruridae,What is the habitat of Hypogastrura heptasetata?,soil under tiles and leaves,3418,,,1.08,,,"Based on the provided documents, there is no specific information about the habitat of *Hypogastrura heptasetata*. The available data focus on morphological distinctions between species within the genus *Hypogastrura* but do not mention the ecological or habitat preferences of *H. heptasetata* . Further research would be needed to determine its habitat.",pmc,,0,,0,0,0.898,False,0.0,0.0,0.0,0.0,0.0,,1.0,0.0,0.0,0.0,0.0,0.3341750841750842
K220,e2e_sparse_generative,habitat,Onychiuridae,What is the habitat of Deuteraphorura akelaris?,organic remains and the surface of gours || Troglobiont,4840,,,1.04,,"Based on the provided documents, Deuteraphorura akelaris inhabits caves in Spain (Navarra) .","Based on the provided documents, *Deuteraphorura akelaris* inhabits caves in Spain (Navarra) . The specific environmental conditions within these caves are not detailed in the given text.",pmc,2,0,,0,1,0.861,False,1.0,0.0,0.0,0.10526315789473685,0.10526315789473685,0.2857142857142857,1.0,0.0,0.0,0.060606060606060615,0.060606060606060615,0.25
K221,e2e_sparse_generative,habitat,Paronellidae,What is the habitat of Troglobius ferroicus?,iron-caves || water film over the rocks and organic debris,3921,,,2.08,,"Based on the provided documents, Troglobius ferroicus inhabits small (less than 100 m deep) iron caves, specifically dwelling on the water film over rocks and organic debris in the aphotic zone. It is likely to reside in the Mesovoid Shallow Substratum (MSS) and adjacent areas within these caves .","Based on the provided documents, Troglobius ferroicus inhabits small (less than 100 m deep) iron caves, specifically dwelling on the water film over rocks and organic debris in the aphotic zone. It is likely to reside in the Mesovoid Shallow Substratum (MSS) and adjacent areas within these caves .",plazi,1,1,1,1,1,1.893,False,1.0,0.0,0.0,0.2857142857142857,0.25000000000000006,0.31900452488687786,1.0,0.0,0.0,0.2857142857142857,0.25000000000000006,0.31900452488687786
K223,e2e_sparse_generative,habitat,Entomobryidae,What is the habitat of Homidia quadripora?,beneath leaf litter on a mountain slope || leaf litter,10895,,,0.51,,"Based on the provided documents, Homidia quadripora is found beneath leaf litter on a mountain slope .","Based on the provided documents, Homidia quadripora is found beneath leaf litter on a mountain slope .",plazi,1,1,1,1,1,0.264,False,1.0,0.0,1.0,0.6086956521739131,0.6086956521739131,0.36363636363636365,1.0,0.0,1.0,0.6086956521739131,0.6086956521739131,0.36363636363636365
K225,e2e_sparse_generative,habitat,Isotomidae,What is the habitat of Isotomurus palustris?,damp habitats,317,,,3.69,,"Based on the provided documents, *Isotomurus palustris* inhabits soil in rapeseed fields in Iran . This species is also noted for its unclear general distribution, requiring further revision .","Based on the provided documents, *Isotomurus palustris* inhabits damp habitats . Additionally, it has been found in ruderal areas and along pods and puddles in forests . Its presence in these environments suggests a preference for moist or wet conditions.",pmc,2,0,,0,1,3.464,False,1.0,0.0,0.0,0.0,0.0,0.6367521367521367,1.0,0.0,1.0,0.1,0.1,0.20683760683760685
K226,e2e_sparse_generative,habitat,Sminthuridae,What is the habitat of Szeptyckitheca mucroserrata?,"Australian pine needles, leaf mold, and forest debris || forest litter || sand dunes",1918,,,2.15,,"Based on the provided documents, Szeptyckitheca mucroserrata is found associated with Australian pine needles, leaf mold, and forest debris in Florida, USA . In Brazil, specimens of Szeptyckitheca mucroserrata were found associated with forest litter and on sand dunes .","Based on the provided documents, *Szeptyckitheca mucroserrata* is known to inhabit environments associated with Australian pine needles, leaf mold, and forest debris in Florida, USA . In Brazil, it has been found in association with forest litter and on sand dunes .",pmc,2,1,1,1,1,1.904,False,1.0,0.0,1.0,0.34782608695652173,0.34782608695652173,0.30514705882352944,1.0,0.0,1.0,0.33333333333333337,0.33333333333333337,0.31666666666666665
K228,e2e_sparse_generative,habitat,Hypogastruridae,What is the habitat of Triacanthella madiba?,bat guano in a cave || bat guano,7672,,,1.75,,"Based on the provided documents, Triacanthella madiba is found abundantly in the guano microhabitat of Wynberg cave and was not found outside in Table Mountain. This suggests that its primary habitat is within the guano-rich environment of caves in this region .","Based on the provided documents, Triacanthella madiba is primarily found in the guano microhabitat of Wynberg cave in Table Mountain, indicating a troglophilic lifestyle in this specific area . It has not been reported outside of this location, suggesting its association with cave environments .",pmc,2,1,1,1,1,1.575,False,0.0,0.0,0.0,0.13043478260869565,0.0851063829787234,0.3375,1.0,0.0,0.0,0.16666666666666666,0.16666666666666666,0.21884057971014492
K229,e2e_sparse_generative,habitat,Onychiuridae,What is the habitat of Leeonychiurus fusongensis?,the broadleaved forest || broadleaved forest,3677,,,1.42,,"Based on the provided documents, there is no specific information about the habitat of *Leeonychiurus fusongensis*. The text mentions *Serratella fusongensis* (not *Leeonychiurus fusongensis*) being from north-eastern China, but it does not describe its habitat . Therefore, the habitat of *Leeonychiurus fusongensis* cannot be determined from the given sources.","Based on the provided documents, there is no specific information about the habitat of *Leeonychiurus fusongensis*. The text mentions *Serratella fusongensis* (not *Leeonychiurus fusongensis*) being from north-eastern China, but it does not describe its habitat . Therefore, the habitat of *Leeonychiurus fusongensis* cannot be determined from the given sources.",plazi,1,0,,0,1,1.08,False,1.0,0.0,0.0,0.0392156862745098,0.03846153846153846,0.1772788614893878,1.0,0.0,0.0,0.0392156862745098,0.03846153846153846,0.1772788614893878
K230,e2e_sparse_generative,habitat,Paronellidae,What is the habitat of Trogolaphysa giordanoae?,"guanophile || entrance, twilight (Fig. 22) and dark zones of caves || caves",7189,,,2.18,,"Based on the provided documents, Trogolaphysa giordanoae is a guanophile, recorded from the entrance, twilight, and dark zones of caves. It is often found on the floor of caves, though it can also be present on cave walls. The species is frequently associated with fruit bat or other guano .","Based on the provided documents, Trogolaphysa giordanoae sp. n. inhabits cave environments, specifically the entrance, twilight, and dark zones of caves. It is often associated with guano and is predominantly found on the floor of caves, though it can also occur on cave walls .",pmc,2,1,1,1,1,1.889,False,1.0,0.0,1.0,0.24137931034482757,0.24137931034482757,0.19326599326599325,1.0,0.0,1.0,0.2641509433962264,0.2641509433962264,0.36594202898550726
K231,e2e_sparse_generative,habitat,Entomobryidae,What is the habitat of Lepidocyrtus florae?,moss on alder logs || moss,6076,,,4.34,,"Based on the provided documents, there is no specific information about the habitat of *Lepidocyrtus florae*. The available data describe habitats for other species such as *Ascocyrtus medius*, *Lepidocyrtus simplex*, *Lepidocyrtus cyaneus*, *Lepidocyrtus curvicollis*, and *Acrocyrtus bipunctatus* but do not mention *Lepidocyrtus florae* , , , . Therefore, the habitat of this particular species cannot be determined from the given sources.","Based on the provided documents, Lepidocyrtus florae is associated with alder forests . Additionally, it has been recorded in riparian habitats, specifically in areas with interstitial soil .",pmc,3,0,,0,4,4.086,False,1.0,0.0,0.0,0.03278688524590164,0.03278688524590164,0.5574795574795575,1.0,0.0,0.0,0.13333333333333336,0.13333333333333336,0.4642857142857143
K232,e2e_sparse_generative,habitat,Tomoceridae,What is the habitat of Plutomurus shurubumuensis?,troglophilous,8235,,,1.03,,,"Based on the provided documents, $Plutomurus$ $shurubumuensis$ is mentioned as one of the Georgian congeners that are cave inhabitants, unlike $P.$ $abchasicus$, which occupies forest soils . Therefore, the habitat of $Plutomurus$ $shurubumuensis$ is caves.",pmc,,0,,0,0,0.86,False,0.0,0.0,0.0,0.0,0.0,,1.0,0.0,0.0,0.0,0.0,0.1875
K233,e2e_sparse_generative,habitat,Isotomidae,What is the habitat of Cryptopygus bulbus?,leaf litter in indigenous vegetation || leaf litter,4304,,,0.18,,,,,,0,,0,0,0.003,False,0.0,0.0,0.0,0.0,0.0,,0.0,0.0,0.0,0.0,0.0,
K235,e2e_sparse_generative,trophic_guild,Entomobryidae,What does Coecobrya ellisi feed on?,bat guano || patches of bat guano,8806,,,1.58,,"Based on the provided documents, *Coecobrya ellisi* feeds on patches of bat guano in mesotrophic to eutrophic habitats within its cave environment .","Based on the provided documents, Coecobrya ellisi feeds on bat guano and organic matter . This dietary preference is noted in the context of its occurrence in meso to eutrophic habitats within caves .",pmc,2,1,1,1,1,1.332,False,1.0,0.0,1.0,0.3076923076923077,0.3076923076923077,0.35294117647058826,1.0,0.0,1.0,0.16666666666666666,0.11764705882352941,0.1111111111111111
K236,e2e_sparse_generative,trophic_guild,Tullbergiidae,What does Prabhergia mana feed on?,fungi,5689,,,2.71,,"Based on the provided documents, Prabhergia mana sp. nov. likely feeds on fungi, as it was found in bee nesting holes, suggesting a probable diet consisting of fungal material . The specific feeding habits have not been explicitly detailed in the given sources.","Based on the provided documents, there is no specific information regarding the diet or feeding habits of *Prabhergia mana* . The source only mentions that this species was discovered in bee nests within the Rio de Janeiro Botanical Garden, but it does not describe its food sources. Further research would be needed to determine its dietary preferences.",pmc,3,1,1,1,1,2.48,False,1.0,0.0,1.0,0.046511627906976744,0.046511627906976744,0.40897435897435896,1.0,0.0,0.0,0.0,0.0,0.10846560846560846
K237,e2e_sparse_generative,trophic_guild,Entomobryidae,What does Willowsia solanella feed on?,superficial molds and fine organic debris || fungivorous – detritivorous || molds,4771,,,0.66,,"Based on the provided documents, Willowsia solanella feeds primarily on superficial molds and fine organic debris. It is described as a fungivorous detritivorous species .","Based on the provided documents, Willowsia solanella feeds primarily on superficial molds and fine organic debris. It is described as a fungivorous detritivorous species .",plazi,1,1,1,1,1,0.464,False,1.0,0.0,1.0,0.4,0.4,0.19886363636363635,1.0,0.0,1.0,0.4,0.4,0.19886363636363635
K238,e2e_sparse_generative,trophic_guild,Entomobryidae,What does Coecobrya sirindhornae feed on?,a cricket corpse || cricket corpse,10815,,,1.23,,"Based on the provided documents, Coecobrya sirindhornae was observed feeding on a cricket corpse . There is no further detailed information about its diet in the given sources.","Based on the provided documents, Coecobrya sirindhornae feeds on a cricket corpse . Additionally, it is noted that related species within the genus Coecobrya typically feed on bat guano and organic matter in cave environments .",pmc,2,1,1,1,1,1.027,False,1.0,0.0,1.0,0.19999999999999998,0.19999999999999998,0.26068376068376065,1.0,0.0,1.0,0.1621621621621622,0.1621621621621622,0.512987012987013
K244,e2e_sparse_generative,trophic_guild,Entomobryidae,What does Lepidocyrtus bicoloris feed on?,fungal hyphae and spores || fungal hyphae,2527,,,2.46,,"Based on the provided documents, there is no specific information regarding the diet of *Lepidocyrtus bicoloris*. The available sources focus on taxonomic descriptions and morphological characteristics rather than ecological data or feeding habits . Further research would be needed to determine its dietary preferences.","Based on the provided documents, Lepidocyrtus bicoloris is mentioned as inhabiting leaf litter in forest environments in Iran . However, specific dietary preferences or feeding habits of this species are not detailed in the given sources. Therefore, its exact diet cannot be determined from the available information.",pmc,2,1,1,1,1,2.21,False,1.0,0.0,0.0,0.0425531914893617,0.0425531914893617,0.18003565062388593,1.0,0.0,0.0,0.0,0.0,0.12546277252159604
K247,e2e_sparse_generative,trophic_guild,Tullbergiidae,What does Paratullbergia chuana feed on?,fungivorous || spores and mycelium fragments of soil fungi || soil fungi,8754,,,1.54,,"Based on the provided documents, there is no specific information regarding the feeding habits or diet of *Paratullbergia chuana*. The description focuses on morphological characteristics rather than ecological or dietary preferences .","Based on the provided documents, there is no specific information regarding the diet or feeding habits of *Paratullbergia chuana* . The description focuses on morphological characteristics rather than ecological preferences.",medline,3,1,1,1,1,1.303,False,1.0,0.0,0.0,0.052631578947368425,0.052631578947368425,0.10714285714285714,1.0,0.0,0.0,0.05555555555555555,0.05555555555555555,0.32857142857142857
K248,e2e_sparse_generative,trophic_guild,unassigned,What does Neelus koseli feed on?,clay and organic particles || fungal hyphae || fungal spores,9664,,,2.15,,"Based on the provided documents, there is no specific information regarding the diet or feeding habits of *Neelus koseli*. The sources discuss taxonomic relationships, morphological characteristics, and geographic distributions but do not mention dietary preferences . Further research would be needed to determine the feeding ecology of this species.","Based on the provided documents, there is no specific information regarding the diet of *Neelus koseli*. The sources mention ecological associations and morphological characteristics but do not provide details about feeding habits . Further research would be needed to determine the dietary preferences of this species.",pmc,2,1,1,1,1,1.937,False,1.0,0.0,0.0,0.038461538461538464,0.038461538461538464,0.18818681318681318,0.0,0.0,0.0,0.04081632653061225,0.04081632653061225,0.23513986013986013
