qid,docid,taxon,family,question_type,question,gold_answer,gold_context,answer_offset,text_length,treatment_title,article_title,doi,treatment_uri,curation_note
K001,038187D3FFFEFFAEFF27FF3DFA3EAA55,Arrhopalites potapovi,unassigned,body_size,What is the body length of Arrhopalites potapovi?,0.88 mm || up to 0.88 mm,"Diagnosis. Body length up to 0.88 mm. White or very slightly pigmented with reddish spots. Trichobothria ABC form right angle and AB =2 BC. Antenna about 1.3× of head length; Ant IV not subdivided or with about 5 pseudosubsegments, with 12 whorls of setae. Head dorsum with 13 spine-like setae. All claws with inner tooth, claws II and ",29,13052,"Arrhopalites potapovi Vargovitsh, 2015, sp. nov.","Arrhopalites potapovi sp. nov. (Collembola, Symphypleona) from Russia",10.11646/zootaxa.3955.1.5,http://treatment.plazi.org/id/038187D3FFFEFFAEFF27FF3DFA3EAA55,
K003,03F06833FFAF647A8CC6F741FCDBFD87,Ephemerotoma skarzynskii,Hypogastruridae,habitat,What is the habitat of Ephemerotoma skarzynskii?,oak leaf litter || in oak leaf litter and on the ground,"ism between the two species is impossible since E. skarzynskii sp. nov. is described based on females and non reproductive males while E. porcella was collected in a reproducing population. Distribution and ecology. Known only from the type locality. The species was observed in mass aggregations in oak leaf litter and on the ground. It was recorded only in January and February and was absent in June and September. Name derivation. It is our pleasure to dedicate this species to our colleague, Dr. Dariusz Skarżyński, the leading expert on collembolans of the family Hypogastruridae .",5337,5624,"Ephemerotoma skarzynskii Potapov, Kahrarian, Deharveng & Shayanmehr, 2015, sp. nov.",Taxonomy of the Proisotoma complex. V. Sexually dimorphic Ephemerotoma gen. nov. (Collembola: Isotomidae),10.11646/zootaxa.4052.3.4,http://treatment.plazi.org/id/03F06833FFAF647A8CC6F741FCDBFD87,candidate span was not the type locality; habitat stated instead
K005,03C387C2FFE6FFC7FE9C435EAF713706,Arrhopalites plectrifer,Arrhopalitidae,body_size,What is the body length of Arrhopalites plectrifer?,1.0 mm || ~1.0 mm,"Type locality: El Salvador. Cochlearifer ­group. Total length, ~1.0 mm. Ant. III swollen basally, with a clear papilla. Ant. IV divided into five subsegments. All ungues with a small inner tooth, and tunica. First and second unguiculi with corner tooth, apical filament exceeding the unguis tip in all unguiculi. Dental chaetotaxy in table 3, ventral dental formula 3: 2",64,470,Arrhopalites plectrifer Huther 1963,"The genus Arrhopalites Börner, 1906 (Collembola, Appendiciphora, Arrhopalitidae) in the Neotropical Region, with description of four new cave species from Brazil",10.5281/zenodo.171788,http://treatment.plazi.org/id/03C387C2FFE6FFC7FE9C435EAF713706,
K007,03FF1701192EFF8F95AAFF229FB420E1,Plutomurus ruseki,Tomoceridae,habitat,What is the habitat of Plutomurus ruseki?,entrance and twilight zone of caves || caves || troglophilous,".v.i., Institute of Soil Biology, České Budějovice, Czech Republic), an outstanding Collembola taxonomist and ecologist, and Ph.D. supervisor and a great colleague of the last author. Ecology. It is a troglophilous species, considering the presence of pigmented body and 6+6 eyes. It lives mostly in entrance and twilight zone of caves, in several cases it was found to occupy even dark cave zone. It was also found to occupy forest soils and mosses. Distribution. This species is distributed in different karst regions of the Western Carpathians, Slovakia, with exception of the Pieniny Mountains. A Plutomurus specimen with 3 Mc on t",12802,13310,"Plutomurus ruseki Barjadze, Kovac & Parimuchova 2022, sp. nov.",Two new species of Plutomurus Yosii (Collembola: Tomoceridae) from the Caucasus and central Europe,10.11646/zootaxa.5169.3.2,http://treatment.plazi.org/id/03FF1701192EFF8F95AAFF229FB420E1,
K011,3D404F72FFDBFFD85E8FFB3CDC0BF977,Metacoelura majeri,Paronellidae,body_size,What is the body length of Metacoelura majeri?,2.3 mm || up to 2.3 mm,"Description. Body length up to 2.3 mm. Ant. I and proximal part of Ant. II blue, Ant. III & IV white. Eye patches dark blue and narrow blue stripe present anteriorly between eye patches. Two irregular medial longitudinal stripes present from Th. II to Abd. IV. Tibiotarsus with slight blue pigment; furcula white (Figs 5−6, 27). Antenna ",31,2948,"Metacoelura majeri Ma, Zhao & Greenslade, 2016, sp. nov.","A new species of Metacoelura (Collembola: Paronellidae) from Australia, and redescription of Metacoelura articulata",10.11646/zootaxa.4105.4.6,http://treatment.plazi.org/id/3D404F72FFDBFFD85E8FFB3CDC0BF977,
K012,F8468796FF92FFE0FD855DAAFAD537C0,Spinaethorax adamantis,Neelidae,body_size,What is the body length of Spinaethorax adamantis?,550 µm || ~ 550 µm,"erial examined Paratypes VIETNAM: 3 ♀♀, 1 ♂, 1 specimen of unknown sex on 3 slides, same data as the holotype, three paratypes deposited in the collection of the MNHN (France), two paratypes in the collection of the HCMU (Vietnam) . Description SIZE. Length from labrum to anus of largest specimen ~ 550 µm. PIGMENTATION. Whitish in alcohol. GENERAL SHAPE AND BODY SEGMENTATION (Fig. 1). Orthognathous. Antennae directed laterally with a slight curve toward the anterior direction, slender. Ant. III and IV fused. Total length of antenna ~ 148 µm; max width (Ant. III) ~ 18 µm; ratio width: length ~ 0.12; ",1734,15884,"Spinaethorax adamantis Schneider & Deharveng & Umr & Umr 2017, sp. nov.","First record of the genus Spinaethorax Papáč & Palacios-Vargas, 2016 (Collembola, Neelipleona, Neelidae) in Asia, with a new species from a Vietnamese cave",10.5852/ejt.2017.363,http://treatment.plazi.org/id/F8468796FF92FFE0FD855DAAFAD537C0,holotype depository not stated in this treatment; size given instead
K014,C9E98ADD8F7F5DB0B7EE9E6D7F575FDB,Mastigoceras handschini,Orchesellidae,body_size,What is the body length of Mastigoceras handschini?,1.65 mm || 1.32 to 2.22 mm,"Figs 3, 4, 5, 6, 7, Table 1 Type material. Holotype: Brazil • 1 male, 1.65 mm; Piauí state, Pedro II municipality, Urubu-rei waterfall; 4 ° 19 ' 37.90 "" S, 41 ° 27 ' 45.89 "" W; 06 Nov. 2019; E. P. Santos leg.; soil surface / entomological aspirators; GenBank: PP 960563; deposited at CC / UFRN, Mastigoceras handschini . Paratypes: • 4 females and 4 males in slides, same data ",70,11612,"Mastigoceras handschini Rodrigues, Souza & Bellini 2024, sp. nov.","A century later: a new species of Mastigoceras Handschin, 1924 (Collembola, Orchesellidae), with morphological and systematic updates on the genus",10.3897/zookeys.1217.132351,http://treatment.plazi.org/id/C9E98ADD8F7F5DB0B7EE9E6D7F575FDB,
K019,6CB1AEDA09E85EB254C928B8B074EDF1,Cyphoderus khaochakanus,Cyphoderidae,habitat,What is the habitat of Cyphoderus khaochakanus?,on guano in the dark zone of a karstic cave || guano in the dark zone of a karstic cave || guano,"ZC2011.SAK-001H, male). Body Ant Head Ant.I Ant.II Ant.III Ant.IV Th.II Th.III Abd.I Abd.II Abd.III Abd.IV Abd.V Abd.VI Man Dens Mucro Etymology. From the locality ""Khao Chakan"" district, in SaKaeo province, where this species is found. Distribution. Only known from type locality. Ecology. Abundant on guano in the dark zone of a karstic cave.",7069,7113,"Cyphoderus khaochakanus Jantarit, Satasook & Deharveng, 2014, sp. n.","Cyphoderus (Cyphoderidae) as a major component of collembolan cave fauna in Thailand, with description of two new species",http://dx.doi.org/10.3897/zookeys.368.6393,http://treatment.plazi.org/id/6CB1AEDA09E85EB254C928B8B074EDF1,
K021,03AB457E0926FFB124E7F9AD3075FBF8,Papirioides zhejiangensis,Dicyrtomidae,habitat,What is the habitat of Papirioides zhejiangensis?,under wet wood and in litter in deciduous forest,"seta VL2 (L) as strong spine; av1–4 serrate, av1 & av2 stronger than av3 & av4; appendices anales av5 as thick spines and shorter than av1–4; sa1–3 ciliate, sa3 much larger than sa1 & sa2; AV1 as cup sensilla, AV2–8 small and smooth; cuticular cone near and internal to AV2 (Fig. 31). Ecology. Found under wet wood and in litter in deciduous forest. Etymology. Named after the type locality, Zhejiang Province, China. Discussion. The new species, Papirioides zhejiangensis , is most close to the Indonesian species P. tonsori in the circumanal and dens setae. However, it differs from the latter in the facial setal pattern, length of dorsal club o",6120,8098,"Papirioides zhejiangensis Li, Chen & Li, 2007, sp. nov.",A new species of the genus Papirioides (Collembola: Dicyrtomidae) from China,10.5281/zenodo.177081,http://treatment.plazi.org/id/03AB457E0926FFB124E7F9AD3075FBF8,
K025,3F2B64127F2214239E8C41E82727C418,Sinella qixiaensis,Entomobryidae,habitat,What is the habitat of Sinella qixiaensis?,decomposing leaves along the roads,"de of one specimen. Abd. III with one (m3) central, three (am6, pm6, p6) lateral mac and two sens; ms absent (Fig. 35). Abd. IV with seven central (I, M, A5-6, B4-6), six lateral mac (D3, E2-4, E2p, F1), and at least 17 sens; sens as and ps short (Fig. 36). Abd. V with 3 sens (Fig. 37). Ecology. In decomposing leaves along the roads. Remarks. Sinella qixiaensis sp. n. is characterized by blindness, the paddle-like sens of Ant. III organ and abundant smooth chaetae on the manubrium. It is most similar to Sinella insolens Chen & Christiansen, 1993 and Sinella sineocula Chen & Christiansen, 1993. It differs from the former in the",4224,4799,"Sinella qixiaensis Xu & Zhang, 2016, sp. n.","New blind species and new records of Sinella from Nanjing, China (Collembola, Entomobryidae)",http://dx.doi.org/10.3897/zookeys.604.7902,http://treatment.plazi.org/id/3F2B64127F2214239E8C41E82727C418,
K026,03B287DDFFFEFD69F582F95A8AEE5FA8,Hypogastrura gracilis,Hypogastruridae,body_size,What is the body length of Hypogastrura gracilis?,1.9 mm || up to 1.9 mm,"s, China, Jiangsu Province , Lianyungang City, Huaguoshan Park, 6 November 2006, in soil under bricks and piles of decayed peanut plants, collected by Jian-xiu Chen et al.; collection number C9530, deposited in the Department of Biology, Nanjing University, China . Redescription. Body length: up to 1.9 mm; color in ethanol violet to violet-black dorsally, pale to yellow ventrally and on tibiotarsi, furca and ventral tube. Tegumentary granulation fine and uniform, dorsum of Abd. V with 9–19 (usually 13–15) granules between setae p 1. Body setae similar in length. Dorsal cephalic setae weakly differen",610,9302,Hypogastrura gracilis,"Redescription of Hypogastrura gracilis, synonymy of Ceratophysella quinidentis with C. duplicispinosa, and additional information on C. adexilis (Collembola: Hypogastruridae)",10.11646/zootaxa.2822.1.2,http://treatment.plazi.org/id/03B287DDFFFEFD69F582F95A8AEE5FA8,
K029,5306878ECC17FFF2DE73F911FD9A6996,Friesea najtae,Neanuridae,body_size,What is the body length of Friesea najtae?,1.0- 1.7mm || 1.0-1.7 mm || 1.0–1.7 mm,"ear friend of Wanda Weiner. The new species is named in her honour. DESCRIPTION General habitus Large animal for the genus, habitus with strong head with diverging antennae shorter than head length and a large abdo- men in midline (Abd. III-IV), ending by a pointed Abd. VI (Figs 2, 3). Body length: 1.0- 1.7mm. Body colour dark blue, almost black (Fig. 2), slightly lighter on the ventral side with inner sides of ventral tube and furcula tip almost white. Dorsal clothing strong, with long and pointed ordinary chaetae as well as shorter chaetae, slightly crenulated (macro-, meso- and microchaetae; Fig. 3A,",2623,5853,"Friesea najtae D’Haese & Stevens & Weiner 2017, n. sp.","Friesea najtae n. sp. (Collembola, Neanuridae, Frieseinae) from southern Western Australia",10.5252/z2017n1a3,http://treatment.plazi.org/id/5306878ECC17FFF2DE73F911FD9A6996,
K030,52368796FFB2FFDE49A4F8D20610FAE3,Tomocerus deharvengi,Tomoceridae,body_size,What is the body length of Tomocerus deharvengi?,4.1–4.8mm || 4.1–4.8 mm || 4.1-4.8 mm,"ted in Lengshuicao Cave, Shuinongtun, Nabu Village, Baisheng Township, Napo County, Baise, Guangxi Province, China, 6.X.2015, by Youbang Li, Zhouquan Wei and Yueting Feng . Paratypes four female adults on slides, 10 in 99% alcohol, same data as holotype. All types in NJAU . Description. Body length 4.1–4.8mm. Body with uniform light to dark grey pigment, with unpigmented patches. Clypeus, antero-dorsal area of head, Ant.I and Ant. II darker. Eye patches black (Fig. 1 C). Intact antenna not seen, longest regenerated antenna approximately 1.4 times as long as body. Antenna length ratio as I:II:III+IV= 1.",354,5428,"Tomocerus deharvengi Yu & Li, 2016, sp. nov.",New troglomorphic species of Tomocerus with well-developed postantennal organs (Collembola: Tomoceridae),10.11646/zootaxa.4162.2.10,http://treatment.plazi.org/id/52368796FFB2FFDE49A4F8D20610FAE3,
K037,03BF1C65DAAA58D8A59926FA780957C2,Alloscopus jantapasoae,Orchesellidae,habitat,What is the habitat of Alloscopus jantapasoae?,dark zone of a cave on ground floor with small patch of bat guano || dark zone of a cave || bat guano,"Ms. Kanchana Jantapaso, a member of our research team who has made significant contributions to the study of cave fauna in Thailand and assisted in the collection and analysis of cave fauna both across the country and in the laboratory. Ecology. The new species was collected and only known from the dark zone of a cave on ground floor with small patch of bat guano. Seven caves in the surrounding area, including Tham Khao Chang Hai — which is known for having one of the richest cave faunas in the country — were surveyed for Collembola . However, none of the specimens of this species were found in these caves, suggesting a high degree of endemism to Tham Khao ",13980,14354,"Alloscopus jantapasoae Jantarit, Nilsai & Manee 2025, sp. nov.","Two new species of the genus Alloscopus Börner, 1906 (Collembola, Orchesellidae, Heteromurinae) from southern Thailand",10.3897/zookeys.1245.148100,http://treatment.plazi.org/id/03BF1C65DAAA58D8A59926FA780957C2,
K044,03AB5E67186AD17AFF0FFD3982D316F7,Ptenothrix koreanensis,Dicyrtomidae,habitat,What is the habitat of Ptenothrix koreanensis?,litter and soil mass of a coniferous forest dominated by the Korean pine || coniferous forest || Pinus koraiensis,"ae, ventral chaetae formula as 3, 2, 1, 1... 1 from the apex to the basis (Fig. 8). Mucro without chaeta, dorsal side with about 28–33 inner and 28–37 outer teeth (Fig. 8). Etymology. The species was named after the country (Korea) where it was collected. Habitat. The new species was collected from litter and soil mass of a coniferous forest dominated by the Korean pine Pinus koraiensis Siebold & Zuccarini. Characteristics Ptenothrix koreanensis sp. nov. P. saxatilis (1) P. higashihirajii (2) P. ciliophora (1) Locality South Korea South Korea Japan South Korea Color pattern head uniformly black except for a median pale area uniformly black except for a median pale",7808,11165,"Ptenothrix koreanensis Jo & Park 2023, sp. nov.","A new species of Ptenothrix Börner, 1906 (Collembola, Symphypleona, Dicyrtomidae) from South Korea",10.11646/zootaxa.5301.1.6,http://treatment.plazi.org/id/03AB5E67186AD17AFF0FFD3982D316F7,
K047,40426A098B05A51BECEAFD5BFBB3FBC7,Ceratophysella tupamara,Hypogastruridae,body_size,What is the body length of Ceratophysella tupamara?,1.5 mm || up to 1.5 mm,"he bark of a tree and the trunk; 18-X-1980; sample PE-80/8; leg. C. Vaucher. PARATYPES: MNHG, without registration number 1 juvenile; same locality and date as holotype .- UNAM, without registration number; 1 ♂, 1 juvenile; same locality and date as holotype. DESCRIPTION: Maximum body length: up to 1.5 mm. Body granules fine and uniform, dorsal of Abd. V with 10-14 granules between p1 setae. Color: dark blue. Tergite setae of different lengths, some barbulate macrosetae (50-90 µm), others smooth microsetae (22-50 µm), besides the sensorial setae (42-50 µm) (Fig. 1). Head: Dorsal cephalic chaetotaxy ",433,5984,"Ceratophysella tupamara Palacios-Vargas & Bocanegra, 2012, sp. nov.",A new species of Ceratophysella from Peru (Collembola: Hypogastruridae),10.5962/bhl.part.150201,http://treatment.plazi.org/id/40426A098B05A51BECEAFD5BFBB3FBC7,
K049,03CC7853487FFFD9FF65FCD7FCA19E73,Arrhopalites macronyx,Arrhopalitidae,body_size,What is the body length of Arrhopalites macronyx?,about 1.2 mm || 1.23 mm || 1.2 mm,".s.l., 25.viii.2009, R.S. Vargovitsh leg. Paratypes on slides: 2 males, 10 females, Anukhvinskaya Cave, 25.viii.2009, R.S. Vargovitsh leg.; male, female, same cave and collector, 22.viii.2010. Types are preserved in SIZNAS. Besides slides, 62 specimens are kept in alcohol. Description. Female: body about 1.2 mm length (holotype 1.23 mm). Coloration (alcohol material): specimens collected in 2010 with usually very weak diffuse reddish-brownish pigment spots on dorsal side, a little more intensive on head dorsum and with very small eye spots (Fig. 25); the largest specimen is pigmented more intensively; spe",1293,13051,"Arrhopalites macronyx Vargovitsh, 2012, sp. nov.",New troglomorphic Arrhopalitidae (Collembola: Symphypleona) from the Western Caucasus,10.5281/zenodo.279882,http://treatment.plazi.org/id/03CC7853487FFFD9FF65FCD7FCA19E73,candidate span was male length; female/holotype length used
K051,DB28A21D9214FF8EFF18FBD2FC9FFEE8,Plutomurus weinerae,Tomoceridae,habitat,What is the habitat of Plutomurus weinerae?,twilight zone of the cave || troglophilous,"gy. The species is named in the honour of Prof. Wanda Maria Weiner (Institute of Systematics and Evolution of Animals, Polish Academy of Sciences, Kraków, Poland), an outstanding Collembola taxonomist. Ecology. It is a troglophilous species with pigmented body and well developed 6+6 eyes, occupying twilight zone of the cave. Distribution. For now, the species is known only from the single cave. This cave is distinctly isolated from other caves of Racha karst massif (Tatashidze et al. 2009) inhabited by Plutomurus birsteini Djanashvili & Barjadze, 2011 known from Nikortsminda Melia, Sakishore (type locality), Shareula ",6619,7034,"Plutomurus weinerae Barjadze, Kovac & Parimuchova 2024, sp. nov.",Two new species of Plutomurus Yosii (Collembola: Tomoceridae) from Georgia and Iran,10.11646/zootaxa.5463.4.6,http://treatment.plazi.org/id/DB28A21D9214FF8EFF18FBD2FC9FFEE8,
K053,3FF0ED456B995B5680990F2F80BBD53E,Szeptyckitheca implicata,Sminthuridae,habitat,What is the habitat of Szeptyckitheca implicata?,associated to bushes || bushes,"al appendage (surpassing the ventral anal valves), acuminate, apically serrated. Manubrium with 7+7 chaetae, dens ventral chaetotaxy formula from the apex to the base as: 2,2... 1, dorsal chaetotaxy with 19 chaetae; mucronal notch prominent (adapted from Huether 1967). Habitat. Specimens were found associated to bushes (Huether 1967). Known distribution. South Sudan (Huether 1967).",1198,1282,Szeptyckitheca implicata,"Revisiting Szeptyckitheca Betsch & Weiner (Collembola, Symphypleona, Sminthuridae): new species, updated diagnoses, and a key",http://dx.doi.org/10.3897/zookeys.1186.111837,http://treatment.plazi.org/id/3FF0ED456B995B5680990F2F80BBD53E,
K058,039C87CB02440C73FF76FEC88AF7FD29,Dicranocentrus pampaensis,Orchesellidae,habitat,What is the habitat of Dicranocentrus pampaensis?,Eucalyptus plantations with a semiopen canopy || Eucalyptus plantations," 3–5 rows in the proximo-medial region (Fig. 7C). Mucronal apical tooth larger than subapical one, spine reaching apex of subapical tooth (Fig. 7D). Etymology. The species is named after the Pampa biome, where it was discovered. Habitat. Specimens of Dicranocentrus pampaensis sp. nov. were found in Eucalyptus plantations with a semiopen canopy with considerable input of sunlight. The local altitude is 146 m and the climate is classified as Cfa according to the Köppen classification (Kottek et al. 2006); mean annual temperature and rainfall are 17°C and 1301 mm, respectively. During the sampling days (November 2018), the temperature range",7153,18259,"Dicranocentrus pampaensis Silva, Nunes, Winck & Bellini, 2024, sp. nov.","A new species of Dicranocentrus Schött (Collembola, Orchesellidae) from the Brazilian Pampa, with a key to the gracilis-group taxa",10.11646/zootaxa.5471.5.2,http://treatment.plazi.org/id/039C87CB02440C73FF76FEC88AF7FD29,candidate span cut at 'sp. nov.'
K059,03B487EFFFD1FFECFF24FCC004526D3A,Setanodosa jacquesi,Brachystomellidae,habitat,What is the habitat of Setanodosa jacquesi?,floating on water in a rock pool || rock pool,"Figs 1–8 Type material. South Africa, Western Cape Province. Stellenbosch Mountain, floating on water in a rock pool, collected by hand (RSA10_STB002) , 33.9697°S; 18.9006°E, 1000 m above sea level, 29 August 2010, C. JanionScheepers and J. Scheepers leg. Holotype: one female. Paratypes: three females and two juveniles. Material deposit. Three specimens on two slides deposited at the SAMC (one slide with the fema",84,5189,"Setanodosa jacquesi Janion-Scheepers & Deharveng 2022, sp. nov.","A shocking-red new species of Setanodosa Salmon, 1942 (Collembola: Brachystomellidae) from South Africa",10.11646/zootaxa.5154.4.6,http://treatment.plazi.org/id/03B487EFFFD1FFECFF24FCC004526D3A,candidate span cut at 'sp. nov.'
K064,10737675FFD98F5CBDB027556661A88C,Spinonychiurus edinensis,Onychiuridae,body_size,What is the body length of Spinonychiurus edinensis?,1.1–1.2 mm || 1.1-1.2 mm,". Onychiurus spinosus Bagnall, 1949: 51 . Type material. Five paratypes (females mounted on two slides); Great Britain, Scotland, Edinburgh district, Corstorphine, ii.1935, leg.? (preserved in the collection of the Museum National d’Histoire Naturelle, Paris). Redescription. Body length of females: 1.1–1.2 mm. Body shape cylindrical with relatively long and strong anal spines (ratio anal spine/inner edge of claw = 1.3) (Fig. 6). Granulation of body surface fine and uniform, areas of stronger granulation invisible. Antennal bases not marked. Antennae nearly as long as head or slightly longer. Antennal se",345,3899,Spinonychiurus edinensis Bagnall 1935,Revision of the genus Spinonychiurus Weiner 1996 (Collembola: Onychiuridae) with description of five new species,10.11646/zootaxa.3914.2.1,http://treatment.plazi.org/id/10737675FFD98F5CBDB027556661A88C,
K068,03EDEE2852136F5EFE9EF9C6FDF62115,Arrhopalites kolymensis,Arrhopalitidae,body_size,What is the body length of Arrhopalites kolymensis?,0.7 mm,"Type locality: Russia, Sibik­Tyallakh, Tenkhinsk district, Magadan from tundra . Principalis­group. Total length, 0.7 mm. Colour ro­ochre with dark brown eye patches, eyes 1+1. Cephalic spinelike setae present. Ant. III not swollen basally. Ant. IV divided into 6 subsegments. Second and third ungues with inner tooth and tunica, all unguiculi with apical filament and without corner tooth. Dental chaetotaxy shown in ta",114,521,Arrhopalites kolymensis Tshelnokov 1990,"The genus Arrhopalites (Collembola, Arrhopalitidae) in Asia, with the description of two new Japanese species of Yosiis collection",10.11646/zootaxa.430.1.1,http://treatment.plazi.org/id/03EDEE2852136F5EFE9EF9C6FDF62115,
K069,1D10480A3B4BDC1D4EAD395686A7DD54,Lobellina hunanensis,Neanuridae,body_size,What is the body length of Lobellina hunanensis?,2.3–3.4mm || 2.3–3.4 mm || 3.2mm || 3.2 mm,"ca 50m a.s.l., under leaves at a small ditch in forest, 7.iv.2011, leg.: JiGang Jiang, Ya-Ru Wang and Wan-Jun Yu (collection number: J2012040701). All types deposited in Zoology Key Laboratory of Hunan Higher Education, Hunan University of Arts and Science, Changde, China. Description. Body length: 2.3–3.4mm (holotype: 3.2mm). Body color: red alive and white in alcohol. Tubercle Number and type of chaetae Names of chaetae Cl 2 Mc 2 me F G An 1 Ml 1 Mc 1 me 1 mi B E C D Fr 2 Ml 1 Mc A O Oc 2 Ml 1 mi Oca, Ocm Ocp Di 1 Ml Di1 De 2 Ml 1 mi (or me) De1, Di2 De2, Dl 2Ml(orMc) 1 me 2 mi Dl1, Dl4 Dl3 Dl2, Dl5 ",466,4019,"Lobellina hunanensis Wan, Wang & Jiang, 2016, sp. nov.",New Neanurinae (Collembola: Neanuridae) from Central China,10.11646/zootaxa.4139.2.3,http://treatment.plazi.org/id/1D10480A3B4BDC1D4EAD395686A7DD54,
K070,03DEBC14AA684C4C27CB47C3E12224E4,Tomocerus persimilis,Tomoceridae,habitat,What is the habitat of Tomocerus persimilis?,humus layer of mixed forest,"ellae, outer basal tooth with or without toothlet; apical tooth longer than subapical one; structure of dorsal lamellae of Tomocerus type, outer lamella with 2–4 moderate sized intermediate teeth (Fig. 5 D). Etymology. Specific name from the Latin word persimilis , meaning more similar. Ecology. In humus layer of mixed forest. Remarks. In the old material, the population from the Purple Mountain (“Mt. Zijing” in Chen and Ma 1997) is represented by paratype No. 8355. The old specimen was not well preserved and many characters are obscure, but some details on legs and furca are still recognisable. In “ paratype 8355” and ",4377,5338,"Tomocerus persimilis Yu, Ding & Ma, 2017, sp. nov.","Revision of Tomocerus similis Chen & Ma, with discussion of the kinoshitai complex and the distal tibiotarsal chaetae in Tomocerinae (Collembola, Tomoceridae)",10.11646/zootaxa.4268.3.5,http://treatment.plazi.org/id/03DEBC14AA684C4C27CB47C3E12224E4,
K072,5C078AB1E856532EB5F209F69958BDB8,Szeptyckitheca cyanea,Sminthuridae,habitat,What is the habitat of Szeptyckitheca cyanea?,forest litter covering sandy soils in shady areas || forest litter || Atlantic Forest,"ate, Brazil: in the central campus of the Federal University of Rio Grande do Norte, Natal municipality, and the National Forest of Nisia Floresta, Nisia Floresta municipality (Fig. 6). Both localities are inserted in the Atlantic Forest phytogeographic domain. The specimens were collected from the forest litter covering sandy soils in shady areas. The climate of the sampled municipalities is ""As"" following the Koeppen-Geiger system, which means an equatorial climate with dry summer (Kottek et al. 2006). The specimens were collected during the raining season of 2022. Remarks. Szeptyckitheca cyanea sp. nov. is the sole species of the genus wi",9270,10454,"Szeptyckitheca cyanea Oliveira, Medeiros & Bellini 2023, sp. nov.","Revisiting Szeptyckitheca Betsch & Weiner (Collembola, Symphypleona, Sminthuridae): new species, updated diagnoses, and a key",http://dx.doi.org/10.3897/zookeys.1186.111837,http://treatment.plazi.org/id/5C078AB1E856532EB5F209F69958BDB8,candidate span cut at 'S.'
K074,03DF87B4E03A5D4CFF58FD2F3DDDFD26,Dicranocentrus icelosmarias,Entomobryidae,body_size,What is the body length of Dicranocentrus icelosmarias?,2.6 mm,"(Figs. 1–12) DESCRIPTION Size. Largest specimen (holotype) 2.6 mm. Color. Background color greenish white or orange. Scale Distribution. Antennal segments 1 to 3, head, body, legs to tibiotarsus, collophore scales only on posterior face, and ventral face of furcula. Head. Antennae missing 2 apical segments. Eyes apparently 6+6, but actual number and relative size",59,9430,"Dicranocentrus icelosmarias Soto-Adames & Anderson, 2017, sp. nov.","Two new species and new records of springtails (Collembola: Entomobryidae, Paronellidae) from Nevis, Lesser Antilles",10.1653/024.100.0107,http://treatment.plazi.org/id/03DF87B4E03A5D4CFF58FD2F3DDDFD26,"candidate span was scale distribution on the body, not geography"
K077,027087B5A8537858CCE7FFE1FC20FDCF,Entomobrya multisetis,Entomobryidae,habitat,What is the habitat of Entomobrya multisetis?,the litter of montane deciduous forests || litter of montane deciduous forests,"I without Mc on A3, and two Mc on areas A4 (a 2 and a 3) and A5 (m 3 and m 3e), a 6, m 6, m 7 and p 6 as Mc, ‘s’ between m 6 and p 6, ‘ms’ interior, bothriotricha surrounded by small microchaetae (m 2 with 10); Abd IV with plurichaetosis; AbdV with three sensilla. Habitat. It is a common species of the litter of montane deciduous forests. The species is widely distributed in the East Caucasus. Etymology. The specific epithet refers to many macrochaetae on Th II and in the sutural area of the head. Remarks. Compared with the twelve species that share the dorsal macrochaetotaxy of Abd III ( E. armeniensis Jordana, Potapov & Baquero, ",5330,10197,"Entomobrya multisetis Jordana & Baquero 2021, sp. nov.",New species and records of Entomobryidae and Orchesellidae (Collembola) from the East Caucasus (Russia),10.11646/zootaxa.4991.2.2,http://treatment.plazi.org/id/027087B5A8537858CCE7FFE1FC20FDCF,
K082,980887A1B840FFF8FF32E0459BF0DE91,Lepidocyrtus thoracicus,Entomobryidae,body_size,What is the body length of Lepidocyrtus thoracicus?,1.1 mm || 1.0– 1.3 mm || 1.0-1.3 mm," Cox2 and EF sequences of the individuals LP386-1 to LP386-5 (Table 1), with significant support in an adequate molecular delimitation model. Etymology. The species name refers to the presence of a pair of dorsal macrochaetae on mesothorax. Description. Holotype body length (without head nor furca) 1.1 mm, paratypes 1.0– 1.3 mm. Body color pattern (Fig. 3) with dark blue pigment on Abd.II–III, lateral dot on Abd.IV, and coxae I–II; Ant.II-IV slightly pigmented; densely black pigmented ocular areas. Mesothorax slightly projected over the head. HEAD. Eyes 8+8; eyes A to F subequal, G and H slightly sm",1635,8519,"Lepidocyrtus thoracicus Mateos & Zhang & Álvarez-Presas 2023, sp. nov.","New species of Lepidocyrtus (Collembola, Entomobryidae) from Italy with a discussion of characters defining European Lepidocyrtus lignorum-group",10.11646/zootaxa.5270.2.7,http://treatment.plazi.org/id/980887A1B840FFF8FF32E0459BF0DE91,
K085,877F1C3EFFC76F4F21DB5AC0FB18FB04,Hemisotoma quadrioculatus,Isotomidae,habitat,What is the habitat of Hemisotoma quadrioculatus?,soil inside cracks in rocks || soil under oak trees,"Material studied. IRAN, 16 specimens, Ilam Province: soil under oak trees ( Quercus brantii ), Arghavan Forest Park (33°38′57.694″N, 46°26′54.900″E, alt. 1517 m), Ilam, May 2014, leg. M. Mirab-Balou. Ecology: The species was recorded for the first time from soil inside cracks in rocks in Tadjikistan (Potapov, 2001), and no information about its ecology is available. Distribution: Middle Asia, Tajikistan, Ganzhino, Aruk-Tau Range (Potapov, 2001). Remarks. The species was recorded as Cryptopygus quadrioculatus in the Isotomidae key written by Potapov (2001), but the genus Cryptopy",258,747,Hemisotoma quadrioculatus Martynova 1967,New additions to Iranian Collembola (Entognatha: Hexapoda) from Ilam Province (western Iran),10.3906/zoo-1605-15,http://treatment.plazi.org/id/877F1C3EFFC76F4F21DB5AC0FB18FB04,first record and new Iranian record
K087,6C8DBFFDED1DB7930149B56BCEDBCA7B,Pseudachorutes nica,Neanuridae,habitat,What is the habitat of Pseudachorutes nica?,pasture fields || two different pasture fields,"the type locality. Distribution. Known only from type locality. Province Esteli: Mesas de Moropotente, Acacia pennatula , Oplinemus , Croton jalapensis forest, 23 August 2007, ex soil from pit fall traps. Ecology. More than 135 specimens were found in the samples of pitfall traps from two different pasture fields on August 23, 2007.The species is very abundant in most of the collecting traps. Discussion. Pseudachorutes nica sp. n. is easily distinguished from all other species of the genus by the combination of the following characters: presence of many vesicles in the postantennal organ, well-differentiate",4557,5941,"Pseudachorutes nica Palacios-Vargas & Mejia-Madrid, 2012, sp. n.","A new Pseudachorutes (Collembola, Neanuridae, Pseudachorutinae) from Nicaragua",http://dx.doi.org/10.3897/zookeys.187.2362,http://treatment.plazi.org/id/6C8DBFFDED1DB7930149B56BCEDBCA7B,
K091,877F1C3EFFC46F4F227E598BFDCDFA0E,Metaphorura riozoi,Tullbergiidae,habitat,What is the habitat of Metaphorura riozoi?,the soil of a meadow in Hungary || soil of a meadow || leaf litter under oak trees,"lam University (33°45′6.806″N, 46°22′49.648″E, alt. 1395 m) , Ilam, September 2015; soil and leaf litter under oak trees ( Quercus brantii ), Gachan Mountain (33°38′43.08″N, 46°29′9.96″E, alt. 2330 m) , Ilam, July 2014, leg. M. Mirab-Balou . Ecology: The species was recorded for the first time from the soil of a meadow in Hungary (Castano-Meneses et al., 2000), and no information about its ecology is available. Distribution: Central Europe, Hungary (Castano-Meneses et al., 2000; Dunger and Schlitt, 2011).",549,759,"Metaphorura riozoi Castano-Meneses, Palacios-Vargas & Traser 2000",New additions to Iranian Collembola (Entognatha: Hexapoda) from Ilam Province (western Iran),10.3906/zoo-1605-15,http://treatment.plazi.org/id/877F1C3EFFC46F4F227E598BFDCDFA0E,
K093,03FC6644DC422C76FF79F8746E17FAAB,Megalothorax incertus,Neelidae,habitat,What is the habitat of Megalothorax incertus?,anthropized environments || mostly found in anthropized environments,"ost similar species are M. perspicillum , M. boerneri sp. nov. and M. laevis Denis, 1948 . The differential diagnosis is provided in Table 2. Also see the updated interactive key of the Megalothorax species of the world (Schneider 2022). Ecology. The species seems widespread, and is mostly found in anthropized environments. In the garden of the Laboratory of Tropical Ecology (France), it was co-existing with both M. willemi and M. minimus (found in the same sample). In Sicily, it was found in close proximity with M. perspicillum . This species assemblage is possibly resulting from the input of soils of various origin",6777,7500,Megalothorax incertus Borner 1903,"Revision of Megalothorax incertus Börner, 1903 reveals it to be another widespread Palearctic species of the genus (Collembola, Neelidae)",10.11646/zootaxa.5318.4.2,http://treatment.plazi.org/id/03FC6644DC422C76FF79F8746E17FAAB,
K094,65497666FFA5446A50C942C4FA1BD3F1,Friesea kariae,Neanuridae,body_size,What is the body length of Friesea kariae?,0.40–0.69 mm || 0.40-0.69 mm || 0.62 mm,"type, 27.IX.2006, 3.X.2006, 22.IX.2007, A. Smolis coll., 15 and 6 paratypes housed in ZIWU and OSAC respectively. Etymology. The new species is named in honour of Kari Brisbee O’Connell, the former Forest Director of the H. J. Andrews Experimental Forest. Description. Body length (without antennae) 0.40–0.69 mm (holotype: 0.62 mm). Colour of body in alive and alcohol white. Habitus typical for genus (Fig. 1) Area ocularis without eyes, with 3 setae Oc (Fig. 2). Granulation homogenous, rather fine. Labium and labrum as in Figs 4–5. Chaetotaxy of labrum: 4/5,3,4. Mandible with 7 teeth (Fig. 7). Maxilla with",835,4659,"Friesea kariae Smolis, 2010, sp. nov.",Two new species of Collembola: Friesea kariae sp. nov. (Neanuridae) and Stachia oregonensis sp. nov. (Odontellidae) from North America,10.5281/zenodo.196109,http://treatment.plazi.org/id/65497666FFA5446A50C942C4FA1BD3F1,
K101,144E1D5BFF8FFFAC4CD4BCEEFA29B428,Hypogastrura sheyangensis,Hypogastruridae,body_size,What is the body length of Hypogastrura sheyangensis?,1.5 mm || up to 1.5 mm,"unty, National Nature Reserve of Red-Crowned Cranes, 26.iv.2006, collection number C9465, coll. Ji-Qiang Qu et al. Paratypes: 7 females and 9 males, 12 in alcohol, same data as holotype. Deposited in the Department of Biology, Nanjing University, China. Description. Size. Maximum body length: up to 1.5 mm. Colour. Dorsum of body, antennae and legs violet-black, ventral side paler. Eye patches dark. Vestiture. Tegumentary granulation: coarse, dorsal of Abd. V with 5–7 (usually 6) granules between p1 setae. Antennae. Antennae short, 0.55–0.75 and 0.09–0.16 times as long as cephalic diagonal and body l",378,6929,"Hypogastrura sheyangensis Jiang, Tang & Chen, 2007, sp. nov.",A new species of the genus Hypogastrura from coastal wetlands of East China (Collembola: Hypogastruridae),10.5281/zenodo.179400,http://treatment.plazi.org/id/144E1D5BFF8FFFAC4CD4BCEEFA29B428,
K105,039987FCFFC9FF9BFF14398D6DF08B95,Plutomurus revazi,Tomoceridae,habitat,What is the habitat of Plutomurus revazi?,troglophilous || probably troglophilous species,"0 0 1 in P. grahami ; (2) dorsal macrochaetotaxy: 52/ 33433 in the new species, while it is 42/ 32413 in P. grahami . Etymology. The species is dedicated to Dr. Revaz Djanashvili, who, beginning in the 1960s, was the first Georgian biospeleologist and collembolan taxonomist. Ecology. It is probably troglophilous species, because the body and eye patches are pigmented.",6949,7019,"Plutomurus revazi Barjadze, Baquero, Soto-Adames, Giordano & Jordana, 2016, sp. nov.","New diagnosis for species of Plutomurus Yosii (Collembola, Tomoceridae), with descriptions of two new species from Georgian caves",10.11646/zootaxa.4126.1.3,http://treatment.plazi.org/id/039987FCFFC9FF9BFF14398D6DF08B95,only a general ecological statement is given
K112,0EF6CE3D67555C8F93347918DB4C684B,Alloscopus sago,Orchesellidae,habitat,What is the habitat of Alloscopus sago?,the old bark of the sago palm ( Metroxylon sagu Rottb ) at the lower trunk level || old bark of the sago palm || sago palm," to southern Thailand, and underscores the ecological significance of the sago palm that serves not only as a major source of starch for commercial purposes but also as a habitat for numerous species, including the newly described Collembola species. Ecology. The new species is exclusively found on the old bark of the sago palm ( Metroxylon sagu Rottb ) at the lower trunk level (Figs 1 B, 2 F). The sago palm population in this area is dense and is located within a protected zone managed by the local community at Ban Huay Pru, Khaun Khanun Subdistrict, Khaun Khanun District, Phatthalung Province, designated for the cultivation and harvesting of sago palm. The sago palm pat",20607,21160,"Alloscopus sago Jantarit & Manee 2025, sp. nov.","Two new species of the genus Alloscopus Börner, 1906 (Collembola, Orchesellidae, Heteromurinae) from southern Thailand",10.3897/zookeys.1245.148100,http://treatment.plazi.org/id/0EF6CE3D67555C8F93347918DB4C684B,
K113,E75F96C1532AAEE2F42F5D9D8A0E5B3A,Neorganella rotundatae,Brachystomellidae,body_size,What is the body length of Neorganella rotundatae?,0.88 mm || 0.47-1.20 mm,"z, G.C. leg, 25.x.2011, 22°22'59""S, 44°40'1""W. Type locality. Brasil, Rio de Janeiro: Itatiaia municipality, Parque Nacional de Itatiaia (ICMBio), 22°22'59""S, 44°40'1""W, leaf litter and soil of ""campos de altitude"", 2,400 m a.s.l. Description. Habitus typical of the family. Body length of holotype: 0.88 mm; body length range of paratypes: 0.47-1.20 mm. Color in ethanol: white, no pigmentation. Ratio head diagonal: antenna = 1:0.63. Ant I with 7-8 chaetae. Ant II with 12 chaetae. Ant III and IV fused dorsally, ventral separation marked. Sensory organ of Ant III with two small club-shaped sensilla, the",865,3754,"Neorganella rotundatae Queiroz & Mendonca, 2013, sp. n.","New species of Brachystomellidae and characterization of Micronella porcus (Denis, 1933) from Brazil",http://dx.doi.org/10.3897/zookeys.316.4869,http://treatment.plazi.org/id/E75F96C1532AAEE2F42F5D9D8A0E5B3A,
K117,D420C10EF21FFFD4FF137483FDFDFDB2,Hypogastrura yosii,Hypogastruridae,body_size,What is the body length of Hypogastrura yosii?,1.5 mm || up to 1.5 mm,"d 2 males on slides, China, Jiangsu Province, Yancheng, Sheyang County, National Nature Reserve of Red-Crowned Cranes, 26.iv.2006, collection number C9465, leg. Ji-Qiang Qu et al. (deposited in the collection of the Department of Biology, Nanjing University, China). Redescription. Body length up to 1.5 mm. Colour violet-black, ventrally paler, eye patches black. Granulation uniform, 5–7 granules between setae p1 on abd. V. Chaetotaxy of head typical of the genus. Setae short and smooth. Body sensilla (s) 2 times longer than ordinary setae, fine and smooth. Dorsal chaetotaxy of th. II and abd. III–VI",842,5998,Hypogastrura yosii Stach 1964,"A taxonomic study on Hypogastrura Bourlet, 1839 (Collembola, Hypogastruridae) from China",10.5281/zenodo.201154,http://treatment.plazi.org/id/D420C10EF21FFFD4FF137483FDFDFDB2,
K119,8F2F2F2DA735FF85FF1F4CB1377FFAA6,Pygmarrhopalites sericus,Arrhopalitidae,body_size,What is the body length of Pygmarrhopalites sericus?,0.7 mm || ~ 0.7 mm,", Abkhazia, Gagra Mt. R ., Arabika Massif, 2,223 m a.s.l., Zh-13 Cave, -5 m, on liquid surface of Barber trap, 11.ix.2017, A.G. Koval and R. S. Vargovitsh leg. Taxonomic remarks. The examined specimens generally correspond to the original descriptions of P. sericus (Gisin 1947, 1960): body length ~ 0.7 mm; body and eyes with greyish pigmentation; head dorsum bearing ordinary setae, with 2 + 2 posterior setae thicker than anterior ones; Ant IV divided into 5 subsegments, basal subsegment ~1.3× as long as apical; all claws with inner tooth; Abd VI with 13 broadened setae; appendices anales palmated ( ",1052,2980,Pygmarrhopalites sericus,"Antennal troglomorphy in Arrhopalitidae (Collembola: Symphypleona) with the description of two new cave Pygmarrhopalites Vargovitsh, 2009 species from the Arabika Massif in the Caucasus",10.11646/zootaxa.5673.4.3,http://treatment.plazi.org/id/8F2F2F2DA735FF85FF1F4CB1377FFAA6,length quoted from the original description
K121,03BE075BFFC7FFAA17B8FBBBFB8BB5CC,Monodontocerus mulunensis,Tomoceridae,body_size,What is the body length of Monodontocerus mulunensis?,3.5–4.0 mm || 3.5-4.0 mm,"egion, China, x= 107.969942°E; y= 25.146986°N; elevation 583 m, 27.vi.2011, by Youbang Li, Zheng Tang and Shiyi Lu (sample code: CHIgx11-LYB09). Holotype, two paratype on slide and two paratypes in alcohol in NJAU, one paratype on slide and two paratypes in alcohol in MNHN. Description. Body length 3.5–4.0 mm. Color pale without trace of pigment except the small black eye patches (Fig. 4). Postantennal organ absent. Ommatidia 6+6, small. Antennae about 0.65 times length of body, antennal length ratio as I: II: III: IV= 1.0: 1.5: 5.9: 1.1. Ant. I and Ant. II dorsally scaled, base of Ant. III dorsally wit",524,6289,"Monodontocerus mulunensis Yu, Deharveng & Zhang, 2014, sp. nov.",New species of Monodontocerus (Collembola: Tomoceridae) from southern China with diagnostic notes on the genus and introduction of new taxonomic characters,10.11646/zootaxa.3768.5.3,http://treatment.plazi.org/id/03BE075BFFC7FFAA17B8FBBBFB8BB5CC,
K123,CE8739D088AC526E962DB20C4A333FC4,Szeptyckitheca kesongensis,Sminthuridae,habitat,What is the habitat of Szeptyckitheca kesongensis?,"Robinia sp., shrubs, pines, and plant debris || Robinia || plant debris","nterantennal area, while the male lack such morphology (Betsch and Weiner 2009). Although only one couple of specimens was analyzed for this description, no other Szeptyckitheca species has such a sexual dimorphism, including the species herein described. Habitat. Specimens were found associated to Robinia sp., shrubs, pines, and plant debris (Betsch and Weiner 2009). Known distribution. North Korea (Betsch and Weiner 2009).",1617,1745,Szeptyckitheca kesongensis Betsch & Weiner 2009,"Revisiting Szeptyckitheca Betsch & Weiner (Collembola, Symphypleona, Sminthuridae): new species, updated diagnoses, and a key",http://dx.doi.org/10.3897/zookeys.1186.111837,http://treatment.plazi.org/id/CE8739D088AC526E962DB20C4A333FC4,span cut at 'sp.'
K124,462C4399517288EDC0A8EF3142DDD8B8,Mexicaphorura guerrerensis,Tullbergiidae,habitat,What is the habitat of Mexicaphorura guerrerensis?,marine littoral sand,"at their bases (Fig. 4). Ratio anal spine:ungues: 1:1.9. row Thorax Abdomen I II III I II III IV V * * ** ** ** Etymology. The species is named after the State of Guerrero, where it was found. Distribution. Known only from the type locality, at Guerrero State, Mexico. Ecology. This species lives in marine littoral sand.The first specimen was obtained in the floating foam of samples of sand taken from a nest of the Golf turtle Lepidochelys olivacea ( Cheloniidae ). Other specimens were obtained from 12 different places where 4 samples of sand were taken at each and washed. It seems to be very rare species as only ",4314,6370,"Mexicaphorura guerrerensis Palacios-Vargas & Catalan, 2013, sp. n.",A new genus and species of Tullbergiidae (Collembola) from the Pacific Mexican coast,http://dx.doi.org/10.3897/zookeys.326.5451,http://treatment.plazi.org/id/462C4399517288EDC0A8EF3142DDD8B8,
K129,D3CB1B7A2460D5107B1A84372804678C,Brachystomella porcus,Brachystomellidae,body_size,What is the body length of Brachystomella porcus?,0.45-0.95 mm,"7""S, 41°47'54""W. Locality. Brasil, Minas Gerais: Alto Caparao municipality, Parque Nacional do Caparao (ICMBio), 20°26'7""S, 41°47'54""W, leaf litter and soil of ""campos de altitude"", 2,700 m a.s.l. Characterization of Brazilian specimens. Habitus typical of the genus. Body length range of specimens: 0.45-0.95 mm. Color in ethanol: white, no pigmentation. Ratio head diagonal: antenna = 1:0.57. Ant I with 7 chaetae. Ant II with 12 chaetae. Ant III and IV fused dorsally, ventral separation marked. Sensory organ of Ant III with two club-shaped sensilla; two longer and subcylindrical guard sensilla, the dorsal ",1127,3317,Brachystomella porcus Denis 1933,"New species of Brachystomellidae and characterization of Micronella porcus (Denis, 1933) from Brazil",http://dx.doi.org/10.3897/zookeys.316.4869,http://treatment.plazi.org/id/D3CB1B7A2460D5107B1A84372804678C,range of Brazilian specimens in a redescription
K135,03C387C2FFE2FFC3FE9C471BAF0133BB,Arrhopalites harveyi,Arrhopalitidae,body_size,What is the body length of Arrhopalites harveyi?,1.2 mm,"Type locality: Costa Rica, Santa Rosa, Serrin Viejo. (Fig. 13 A –K) Caecus ­group. Total length, 1.2 mm. Color white, eyes 1+1. Posterior cephalic spinelike setae present. Ant. III not swollen basally. Ant. IV divided into 6 ringed subsegments. All ungues with inner tooth, all unguiculi with clear corner tooth, apical filament absent in the third unguiculus. Dental chaetotaxy as shown in table 3, ven",97,559,Arrhopalites harveyi Denis 1933,"The genus Arrhopalites Börner, 1906 (Collembola, Appendiciphora, Arrhopalitidae) in the Neotropical Region, with description of four new cave species from Brazil",10.5281/zenodo.171788,http://treatment.plazi.org/id/03C387C2FFE2FFC3FE9C471BAF0133BB,
K136,03C9E776FFDDFFBABCABFD45A4A9FF72,Endonura levantica,Neanuridae,body_size,What is the body length of Endonura levantica?,0.84 mm,"3 and 4 chaetae respectively. Tubercles L on abd. III and IV with 3 and 5–6 chaetae respectively. Abd. IV and V with 8 and 3 tubercles respectively. Claw without inner tooth. Tibiotarsi with chaetae B4 and B5 short. Description. Habitus typical of the genus. Body length (without antennae): holotype 0.84 mm, paratype (first instar) 0.77 mm. Colour of the body white. 2+2 medium dark-pigmented eyes (Fig. 1). Types of dorsal ordinary chaetae. Macrochaetae Ml relatively long, strongly thickened, almost cylindrical, arclike or straight, narrowly sheathed, feebly serrated, apically rounded or rarely pointed",927,4541,"Endonura levantica Smolis, Deharveng & Kaprus’, 2011, sp. nov.","Studies on the non-European Endonura Cassagnau, 1979 (Collembola, Neanuridae, Neanurinae)",10.5281/zenodo.278475,http://treatment.plazi.org/id/03C9E776FFDDFFBABCABFD45A4A9FF72,
K137,03903879FFB96401FF4CE917A7F1C4F0,Tomocerus jilinensis,Tomoceridae,body_size,What is the body length of Tomocerus jilinensis?,3.0 mm || up to 3.0 mm," females, same data as holotype; 5 females, CHINA, Jilin, Fusong County, Xianren Bridge, 10.viii. 2009, collection number 1120; 7 females, CHINA, Jilin, Changbaishan Mountain, collection number, 1123. All deposited in School of Life Science, Nantong University, China. Description. Body length up to 3.0 mm. Ground colour pale yellow; eye patches dark blue; ant. segments III & IV pigmented blue; Ant. I & II pigmented pale blue. Head: Ant. 0.8 – 1.1 times length of body, 3.6 – 5.8 times length of head. Ratio of Ant. segments I – IV as 1.0/1.3 – 2.3/ 6.3 – 9.1/1.3 – 3.8 (Fig. 1). Head capsule anteriorly",407,3080,"Tomocerus jilinensis Ma, 2011, sp. nov.",A new species of Tomocerus (Collembola: Tomoceridae) from China,10.5281/zenodo.206575,http://treatment.plazi.org/id/03903879FFB96401FF4CE917A7F1C4F0,
K138,03B487AE1B59093EB3B4FD72ADD9FD74,Thalassaphorura xihuensis,Onychiuridae,habitat,What is the habitat of Thalassaphorura xihuensis?,"broadleaved litter and soil, in an urban recreational park || urban recreational park || broadleaved litter and soil","manubrial row of chaetae (Figs 18, 23). Genital plate with 12–15 chaetae in females, 28–30 in males. Male ventral organ absent. Anal valves with numerous acuminate chaetae; each lateral valve with chaetae a0, 2a1 and 2a2; upper valve with chaetae a0, 2b1, 2b2, c0, 2c1 and 2c2 (Fig. 24). Ecology. In broadleaved litter and soil, in an urban recreational park. Derivatio nominis. Named after the type locality. Discussion. T. xihuensis sp. nov. belongs to the small group of congeners characterized by the presence of only 4 papillae in AIIIO. Up to now, four such species are known: T. butrosi (Christiansen, 1956) , T. franzi (Stach, 1946) , T. cryptopyga (",3235,4643,"Thalassaphorura xihuensis Sun & Li, 2015, sp. nov.","New Chinese species of the genus Thalassaphorura Bagnall, 1949 (Collembola: Onychiuridae)",10.11646/zootaxa.3931.2.5,http://treatment.plazi.org/id/03B487AE1B59093EB3B4FD72ADD9FD74,
K147,0D38B345FFBF1D05D952FC81335274F3,Proisotoma pakurensis,Isotomidae,habitat,What is the habitat of Proisotoma pakurensis?,under leaf-litter of moist deciduous forest || leaf-litter of moist deciduous forest || Tussar plantation garden,". II – Abd. V also clothed with normal setae (Figures 18 & 19). Only 1+1 macrochaetae present on sixth abdominal segment (Figure 20). Ant. I with 3 and Ant.II with 2 basal microsensilla present (Figure 21). Ant.III with two peg like structures and Ant.IV with acuminate setae present. Ecology: Found under leaf-litter of moist deciduous forest, particularly Tussar plantation garden of Littipara of Pakur district of Jharkhand. Etymology: The new species is named after the type locality, Pakur district, Jharkhand, India. Discussion: The new species from, Littipara Tussar plantation garden of Pakur district of Jharkhand, India can easily di",3532,7136,"Proisotoma pakurensis Mandal, Suman & Bhattacharya, 2017, n. sp.","Five new species of Collembola (Isotomidae) from Jharkhand, India",10.26515/rzsi/v117/i2/2017/117277,http://treatment.plazi.org/id/0D38B345FFBF1D05D952FC81335274F3,
K149,DA63800CFFC51A79FF32F8CAFAC5430C,Lobellina nanjingensis,Neanuridae,habitat,What is the habitat of Lobellina nanjingensis?,leaf litter in deciduous forest,"lar remnant shown in Table 2. Ventral tube with 5+5 setae. Furcular vestige with 3 setae. Unguis carinate with granules and transverse striae, inner tooth small and located at base of unguis. Unguiculus absent (Fig. 13). Etymology. The new species is named after the type locality. Ecology. Found in leaf litter in deciduous forest. Remarks. The new species is assigned to Lobellina although a few of its characters differ from the diagnosis of the genus made by Deharveng and Weiner (1984). The characters that conform to the diagnosis are: integument without tertiary granules; body tubercles rounded; macrosetae thick and blunt ",2613,5677,"Lobellina nanjingensis Ma & Chen, 2008, sp. nov.",A new species of Lobellina (Collembola: Neanuridae) from China,10.5281/zenodo.181371,http://treatment.plazi.org/id/DA63800CFFC51A79FF32F8CAFAC5430C,
K150,03FF1701192BFF8595AAFA539D2821FD,Plutomurus kharagauliensis,Tomoceridae,habitat,What is the habitat of Plutomurus kharagauliensis?,both twilight and dark zones of the cave || twilight and dark zones of the cave || troglophilous,"distinct cryptic species (Barjadze, unpublished data). Etymology. The specific name originates from the type locality––Kharagauli district in which the Kozmani Cave is situated. Ecology. It is a troglophilous species, considering the presence of body pigment and 6+6 well-developed eyes. It occupies both twilight and dark zones of the cave. Distribution. This species is known only from a single cave. This cave is the remotest one from Zemo Imereti plateau karst massif and it is isolated from other known caves in the same karst massif (Tatashidze et al. 2009). The new species is the first known taxon from Kozmani Cave.",6192,6516,"Plutomurus kharagauliensis Barjadze, Kovac & Parimuchova 2022, sp. nov.",Two new species of Plutomurus Yosii (Collembola: Tomoceridae) from the Caucasus and central Europe,10.11646/zootaxa.5169.3.2,http://treatment.plazi.org/id/03FF1701192BFF8595AAFA539D2821FD,
K151,039C8798F361084F08D2FF28FCAC136E,Desoria cooki,Isotomidae,body_size,What is the body length of Desoria cooki?,1.7–1.8 mm || 1.7-1.8 mm,"osses), 24.07.2018. O. Makarova & K. Makarov leg. Diagnosis.A species of the pJasini -group sensu Potapov (2001) of the genus Desoria , characterized by macrosetae densely ciliated all around, clearly serrated mesosetae and a fairly large number of tergal macrosensilla. Description. Body size up to 1.7–1.8 mm. Colour uniformly dark with numerous small lighter spots at bases of setae, ventral side lighter, dens and distal parts of legs more or less whitish. Body shape typical of the genus, Abd. V–VI clearly separated. Integument smooth, without visible granulation. Dorsal setal cover dense and strongly d",2411,8281,"Desoria cooki Babenko & Fjellberg, 2025, sp. nov.","Three new Desoria species (Hexapoda, Collembola, Isotomidae) from the eastern Palaearctic",10.11646/zootaxa.5717.1.5,http://treatment.plazi.org/id/039C8798F361084F08D2FF28FCAC136E,
K152,03E2981ED122FFB4F1438A8DFD038E1E,Alloscopus namtip,Entomobryidae,body_size,What is the body length of Alloscopus namtip?,1.6 mm || 1.57 mm,"°58'55.9""E, 195 m asl, dark zone of cave, by aspirator, coll. S. Jantarit, 28 April 2016 . Paratypes on slides: twelve samples, 2 male and 10 ex., by aspirator, same data as holotype . Description. Habitus. Medium size Entomobryidae , similar to that of A. whitteni , new species . Body length up to 1.6 mm (holotype 1.57 mm). Scales present on antennae I and II, head, body, legs (coxa to femur), ventral tube and furca. Colour: pale yellow to whitish in alcohol, without pigments; presence of dark red ocular patch and PAO. Antennal length shorter than body. Body slender, not bent nor humped at level of",471,10680,"Alloscopus namtip Jantarit, Sangsiri & Tawin, 2020, new species","Two new species of Alloscopus from caves in Thailand, with a key to world species of the genus (Hexapoda: Collembola)",,http://treatment.plazi.org/id/03E2981ED122FFB4F1438A8DFD038E1E,
K153,03E20D10A853FFD9FF71FE4DFCFFFC69,Ceratophysella brevisensillata,Hypogastruridae,body_size,What is the body length of Ceratophysella brevisensillata?,1-1.3 mm || 1–1.3 mm,"Figs 1-9 MATERIAL EXAMINED: 10 paratypes (?) on slides, formerly in alcoholic vial labeled: „ Hypogastrura (Ceratophysella) pseudarmata (Folsom) det. Yoshii, USA (Massachusetts), Arlington 15.XI.1950, leg. Bonet, on rain pools” (MNHG). REDESCRIPTION: Body length 1-1.3 mm. Color in alcohol grey to dark grey. Eye patches black, anal spines light. Granulation fine and uniform, with 14-22 granules between setae p 1 on abd. V. Dorsal chaetotaxy of B type, macrosetae p 2 on th. II-III set nearly in line with setae p 1, setae m 3 and m 4 on th. II usually present, setae a",263,4650,Ceratophysella brevisensillata Yosii 1961,"Ceratophysella lobata sp. n. from Siberia with notes on C. brevisensillata Yosii, 1961 (Collembola: Hypogastruridae)",10.5962/bhl.part.117808,http://treatment.plazi.org/id/03E20D10A853FFD9FF71FE4DFCFFFC69,redescription
K154,1E61975CFFE80A6FFF0EFF5AD8922839,Arrhopalites colchicus,Arrhopalitidae,body_size,What is the body length of Arrhopalites colchicus?,0.9 mm,"Figs 3–7, Tables 1–3 http://zoobank.org/ urn:lsid:zoobank.org:act: 9240E584-5369-4C49-95E5-AFFF827113AC Diagnosis (female). Body unpigmented, 0.9 mm long. Eyes not detectable. Setae of head dorsum slender, 3 axial present. Antenna about 2× of head; Ant III with well-developed sense organ; Ant IV subdivided into 6 subsegments weakly separated from each other by 1–3 annuli, with 14 whorls of setae. Trochanter I, II and III with 4, 4, 5 setae. Fem",142,13824,"Arrhopalites colchicus Vargovitsh, 2025, sp. nov.","Arrhopalites colchicus sp. nov. (Collembola: Symphypleona: Arrhopalitidae), the third highly troglomorphic species of the genus from the Caucasus",10.11646/zootaxa.5632.1.8,http://treatment.plazi.org/id/1E61975CFFE80A6FFF0EFF5AD8922839,
K155,5F2287ADFFAE0C72F2A2FC63FB60F9D9,Paralobella sensilla,Neanuridae,body_size,What is the body length of Paralobella sensilla?,2.7 mm || 2.8 mm,"phalic chaeta O present; cephalic tubercles Dl separate from tubercle L+ So; mandible with 2 basal teeth and four apical teeth; maxilla with only one tooth; body tubercles well differentiated; tubercle De fused to Dl on Abd. V; dorsal body sensilla clavate. Description. Body length: holotype female 2.7 mm, paratypes, one female 2.8 mm, one juvenile 1.3 mm. Color: living specimens red, whitish in ethanol (Fig. 2). Chaetal morphology. Dorsal ordinary chaetae of five types. Long macrochaetae (Ml) sheathed, toothed and with blunt or pointed tip (Fig. 4a–c). Short macrochaetae (Mc) morphologically simila",1034,8587,"Paralobella sensilla Jiang, Wang & Zhu, 2025, sp. nov.","New species of Neanuridae (Collembola) from Wuyunjie National Nature Reserve, China",10.11646/zootaxa.5575.1.4,http://treatment.plazi.org/id/5F2287ADFFAE0C72F2A2FC63FB60F9D9,
K156,8C788F692A6AAE7ED9CF83658AA8717A,Pogonognathellus litoralis,Tomoceridae,body_size,What is the body length of Pogonognathellus litoralis?,3 mm," (FCBV); Vladivostok, De-Fries Peninsula, Uglovoy Bay, stony littoral, floatation, 04.VI 2019, 2 specimens (in alcohol), coll. A. Kuprin (FCBV); Fokino, Rudneva Bay, littoral (sand/algae), floatation, 07.VII 2018, 5 specimens (in alcohol), coll. A. Kuprin (FCBV). DESCRIPTION. Female body size up to 3 mm. In alcohol body and head grey, proximal part of legs paler, tibiotarsi, antennae and distal part of furca with bluish pigmentation (Fig. 1). Eye spots black. In Hoera liquid on slides body greenish. Head. Antennae as about 0.7–0.8 body length. Ratio Ant.I: Ant.II: Ant.III+IV as 1.0: 1.4-1.7: 9.0–1",998,8836,"Pogonognathellus litoralis Kuprin et Potapov 2019, sp. n.",Discovery of the first littoral species of the family Tomoceridae (Collembola),10.25221/fee.397.1,http://treatment.plazi.org/id/8C788F692A6AAE7ED9CF83658AA8717A,
K157,131087DDEB7DF014FE6358C4FEEDFA30,Onychiurus gulinensis,Onychiuridae,body_size,What is the body length of Onychiurus gulinensis?,1.7–2.0 mm || 1.7-2.0 mm || 1.6 mm,"Berlese extraction, Jigang Jiang and Xin Sun leg. (C9557). –ibid: Qingliangshan Park: seven paratypes on slide, 26 February 2006, litter, Berlese extraction, Yongzheng Luo and Li Liu leg. (C9314). Holotype and eight paratypes on slide in NJU, three paratypes in MNHN. Description Body length: female 1.7–2.0 mm, male 1.6 mm; holotype 1.6 mm. Body shape: cylindrical, Abd. III –IV more or less broadened. Body colour: white in alcohol . Pseudocelli formula 32 / 022 / 33343 dorsally, 11 / 000 / 01010 ventrally, subcoxa 1 of legs I–III with one pso each (Figure 1A,B). Parapseudocelli: subcoxa 1 of legs I–III w",469,4854,"Onychiurus gulinensis Sun & Zhang 2012, sp. nov.",Two new species of Onychiurus (Collembola: Onychiuridae) from Eastern China,10.1080/00222933.2012.707236,http://treatment.plazi.org/id/131087DDEB7DF014FE6358C4FEEDFA30,female range; male and holotype 1.6 mm
K158,6F20573334383A1BCC8AFC6643AEF91D,Trogolaphysa ernesti,Paronellidae,body_size,What is the body length of Trogolaphysa ernesti?,2.51 mm,"ark Araripe (07°21’59”S; 39°19’47”W), Caatinga Biome, 07.ii.2011, BC Bellini coll. Paratypes five males and two females on slides and one specimen in alcohol, same data as holotype. Type material deposited at Collembola Collection of DBEZ / UFRN. Description. Total length (head + trunk) of holotype 2.51 mm. Habitus typical of the genus (Fig. 62). Specimens pale yellow with dark blue pigment covering distal half of Ant. I to Ant. IV, lateral Th. II–III, distal half of femora I–II to half of tibiotarsi, and medial portion of the tibiotarsus III; eyepatches black (Fig. 62). Heavily striate apically roun",387,7986,"Trogolaphysa ernesti Bellini & Cipola 2017, sp. nov.","The Neotropical genera of Paronellinae (Collembola, Entomobryoidea, Paronellidae) with description of two new species and redescription of Campylothorax mitrai",10.11646/zootaxa.4300.2.1,http://treatment.plazi.org/id/6F20573334383A1BCC8AFC6643AEF91D,
K160,B14287AAFF82704E3E83B346FBA1F82C,Australotomurus morbidus,Orchesellidae,body_size,What is the body length of Australotomurus morbidus?,2.5–3 mm || 2.5-3 mm,"Figs 8, 14–15, Tables 2 – 3 Diagnosis. Size of adult specimens about 2.5–3 mm, background colour white, dorsally with several dark spots and bands in a consistent pattern, Abd. III–IV more intensely pigmented. Ant. II undivided, Ant. III almost subdivided (antennae with five segments). Males’ Ant. Ib externally with about 40–50 modified short densely ciliate chaetae plus 10 ",69,1675,Australotomurus morbidus Greenslade & Jordana 2014,"A synthesis of the current knowledge on the Australian Orchesellidae (Collembola, Entomobryoidea)",10.11646/zootaxa.5115.2.3,http://treatment.plazi.org/id/B14287AAFF82704E3E83B346FBA1F82C,
K161,052C87EDFFF58036FF15EA8EFD46F55E,Temeritas paradoxalis,Sminthuridae,body_size,What is the body length of Temeritas paradoxalis?,0.93–1.77 mm || 0.93-1.77 mm || 1.27 mm,", 07-viii-2011, entomological aspirator, Ferreira, A.S. & Bellini, B.C. coll. Paratypes 16 females and 4 males in slides (TY /0021, CC / UFRN) plus 4 females and 1 male in slides (CRFS-UEPB), all with the same data as holotype . Description. Body (head + trunk) length of type series ranging between 0.93–1.77 mm, males average 1.04 mm, females average 1.42 mm, type series average 1.27 mm, holotype with 1.18 mm. Habitus typical of the genus. Background color pale to yellowish, with several spots of purple pigment on head, trunk and legs apparently forming longitudinal stripes on body. Antennae almost entire",483,8049,"Temeritas paradoxalis Medeiros & Bellini 2019, sp. nov.","Two new species of Temeritas Richards (Collembola, Symphypleona, Sminthuridae) from Neotropical Region, with comments on the genus",10.11646/zootaxa.4586.3.9,http://treatment.plazi.org/id/052C87EDFFF58036FF15EA8EFD46F55E,extracted span was antenna length; body length stated elsewhere
K162,752287812A4CF97B2EFB8CFAFEE9AF77,Megalothorax sanctistephani,Neelidae,body_size,What is the body length of Megalothorax sanctistephani?,0.2–0.34 mm || 0.2-0.34 mm || 0.26 mm,"16S mtDNA [PQ900094, PQ900415, PQ900095], same collection data as above RUSSIA. One individual sequenced for near-complete n-rDNA operon sequence [PQ900093], same collection data as above. Redescription. General aspect. Habitus and segmentation typical of the genus (Fig. 10A, B). Body length around 0.2–0.34 mm (biggest Russian individual found: 0.26 mm). Specimens whitish in alcohol. Body chaetotaxy sparse including chaetae, s-chaetae, trichobothria (Fig. 12C), neosminthuroid chaetae, wax-rods and inner sensilla within sensory fields 2–6. Body chaetae ordinary, without any remarkable development (Figs 5A",1436,7564,Megalothorax sanctistephani Christian 1998,"Investigation on the origin of the “ nose ” in the genus Megalothorax Willem, 1900 (Neelidae, Collembola) by the means of integrative taxonomy",10.11646/zootaxa.5590.2.3,http://treatment.plazi.org/id/752287812A4CF97B2EFB8CFAFEE9AF77,redescription
K163,2DEE602F4D01A07469F02C9ECD4C24AA,Tullbergia alcirae,Tullbergiidae,body_size,What is the body length of Tullbergia alcirae?,1.2 mm || 0.83-1.4 mm,"rgan with 3 thick curved dorsal sensilla, one ventral sensillum; 6 dorsal sensilla on Ant. IV; about 72 vesicles on postantennal organ; pseudo cellar formulae 11/122/22221: one minute empodial appendix, two slightly clavate tenent hairs ventrally on each tibiotarsus. Description. Body length (n=12) 1.2 mm (range 0.83-1.4 mm), with moderately long macrosetae 61 µm (range 56-66), and short microsetae 18 µm (range 15-23), all of them smooth and thin. Relatively uniformly distributed fine intergumentary granules, interspersed with somewhat coarser granules on Abd. VI. Antennal bases well delimited. Rati",1083,5596,"Tullbergia alcirae Palacios-Vargas & Martinez, 2014, sp. n.","A new species of Tullbergia (Collembola, Tullbergiidae) from Buenos Aires, Argentina",http://dx.doi.org/10.3897/zookeys.416.6923,http://treatment.plazi.org/id/2DEE602F4D01A07469F02C9ECD4C24AA,
K164,039587D4FFA2FFDC1373FEDC723EFD05,Scutisotoma schisti,Isotomidae,body_size,What is the body length of Scutisotoma schisti?,0.8–1.2 mm || 0.8-1.2 mm,", mountain tundra, 23.vii.1993, leg. S. Stebaeva. 6 exx., Russia, Southern Siberia, Tuva, Kup-Khol Lake, sedge bog, 20.vii.2001, leg. S. Stebaeva. 1 ex. , Russia, Southern Siberia, West Sajan Mts., Usinsky Tract, Olen’ya River, mountain tundra, 31.v.1962, leg. S. Stebaeva (MSPU) . Description. Size 0.8–1.2 mm. Usually dark-violet, extremities paler. Cuticle with fine but visible primary granulation. Ocelli 8+8, G and H smaller. PAO elliptical, not constricted, about twice as long as ocellus diameter or 0.8–1.3 of inner unguis length (Fig. 90). Maxillary outer lobe with 4 sublobal hairs, maxillary palp b",963,5134,"Scutisotoma schisti Potapov & Babenko & Fjellberg 2006, sp.n.","Taxonomy of the Proisotoma complex. Redefinition of genera and description of new species of Scutisotoma and Weberacantha (Collembola, Isotomidae)",10.11646/zootaxa.1382.1.1,http://treatment.plazi.org/id/039587D4FFA2FFDC1373FEDC723EFD05,
K165,039A87B5FFD40E29FF65FA14FD8CF954,Pseudosinella valverdei,Entomobryidae,body_size,What is the body length of Pseudosinella valverdei?,2.40 mm || 2.05 mm,"ehind anterior bothriotrichum and bothriothrichal complex mic D 1p present; claw with four internal teeth: two basal and two unpaired (the last one sometimes almost imperceptible); empodium acuminate; manubrial plate with three internal and 10-13 external chaetae. DESCRIPTION Body Body length up to 2.40 mm, head included (mean 2.05 mm, n = 11 adults), excluding antennae (holotype: 2.05 mm). Color blue dark, especially on Ant I-IV (except tip of IV), anterior part of the head, and posterior area of the tergites Th II- AbdVI), coxae, and basal manubrium; Th II darker in front area (Fig. 8G). Scales abs",2504,8501,"Pseudosinella valverdei Baquero & Jordana 2021, n. sp.",Distinctive Collembola Communities in the Mesovoid Shallow Substratum: Entomobryomorpha of the Sierra de Guadarrama National Park (Central Spain),10.5252/zoosystema2021v43a3,http://treatment.plazi.org/id/039A87B5FFD40E29FF65FA14FD8CF954,
K166,3048909794415CAFAF7712BC8C024C10,Ceratophysella stachi,Hypogastruridae,body_size,What is the body length of Ceratophysella stachi?,1-2 mm || 1–2 mm," m a.s.l., litter in a stream valley, 19. V.2000, leg. A. Smolis. Ukraine: male, Ivano-Frankove village, Lviv District, beech and elm forest, leaf litter and soil, leg. S. Bakaeva , 2.2.4.8 (SMNHL). Etymology. Dedicated to Jan Stach, the excellent specialist in Collembola . Description. Body length 1-2 mm. Colour (in alcohol) bluish-gray to bluish-black. Tegumental granulation strong, with fields of especially coarse granules on head (large uniform field covering whole dorsal side except antennal bases), thoracic terga II-III (two large subaxial fields and two lateral ones of medium size, Fig. 3), a",3904,10283,"Ceratophysella stachi Skarzynski, Smolis & Porco 2021, sp. nov.","A new European species of Ceratophysella (Collembola, Hypogastruridae) revealed by morphological data and DNA barcodes",http://dx.doi.org/10.3897/zookeys.1021.63147,http://treatment.plazi.org/id/3048909794415CAFAF7712BC8C024C10,
K167,03EDEE2852106F5DFE9EFA34FDF4214D,Arrhopalites ruseki,Arrhopalitidae,body_size,What is the body length of Arrhopalites ruseki?,0.7 mm,"Type locality: Moravia, Moravian Karst cave . Pygmaeus ­group s.str.. Total length, 0.7 mm. White with black eyes patches, eyes 1+1. Cephalic spinelike setae present. Ant. III swollen basally. Ant. IV divided into 5 subsegments. Second and third ungues with inner tooth, second unguiculus with corner tooth, apical filament present in both. Dental chaetotaxy shown in table III, ventral den",84,477,Arrhopalites ruseki Nosek 1975,"The genus Arrhopalites (Collembola, Arrhopalitidae) in Asia, with the description of two new Japanese species of Yosiis collection",10.11646/zootaxa.430.1.1,http://treatment.plazi.org/id/03EDEE2852106F5DFE9EFA34FDF4214D,
K168,03C9E776FFDBFFB4BCABFD6BA4FDF853,Endonura reticulata,Neanuridae,body_size,What is the body length of Endonura reticulata?,0.6–2.30 mm || 0.6-2.30 mm,"I with 3 and 4 chaetae respectively. Tubercles L on abd. III and IV with 4 and 6–9 chaetae respectively. Abd. IV and V with 8 and 3 tubercles respectively. Claw without inner tooth. Tibiotarsi with chaetae B4 and B5 short. Redescription. Habitus typical of the genus. Body length (without antennae): 0.6–2.30 mm. Colour of the body spotted bluish grey, sometimes very pale. 2+2 medium dark pigmented eyes (Fig. 22). Types of dorsal ordinary chaetae. Macrochaetae Ml thickened, relatively long, arc-like or straight, narrowly sheathed, feebly serrated, apically rounded or rarely pointed (Figs 22, 24, 32–34); ma",2639,8014,Endonura reticulata Axelson 1905,"Studies on the non-European Endonura Cassagnau, 1979 (Collembola, Neanuridae, Neanurinae)",10.5281/zenodo.278475,http://treatment.plazi.org/id/03C9E776FFDBFFB4BCABFD6BA4FDF853,redescription
K169,7F4F87E67620FFE9BFFDFC348DE4186B,Tomocerus pseudospinulus,Tomoceridae,body_size,What is the body length of Tomocerus pseudospinulus?,2.8–3.3 mm || 2.8-3.3 mm || 3.0 mm,"ational Nature Reserve, Jinzhai County, Anhui Province, China, 115°46′40″E, 31°07′49″N (WGS84), alt. 995m, 27.iii.2016, leg. Daoyuan Yu and Chunyan Qin (16 TTZ10) . Paratypes: 2 females and 1 male on slides, 4 in alcohol, same data as holotype. All types deposited in NJAU . Description. Body length 2.8–3.3 mm (average 3.0, 4 specimens). Background body colour light yellow. Ant. I and Ant. II antero-laterally with diffuse purple pigment; ground colour of Ant. III grey, basally and apically with purple pigment, gradually darker towards apex; Ant. IV dark purple. Eye patch black, small purple patch behind ",394,4938,"Tomocerus pseudospinulus Gong & Qin & Yu 2018, sp. nov.","Two new species of Tomocerus ocreatus group with a single large distal dental spine (Collembola, Tomoceridae)",10.11646/zootaxa.4514.2.10,http://treatment.plazi.org/id/7F4F87E67620FFE9BFFDFC348DE4186B,
K170,03FDDD4A654DFF84CDBAF98939EB308C,Heteraphorura iranica,Onychiuridae,body_size,What is the body length of Heteraphorura iranica?,1.2–1.7 mm || 1.5–2.3 mm || 1.2 mm,"eral teeth and inner tooth. Empodial appendage without basal lamella, its length equal to 0.60–0.65 of inner edge of claw. MVO present on Abd. sternum IV, consists of 25–40 thick chaetae, located closely together in integumentary pocket. Description. Color white. Body length without antennae: males 1.2–1.7 mm (holotype – 1.2 mm), females 1.5–2.3 mm. Shape of body (Fig. 1) and granulation typical of genus. Usually with 11–13 granules around each pso. Antennae distinctly shorter than head (ratio 0.6–0.7). AIIIO organ consists of 5 conical papillae; 2 sensory rods; 2 spherical, finely granulated sensory cl",1967,5984,Heteraphorura iranica,"Three new species of Onychiuridae Lubbock, 1871 (Collembola, Poduromorpha) from Iran",10.11646/zootaxa.4291.2.6,http://treatment.plazi.org/id/03FDDD4A654DFF84CDBAF98939EB308C,
K171,6F20573334283A06CC8AFD3F44F3FC5B,Salina zhangi,Paronellidae,body_size,What is the body length of Salina zhangi?,1.57 mm,"o Cumbuco (13°01’03”S; 41°22’11”W), Caatinga Biome, 13.xi.2015, B.C. Bellini coll. Paratypes four females and one male on slides, plus 5 specimens in alcohol, same data as holotype. Type material deposited at Collembola Collection of DBEZ / UFRN. Description. Total length (head + trunk) of holotype 1.57 mm. Habitus typical of Salina (Fig. 5). Specimens pale white to light yellow with blue to brown pigment covering the Ant. IV–II, lateral head, lateral edges of Th. II– III, medial Abd. III and posterior IV, and entirely the tibiotarsi. Eyepatches, distal margin of Ant. I–III and anterior margin of hea",385,7028,"Salina zhangi Bellini & Cipola 2017, sp. nov.","The Neotropical genera of Paronellinae (Collembola, Entomobryoidea, Paronellidae) with description of two new species and redescription of Campylothorax mitrai",10.11646/zootaxa.4300.2.1,http://treatment.plazi.org/id/6F20573334283A06CC8AFD3F44F3FC5B,
K174,4444F169FFA35E2A2DB3FA8CFA20F81C,Keratosminthurus tapigu,Sminthuridae,body_size,What is the body length of Keratosminthurus tapigu?,"1,184µm || 1,184 µm || 1184 µm","S; 50°21’25.0”W), 25.I.2014, leg. K. Mise. Paratype (CRFS #5448) deposited at CC /UFRN . Paratype adult male on slide, Brazil, Pará, Canaã dos Carajás, Serra Sul S 11D (6°23’12.6”S; 50°21’25.0”W), 18.I.2014, leg. K. Mise. Paratype (CRFS #5545) deposited at MUZUSP . Description. Holotype body length 1,184µm, head 513 µm. Color, brownish yellow body, whitish legs, antennae light purple, eyes in a patch of dark pigment (Fig. 5C left). Antennae: holotype antennal segments length (µm) I, II, III, IV = 103; 158; 252; 985. Ant I with four normal anterior chaetae, one chaeta and one mic in apical part on pos",754,8806,"Keratosminthurus tapigu Zeppelini & Brito & Zampaulo & Lima 2020, gen. nov.",A new highly dimorphic genus of Sminthuridae (Collembola: Symphypleona) from Brazil,10.11646/zootaxa.4729.1.2,http://treatment.plazi.org/id/4444F169FFA35E2A2DB3FA8CFA20F81C,
K175,0C0C6C18FFBAFF877C33FC0CFDEFFA11,Megalothorax cellarincola,Neelidae,body_size,What is the body length of Megalothorax cellarincola?,300 µm," holotype • several specs in ethanol, number unknown due to possible ambiguity with co-occurring young M. minimus ; same data as for holotype; Apterygota collection SMNG, tubes no. SMNG-APT-EA-003-002–004 . Description GENERAL ASPECT. Habitus and segmentation typical of the genus. Body length up to 300 µm. Specimens whitish in alcohol (Fig. 1E). General chaetotaxy typical of the genus, trichobothria not studied. Most chaetae lanceolate on body, but some are of ordinary morphology. INTEGUMENT. Secondary granulation made of the usual dorsal rough granules. Integumentary channels extending laterally an",3610,7762,"Megalothorax cellarincola Panina, Bedos, Deharveng & Schneider, 2026, sp. nov.",Three new species of the genus Megalothorax (Collembola: Neelidae) from France,10.5852/ejt.2026.1034.3153,http://treatment.plazi.org/id/0C0C6C18FFBAFF877C33FC0CFDEFFA11,
K176,03DF8784B137FFB1FF6393A6C91C2DA6,Tullbergia meridionalis,Tullbergiidae,body_size,What is the body length of Tullbergia meridionalis?,0.50–0.62 mm || 0.50-0.62 mm,", near Rio Grande, Chiliotrichum dense scrub, with Festuca gracillima and Chiliotrichum diffusum (after Collantes et al. 1999), S.M. Bonaventura and V. Mascitti leg., February 2001, 9 specimens. Description of specimens from Tierra del Fuego. Habitus as in Figs 20–21. Body length (without antennae) 0.50–0.62 mm. Body white. Cuticular granulation of whole body relatively uniform. Antennal bases not marked. Dorsal chaetae well differentiated into meso- and macrochaetae (Fig. 20). Antennae slightly shorter than head length (Fig. 20), ratio of lengths 1:1.2. Ant I, II, and III with 7, 11, and 17 ordinary chae",345,4572,Tullbergia meridionalis Cassagnau & Rapoport 1962,Three new species and one new record of Tullbergiidae (Collembola: Onychiuroidea) from Tierra del Fuego,10.11646/zootaxa.4093.1.4,http://treatment.plazi.org/id/03DF8784B137FFB1FF6393A6C91C2DA6,specimens from Tierra del Fuego
K177,0D38B345FFB81D01DA8BFB7E3666742A,Isotomurus jharkhandensis,Isotomidae,body_size,What is the body length of Isotomurus jharkhandensis?,1.93 mm,"’18.8”and E 86˚26’56.8” collected by G. P. Mandal, Registration No. 1990/H14/ZSI; 01 ex on slide, India: Jharkhand: Amaghata Forest, Dhanbad district , 07. ix. 2013, Lat & Long. N 23°49’43.4” and E 86°30’13.3”, collected by G. P. Mandal, Registration No. 1991/H14/ZSI. Description: Body length up to 1.93 mm (excluding appendages). Colour Pattern: Background colour yellowish white. Eyes dark blue-black, one anterior & one median black spot present between eyes. Base of antenne and posterior side of head pigmented with violettish blue. Ant - I, II laterally pigment, Ant – III and IV darker. Pre coxae an",1680,6551,"Isotomurus jharkhandensis Mandal, Suman & Bhattacharya, 2017, n. sp.","Five new species of Collembola (Isotomidae) from Jharkhand, India",10.26515/rzsi/v117/i2/2017/117277,http://treatment.plazi.org/id/0D38B345FFB81D01DA8BFB7E3666742A,
K178,039A87B5FFF90E1EFC0BFB75FB6FF875,Entomobrya guadarramensis,Entomobryidae,body_size,What is the body length of Entomobrya guadarramensis?,2.60 mm || 2.84 mm || 2.66 mm,"bdII- III, and abundant Mc on AbdIV. The unequivocal identification of the species can only be done using the abbreviated formula that, for this species, is: 3-1-0-3-2/2-4/2-5/1-2-1(2)/7-4- 204 - 102 -2 (following Jordana & Baquero 2005). DESCRIPTION Size and color Body length (excluding antennae): 2.60 mm (n =10), up to 2.84 mm (holotype 2.66 mm). Ground color white or very pale yellow, with pigment on lateral body, dorsolateral head and vertex, transversal stripes on some posterior tergites, and two patches with more or less development and intensity on Abd II-IV (Fig. 8A). Head Eight eyes, GH smal",3603,7977,"Entomobrya guadarramensis Jordana & Baquero 2021, n. sp.",Distinctive Collembola Communities in the Mesovoid Shallow Substratum: Entomobryomorpha of the Sierra de Guadarrama National Park (Central Spain),10.5252/zoosystema2021v43a3,http://treatment.plazi.org/id/039A87B5FFF90E1EFC0BFB75FB6FF875,
K179,F13187C5FF93FFF904DDFB25FE4AFE28,Ceratophysella macrocantha,Hypogastruridae,body_size,What is the body length of Ceratophysella macrocantha?,2.4 mm,"uding beyond the teeth and broadened at the tip. Outer maxillary lobe with two sublobal hairs. Empodial appendage with apical filament reaching tip of claw. Dens with 7 unmodified setae, mucro slender, spoonlike at tip, with low outer lamella. Anal spines long colourless. Redescription: Body length 2.4 mm. Colour (in alcohol) mostly dark blue, ventrally paler. Tegumental granulation fine and uniform, 27 granules between widely spaced macrosetae p 1 on abdominal tergum V (Fig. 6). Arrangement of setae on head typical for the genus, spinelike setae absent. Dorsal chaetotaxy of type B (Figs 5-6). Thora",995,6516,Ceratophysella macrocantha Stach 1946,"Ceratophysella macrocantha Stach, 1946 (Collembola, Hypogastruridae): a redescription of a forgotten species from the Alps",10.5281/zenodo.3463441,http://treatment.plazi.org/id/F13187C5FF93FFF904DDFB25FE4AFE28,redescription
K180,03EDEE2852196F53FE9EF9F5FDFF22BA,Arrhopalites ezoensis,Arrhopalitidae,body_size,What is the body length of Arrhopalites ezoensis?,0.9mm || 0.9 mm,"present (Fig. D); 4 ventral rows of setae (3,2,1,1) present (Fig. D). Mucro narrow, gutterlike, both edges serrate (Fig. E). No cuticular spines on anal valve; C series normal, chaetotaxy (Fig. H). Female subanal appendage thick, straight with serrate apex. Total length of the adult female holotype 0.9mm. Distribution. Biogeographic zone 3a. Remarks: Arrhopalites ezoensis n. sp. is a Japanese surface species of the pygmaeusgroup s. str. (Bretfeld, 1999) similar to A. diversus Mills 1934 , A. slovacicus Nosek 1975 and A. styriacus Nosek & Neuherz 1976 . The feature that holds those species together ",1659,2259,"Arrhopalites ezoensis Zeppelini 2004, sp. n.","The genus Arrhopalites (Collembola, Arrhopalitidae) in Asia, with the description of two new Japanese species of Yosiis collection",10.11646/zootaxa.430.1.1,http://treatment.plazi.org/id/03EDEE2852196F53FE9EF9F5FDFF22BA,
K181,03FF6C3A8532FFD07A8C897FF366FD5B,Pseudachorutes scythicus,Neanuridae,body_size,What is the body length of Pseudachorutes scythicus?,1.15–1.40 mm || 1.15-1.40 mm,"Description. Body length without antennae 1.15–1.40 mm. Colour in alcohol bluish-grey, ocular plate bluishblack. Tegumental granulation strong. Antennae shorter than head. Ant. I with 7 setae, Ant. II with 12 setae and Ant. III with 20 ordinary setae. Ant. III and IV fused dorsally, ventral separation well marked. Sensory organ of Ant. III consisting o",42,5039,"Pseudachorutes scythicus Kaprus’ & Weiner, 2009, sp. nov.","The genus Pseudachorutes Tullberg, 1871 (Collembola, Neanuridae) in the Ukraine with descriptions of new species",10.5281/zenodo.189101,http://treatment.plazi.org/id/03FF6C3A8532FFD07A8C897FF366FD5B,
K182,496BD62B7121F106FD8B3D28FAF29E5A,Tomocerus ocreatus,Tomoceridae,body_size,What is the body length of Tomocerus ocreatus?,3.6 mm,"rmediate teeth. Neotype VIETNAM: ♀, on slide. Collected in Hon Giao, Bi Doup massif, northeast of Dalat, Lam Dong Province, 108°42’53”E, 12°11’11’’N, alt. 1630 m, 12 Jun. 2008, by Louis Deharveng & Anne Bedos (sample code Vn08-150). Deposited in MNHN (specimen Vn08-150_To1). Description Body length 3.6 mm. Ground colour uniformly yellowish white. Ant. III+IV, antero-ventral part of head, coxae and tibiotarsi with dark pigment. Eye patches black. Scales brown (Fig. 1A). Body densely clothed by scales and various types of chaetae. Scales of typical morphology of Tomocerinae , with continuous longitudi",814,11003,Tomocerus ocreatus Denis 1948,"Tomoceridae (Collembola, Entomobryomorpha) from the southern Annamitic cordillera: redescription of Tomocerus ocreatus Denis, 1948 and description of a new species of Tomocerina Yosii, 1955",10.5852/ejt.2016.176,http://treatment.plazi.org/id/496BD62B7121F106FD8B3D28FAF29E5A,
K183,4F7687827F6FF270FE3E9EEA9CC7FB7C,Deuteraphorura kozmani,Onychiuridae,body_size,What is the body length of Deuteraphorura kozmani?,1.8–2.6 mm || 1.8-2.6 mm || 2.0 mm,"haragauli, Kozmani Cave; 42.10092528° N, 43.28852625° E; 14 Sept. 2021; Eter Maghradze leg.; hand collecting on detritus; IBE FS UPJS. Paratypes GEORGIA • 6 ♀♀, 2 ♂♂; same collection data as for holotype; IZISU • 8 ♀♀, 1 ♂; same collection data as for holotype; IBE FS UPJS . Description Body length 1.8–2.6 mm in females, 1.5–2.0 in males (average 2.0 mm; n = 18), shape cylindrical (Fig. 5a). Colour white to pale brownish in ethyl alcohol. Cuticular granulation fine and uniform, slightly dense around pseudocelli. Antennae almost as long as head, area antennalis relatively well marked. PAO with 14–16 comp",511,3610,"Deuteraphorura kozmani Parimuchova, Barjadze & Kovac 2023, sp. nov.","Two new species of the genus Deuteraphorura Absolon, 1901 (Hexapoda, Collembola, Onychiuridae) from Georgian caves with remarks on the subterranean biodiversity of the Caucasus Mountains",10.5852/ejt.2023.879.2161,http://treatment.plazi.org/id/4F7687827F6FF270FE3E9EEA9CC7FB7C,
K184,4C194F51FF8FA50CFF2CF939FCEC078D,Pseudoparonella seminigra,Paronellidae,body_size,What is the body length of Pseudoparonella seminigra?,2.4 mm,"Description. Body length up to 2.4 mm. Species Τype lοcality Οriginal genus Present status Ant.⁄bοdy appendiculata Schott, 1917 Australia Paronella Pseudoparonella <1 bicincta Υοshii, 1989 New Caledοnia Pseudoparonella (Oceaniella) Pseudoparonella 0.6 bougainvilleae Υοsii, 1960 New Caledοnia Paronella Pseudoparonella <1 griseocoerulea ",31,6612,"Pseudoparonella seminigra Zhang & Deharveng, 2015, sp. nov.","A revision of Pseudoparonella, Plumachaetas, Parachaetoceras and Lawrenceana (Collembola: Paronellidae), with description of three new species from New Caledonia",10.11646/zootaxa.4058.4.7,http://treatment.plazi.org/id/4C194F51FF8FA50CFF2CF939FCEC078D,
K188,0389879EFFDFCA4D34AAFF16FF2BF93D,Megalothorax roseus,Neelidae,body_size,What is the body length of Megalothorax roseus?,0.35 mm," ′ N, 54 ° 47 ′ E], willow grove (a strip of willow bushes between the meadow and the swamp), 18– 24.07.2015, leg. O. Makarova & M. Bizin. All kept in MSPU . Two specimens from type locality kept in SMNG . Description. General aspect. Habitus and segmentation typical of the genus. Body length up to 0.35 mm. Specimens whitish in alcohol. Body chaetotaxy sparse including chaetae, s-chaetae, trichobothria, neosminthuroid chaetae, wax-rods and inner sensilla within sensory fields 2–6. Chaetae ordinary on body, without any remarkable development. Integument. Secondary granulation made of the usual dorsal ",1370,7588,"Megalothorax roseus Panina & Babenko & Potapov 2022, sp. nov.",Two new « nosed » species of the genus Megalothorax (Collembola: Neelidae) from Russia,10.11646/zootaxa.5188.4.6,http://treatment.plazi.org/id/0389879EFFDFCA4D34AAFF16FF2BF93D,
K190,03E2878A790BFFCE10E0FDB5FE26FA24,Cylindropygus ferox,Isotomidae,body_size,What is the body length of Cylindropygus ferox?,0.65–0.80 mm || 0.65-0.80 mm,"pe and three paratypes mounted in Marc-André II and 30 paratypes in alcohol deposited in the Muséum national d’Histoire naturelle de Paris. One paratype mounted in Marc-André II and five paratypes in alcohol deposited in the collection of Moscow State Pedagogical University. Description Body length 0.65–0.80 mm. Habitus perfectly cylindrical, elongate (Figure 1). Abd.V–VI fused, rounded, V+VI slightly shorter than III. Antennae shorter than head. Entirely white. Integument covered with small elementary hexagonal grains, larger on head. Dorsal mesochaetae slightly curved, acuminate, smooth; longer on Abd.I",1205,4496,"Cylindropygus ferox Deharveng & Potapov & Bedos 2005, sp. n.","Cylindropygus ferox gen. n., sp. n.: A new member of the Cryptopygus complex (Collembola, Isotomidae) from central France",10.1080/00222930500061213,http://treatment.plazi.org/id/03E2878A790BFFCE10E0FDB5FE26FA24,
K191,EBCAAB5F36C19CC6FF597F2BC8E8D3BB,Dicranocentrus liuae,Entomobryidae,body_size,What is the body length of Dicranocentrus liuae?,1.8 mm,"d 1 ♂ on slides, 4 in alcohol, same data as holotype. Other material: 1 ♀ on slide, China, Anhui, Shitai, Gongxi, 27 August 1994, JX Chen leg. (#C8391); 1 ♀ on slide, China, Zhejing, Jin Xian, Tiantongshan National Natural Reserve, 10 June 1995, JX Chen leg. (#C8458). Description. Body length up to 1.8 mm. Ground colour pale yellow. Eye patches dark. Blue pigment present on antennae and legs (Fig. 2). Scales brown, rounded, truncate, or pointed with numerous short striations; scales present on Ant. I‒IV, body, legs, both side of ventral tube and manubrium, and ventral side of dens.w Antenna 2.0-2.7 ",650,4582,"Dicranocentrus liuae Xu & Zhang, 2014, sp. n.","A new species of Dicranocentrus (Collembola, Entomobryidae) from China with comments on the systematic position of the genus",http://dx.doi.org/10.3897/zookeys.417.7373,http://treatment.plazi.org/id/EBCAAB5F36C19CC6FF597F2BC8E8D3BB,
K192,DA0C87CE6B0D827C67289F9E656CB760,Ceratophysella communis,Hypogastruridae,body_size,What is the body length of Ceratophysella communis?,1.8 mm,"Material examined. 8 / ♂ ♀, Iran, Isfahan Province, Isfahan, Nazhvan Forest Park, 32°38'14"" N, 51°37'3"" E, 1577 m, 16-XII-2021, Maryam Salimi leg. Redescription (based on the specimens from Iran). Body length up to 1.8 mm. Colour dark greyish brown to black. Cuticular granulation fairly fine and even on body; 20–24 cuticular granules between p1 chaetae on Abd. V. Differentiation of dorsal chaetae into meso- and macrochaetae distinct (Fig. 1). Body chaetae long (ratio p1 mesochaetae and p2 macrochaetae on Th. II /inn",215,3175,Ceratophysella communis,"A contribution to the knowledge of the genus Ceratophysella Bӧrner, 1932 (Collembola, Hypogastruridae) of Iran",10.61186/jibs.11.2.351,http://treatment.plazi.org/id/DA0C87CE6B0D827C67289F9E656CB760,redescription from Iranian specimens
K193,09BCACBEE67772A1804BBFB3DF95852A,Coecobrya qinae,Entomobryidae,habitat,What is the habitat of Coecobrya qinae?,decompositing leaf litter || leaf litter,". Abd. III with 1 (m3) central, 3 (am6, pm6, p6) lateral mac, 1 ms and 2 sens (Fig. 28). Abd. IV with 5 central (A4, A6, B4‒6) and 2 lateral mac (E2-3); number of sens not clearly seen (Fig. 29). Abd. V with 3 sens (Fig. 30). Etymology. Named after the collector of the specimens. Ecology. Among the decompositing leaf litter. Remarks. Coecobrya qinae sp. n. is characterized by paddle-like S-chaetae of Ant. III organ, ciliate chaetae X, X2 and X4 posterior to labium, medial mac on Th. II, and 5+5 (mac I, M absent) central and 2+2 lateral mac on Abd. IV. It is most similar to Coecobrya tropicalis Qu, Chen & Greenslade, 2",2988,3739,"Coecobrya qinae Xu & Zhang, 2015, sp. n.","Two new species of Coecobrya (Collembola, Entomobryidae) from China, with an updated key to the Chinese species of the genus",http://dx.doi.org/10.3897/zookeys.498.9491,http://treatment.plazi.org/id/09BCACBEE67772A1804BBFB3DF95852A,
K194,0398CE51FFA8FF96FF6BFDE8FD0862E4,Tomocerus oppositus,Tomoceridae,habitat,What is the habitat of Tomocerus oppositus?,"ground litter, dead logs and live mosses on steep slopes in a closed forest || ground litter"," intermediate teeth (Fig. 28). Etymology. The Latin word oppositus (masculine adjective) means “opposite”, referencing the unique color pattern of the new species with dark ground and pale appendages, opposite to most other species of the subgenus with pale ground and darker appendages. Habitat. In ground litter, dead logs and live mosses on steep slopes in a closed forest; also under a wood board beside a cottage in a village. Remarks. At first glance, this new species resembles many others of the subgenus Tomocerus (Striatomurus) for its dark body color. However, other characters, particularly the compound dental spines, put it in Ocreatomurus . Within the subgenus",3536,5360,"Tomocerus (Ocreatomurus) oppositus Yu, Xue & Zhang, 2025, sp. nov.","Two new species of Tomocerus (Ocreatomurus) Yu from Xizang, China (Collembola, Tomoceridae)",10.11646/zootaxa.5570.2.8,http://treatment.plazi.org/id/0398CE51FFA8FF96FF6BFDE8FD0862E4,
K197,3639C6609E5FFF90FF3D4FBF37657F25,Pseudachorutes deficiens,Neanuridae,habitat,What is the habitat of Pseudachorutes deficiens?,rotten wood and litter of Quercus suber and Q. canariensis forest || rotten wood and litter,"er than others and set apart laterally). Each anal flaps with 2 microchaetae hr. No modified ventral chaetae in male. Etymology. The species is named in reference to the absence of chaeta E on labium, a rare character among Neanuridae . Ecology. Pseudachorutes deficiens sp. nov. is very abundant in rotten wood and litter of Quercus suber and Q. canariensis forest in the Collo massif. The species is bisexual, but females are dominant in our samples (about 80% of all specimens). Discussion (Table 2). Pseudachorutes deficiens sp. nov. is similar in size and general appearance to small-size species of the genus, in particular to the widespread Pseudachorutes pa",5320,6195,"Pseudachorutes deficiens Zoughailech, Hamra-Kroua & Deharveng, 2016, sp. nov.",New species of Pseudachorutes (Collembola: Neanuridae) from Northeastern Algeria,10.11646/zootaxa.4158.4.7,http://treatment.plazi.org/id/3639C6609E5FFF90FF3D4FBF37657F25,span cut at 'sp. nov.'
K198,033487C7DA4EFFA9FF07697BDBDB7F96,Hypogastrura quadritenenta,Hypogastruridae,habitat,What is the habitat of Hypogastrura quadritenenta?,soil under decaying leaves and sticks in deciduous forest,"):1; ratio of length of dens plus mucro:unguis III = 2.4–2.6:1. Genital plates of male and female respectively with 35–42 and 26–28 setae (Figs. 18 and 19). Anal lobes with 13–19 setae. Two anal spines on Abd. VI short and curved, longer than their basal papillae (Figs. 3 and 12). Ecology. Found in soil under decaying leaves and sticks in deciduous forest. Etymology. The name refers to the four tenent hairs present on the tibiotarsi of middle and hind legs. Remarks. The new species, Hypogastrura quadritenenta , belongs to the H. viatica group because it possesses all the characters of the species group. It can be separated from other members, except",4982,7414,"Hypogastrura quadritenenta Jiang & Chen, 2008, sp. nov.",A new species and a new species record of Hypogastrura (Collembola: Hypogastruridae) from China,10.5281/zenodo.183316,http://treatment.plazi.org/id/033487C7DA4EFFA9FF07697BDBDB7F96,
K199,03E587D9FFE7F37DFF2D51FBFD13CA99,Thalassaphorura transbaikalica,Onychiuridae,habitat,What is the habitat of Thalassaphorura transbaikalica?,saline meadows and cryo-arid steppes || saline meadows,", 2b1, 2b2, c0, 2c1, 2c2 (Fig. 21). Etymology. The new species was named after its type locality (Transbaikalia is the region to the east of Lake Baikal in Far Eastern Russia). Distribution and ecology. The species is only known from its type locality in the Vitim plateau (NE Buryatia). It inhabits saline meadows and cryo-arid steppes. Affinities. The genus Thalassaphorura is well revised. According to keys to the world species of the genus (Kaprus’ & Paśnik 2017; Sun et al. 2017) and morphological comparative tables of Sun & Wu (2013), Sun et al. (2017) and Kaprus’ & Paśnik (2017), the combination of the dorsal pso formula as 3",4197,9151,"Thalassaphorura transbaikalica Gulgenova & Potapov 2023, sp. nov.",Two new species of Onychiuridae (Collembola) from East Siberia (Russia),10.11646/zootaxa.5336.1.6,http://treatment.plazi.org/id/03E587D9FFE7F37DFF2D51FBFD13CA99,span was distribution; habitat in next sentence
K200,2065CA16C7EC5AEE904DD5660EEF0C54,Troglopedetes spectabilis,Paronellidae,habitat,What is the habitat of Troglopedetes spectabilis?,a chamber in the dark zone of a cave || dark zone of a cave,"t and strong, the subapical one acute and strong, a latero-distal one small and acute, and 1 dorso-basal, minute, acute and strong, acute with one toothlet basally (Fig. 4H). Genital plate (Fig. 4F). Female genital plate with 2+2 mic. Ecology. Troglopedetes spectabilis sp. nov. exclusively inhabits a chamber in the dark zone of a cave. Specimens were found in an oligotrophic habitat with a very humid and wet environment on muddy ground. The air temperature in the chamber was 23.5-24.3 °C, soil temperature was 22.9-23.1 °C and the relative humidity was 84%. The cave is undisturbed and rather difficult to access (due to the steep ",11438,13012,"Troglopedetes spectabilis Surakhamhaeng 1 & Deharveng 2 & Jantarit 3 2021, sp. nov.","Three new species of cave Troglopedetes (Collembola, Paronellidae, Troglopedetinae) from Thailand, with a key to the Thai species",http://dx.doi.org/10.3897/subtbiol.40.73143,http://treatment.plazi.org/id/2065CA16C7EC5AEE904DD5660EEF0C54,span cut at 'sp. nov.'
K202,6B02879DB90E664DF4B5FF61FCD9F827,Sensiphorura oligoseta,Tullbergiidae,habitat,What is the habitat of Sensiphorura oligoseta?,the dunes of the beach and tropical forest || dunes of the beach," on Ant. IV (vs. large), differentiation of sensory chaetae s on body (Figs 4, 5), and absence (vs. presence) of a2 seta on Abd. I–III. Etymology The new species has fewer setae on abdominal tergites. Distribution and ecology. The species is known only from two localities of Hainan (SE China), from the dunes of the beach and tropical forest. Type species of the genus, S. marshalli , was found in the litter of old coast western hemlock forest. Habitat of the holotype was shown in Potapov et al. (2011, Fig. 9). Remarks. The records of Pachytullbergiidae (Pachytullbergiinae in the past) in the world are scanty and its systematic position",3977,5034,"Sensiphorura oligoseta Bu, Potapov & Gao, 2013, sp. nov.","A new species and new records of Pachytullbergiidae and Tullbergiidae (Collembola: Onychiuroidea) from littoral of China, with notes on the variations of postantennal organ",10.11646/zootaxa.3669.2.4,http://treatment.plazi.org/id/6B02879DB90E664DF4B5FF61FCD9F827,
K203,2DB6BA5AC5D079424DF75AD2C74C893A,Megalothorax sanguineus,Neelidae,habitat,What is the habitat of Megalothorax sanguineus?,humid micro-habitats,"roglobiontic). In term of absolute size of the unguis I, it is similar to the two later species, surpasses Megalothorax granulosus and is clearly surpassed by Megalothorax nigropunctatus , Megalothorax tuberculatus and Megalothorax massoudi sp. n. Ecology and distribution. The species is known from humid micro-habitats in Pyrenees, though it was absent from the Bernadouze peat-bog itself. Other Megalothorax found in moist mosses in mountains are Megalothorax aquaticus (1750m in High Tatras Mountains) (Stach 1957) and Megalothorax minimus (up to 1500m in Pyrenees Mountains) (pers. obs.). The combination of morphol",11975,14392,"Megalothorax sanguineus Schneider, Porco & Deharveng, 2016, sp. n.","Two new Megalothorax species of the minimus group (Collembola, Neelidae)",http://dx.doi.org/10.3897/zookeys.554.6069,http://treatment.plazi.org/id/2DB6BA5AC5D079424DF75AD2C74C893A,
K204,8F2F2F2DA727FF9EFF1F4A163540FC32,Pygmarrhopalites arbaicus,Arrhopalitidae,habitat,What is the habitat of Pygmarrhopalites arbaicus?,caves," female, separations between subsegments of Ant IV indistinct or absent, and one seta on trochanter III bifurcate. In single juvenile female, all spines sharply acuminated rather than blunt. Ecology and distribution. Pygmarrhopalites arbaicus sp. nov. has so far been recorded in only four of the 17 caves sampled on the Arabika Massif. Its distribution appears to be restricted to the ‘Central Plateau’ of the Arabika Massif, situated in the Gagra Mountain Range of the Western Caucasus. The species has not been found in other areas of the massif, including the deepest caves such as Krubera and Veryovk",13880,16002,"Pygmarrhopalites arbaicus Vargovitsh, 2025, sp. nov.","Antennal troglomorphy in Arrhopalitidae (Collembola: Symphypleona) with the description of two new cave Pygmarrhopalites Vargovitsh, 2009 species from the Arabika Massif in the Caucasus",10.11646/zootaxa.5673.4.3,http://treatment.plazi.org/id/8F2F2F2DA727FF9EFF1F4A163540FC32,span cut at 'sp. nov.'
K205,60A34B41BFA429A6D7466A5066D84F2A,Sinella quinocula,Entomobryidae,habitat,What is the habitat of Sinella quinocula?,Under stones,"e Sinella (Sinella) quinocula Chen & Christiansen, 1993: 24. Type locality: China (Anhui). Material. ♀ on slide and 5 in alcohol, China, Jiangsu Province, Nanjing, Lao Mountain, Longxing temple, 32.051°N, 118.527°E, altitude 112 m, 10 April 2015, Daoyuan YU and Chunyan QIN leg. (# 15NJLS). Ecology. Under stones. Distribution. China (Anhui, Jiangsu, Shaanxi).",353,413,Sinella quinocula Chen & Christiansen 1993,"New blind species and new records of Sinella from Nanjing, China (Collembola, Entomobryidae)",http://dx.doi.org/10.3897/zookeys.604.7902,http://treatment.plazi.org/id/60A34B41BFA429A6D7466A5066D84F2A,
K206,03D533495701F16AFF6FFBAEAF65F835,Tomocerus troglodytes,Tomoceridae,habitat,What is the habitat of Tomocerus troglodytes?,In cAVE || cave,"ORsAL LAMELLAE Of Tomocerus typE, tWO dORsAL LAMELLAE RunnIng fROM subApIcAL tOOth, OutER LAMELLA EndIng In InnER bAsAL tOOth, InnER LAMELLA EndIng At bAsE Of MucRO; IntERMEdIAtE tEEth AbsEnt (FIg. 3G). Etymology. SpEcIfIc nAME dERIVEd fROM thE LAtIn WORd troglodyta, MEAnIng cAVE-dWELLIng. Ecology. In cAVE. Remarks. WIthIn thE gEnus, T. troglodytes sp. nov. bELOngs tO thE kinoshitai cOMpLEx (Yu Et AL. 2017) bEcAusE Of thE cOMbInAtIOn Of thE fOLLOWIng chARActERs: thE pREsEncE Of OnLy 1 MEsOthORAcIc bOthRIOtRIchuM, thE nuMbER And pOsItIOn Of stROng tIbIOtARsAL InnER chAEtAE, thE shApE Of dEntAL spInEs ",5701,6688,"Tomocerus troglodytes Yu & Deharveng 2018, sp. nov.","Two new Chinese species of Tomocerus at different stages of troglomorphic adaptation (Collembola, Tomoceridae)",10.11646/zootaxa.4403.1.2,http://treatment.plazi.org/id/03D533495701F16AFF6FFBAEAF65F835,treatment text has garbled capitalisation (OCR)
K207,CE2487CB0252FD35B2D8FE020805FD6C,Semicerura draconis,Isotomidae,habitat,What is the habitat of Semicerura draconis?,forest litter," The apical part of Ant. IV shows variation in apical papilla (present/absent) and shape of organite (pin-like or roundish). Intermediate variants were also seen and we consider them as intrapopulation variability of the characters. Distribution and ecology. The new species is widely distributed in forest litter of East Asia (Primorye and Khabarovsky Krai in Russia, and Jilin Province in China) (Fig. 40). The occurrence in Korea and Japan is probable (as S.goryshini ) although the all records should be verified. The previous records of S. goryshini from Far East of Russia (apart from the type locality) pos",10352,10801,"Semicerura draconis Potapov & Xie & Kuprin & Sun 2020, sp. nov.",The genus Semicerura (Collembola; Isotomidae) in Asia,10.11646/zootaxa.4751.1.5,http://treatment.plazi.org/id/CE2487CB0252FD35B2D8FE020805FD6C,
K208,52A3A105A6A159C98FC8B5C171FE297A,Szeptyckitheca spinimucronata,Sminthuridae,habitat,What is the habitat of Szeptyckitheca spinimucronata?,a coniferous forest of Cryptomeria fortunei || coniferous forest,"ni et al. 2018). Without the confirmation of the presence of trochanters I and II spines and many other relevant morphological traits (see Table 2), the positioning of S. spinimucronata within Szeptyckitheca is doubtful, and we considered it as a species inquirenda. Habitat. Specimens were found in a coniferous forest of Cryptomeria fortunei (Itoh and Zhao 1993). Known distribution. China (Itoh and Zhao 1993).",1635,1748,Szeptyckitheca spinimucronata,"Revisiting Szeptyckitheca Betsch & Weiner (Collembola, Symphypleona, Sminthuridae): new species, updated diagnoses, and a key",http://dx.doi.org/10.3897/zookeys.1186.111837,http://treatment.plazi.org/id/52A3A105A6A159C98FC8B5C171FE297A,
K209,038A87DEFFAAFFEBFF6CFBF511C8B2F1,Pseudachorutes cheni,Neanuridae,habitat,What is the habitat of Pseudachorutes cheni?,soil under a stack of decayed grass in the orange grove,"ith 3+3 teeth, no setae on corpus. Manubrium usually with 9–10+9–10 posterior setae. Dens granulated, with 6 setae (Fig. 3). Mucro without outer and inner lamellae (Fig. 3). Length ratio of manubrium: dens: mucro = 4.0–4.5: 3.0–3.1: 1. Female genital plate with about 30 setae (Fig. 10). Ecology. In soil under a stack of decayed grass in the orange grove. Etymology. The new species is named after Prof. Jian–Xiu Chen from Nanjing University, China. His assistance was helpful for our research. Remarks. The new species is very similar to P. andrei Weiner & Najt, 1985 . Both species have Ant. IV with 6 differentiated sensilla and trilobed apical bulb, ",3294,5256,"Pseudachorutes cheni Shi, Jiang & Pan, 2008, sp. nov.","A new species of Pseudachorutes Tullberg (Collembola, Neanuridae) from China",10.5281/zenodo.181803,http://treatment.plazi.org/id/038A87DEFFAAFFEBFF6CFBF511C8B2F1,
K210,5DF0D55C63285E05B8A74245E04EE31B,Hypogastrura variata,Hypogastruridae,habitat,What is the habitat of Hypogastrura variata?,a saline maritime marsh || saline maritime marsh,"on the unguis, but at least some of these characters may reflect its immature status. Nevertheless, H. mongolica and H. variata sp. nov. are unlikely to be synonymous from an ecological point of view alone, because their habitat preferences are drastically different: litter of a mountain forest vs. a saline maritime marsh. There are another four known Palaearctic congeners which may be related to the above group: H. capitata Cassagnau & Delamare, 1955 (Lebanon), H. verruculata Rusek, 1967 (China), H. ramia Lee & Choe, 1979 (South Korea), and H. pizzoci Fanciulli & Dallai, 2008 (Italy). All of them are also character",7292,10484,"Hypogastrura variata Babenko & Efeykin & Bizin 2020, sp. nov.",Three new and one little-known species of Hypogastruridae (Collembola) from Russia's northeast,http://dx.doi.org/10.3897/zookeys.1005.54882,http://treatment.plazi.org/id/5DF0D55C63285E05B8A74245E04EE31B,span cut at 'sp. nov.'; habitat from discussion
K211,AB0C23D47EAE15E953CB2CDCE42FD224,Spinonychiurus sinensis,Onychiuridae,habitat,What is the habitat of Spinonychiurus sinensis?,the coniferous forest || coniferous forest,"s acuminate chaetae; each lateral valve with a0, 2a1, 2a2; upper valves with chaetae a0, 2b1, 2b2, c0, 2c1, 2c2. Anal spines set on distinct papillae, 0.8 times as long as inner edge of hind unguis. Derivatio nominis. Named for the first recordof the genus Spinonychiurus in China. Ecology. Found in the coniferous forest. Discussion. The new species is closest to the genus Spinonychiurus in two important characters: two subsegments on Abd. III sternum and the absence of d0 on the head. However, it does not fit the current definition of the genus as proposed by Kaprus' and Tsalan (2009) in having 7 chaetae in the di",4241,5161,"Spinonychiurus sinensis Sun & Li, 2014, sp. n.","New Chinese record of the genus Spinonychiurus (Collembola, Onychiuridae), with the description of a new species",http://dx.doi.org/10.3897/zookeys.439.7789,http://treatment.plazi.org/id/AB0C23D47EAE15E953CB2CDCE42FD224,
K212,55468786AC05FFB75C85C610B95A07EC,Cyphoderus mucrominimus,Paronellidae,habitat,What is the habitat of Cyphoderus mucrominimus?,iron caves,"e on ventral side, 2 at the base of external scale and one at the base of internal scale. Mucro vestigial (9,5µm), bidentate apically, with one small subapical tooth (aAI). Etymology. The species is named after the reduced size of mucro. Distribution. The species was recorded from Amazon Rainforest iron caves at Curionópolis (Serra Leste) and Parauapebas, Pará State, northern Brazil. Ecology. Collected in four iron caves in Serra Leste and five iron caves in Parauapebas. These caves are inserted in the Amazon forest, mostly small caves whose conditions vary according to the surface weather. The altitude",4508,6417,"Cyphoderus mucrominimus Oliveira & Alves & Zeppelini 2017, sp. nov.",Two new Cyphoderus (Collembola: Paronellidae) of “ tridenticulati ” and “ bidenticulati ” groups from Brazilian Amazon,10.11646/zootaxa.4350.1.2,http://treatment.plazi.org/id/55468786AC05FFB75C85C610B95A07EC,
K214,03B787B68B55BF73B9FAFF49FF79FC2B,Coecobrya cavicola,Entomobryidae,habitat,What is the habitat of Coecobrya cavicola?,the dark zone of the cave || dark zone of the cave,"d covered with ciliated chaetae on both sides. Distal smooth part of dens as long as the mucro. Mucro strong and falcate, basal spine long, beyond the tip of the mucronal tooth (Fig. 6I). Genital plate. Female genital plate with 2+2 genital mic. Ecology. Coecobrya cavicola sp. nov. is restricted to the dark zone of the cave where it was found, in an oligotrophic environment with a rather large population of individuals. Most specimens were found on the cave floor, which was muddy ground, on stalagmites and on the rock walls. The temperature in the dark zone was 25.0‒ 26.2°C and the relative humidity was 85‒91%. Etymol",8722,11228,"Coecobrya cavicola Nilsai & Zeppelini & Bellini & Lima & Jantarit 2022, sp. nov.","First record of the boneti-group of Coecobrya Yosii, 1956 (Collembola Entomobryidae) from Thailand, with the description of three new cave species of the genus",10.11646/zootaxa.5214.3.3,http://treatment.plazi.org/id/03B787B68B55BF73B9FAFF49FF79FC2B,span cut at 'sp. nov.'
K215,4A0C87CCAD4AFFB1B187FC58FCD0FBAB,Plutomurus jangamensis,Tomoceridae,habitat,What is the habitat of Plutomurus jangamensis?,piles of bat guano in the Dark Zone || bat guano,"7 specimens) 3–4, IV– VI /1, I, 2, I, 1–2, I, 1, I (4 of 37 specimens) 3–4, IV– VI /1–4, I, 1–2, I, 2–3, I and 3–4, IV– VI /1, I, 2, I, 1–2, I, 1, I (10 of 37 specimens) Etymology. The species is named after the cave (Jangamgul cave) in which it was collected. Ecology. Specimens were collected from piles of bat guano in the Dark Zone with Constant Temperature (DZCT) (Choi et al. 2011), on the third floor of the Jangamgul cave. This site maintains high soil humidity because of water trickling from several crevices, and this also keeps the humidity of guano high. Distribution. Gangwon-do, South Korea (new species). Remark. Plutom",6348,8453,"Plutomurus jangamensis Chang & Park 2020, sp. nov.","Report on a new species of Plutomurus (Collembola, Tomoceridae) from a South Korean limestone cave, with notes on its DNA barcode",10.11646/zootaxa.4718.1.9,http://treatment.plazi.org/id/4A0C87CCAD4AFFB1B187FC58FCD0FBAB,
K216,4AF91ACA36555987BAA839FB791F4D4C,Pseudanurophorus barathrum,Isotomidae,habitat,What is the habitat of Pseudanurophorus barathrum?,littoral zone of the shore of Lake Baikal || shingly beaches || littoral zone,"tae in axial group of tergites and yet have macrosetae on last abdominal segments (vs. absent in P. barathrum sp. nov.). Pseudanurophorus arcticus is described and subsequently recorded in the Arctic and P. montanus in the mountains of Middle Asia. Distribution and ecology. Several records from the littoral zone of the shore of Lake Baikal, none found inland. It is one of the common species in shingly beaches. Name derivation. It is named after the specific mouth parts ( barathrum - a glutton in Latin, among other translations).",7136,7370,"Pseudanurophorus barathrum Potapov & Gulgenova 2020, sp. nov.",New and little known Isotomidae (Collembola) from the shore of Lake Baikal and saline lakes of continental Asia,http://dx.doi.org/10.3897/zookeys.935.49363,http://treatment.plazi.org/id/4AF91ACA36555987BAA839FB791F4D4C,
K218,03E8878C3C05735ED89DF923FDDDFD75,Bilobella matsakisi,Neanuridae,habitat,What is the habitat of Bilobella matsakisi?,the thick layer of leaf litter of an oak forest || leaf litter || decaying wood,"(present & Kontschán 2004) study) size (mm) 1.5–2 up to 4 2.7 2.6–3.3 abd. I: L 3 6–7 3 3 abd. II: L 4 7–9 6 4–5 abd. III: L 4 7–9 6 5–6 abd. IV: L 9–11 10–11 8 8–10 abd. IV: (De+Dl) 6 5 5 5 abd. V: (Di+De+Dl+L) 10–12 11 11 12 Ecology. Two of the specimens (collpr-441, collpr-443) were collected in the thick layer of leaf litter of an oak forest and in that of a spruce forest respectively, while the other four specimens were found in decaying wood within ruderal vegetation (altogether in a range of 520–1377 m above sea level). Cassagnau (1967) reported the species from spruce forests, aleppo pine forests and from a cave too (50–1000 m a.s.",5584,8038,Bilobella matsakisi Cassagnau 1967,"Review of the genus Bilobella Caroli, 1912 in the Balkan Peninsula with description of a new species (Collembola: Neanuridae)",10.5281/zenodo.197682,http://treatment.plazi.org/id/03E8878C3C05735ED89DF923FDDDFD75,
K219,03FB2749FFA06635B08F6793FF51F812,Hypogastrura heptasetata,Hypogastruridae,habitat,What is the habitat of Hypogastrura heptasetata?,soil under tiles and leaves," slightly curved, without inner and outer lamellae, with distinct carina (Figs 34–35). Ratio of dens: mucro as 1.5 (1.3– 1.8): 1; Male genital plate shown in Fig. 32. Two anal spines on Abd. VI slim and curved, longer than basal papillae, ratio of their lengths as 1.8:1 (Fig. 21). Ecology. Found in soil under tiles and leaves. Etymology. The name refers to the seven setae on dens. Remarks. Hypogastrura heptasetata sp. nov. belongs to trybomi group. It is characterized by highly modified mouthparts and by having a seta a 0 on Abd. V. It is close to H. hargrovei Skarży ṅski, 2007 from USA in having highly modified maxilla",3418,5471,"Hypogastrura heptasetata Jiang & Yin 2010, sp. nov.","Two new Hypogastrura species (Hypogastruridae, Collembola) from China",10.11646/zootaxa.2542.1.4,http://treatment.plazi.org/id/03FB2749FFA06635B08F6793FF51F812,
K220,038A8793FFAF676954C6FF4AFEB4F817,Deuteraphorura akelaris,Onychiuridae,habitat,What is the habitat of Deuteraphorura akelaris?,organic remains and the surface of gours || Troglobiont,"elaris is characterised by a smaller size of the Abd III p 2 chaeta, ratio m 2 /p 2 ratio: 1.62– 1.83, compared to 1.24–1.32 in D. boneti . Also, p 2 is a short mesochaeta on AbdV, ratio p 2 /p 5: 0.41–0.42, compared to 0.77–0.80 in D. boneti . Distribution and ecology. Troglobiont species found on organic remains and the surface of gours. It is endemic to natural cavities of the karst massif of the Navarre part of the Sierra de Aralar (Jordana & Beruete 1983, Jordana et al. 2012).",4840,5026,Deuteraphorura akelaris,"The family Onychiuridae (Collembola) from karst caves of the Basque biospeleologic district, with description of four new species",10.11646/zootaxa.5040.2.1,http://treatment.plazi.org/id/038A8793FFAF676954C6FF4AFEB4F817,
K221,D5A482BBE923692D748F26B34A6D383B,Troglobius ferroicus,Paronellidae,habitat,What is the habitat of Troglobius ferroicus?,iron-caves || water film over the rocks and organic debris,"'s biogeographic zone 27, northeastern and central Brazil (Good 1974, Culik and Zeppelini 2003). The climate is defined by dry winters and wet summers, with average temperatures of 18 °C during winter and 22 °C in summer. Habitat. Troglobius ferroicus sp. n. is found in small (less than 100 m deep) iron-caves, dwelling on water film over the rocks and organic debris in the aphotic zone. The species was found in a single cave, and it is likely to be a troglobite which lives in the in the Mesovoid Shallow Substratum (MSS) (Juberthie et al. 1980) and the adjacent cave. Conservation status. This cave is pla",3921,6345,"Troglobius ferroicus Zeppelini, Silva & Palacios-Vargas, 2014, sp. n.","A new species of Troglobius (Collembola, Paronellidae, Cyphoderinae) from a Brazilian iron cave",http://dx.doi.org/10.3897/subtbiol.14.7355,http://treatment.plazi.org/id/D5A482BBE923692D748F26B34A6D383B,span cut at 'sp. n.'
K223,03EA0A1FFFC0FF8EFF4B49DCF35A7D42,Homidia quadripora,Entomobryidae,habitat,What is the habitat of Homidia quadripora?,beneath leaf litter on a mountain slope || leaf litter,"a compound noun in apposition, derived from the Latin prefix quadri- (meaning ‘four’, from quattuor) and the noun pora (meaning ‘pore’ or ‘passage’, from Greek poros). In this context, the name refers to the presence of four pseudopores on the coxae of the mid leg in the adult stage. Habitat. Found beneath leaf litter on a mountain slope. Remarks. The new species is diagnosed by the combination of color pattern, pseudopores on the coxae, as well as mac-chaetae on head and Abd. I. The body pigmentation is purple with a V-shaped unpigmented area on the head and a lighter purple patch in the middle on the posterior half of Abd. IV. Th",10895,13852,"Homidia quadripora Ding, Li, Lu & Zhang, 2026, sp. nov.","New species of Homidia (Collembola: Entomobryidae) from Yunnan, China: morphology, DNA barcodes and first instar characteristics",10.11646/zootaxa.5787.3.8,http://treatment.plazi.org/id/03EA0A1FFFC0FF8EFF4B49DCF35A7D42,
K225,03C54558BD2DFFFF1498FF6F0FB1FDC2,Isotomurus palustris,Isotomidae,habitat,What is the habitat of Isotomurus palustris?,damp habitats,"xamined: Iran, Esfahan province, Esfahan, tomato greenhouse, soil, 10 specimens, leg.: Yaser Chalangar. Ecology and distribution. Widely distributed in Iran: Markazi, Mazandaran, Guilan, Golestan, Khuzestan (Cox 1982; Hosseini et al. 2016; Ramezani & Mossadegh 2017). The species is usually found in damp habitats. Remarks. The species has been reported from northern parts of Iran by some researchers (Cox 1982, Hosseini et al. 2016). It seems that this species is mixed up with I. hyrcanicus sp. nov. in records of the old authors because of identical color pattern. During our investigation of Isotomidae in so",317,889,Isotomurus palustris Muller 1776,A revision of the genus Isotomurus (Collembola: Isotomidae) in northern Iran using molecular evidence,10.11646/zootaxa.5230.1.3,http://treatment.plazi.org/id/03C54558BD2DFFFF1498FF6F0FB1FDC2,span was distribution; habitat in next sentence
K226,E0B3CA88DEBA599198C83E45A881594C,Szeptyckitheca mucroserrata,Sminthuridae,habitat,What is the habitat of Szeptyckitheca mucroserrata?,"Australian pine needles, leaf mold, and forest debris || forest litter || sand dunes","a has possibly been used to circumscribe a complex of species. In this scenario its redescription is urgent, to improve the comprehension of the morphology and distribution of Szeptyckitheca species from the New World. Habitat. Specimens listed in the original description were found associated with Australian pine needles, leaf mold, and forest debris in Florida, USA (Snider 1978). In Brazil, specimens of S. mucroserrata were found associated to forest litter and on sand dunes (Abrantes et al. 2012). Known distribution. Brazil, Mexico, and USA (Snider 1978; Mari-Mutt and Bellinger 1996; Abrantes et al. 2012).",1918,2234,Szeptyckitheca mucroserrata,"Revisiting Szeptyckitheca Betsch & Weiner (Collembola, Symphypleona, Sminthuridae): new species, updated diagnoses, and a key",http://dx.doi.org/10.3897/zookeys.1186.111837,http://treatment.plazi.org/id/E0B3CA88DEBA599198C83E45A881594C,
K228,F72D49895E9ED412B7CC41B79706285A,Triacanthella madiba,Hypogastruridae,habitat,What is the habitat of Triacanthella madiba?,bat guano in a cave || bat guano," the labial palp, which is similar to that described by Fjellberg for an unidentified species of Australia (Fjellberg 1999), being strongly reduced compared to that of Triacanthella biroi , Stach 1924 from Europe (Fjellberg 1999). Distribution and ecology. Triacanthella madiba sp. n. is recorded in bat guano in a cave of Table Mountain National Park. This is the first record of the genus Triacanthella in a guano habitat and the first record of the genus for Africa. None of the Triacanthella species recorded so far are found in tropical regions. They are all restricted to temperate zones, where they occur in a la",7672,10535,"Triacanthella madiba Janion, D'Haese & Deharveng, 2012, sp. n.","A new species and first record of the genus Triacanthella Schaeffer, 1897 (Collembola, Poduromorpha, Hypogastruridae) for Africa",http://dx.doi.org/10.3897/zookeys.163.2298,http://treatment.plazi.org/id/F72D49895E9ED412B7CC41B79706285A,span cut at 'sp. n.'
K229,AF5487D7E50A3A38FF1FF9FEC3BBFAE1,Leeonychiurus fusongensis,Onychiuridae,habitat,What is the habitat of Leeonychiurus fusongensis?,the broadleaved forest || broadleaved forest,"ith 16–21 chaetae in females and 44–52 chaetae in males. Anal valves with numerous acuminate chaetae; each lateral valve with chaetae a0 and 2a1; upper valve with chaetae a0, b0, 2b1, 2b2, c0, 2c1, 2c2 (Fig. 6). Anal spines set on distinct papillae, as long as inner edge of hind unguis. Ecology. In the broadleaved forest. Derivatio nominis. Named for the type locality. Discussion. The new species is distinguished from all other species of the genus by the number of dorsal and ventral pseudocelli. Main differences between L. fusongensis sp. nov. and all other species of the genus are summarized in Table 2.",3677,3989,"Leeonychiurus fusongensis Sun & Arbea, 2014, sp. nov.","Leeonychiurus, a new genus from East Asia (Collembola: Onychiuridae: Onychiurini)",10.11646/zootaxa.3847.1.6,http://treatment.plazi.org/id/AF5487D7E50A3A38FF1FF9FEC3BBFAE1,
K230,FF2F56857627DAFBB37849B35FB7FD6E,Trogolaphysa giordanoae,Paronellidae,habitat,What is the habitat of Trogolaphysa giordanoae?,"guanophile || entrance, twilight (Fig. 22) and dark zones of caves || caves","uter tooth reaches to at least half length of basal inner tooth. Etymology. This species is dedicated to Rosanna Giordano, the senior author's wife, for her years of support and contributions to science. Distribution. The species is known only fromBelize Habitat. Trogolaphysa giordanoae sp. n. is a guanophile, recorded from entrance, twilight (Fig. 22) and dark zones of caves (6.7, 53.3 & 40.0 % of 15 collections, respectively), often in association with fruit bat or other guano (Fig. 23) (noted for 40% of 15 collections). It was commonly found on the floor of caves (76.9% of 13 collections where positi",7189,7588,"Trogolaphysa giordanoae Soto-Adames & Taylor, sp. n.","The dorsal chaetotaxy of Trogolaphysa (Collembola, Paronellidae), with descriptions of two new species from caves in Belize",http://dx.doi.org/10.3897/zookeys.323.4950,http://treatment.plazi.org/id/FF2F56857627DAFBB37849B35FB7FD6E,span cut at 'sp. n.'
K231,553A87DDFF8FFFDDDCB6FAA758B93D24,Lepidocyrtus florae,Entomobryidae,habitat,What is the habitat of Lepidocyrtus florae?,moss on alder logs || moss,"nd 3 chaetae outer to the 2 pseudopores (Fig. 32). Dental tubercle absent. Mucro as in Fig. 33. Ratio manubrium/ dens/mucro as 16:18:1. Variability. On one specimen abd.IV accessory chaeta m doubled (bilateral variability). Ecology and distribution. The specimens of L. florae sp. nov. were found in moss on alder logs (dead lying trees) and, in low abundance, also in moss on buttressed roots of living alder trees (Fig. 34). As L. florae sp. nov was lacking in the soil samples taken from the type locality, the new species can be considered as a typical bryophilous, hygrophil species. Discussion. Lepidocyrtus flor",6076,13039,"Lepidocyrtus florae Mateos & Winkler 2018, sp. nov.","New data clarifying the taxonomy of European members of the Lepidocyrtus pallidus - serbicus group (Collembola, Entomobryidae)",10.11646/zootaxa.4429.3.5,http://treatment.plazi.org/id/553A87DDFF8FFFDDDCB6FAA758B93D24,span cut at 'L.'
K232,03A5F710FFBBFFCEFF0C4A82B252C24B,Plutomurus shurubumuensis,Tomoceridae,habitat,What is the habitat of Plutomurus shurubumuensis?,troglophilous,", P. kawasawai Yosii, 1956 , and P. ortobalaganensis ) are blind and easily distinguished from P. shurubumuensis sp. nov. Etymology. The species is named after the cave in which it was collected. Ecology. The body and eye patch pigmentation, together with the thick, toothed unguis suggest this is a troglophilous species. The small number and size of the inner ungual teeth and presence of an acuminate tenent hair place it in the early stages of troglomorphy.",8235,8396,"Plutomurus shurubumuensis Barjadze, Jordana & Soto-Adames 2018, sp. nov.","Two new species of Plutomurus Yosii (Collembola, Tomoceridae) from the Caucasus",10.11646/zootaxa.4526.1.2,http://treatment.plazi.org/id/03A5F710FFBBFFCEFF0C4A82B252C24B,only a general ecological statement is given
K233,6A1D4C35081655CEBE5B441E88A98731,Cryptopygus bulbus,Isotomidae,habitat,What is the habitat of Cryptopygus bulbus?,leaf litter in indigenous vegetation || leaf litter,"tymology. The name is derived from the presence of apical bulb on Ant. IV. Distribution and ecology. Currently known to occur in the southern part of the Western Cape Province of South Africa, including Kogelberg, Franschoek and the Table Mountain area (Cape Town). All specimens were collected from leaf litter in indigenous vegetation. Discussion. The species differs from other representatives of the Cryptopygus complex, if not from all Isotomidae of the Southern Hemisphere, by the presence of a globular bulb at tip of the antennae. The taxonomical value of this character is not fully clear. In the Northern Hemisphere several un",4304,5230,"Cryptopygus bulbus Potapov & Janion-Scheepers & Deharveng 2020, sp. nov.","Taxonomy of the Cryptopygus complex. III. The revision of South African species of Cryptopygus and Isotominella (Collembola, Isotomidae)",http://dx.doi.org/10.3897/zookeys.945.51860,http://treatment.plazi.org/id/6A1D4C35081655CEBE5B441E88A98731,span was distribution; habitat in next sentence
K235,F03D8A04D2DC51F299840363EB9637AA,Coecobrya ellisi,Entomobryidae,trophic_guild,What does Coecobrya ellisi feed on?,bat guano || patches of bat guano," Genital plate. Female genital plate with 2+2 genital mic, male genital plate not clearly seen. Ecology. Coecobrya ellisi sp. nov. was found deep in a cave which has many chambers, on the muddy ground floor, on stalagmites and on wet rock walls. Many individuals were found feeding on the patches of bat guano in mesotrophic to eutrophic habitats. The relative humidity of the cave was 86-89% and the temperature was 25.8-27.5 °C. The cave where this species was found is located in an isolated limestone hill and has a narrow, vertical, entrance about 25 m deep which is equipped with iron ladders. The cave ",8806,10933,"Coecobrya ellisi Jantarit & Nilsai 2021, sp. nov.","Four new species of troglomorphic Coecobrya Yosii, 1956 (Collembola, Entomobryidae) from Thailand based on morphological and molecular evidence, with an updated key of Thai troglomorphic species",http://dx.doi.org/10.3897/subtbiol.41.76926,http://treatment.plazi.org/id/F03D8A04D2DC51F299840363EB9637AA,
K236,03A3A308FFF8FF854C9AFDE1045F1635,Prabhergia mana,Tullbergiidae,trophic_guild,What does Prabhergia mana feed on?,fungi,"bed based on specimens collected in non-natural environments. However, these species differ in terms of their form of occupation and search for resources, considering that the Chinese species was collected in soil litter and P. mana sp. nov. in bee nesting holes, where its diet probably consists of fungi. Perhaps future information based on molecular data can improve our understanding on the processes of differentiation between P. imadatei and P. mana sp. nov. and their phylogenetic relationships with other members of the genus.",5689,5923,"Prabhergia mana Mendonça & Signes, 2024, sp. nov.",First record of Prabhergia Salmon (Collembola: Tullbergiidae: Tullbergiinae) in the Neotropics with a description of a new species from Brazil,10.11646/zootaxa.5538.3.5,http://treatment.plazi.org/id/03A3A308FFF8FF854C9AFDE1045F1635,hedged: 'diet probably consists of fungi'
K237,8514C9F3706553B4AB85FC8527576B70,Willowsia solanella,Entomobryidae,trophic_guild,What does Willowsia solanella feed on?,superficial molds and fine organic debris || fungivorous – detritivorous || molds,"teria, and decaying plant material). Willowsia solanella sp. nov. appears to be a synanthropic species inhabiting indoor environments where moisture, organic particles, and fungal growth are present. Like other members of the genus Willowsia , it is fungivorous – detritivorous, feeding primarily on superficial molds and fine organic debris. Its presence is not associated with damage to stored products and should be considered ecologically harmless, likely contributing to the decomposition of organic matter in human-modified microhabitats. Remarks. The genus Willowsia Shoebotham, 1917 ( Collembola , Entomobryidae ) is characterized by",4771,6805,"Willowsia solanella Jordana, Fiera & Baquero, 2026, sp. nov.","Three new species of Entomobryidae (Collembola) from Romania, including a synanthropic Willowsia species",10.3897/zookeys.1282.194867,http://treatment.plazi.org/id/8514C9F3706553B4AB85FC8527576B70,
K238,54BBE7D77FFBC80F6A69AB32BD07EE5B,Coecobrya sirindhornae,Entomobryidae,trophic_guild,What does Coecobrya sirindhornae feed on?,a cricket corpse || cricket corpse,"gotrophic environment of a small chamber, on muddy ground and wet rock walls. The chamber is connected to a narrow steep hole. Small puddles are present in the chamber and water is dripping from the ceiling. Muddy ground surface is flooded during rainy season. Some individuals were found feeding on a cricket corpse. They were quick jumping and moved rapidly. The species is found only in that chamber where humidity is at saturation, and temperature is constant (23‒24 degrees Celsius). The population seems rather limited (only 26 specimens were collected from five attempts, each time one hour collecting by 2 pe",10815,13754,"Coecobrya sirindhornae Jantarit, Satasook & Deharveng, 2019, sp. n.","Coecobryasirindhornae sp. n., the most highly troglomorphic Collembola in Southeast Asia (Collembola, Entomobryidae)",http://dx.doi.org/10.3897/zookeys.824.31635,http://treatment.plazi.org/id/54BBE7D77FFBC80F6A69AB32BD07EE5B,single field observation
K244,A90387B3FFB4FFBCFF11FF32FC66528E,Lepidocyrtus bicoloris,Entomobryidae,trophic_guild,What does Lepidocyrtus bicoloris feed on?,fungal hyphae and spores || fungal hyphae,"ooth at 83% of the inner edge of the unguis, and unguiculus with a finely serrated outer margin (Fig. 26). Ratio manubrium:dens:mucro as 16:15:1. Ecology and distribution. Specimens were obtained from pine and oak litter and from herbaceous vegetation. They all have a gut content composed mainly of fungal hyphae and spores. Discussion. Color pattern is usually a useful discriminating character in Lepidocyrtinae (even in Entomobryidae ). The ""color pattern species"" coined by Yoshii (1989) for tropical Entomobryoidea argues that in the absence of diagnostic morphological characters, differences in color pattern were su",2527,3531,"Lepidocyrtus bicoloris Mateos, 2012, sp. nov.","The European Lepidocyrtus lanuginosus group (Collembola: Entomobryidae), definition and description of a new species from Spain",10.5281/zenodo.210424,http://treatment.plazi.org/id/A90387B3FFB4FFBCFF11FF32FC66528E,
K247,F614CE575378FFC9FF39DB82FD6CFB3B,Paratullbergia chuana,Tullbergiidae,trophic_guild,What does Paratullbergia chuana feed on?,fungivorous || spores and mycelium fragments of soil fungi || soil fungi," and P. chuana sp. nov. occur in natural forest of high altitude (more than 3000 m) with relatively large populations. It seems different species are adapted to different environments. Spores and mycelium fragments of soil fungi can be recognised in their gut contents, which indicates that they are fungivorous.",8754,8766,"Paratullbergia chuana Gao & Bu 2020, sp. nov.","Description of a new species of Paratullbergia (Collembola, Tullbergiidae) from China with the report of an abnormal antenna",10.11646/zootaxa.4808.1.6,http://treatment.plazi.org/id/F614CE575378FFC9FF39DB82FD6CFB3B,
K248,5E3487991A52A329FF0D5BA4606BEB42,Neelus koseli,unassigned,trophic_guild,What does Neelus koseli feed on?,clay and organic particles || fungal hyphae || fungal spores,"es is named in honour of our friend, zoologist and speleologist, Dr. Vladimír Košel (Comenius University, Bratislava) who added considerably to the knowledge of Oligochaeta and Diptera of the Slovak caves. Biology. Digestive track with four apparent compartments (diverticula) was filled mainly with clay and organic particles, fungal hyphae were recognized in small extent. In several specimens fungal spores predominated in the gut. Distribution. Neelus koseli sp. nov. was discovered in three caves of the eastern Slovakia. The caves are located in two adjacent karst areas: (1) Čierna hora Mts. (Humenecká and Medvedia cav",9664,11083,"Neelus koseli Kováč & Papáč, 2010, sp. nov.","Revision of the genus Neelus Folsom, 1896 (Collembola, Neelida) with the description of two new troglobiotic species from Europe",10.5281/zenodo.276298,http://treatment.plazi.org/id/5E3487991A52A329FF0D5BA4606BEB42,"gut contents: clay and organic particles, fungal hyphae, fungal spores"
