docid,treatment_title,species,family,query,search_score,article_title,doi,treatment_uri,text_length
985F87902F58FFC797BEFDD6DB8F3772,"Xenylla carolinensis Wray 1946, new synonym",Xenylla carolinensis,Hypogastruridae,Hypogastruridae,52.302963,Redescriptions of Hypogastruridae and Onychiuridae (Collembola) described by David L. Wray,10.11646/zootaxa.3918.3.1,http://treatment.plazi.org/id/985F87902F58FFC797BEFDD6DB8F3772,393
03FD87AAFF8EFF8AFF0EFF4BFB66D7E5,Ceratophysella engadinensis,Ceratophysella engadinensis,Hypogastruridae,Hypogastruridae,49.72576,"Nuevo caso de infestación doméstica por colémbolos (Hexapoda, Collembola) en el sur de Galicia (España).",10.5281/zenodo.12767900,http://treatment.plazi.org/id/03FD87AAFF8EFF8AFF0EFF4BFB66D7E5,889
03F06833FFAF647A8CC6F741FCDBFD87,"Ephemerotoma skarzynskii Potapov, Kahrarian, Deharveng & Shayanmehr, 2015, sp. nov.",Ephemerotoma skarzynskii,Hypogastruridae,Hypogastruridae,47.500206,Taxonomy of the Proisotoma complex. V. Sexually dimorphic Ephemerotoma gen. nov. (Collembola: Isotomidae),10.11646/zootaxa.4052.3.4,http://treatment.plazi.org/id/03F06833FFAF647A8CC6F741FCDBFD87,5624
18944DB37B50E010A48EF7BB730BAFD6,"Cosberella mendozarum Palacios-Vargas & Castano-Meneses, 2019, sp. n.",Cosberella mendozarum,Hypogastruridae,Hypogastruridae,47.0304,"First Mexican species of the genus Cosberella (Collembola, Hypogastruridae)",http://dx.doi.org/10.3897/zookeys.829.26730,http://treatment.plazi.org/id/18944DB37B50E010A48EF7BB730BAFD6,6494
A441878A305FFF93FF448F0FFCA9C07B,"Austrogastrura travassosi (Arle, 1939) sensu Thibaud & Palacios-Vargas 1999",Austrogastrura travassosi,Hypogastruridae,Hypogastruridae,46.418266,"Revision of the genus Austrogastrura Thibaud & Palacios-Vargas, 1999 (Collembola: Poduromorpha: Hypogastruridae)",10.5281/zenodo.196708,http://treatment.plazi.org/id/A441878A305FFF93FF448F0FFCA9C07B,5906
6040DE7A2536FFA2592673D9FF09FE60,Lepidocyrtus nigrosetosus Folsom 1927,Lepidocyrtus nigrosetosus,Hypogastruridae,Hypogastruridae,46.37806,"Insect (Hexapoda) diversity in the oceanic archipelago of Fernando de Noronha, Brazil: updated taxonomic checklist and new records",10.1590/1806-9665-RBENT-2020-0052,http://treatment.plazi.org/id/6040DE7A2536FFA2592673D9FF09FE60,2275
50498604A36F60A8888D285031149530,"Ceratophysella skarzynskii Weiner & Sun, sp. n.",Ceratophysella skarzynskii,Hypogastruridae,Hypogastruridae,45.824306,"Ceratophysella species from mushrooms in China (Collembola, Hypogastruridae)",http://dx.doi.org/10.3897/zookeys.822.30880,http://treatment.plazi.org/id/50498604A36F60A8888D285031149530,5346
03EE87B8FFBB8E1A01F8FA4AAF47FAFE,"Paraxenylla sooretamensis Queiroz & Deharveng, 2008, sp. nov.",Paraxenylla sooretamensis,Hypogastruridae,Hypogastruridae,45.315907,"Description of a new species of Paraxenylla (Collembola, Hypogastruridae) from Brazil, with comments on the genus",10.5281/zenodo.183626,http://treatment.plazi.org/id/03EE87B8FFBB8E1A01F8FA4AAF47FAFE,7012
03DCB870E637FFA4FC772BC7FDA2FF4A,Folsomina onychiurina Denis 1931,Folsomina onychiurina,Hypogastruridae,Hypogastruridae,44.65589,Étude des collemboles des sables littoraux de la côte est de Madagascar (interstitiels terrestres),10.5252/z2015n2a4,http://treatment.plazi.org/id/03DCB870E637FFA4FC772BC7FDA2FF4A,6532
A441878A305DFF96FF448930FCEDC620,"Austrogastrura marambaia Fernandes, Bellini & Mendonça, 2010, sp. nov.",Austrogastrura marambaia,Hypogastruridae,Hypogastruridae,44.495552,"Revision of the genus Austrogastrura Thibaud & Palacios-Vargas, 1999 (Collembola: Poduromorpha: Hypogastruridae)",10.5281/zenodo.196708,http://treatment.plazi.org/id/A441878A305DFF96FF448930FCEDC620,5329
038187EBFFDE603EFF03FAA4D798FC37,"Ceratophysella anacopica Babenko & Antipova, 2025, sp. nov.",Ceratophysella anacopica,Hypogastruridae,Hypogastruridae,43.69614,"Two new species of the springtail genus Ceratophysella Börner, 1932 from the Caucasus (Collembola: Hypogastruridae)",10.11646/zootaxa.5725.3.4,http://treatment.plazi.org/id/038187EBFFDE603EFF03FAA4D798FC37,9989
03B287DDFFFEFD69F582F95A8AEE5FA8,Hypogastrura gracilis,Hypogastrura gracilis,Hypogastruridae,Hypogastruridae,42.819706,"Redescription of Hypogastrura gracilis, synonymy of Ceratophysella quinidentis with C. duplicispinosa, and additional information on C. adexilis (Collembola: Hypogastruridae)",10.11646/zootaxa.2822.1.2,http://treatment.plazi.org/id/03B287DDFFFEFD69F582F95A8AEE5FA8,9302
977387A9FFA5FFEEFE79FE5BFDF0FC8B,"Reliquantha eocena ROHÁýEK 2014, sp. nov.",Reliquantha eocena,Hypogastruridae,Hypogastruridae,42.26838,"Reliquantha eocena sp. nov., first tertiary representative of an extant genus of Anthomyzidae (Diptera)",10.5281/zenodo.5301126,http://treatment.plazi.org/id/977387A9FFA5FFEEFE79FE5BFDF0FC8B,12576
195D87CB8564FFD7BFEEFD22FE47FA7A,Australonura wellingtonia,Australonura wellingtonia,Hypogastruridae,Hypogastruridae,42.108223,An integrated taxonomic and phylogenetic study of Neanuroidea (Poduromorpha),10.1093/zoolinnean/zlaf028,http://treatment.plazi.org/id/195D87CB8564FFD7BFEEFD22FE47FA7A,6411
9E21835B682BF76693FD31050C4211A5,"Deutonura jeromoltoi Deharveng & Bedos & Duran 2015, n. sp.",Deutonura jeromoltoi,Hypogastruridae,Hypogastruridae,41.15971,"Two new species of Poduromorpha (Collembola) from the Mercantour National Park (Alpes-Maritimes, France), with comments on pseudopore patterns",10.5252/z2015n1a8,http://treatment.plazi.org/id/9E21835B682BF76693FD31050C4211A5,8053
733887F3D2584F18F3D1FB10FAB0FB18,"Duvalius abyssimus Reboleira & Ortuno, n. sp.",Duvalius abyssimus,Hypogastruridae,Hypogastruridae,40.25567,A new species of Duvalius from world’s deepest cave (Coleoptera: Carabidae),10.11646/zootaxa.3784.3.6,http://treatment.plazi.org/id/733887F3D2584F18F3D1FB10FAB0FB18,8877
4D2DD3391A5A3B2AFF24228F7A74FBE7,"Marmara viburnella Feldman 2017, sp. nov.",Marmara viburnella,Hypogastruridae,Hypogastruridae,17.503878,"A new species of Marmara (Lepidoptera: Gracillariidae: Marmarinae), with an Annotated List of Known Hostplants for the Genus",10.11646/zootaxa.4337.2.2,http://treatment.plazi.org/id/4D2DD3391A5A3B2AFF24228F7A74FBE7,11812
6F8FFAA04E18636CB421FCA45ECF5B12,Ceratophysella communis Folsom 1898,Ceratophysella communis,Hypogastruridae,Hypogastruridae,10.757411,"Ceratophysella species from mushrooms in China (Collembola, Hypogastruridae)",http://dx.doi.org/10.3897/zookeys.822.30880,http://treatment.plazi.org/id/6F8FFAA04E18636CB421FCA45ECF5B12,586
410342EDEDA74FFD71A533CEBE469C59,Ceratophysella denticulata Bagnall 1941,Ceratophysella denticulata,Hypogastruridae,Hypogastruridae,10.757411,"Ceratophysella species from mushrooms in China (Collembola, Hypogastruridae)",http://dx.doi.org/10.3897/zookeys.822.30880,http://treatment.plazi.org/id/410342EDEDA74FFD71A533CEBE469C59,435
03FB2749FFA06635B08F6793FF51F812,"Hypogastrura heptasetata Jiang & Yin 2010, sp. nov.",Hypogastrura heptasetata,Hypogastruridae,Hypogastruridae,10.757411,"Two new Hypogastrura species (Hypogastruridae, Collembola) from China",10.11646/zootaxa.2542.1.4,http://treatment.plazi.org/id/03FB2749FFA06635B08F6793FF51F812,5471
03FB2749FFA46636B08F6637FE32FAA5,"Hypogastrura hexasetata Jiang & Yin 2010, sp. nov.",Hypogastrura hexasetata,Hypogastruridae,Hypogastruridae,10.757411,"Two new Hypogastrura species (Hypogastruridae, Collembola) from China",10.11646/zootaxa.2542.1.4,http://treatment.plazi.org/id/03FB2749FFA46636B08F6637FE32FAA5,5729
03FB2749FFAE6638B08F629DFA2DFC81,Hypogastrura trybomi,Hypogastrura trybomi,Hypogastruridae,Hypogastruridae,10.757411,"Two new Hypogastrura species (Hypogastruridae, Collembola) from China",10.11646/zootaxa.2542.1.4,http://treatment.plazi.org/id/03FB2749FFAE6638B08F629DFA2DFC81,2860
C9D7B5A3B6663848A5EC5E3E133E78AE,Ceratophysella liguladorsi Lee 1974,Ceratophysella liguladorsi,Hypogastruridae,Hypogastruridae,10.757411,"Ceratophysella species from mushrooms in China (Collembola, Hypogastruridae)",http://dx.doi.org/10.3897/zookeys.822.30880,http://treatment.plazi.org/id/C9D7B5A3B6663848A5EC5E3E133E78AE,1251
EC6387A4FFEA3733FF62A674FAC3FE6A,Hypogastrura serrata,Hypogastrura serrata,Hypogastruridae,Hypogastruridae,10.757411,Anatomy of the springtail Hypogastrura serrata (Collembola: Hypogastruridae),10.15298/rusentj.34.3.08,http://treatment.plazi.org/id/EC6387A4FFEA3733FF62A674FAC3FE6A,3648
EC6387A4FFEB3733FCDFA39EFEB7F7E2,Hypogastrura serrata,Hypogastrura serrata,Hypogastruridae,Hypogastruridae,10.757411,Anatomy of the springtail Hypogastrura serrata (Collembola: Hypogastruridae),10.15298/rusentj.34.3.08,http://treatment.plazi.org/id/EC6387A4FFEB3733FCDFA39EFEB7F7E2,2452
40426A098B05A51BECEAFD5BFBB3FBC7,"Ceratophysella tupamara Palacios-Vargas & Bocanegra, 2012, sp. nov.",Ceratophysella tupamara,Hypogastruridae,Hypogastruridae,10.391307,A new species of Ceratophysella from Peru (Collembola: Hypogastruridae),10.5962/bhl.part.150201,http://treatment.plazi.org/id/40426A098B05A51BECEAFD5BFBB3FBC7,5984
03A887BCFF828A50FEA6F97D20E5FD1B,"Hypogastrura carpatica Nosek 1962, stat. nov.",Hypogastrura carpatica,Hypogastruridae,Hypogastruridae,10.049301,"A taxonomic revision of Hypogastrura crassaegranulata (Stach, 1949) (Collembola, Hypogastruridae)",10.5281/zenodo.171514,http://treatment.plazi.org/id/03A887BCFF828A50FEA6F97D20E5FD1B,1190
03A887BCFF888A51FEA6FC0421C3F9CA,Hypogastrura crassaegranulata Stach 1949,Hypogastrura crassaegranulata,Hypogastruridae,Hypogastruridae,10.049301,"A taxonomic revision of Hypogastrura crassaegranulata (Stach, 1949) (Collembola, Hypogastruridae)",10.5281/zenodo.171514,http://treatment.plazi.org/id/03A887BCFF888A51FEA6FC0421C3F9CA,9831
985F87902F4AFFD097BEF992DAB73231,Hypogastrura gravesi Wray 1971,Hypogastrura gravesi,Hypogastruridae,Hypogastruridae,9.72909,Redescriptions of Hypogastruridae and Onychiuridae (Collembola) described by David L. Wray,10.11646/zootaxa.3918.3.1,http://treatment.plazi.org/id/985F87902F4AFFD097BEF992DAB73231,6129
985F87902F4BFFD597BEFC4ADD6735B1,"Hypogastrura gami Wray 1952, new synonym",Hypogastrura gami,Hypogastruridae,Hypogastruridae,9.72909,Redescriptions of Hypogastruridae and Onychiuridae (Collembola) described by David L. Wray,10.11646/zootaxa.3918.3.1,http://treatment.plazi.org/id/985F87902F4BFFD597BEFC4ADD6735B1,3561
985F87902F4FFFD397BEF93ADB0E3039,Hypogastrura ireneae Wray 1953,Hypogastrura ireneae,Hypogastruridae,Hypogastruridae,9.72909,Redescriptions of Hypogastruridae and Onychiuridae (Collembola) described by David L. Wray,10.11646/zootaxa.3918.3.1,http://treatment.plazi.org/id/985F87902F4FFFD397BEF93ADB0E3039,5186
985F87902F5EFFC397BEFC0CD9D23775,"Heteraphorura magnina Wray 1950, new combination",Heteraphorura magnina,Hypogastruridae,Hypogastruridae,9.72909,Redescriptions of Hypogastruridae and Onychiuridae (Collembola) described by David L. Wray,10.11646/zootaxa.3918.3.1,http://treatment.plazi.org/id/985F87902F5EFFC397BEFC0CD9D23775,4876
985F87902F61FFFF97BEFDBADCCA36E4,Onychiurus wilchi Wray 1950,Onychiurus wilchi,Hypogastruridae,Hypogastruridae,9.72909,Redescriptions of Hypogastruridae and Onychiuridae (Collembola) described by David L. Wray,10.11646/zootaxa.3918.3.1,http://treatment.plazi.org/id/985F87902F61FFFF97BEFDBADCCA36E4,5401
985F87902F58FFC197BEFCF8DCAE369F,Xenylla duchesnea Wray 1958,Xenylla duchesnea,Hypogastruridae,Hypogastruridae,9.72909,Redescriptions of Hypogastruridae and Onychiuridae (Collembola) described by David L. Wray,10.11646/zootaxa.3918.3.1,http://treatment.plazi.org/id/985F87902F58FFC197BEFCF8DCAE369F,5647
985F87902F5BFFC497BEFF06DCDA3666,Schoettella (Knowltonella) idahoensis Wray 1958,Schoettella idahoensis,Hypogastruridae,Hypogastruridae,9.72909,Redescriptions of Hypogastruridae and Onychiuridae (Collembola) described by David L. Wray,10.11646/zootaxa.3918.3.1,http://treatment.plazi.org/id/985F87902F5BFFC497BEFF06DCDA3666,715
985F87902F5CFFFE97BEFCC3DB1835B1,"Onychiurus mai Wray 1950, new combination",Onychiurus mai,Hypogastruridae,Hypogastruridae,9.72909,Redescriptions of Hypogastruridae and Onychiuridae (Collembola) described by David L. Wray,10.11646/zootaxa.3918.3.1,http://treatment.plazi.org/id/985F87902F5CFFFE97BEFCC3DB1835B1,5017
985F87902F45FFD497BEFC12D94437E1,Ceratophysella jondavi Wray 1946,Ceratophysella jondavi,Hypogastruridae,Hypogastruridae,9.72909,Redescriptions of Hypogastruridae and Onychiuridae (Collembola) described by David L. Wray,10.11646/zootaxa.3918.3.1,http://treatment.plazi.org/id/985F87902F45FFD497BEFC12D94437E1,5470
985F87902F4CFFCE97BEFB32DA6B3089,Hypogastrura promatro Wray 1950,Hypogastrura promatro,Hypogastruridae,Hypogastruridae,9.72909,Redescriptions of Hypogastruridae and Onychiuridae (Collembola) described by David L. Wray,10.11646/zootaxa.3918.3.1,http://treatment.plazi.org/id/985F87902F4CFFCE97BEFB32DA6B3089,6133
985F87902F5BFFC797BEFDC4D9793595,Triacanthella copelandi Wray 1963,Triacanthella copelandi,Hypogastruridae,Hypogastruridae,9.72909,Redescriptions of Hypogastruridae and Onychiuridae (Collembola) described by David L. Wray,10.11646/zootaxa.3918.3.1,http://treatment.plazi.org/id/985F87902F5BFFC797BEFDC4D9793595,6519
985F87902F41FFDA97BEFB36DC663756,"Ceratophysella hermosa Wray 1953, new combination",Ceratophysella hermosa,Hypogastruridae,Hypogastruridae,9.72909,Redescriptions of Hypogastruridae and Onychiuridae (Collembola) described by David L. Wray,10.11646/zootaxa.3918.3.1,http://treatment.plazi.org/id/985F87902F41FFDA97BEFB36DC663756,7419
985F87902F57FFCB97BEFB32D94F3505,Schoettella glasgowi Folsom 1916,Schoettella glasgowi,Hypogastruridae,Hypogastruridae,9.72909,Redescriptions of Hypogastruridae and Onychiuridae (Collembola) described by David L. Wray,10.11646/zootaxa.3918.3.1,http://treatment.plazi.org/id/985F87902F57FFCB97BEFB32D94F3505,6464
985F87902F51FFC897BEFAA2DD6E3039,Schaefferia cheoha Wray 1963,Schaefferia cheoha,Hypogastruridae,Hypogastruridae,9.72909,Redescriptions of Hypogastruridae and Onychiuridae (Collembola) described by David L. Wray,10.11646/zootaxa.3918.3.1,http://treatment.plazi.org/id/985F87902F51FFC897BEFAA2DD6E3039,4955
03E287CBFF92FFFBDF7EFC44FB7EE55F,"Paraxenylla peruensis Palacios-Vargas & Janssens, 2006, sp. nov.",Paraxenylla peruensis,Hypogastruridae,Hypogastruridae,9.72909,Two new American species of Paraxenylla (Collembola: Hypogastruridae) and ecological notes,10.5281/zenodo.173898,http://treatment.plazi.org/id/03E287CBFF92FFFBDF7EFC44FB7EE55F,2891
03E287CBFF94FFFADF7EFBE4FD7BE507,"Paraxenylla cubana Palacios-Vargas & Janssens, 2006, sp. nov.",Paraxenylla cubana,Hypogastruridae,Hypogastruridae,9.72909,Two new American species of Paraxenylla (Collembola: Hypogastruridae) and ecological notes,10.5281/zenodo.173898,http://treatment.plazi.org/id/03E287CBFF94FFFADF7EFBE4FD7BE507,2355
D420C10EF21BFFD3FF1374C9FC79F8D1,"Hypogastrura manghe Jia, Skarżyński & Konikiewicz, 2011, sp. nov.",Hypogastrura manghe,Hypogastruridae,Hypogastruridae,9.72909,"A taxonomic study on Hypogastrura Bourlet, 1839 (Collembola, Hypogastruridae) from China",10.5281/zenodo.201154,http://treatment.plazi.org/id/D420C10EF21BFFD3FF1374C9FC79F8D1,4166
D420C10EF21FFFD4FF137483FDFDFDB2,Hypogastrura yosii Stach 1964,Hypogastrura yosii,Hypogastruridae,Hypogastruridae,9.72909,"A taxonomic study on Hypogastrura Bourlet, 1839 (Collembola, Hypogastruridae) from China",10.5281/zenodo.201154,http://treatment.plazi.org/id/D420C10EF21FFFD4FF137483FDFDFDB2,5998
03B7E33CCC53F15AFF283BC82737F917,Hypogastrura exigua Gisin 1958,Hypogastrura exigua,Hypogastruridae,Hypogastruridae,9.72909,"A taxonomic study on some Alpine Hypogastrura Bourlet, 1839 (Collembola, Hypogastruridae)",10.5281/zenodo.205107,http://treatment.plazi.org/id/03B7E33CCC53F15AFF283BC82737F917,5536
03B7E33CCC51F15CFF283934211CFA7A,Hypogastrura oreophila Butschek 1948,Hypogastrura oreophila,Hypogastruridae,Hypogastruridae,9.72909,"A taxonomic study on some Alpine Hypogastrura Bourlet, 1839 (Collembola, Hypogastruridae)",10.5281/zenodo.205107,http://treatment.plazi.org/id/03B7E33CCC51F15CFF283934211CFA7A,3773
03B7E33CCC53F158FF283FB8218AFA50,Orogastrura parva Gisin 1949,Orogastrura parva,Hypogastruridae,Hypogastruridae,9.72909,"A taxonomic study on some Alpine Hypogastrura Bourlet, 1839 (Collembola, Hypogastruridae)",10.5281/zenodo.205107,http://treatment.plazi.org/id/03B7E33CCC53F158FF283FB8218AFA50,2560
03FC7E55FFE5FFCEB6F0A3D45BAB4107,"Hypogastrura cartisoara Paśnik & Sternalski 2021, sp. nov.",Hypogastrura cartisoara,Hypogastruridae,Hypogastruridae,9.428657,"A remarkable new species of Hypogastrura (Collembola, Hypogastruridae) from the Romanian Carpathians",10.11646/zootaxa.5067.3.7,http://treatment.plazi.org/id/03FC7E55FFE5FFCEB6F0A3D45BAB4107,4437
91DF61B99A325F05874CCC8FB4C537CA,Hypogastrura yosii Stach 1964,Hypogastrura yosii,Hypogastruridae,Hypogastruridae,9.14622,Three new and one little-known species of Hypogastruridae (Collembola) from Russia's northeast,http://dx.doi.org/10.3897/zookeys.1005.54882,http://treatment.plazi.org/id/91DF61B99A325F05874CCC8FB4C537CA,3034
5DF0D55C63285E05B8A74245E04EE31B,"Hypogastrura variata Babenko & Efeykin & Bizin 2020, sp. nov.",Hypogastrura variata,Hypogastruridae,Hypogastruridae,9.14622,Three new and one little-known species of Hypogastruridae (Collembola) from Russia's northeast,http://dx.doi.org/10.3897/zookeys.1005.54882,http://treatment.plazi.org/id/5DF0D55C63285E05B8A74245E04EE31B,10484
23C640A4C3D1538A971287779004E869,"Xenylla arnei Babenko & Efeykin & Bizin 2020, sp. nov.",Xenylla arnei,Hypogastruridae,Hypogastruridae,9.14622,Three new and one little-known species of Hypogastruridae (Collembola) from Russia's northeast,http://dx.doi.org/10.3897/zookeys.1005.54882,http://treatment.plazi.org/id/23C640A4C3D1538A971287779004E869,8213
03EE284EFFF71D01FF02FC09FC732729,"Paraxenylla norvegica Fjellberg, 2010, sp. nov.",Paraxenylla norvegica,Hypogastruridae,Hypogastruridae,9.14622,"Paraxenylla norvegica sp. nov., the most northern species of the genus (Collembola, Hypogastruridae)",10.5281/zenodo.193753,http://treatment.plazi.org/id/03EE284EFFF71D01FF02FC09FC732729,6427
96402357052B5300807946A314211762,"Xenylla aculeata Babenko & Efeykin & Bizin 2020, sp. nov.",Xenylla aculeata,Hypogastruridae,Hypogastruridae,9.14622,Three new and one little-known species of Hypogastruridae (Collembola) from Russia's northeast,http://dx.doi.org/10.3897/zookeys.1005.54882,http://treatment.plazi.org/id/96402357052B5300807946A314211762,5604
B42D87841F08863FFF30FE906C5DFCFE,"Mesachorutes espanoli Selga 1959, syn. nov.",Mesachorutes espanoli,Hypogastruridae,Hypogastruridae,9.14622,"Orogastrura fusca Gers, 1980, nueva sinonimia de Orogastrura espanoli (Selga, 1959) (Collembola, Hypogastruridae).",10.5281/zenodo.12810273,http://treatment.plazi.org/id/B42D87841F08863FFF30FE906C5DFCFE,3738
F66A473EFFC5FFA6FF7EFAFED41EFD04,"Acherontides serrasapoensis Araujo De Lima & Stievano & Zeppelini 2019, sp. nov.",Acherontides serrasapoensis,Hypogastruridae,Hypogastruridae,9.14622,"A new species of Acherontides (Collembola: Hypogastruridae) from Brazil, with an identification key",10.11646/zootaxa.4623.1.9,http://treatment.plazi.org/id/F66A473EFFC5FFA6FF7EFAFED41EFD04,5100
038587A31831FFF4FF7CFD5CFDA6A5F0,"Xenylla hodori Neves & Mendonça 2017, sp. nov.",Xenylla hodori,Hypogastruridae,Hypogastruridae,9.14622,"A new species of Xenylla Tullberg, 1869 (Collembola: Hypogastruridae) from Central Amazon, Brazil",10.11646/zootaxa.4347.1.12,http://treatment.plazi.org/id/038587A31831FFF4FF7CFD5CFDA6A5F0,7684
0392E246FFA03539FF480A5077EB8311,"Xenylla andrzeji Buşmachiu & Weiner 2008, sp. nov.",Xenylla andrzeji,Hypogastruridae,Hypogastruridae,8.880215,"Species of the genus Xenylla Tullberg, 1869 (Collembola: Hypogastruridae) from the Republic of Moldova",10.11646/zootaxa.1959.1.4,http://treatment.plazi.org/id/0392E246FFA03539FF480A5077EB8311,5088
0392E246FFA0353BFF48081B72828050,Xenylla undetermined,Xenylla undetermined,Hypogastruridae,Hypogastruridae,8.880215,"Species of the genus Xenylla Tullberg, 1869 (Collembola: Hypogastruridae) from the Republic of Moldova",10.11646/zootaxa.1959.1.4,http://treatment.plazi.org/id/0392E246FFA0353BFF48081B72828050,1254
033487C7DA4EFFA9FF07697BDBDB7F96,"Hypogastrura quadritenenta Jiang & Chen, 2008, sp. nov.",Hypogastrura quadritenenta,Hypogastruridae,Hypogastruridae,8.880215,A new species and a new species record of Hypogastrura (Collembola: Hypogastruridae) from China,10.5281/zenodo.183316,http://treatment.plazi.org/id/033487C7DA4EFFA9FF07697BDBDB7F96,7414
033487C7DA4EFFADFF076D34DD5D7FE9,Hypogastrura distincta Axelson 1902,Hypogastrura distincta,Hypogastruridae,Hypogastruridae,8.880215,A new species and a new species record of Hypogastrura (Collembola: Hypogastruridae) from China,10.5281/zenodo.183316,http://treatment.plazi.org/id/033487C7DA4EFFADFF076D34DD5D7FE9,1767
95DCD953A7CA50F6BD3741C2BF00246E,Ceratophysella granulata Stach 1949,Ceratophysella granulata,Hypogastruridae,Hypogastruridae,8.629243,"A new European species of Ceratophysella (Collembola, Hypogastruridae) revealed by morphological data and DNA barcodes",http://dx.doi.org/10.3897/zookeys.1021.63147,http://treatment.plazi.org/id/95DCD953A7CA50F6BD3741C2BF00246E,6493
3048909794415CAFAF7712BC8C024C10,"Ceratophysella stachi Skarzynski, Smolis & Porco 2021, sp. nov.",Ceratophysella stachi,Hypogastruridae,Hypogastruridae,8.629243,"A new European species of Ceratophysella (Collembola, Hypogastruridae) revealed by morphological data and DNA barcodes",http://dx.doi.org/10.3897/zookeys.1021.63147,http://treatment.plazi.org/id/3048909794415CAFAF7712BC8C024C10,10283
03F1204BFF96E566EDE4FA0E11D0F8FE,Hypogastrura nivicola,Hypogastrura nivicola,Hypogastruridae,Hypogastruridae,8.629243,"New species from the nivicola group of Hypogastrura Bourlet, 1839 (Collembola, Poduromorpha, Hypogastruridae) from Canada",10.11646/zootaxa.4786.2.3,http://treatment.plazi.org/id/03F1204BFF96E566EDE4FA0E11D0F8FE,735
144E1D5BFF8FFFAC4CD4BCEEFA29B428,"Hypogastrura sheyangensis Jiang, Tang & Chen, 2007, sp. nov.",Hypogastrura sheyangensis,Hypogastruridae,Hypogastruridae,8.629243,A new species of the genus Hypogastrura from coastal wetlands of East China (Collembola: Hypogastruridae),10.5281/zenodo.179400,http://treatment.plazi.org/id/144E1D5BFF8FFFAC4CD4BCEEFA29B428,6929
03F1204BFF96E568EDE4F89A17A3F972,"Hypogastrura ottawana Cipola 2020, sp. nov.",Hypogastrura ottawana,Hypogastruridae,Hypogastruridae,8.629243,"New species from the nivicola group of Hypogastrura Bourlet, 1839 (Collembola, Poduromorpha, Hypogastruridae) from Canada",10.11646/zootaxa.4786.2.3,http://treatment.plazi.org/id/03F1204BFF96E568EDE4F89A17A3F972,13666
03E20D10A851FFDCFF71FC12FCE9FC09,"Ceratophysella lobata Babenko & Skarżyński 2011, sp. n.",Ceratophysella lobata,Hypogastruridae,Hypogastruridae,8.629243,"Ceratophysella lobata sp. n. from Siberia with notes on C. brevisensillata Yosii, 1961 (Collembola: Hypogastruridae)",10.5962/bhl.part.117808,http://treatment.plazi.org/id/03E20D10A851FFDCFF71FC12FCE9FC09,6331
03E20D10A853FFD9FF71FE4DFCFFFC69,Ceratophysella brevisensillata Yosii 1961,Ceratophysella brevisensillata,Hypogastruridae,Hypogastruridae,8.629243,"Ceratophysella lobata sp. n. from Siberia with notes on C. brevisensillata Yosii, 1961 (Collembola: Hypogastruridae)",10.5962/bhl.part.117808,http://treatment.plazi.org/id/03E20D10A853FFD9FF71FE4DFCFFFC69,4650
DA0C87CE6B0D827C67289F9E656CB760,Ceratophysella communis,Ceratophysella communis,Hypogastruridae,Hypogastruridae,8.629243,"A contribution to the knowledge of the genus Ceratophysella Bӧrner, 1932 (Collembola, Hypogastruridae) of Iran",10.61186/jibs.11.2.351,http://treatment.plazi.org/id/DA0C87CE6B0D827C67289F9E656CB760,3175
DA0C87CE6B0C827C67289CCC61F1B14F,Ceratophysella impedita Skarzynski 2002,Ceratophysella impedita,Hypogastruridae,Hypogastruridae,8.629243,"A contribution to the knowledge of the genus Ceratophysella Bӧrner, 1932 (Collembola, Hypogastruridae) of Iran",10.61186/jibs.11.2.351,http://treatment.plazi.org/id/DA0C87CE6B0C827C67289CCC61F1B14F,721
DA0C87CE6B0C827C67289A2F6159B2AA,Ceratophysella stercoraria Stach 1963,Ceratophysella stercoraria,Hypogastruridae,Hypogastruridae,8.629243,"A contribution to the knowledge of the genus Ceratophysella Bӧrner, 1932 (Collembola, Hypogastruridae) of Iran",10.61186/jibs.11.2.351,http://treatment.plazi.org/id/DA0C87CE6B0C827C67289A2F6159B2AA,742
038187EBFFD6603AFF03FE9AD588FC72,"Ceratophysella dobrolyubovae Babenko & Antipova, 2025, sp. nov.",Ceratophysella dobrolyubovae,Hypogastruridae,Hypogastruridae,8.629243,"Two new species of the springtail genus Ceratophysella Börner, 1932 from the Caucasus (Collembola: Hypogastruridae)",10.11646/zootaxa.5725.3.4,http://treatment.plazi.org/id/038187EBFFD6603AFF03FE9AD588FC72,14206
038187EBFFDA603EFF03FBCAD12EF9D3,Ceratophysella caucasica Martynova 1971,Ceratophysella caucasica,Hypogastruridae,Hypogastruridae,8.629243,"Two new species of the springtail genus Ceratophysella Börner, 1932 from the Caucasus (Collembola: Hypogastruridae)",10.11646/zootaxa.5725.3.4,http://treatment.plazi.org/id/038187EBFFDA603EFF03FBCAD12EF9D3,1078
F13187C5FF93FFF904DDFB25FE4AFE28,Ceratophysella macrocantha Stach 1946,Ceratophysella macrocantha,Hypogastruridae,Hypogastruridae,8.629243,"Ceratophysella macrocantha Stach, 1946 (Collembola, Hypogastruridae): a redescription of a forgotten species from the Alps",10.5281/zenodo.3463441,http://treatment.plazi.org/id/F13187C5FF93FFF904DDFB25FE4AFE28,6516
03E003481F0E8C04FEF6017FFAA8FAEF,"Hypogastrura crinigera Antipova, 2025, sp.n.",Hypogastrura crinigera,Hypogastruridae,Hypogastruridae,8.629243,"A new species of the springtail genus Hypogastrura (Collembola: Hypogastruridae) from southern Kazakhstan, Middle Asia",10.15298/rusentj.34.1.01,http://treatment.plazi.org/id/03E003481F0E8C04FEF6017FFAA8FAEF,14483
9B0987D9243C6443FF38FCAD2DC54398,Hypogastrura purpurescens Lubbock 1867,Hypogastrura purpurescens,Hypogastruridae,Hypogastruridae,8.392068,"A new species and new records of the genus Hypogastrura Bourlet, 1839 (Collembola, Hypogastruridae) from Iran",10.11646/zootaxa.3709.1.4,http://treatment.plazi.org/id/9B0987D9243C6443FF38FCAD2DC54398,1075
03DEAA2DFFA6503B16AD5313FEE0F85F,Paranura quadrilobata Hammer 1953,Paranura quadrilobata,Neanuridae,Neanuridae,50.94703,"Catalogue of type materials of springtails (Hexapoda, Collembola) in the Canadian National Collection of Insects, Arachnids & Nematodes",10.5281/zenodo.267103,http://treatment.plazi.org/id/03DEAA2DFFA6503B16AD5313FEE0F85F,611
03B5E34DFFC1FFC6CDABFC6C8E57FAD6,Brachystomella surendrai Goto 1961,Brachystomella surendrai,Neanuridae,Neanuridae,50.889034,"Collembola Poduromorpha (Entognatha) from continental Yemen and Socotra Island, with the description of a new Xenylla Tullberg, 1869",10.5252/z2012n3a4,http://treatment.plazi.org/id/03B5E34DFFC1FFC6CDABFC6C8E57FAD6,622
815B878AFFBD7A2CFC16F7A7FBF0FBB5,"Yuukianura judithae Deharveng & Palacios-Vargas & Bedos 2017, n. sp.",Yuukianura judithae,Neanuridae,Neanuridae,47.669895,"A list of Yuukianura Yosii, 1955 species of the world (Collembola: Neanuridae: Neanurinae: Lobellini), with description of a new species of unusual ecology from Santo Island (Vanuatu)",10.5252/z2017n1a7,http://treatment.plazi.org/id/815B878AFFBD7A2CFC16F7A7FBF0FBB5,13444
03CD87F0FFCFFE4D8429FBF2FB644E26,"Hemilobella ferrumequinum study & paper & time & Caledonia & Panié & Deharveng & Deharveng & Paris 2008, n. sp.",Hemilobella ferrumequinum study,Neanuridae,Neanuridae,47.334583,"First record of the tribe Lobellini (Collembola: Neanuridae: Neanurinae) in New Caledonia: a new species of the genus Hemilobella Deharveng & Greenslade, 1992 from Mont Panié",,http://treatment.plazi.org/id/03CD87F0FFCFFE4D8429FBF2FB644E26,8729
3639C6609E5FFF90FF3D4FBF37657F25,"Pseudachorutes deficiens Zoughailech, Hamra-Kroua & Deharveng, 2016, sp. nov.",Pseudachorutes deficiens,Neanuridae,Neanuridae,44.553745,New species of Pseudachorutes (Collembola: Neanuridae) from Northeastern Algeria,10.11646/zootaxa.4158.4.7,http://treatment.plazi.org/id/3639C6609E5FFF90FF3D4FBF37657F25,6195
03E8BE58FFCBAC584F2EFAD0FB98F884,"Cephalachorutes judithae Shveenkova 2017, n. sp.",Cephalachorutes judithae,Neanuridae,Neanuridae,43.659504,"New Collembolan species of the genera Sensiphorura Rusek, 1976 (Pachytullbergiidae) and Cephalachorutes Bedos & Deharveng, 1991 (Neanuridae) from Southern Vietnam",10.5252/z2017n1a9,http://treatment.plazi.org/id/03E8BE58FFCBAC584F2EFAD0FB98F884,3825
03C66869FFE0341E88C835384878B281,"Furculanurida emucronata Zon, Tano & Deharveng, 2014, sp. nov.",Furculanurida emucronata,Neanuridae,Neanuridae,42.383522,"A new species of Furculanurida (Collembola: Neanuridae) from Ivory Coast, with comments on related genera",10.11646/zootaxa.3878.5.8,http://treatment.plazi.org/id/03C66869FFE0341E88C835384878B281,11806
819BEBCCAD14A47ECAB5C75F39D0BCE2,"Endonura dichaeta Smolis, Kahrarian, Piwnik & Skarzynski, 2016, sp. n.",Endonura dichaeta,Neanuridae,Neanuridae,42.041798,"Endonura Cassagnau in Iran, with a key to species of the genus (Collembola, Neanuridae, Neanurinae)",http://dx.doi.org/10.3897/zookeys.553.6009,http://treatment.plazi.org/id/819BEBCCAD14A47ECAB5C75F39D0BCE2,5184
48FB5C4A5C9D9FD40BCAEC6E614949BD,"Endonura ceratolabralis Smolis, Kahrarian, Piwnik & Skarzynski, 2016, sp. n.",Endonura ceratolabralis,Neanuridae,Neanuridae,42.041798,"Endonura Cassagnau in Iran, with a key to species of the genus (Collembola, Neanuridae, Neanurinae)",http://dx.doi.org/10.3897/zookeys.553.6009,http://treatment.plazi.org/id/48FB5C4A5C9D9FD40BCAEC6E614949BD,4527
DA1B207CC88128A6D3C02FE3370A2F0C,"Endonura persica Smolis, Kahrarian, Piwnik & Skarzynski, 2016, sp. n.",Endonura persica,Neanuridae,Neanuridae,42.041798,"Endonura Cassagnau in Iran, with a key to species of the genus (Collembola, Neanuridae, Neanurinae)",http://dx.doi.org/10.3897/zookeys.553.6009,http://treatment.plazi.org/id/DA1B207CC88128A6D3C02FE3370A2F0C,4308
03E8878C3C05735ED89DF923FDDDFD75,Bilobella matsakisi Cassagnau 1967,Bilobella matsakisi,Neanuridae,Neanuridae,41.312946,"Review of the genus Bilobella Caroli, 1912 in the Balkan Peninsula with description of a new species (Collembola: Neanuridae)",10.5281/zenodo.197682,http://treatment.plazi.org/id/03E8878C3C05735ED89DF923FDDDFD75,8038
411D87ECFF83FF92FE55FA31FB254023,"Proisotoma communis Sánchez-garcía & Engel 2016, new species",Proisotoma communis,Neanuridae,Neanuridae,40.056355,"Springtails from the Early Cretaceous Amber of Spain (Collembola: Entomobryomorpha), with an Annotated Checklist of Fossil Collembola",10.1206/3862.1,http://treatment.plazi.org/id/411D87ECFF83FF92FE55FA31FB254023,19026
1D10480A3B42DC154EAD392786DCDCBB,"Vitronura paraacuta Wan, Wang & Jiang, 2016, sp. nov.",Vitronura paraacuta,Neanuridae,Neanuridae,10.028803,New Neanurinae (Collembola: Neanuridae) from Central China,10.11646/zootaxa.4139.2.3,http://treatment.plazi.org/id/1D10480A3B42DC154EAD392786DCDCBB,3038
1D10480A3B47DC194EAD3E2E871CDDEC,"Vitronura ciliata Wan, Wang & Jiang, 2016, sp. nov.",Vitronura ciliata,Neanuridae,Neanuridae,10.028803,New Neanurinae (Collembola: Neanuridae) from Central China,10.11646/zootaxa.4139.2.3,http://treatment.plazi.org/id/1D10480A3B47DC194EAD3E2E871CDDEC,4743
1D10480A3B4BDC1D4EAD395686A7DD54,"Lobellina hunanensis Wan, Wang & Jiang, 2016, sp. nov.",Lobellina hunanensis,Neanuridae,Neanuridae,10.028803,New Neanurinae (Collembola: Neanuridae) from Central China,10.11646/zootaxa.4139.2.3,http://treatment.plazi.org/id/1D10480A3B4BDC1D4EAD395686A7DD54,4019
6C8DBFFDED1DB7930149B56BCEDBCA7B,"Pseudachorutes nica Palacios-Vargas & Mejia-Madrid, 2012, sp. n.",Pseudachorutes nica,Neanuridae,Neanuridae,9.67547,"A new Pseudachorutes (Collembola, Neanuridae, Pseudachorutinae) from Nicaragua",http://dx.doi.org/10.3897/zookeys.187.2362,http://treatment.plazi.org/id/6C8DBFFDED1DB7930149B56BCEDBCA7B,5941
2227F05E9D6AFFDC2E2EF149C1D86BB4,"Australonura gili Queiroz & Deharveng 2014, sp. nov.",Australonura gili,Neanuridae,Neanuridae,9.67547,New Australonura Cassagnau 1980 (Neanuridae: Neanurinae) from Brazil,10.1080/00222933.2014.908972,http://treatment.plazi.org/id/2227F05E9D6AFFDC2E2EF149C1D86BB4,6657
2227F05E9D6FFFD02DB2F5EAC19A6E7A,"Australonura neotropica Queiroz & Deharveng 2014, sp. nov.",Australonura neotropica,Neanuridae,Neanuridae,9.67547,New Australonura Cassagnau 1980 (Neanuridae: Neanurinae) from Brazil,10.1080/00222933.2014.908972,http://treatment.plazi.org/id/2227F05E9D6FFFD02DB2F5EAC19A6E7A,4970
3639C6609E5AFF93FF3D4CFC33917FE9,"Pseudachorutes octosensillatus Zoughailech, Hamra-Kroua & Deharveng, 2016, sp. nov.",Pseudachorutes octosensillatus,Neanuridae,Neanuridae,9.346187,New species of Pseudachorutes (Collembola: Neanuridae) from Northeastern Algeria,10.11646/zootaxa.4158.4.7,http://treatment.plazi.org/id/3639C6609E5AFF93FF3D4CFC33917FE9,5962
3639C6609E56FF9EFF3D4EFF33C079E7,"Pseudachorutes labiatus Zoughailech, Hamra-Kroua & Deharveng, 2016, sp. nov.",Pseudachorutes labiatus,Neanuridae,Neanuridae,9.346187,New species of Pseudachorutes (Collembola: Neanuridae) from Northeastern Algeria,10.11646/zootaxa.4158.4.7,http://treatment.plazi.org/id/3639C6609E56FF9EFF3D4EFF33C079E7,5581
E67919061A74EB44FF5CD8B9F0B2FB72,"Furculanurida tropicalia Queiroz & Fernandes, 2011, sp. nov.",Furculanurida tropicalia,Neanuridae,Neanuridae,9.346187,"New Brazilian species of Furculanurida Massoud, 1967 (Collembola: Neanuridae)",10.5281/zenodo.200921,http://treatment.plazi.org/id/E67919061A74EB44FF5CD8B9F0B2FB72,3594
DA63800CFFC51A79FF32F8CAFAC5430C,"Lobellina nanjingensis Ma & Chen, 2008, sp. nov.",Lobellina nanjingensis,Neanuridae,Neanuridae,9.346187,A new species of Lobellina (Collembola: Neanuridae) from China,10.5281/zenodo.181371,http://treatment.plazi.org/id/DA63800CFFC51A79FF32F8CAFAC5430C,5677
03F687A1FFC0A5098BFE7E3E9DE3FBDA,Crossodonthina hainana Xiong 2005,Crossodonthina hainana,Neanuridae,Neanuridae,9.03858,Redescription of two Crossodonthina species (Collembola: Neanuridae: Lobellini) from China,10.1080/00222933.2010.488751,http://treatment.plazi.org/id/03F687A1FFC0A5098BFE7E3E9DE3FBDA,5911
03F687A1FFC4A5058B1C79869A0FFA22,Crossodonthina tiantongshana Xiong 2005,Crossodonthina tiantongshana,Neanuridae,Neanuridae,9.03858,Redescription of two Crossodonthina species (Collembola: Neanuridae: Lobellini) from China,10.1080/00222933.2010.488751,http://treatment.plazi.org/id/03F687A1FFC4A5058B1C79869A0FFA22,5962
03C0B80FFFA00C6003AFFAE3FEABFAC6,"Paleonura bilinskii Paśnik & Weiner, 2013, sp. nov.",Paleonura bilinskii,Neanuridae,Neanuridae,9.03858,"Paleonura bilinskii (Collembola, Neanuridae, Paleonurini), a new species from Ecuador",10.11646/zootaxa.3702.3.7,http://treatment.plazi.org/id/03C0B80FFFA00C6003AFFAE3FEABFAC6,4272
03B687C1112EC87AFF5DFBE1795EBECD,"Cryptonura persica Smolis, Falahati & Skarżyński, 2012, sp. nov.",Cryptonura persica,Neanuridae,Neanuridae,9.03858,"The genus Cryptonura Cassagnau, 1979 (Collembola: Neanuridae: Neanurinae) in Iran",10.5281/zenodo.214290,http://treatment.plazi.org/id/03B687C1112EC87AFF5DFBE1795EBECD,4347
03B687C1112BC879FF5DFE037856BE7D,"Cryptonura maxima Smolis, Falahati & Skarżyński, 2012, sp. nov.",Cryptonura maxima,Neanuridae,Neanuridae,9.03858,"The genus Cryptonura Cassagnau, 1979 (Collembola: Neanuridae: Neanurinae) in Iran",10.5281/zenodo.214290,http://treatment.plazi.org/id/03B687C1112BC879FF5DFE037856BE7D,6124
038A87DEFFAAFFEBFF6CFBF511C8B2F1,"Pseudachorutes cheni Shi, Jiang & Pan, 2008, sp. nov.",Pseudachorutes cheni,Neanuridae,Neanuridae,9.03858,"A new species of Pseudachorutes Tullberg (Collembola, Neanuridae) from China",10.5281/zenodo.181803,http://treatment.plazi.org/id/038A87DEFFAAFFEBFF6CFBF511C8B2F1,5256
D21E1033FFE6FFB1FF1374B9E4D3FA78,"Simonachorutes weinerae Skarżyński, Arbea & Piwnik, 2016, sp. nov.",Simonachorutes weinerae,Neanuridae,Neanuridae,9.03858,"Simonachorutes, a new genus of Pseudachorutinae (Collembola, Neanuridae) from Europe",10.11646/zootaxa.4205.2.6,http://treatment.plazi.org/id/D21E1033FFE6FFB1FF1374B9E4D3FA78,2619
D21E1033FFE5FFB1FF1371A1E4D3FEF0,"Simonachorutes agrensis Arbea & Jordana 1989, comb. nov.",Simonachorutes agrensis,Neanuridae,Neanuridae,9.03858,"Simonachorutes, a new genus of Pseudachorutinae (Collembola, Neanuridae) from Europe",10.11646/zootaxa.4205.2.6,http://treatment.plazi.org/id/D21E1033FFE5FFB1FF1371A1E4D3FEF0,2360
D21E1033FFE0FFB2FF1371C6E7A8FD3D,"Simonachorutes romeroi Simon 1986, comb. nov.",Simonachorutes romeroi,Neanuridae,Neanuridae,9.03858,"Simonachorutes, a new genus of Pseudachorutinae (Collembola, Neanuridae) from Europe",10.11646/zootaxa.4205.2.6,http://treatment.plazi.org/id/D21E1033FFE0FFB2FF1371C6E7A8FD3D,3043
7E2F25BCF0ED500F8259A42C3BB45E43,"Hylaeanura emiliae Ospina-Sánchez & Palacios-Vargas & González 2020, sp. nov.",Hylaeanura emiliae,Neanuridae,Neanuridae,8.750574,"A new Caribbean species of Hylaeanura Arle, 1966 (Collembola, Neanuridae, Pseudachorutinae)",http://dx.doi.org/10.3897/zookeys.961.47227,http://treatment.plazi.org/id/7E2F25BCF0ED500F8259A42C3BB45E43,3383
5F2287ADFFA40C75F2A2F92AFB4BF8BB,"Vitronura clavata Jiang, Wang & Zhu, 2025, sp. nov.",Vitronura clavata,Neanuridae,Neanuridae,8.750574,"New species of Neanuridae (Collembola) from Wuyunjie National Nature Reserve, China",10.11646/zootaxa.5575.1.4,http://treatment.plazi.org/id/5F2287ADFFA40C75F2A2F92AFB4BF8BB,6114
5F2287ADFFAE0C72F2A2FC63FB60F9D9,"Paralobella sensilla Jiang, Wang & Zhu, 2025, sp. nov.",Paralobella sensilla,Neanuridae,Neanuridae,8.750574,"New species of Neanuridae (Collembola) from Wuyunjie National Nature Reserve, China",10.11646/zootaxa.5575.1.4,http://treatment.plazi.org/id/5F2287ADFFAE0C72F2A2FC63FB60F9D9,8587
3DA09797E64B11AB99C1E4EC1A205D36,Crossodonthina bidentata Luo & Chen 2009,Crossodonthina bidentata,Neanuridae,Neanuridae,8.750574,"Two new species of Lobellini from Tianmu Mountain, China (Collembola, Neanuridae)",http://dx.doi.org/10.3897/zookeys.726.11934,http://treatment.plazi.org/id/3DA09797E64B11AB99C1E4EC1A205D36,1230
47F8848E436C94685D29667105751ECF,"Lobellina fusa Jiang, Wang & Xia, 2018, sp. n.",Lobellina fusa,Neanuridae,Neanuridae,8.750574,"Two new species of Lobellini from Tianmu Mountain, China (Collembola, Neanuridae)",http://dx.doi.org/10.3897/zookeys.726.11934,http://treatment.plazi.org/id/47F8848E436C94685D29667105751ECF,4107
5306878ECC17FFF2DE73F911FD9A6996,"Friesea najtae D’Haese & Stevens & Weiner 2017, n. sp.",Friesea najtae,Neanuridae,Neanuridae,8.750574,"Friesea najtae n. sp. (Collembola, Neanuridae, Frieseinae) from southern Western Australia",10.5252/z2017n1a3,http://treatment.plazi.org/id/5306878ECC17FFF2DE73F911FD9A6996,5853
03E2E70DFFB1FFD7FF63FC80718AFC19,Palmanura sernai Palacios-Vargas & Simon Benito 2009,Palmanura sernai,Neanuridae,Neanuridae,8.750574,"Revision of the genus Palmanura Cassagnau, 1983 (Collembola: Neanuridae: Neanurinae: Sensillanurini)",10.11646/zootaxa.4483.1.5,http://treatment.plazi.org/id/03E2E70DFFB1FFD7FF63FC80718AFC19,2485
03E2E70DFFAFFFD7FF63FAE1762FFA16,Palmanura normae Palacios-Vargas 1996,Palmanura normae,Neanuridae,Neanuridae,8.750574,"Revision of the genus Palmanura Cassagnau, 1983 (Collembola: Neanuridae: Neanurinae: Sensillanurini)",10.11646/zootaxa.4483.1.5,http://treatment.plazi.org/id/03E2E70DFFAFFFD7FF63FAE1762FFA16,375
03E2E70DFFB3FFCBFF63FE18715CFA5E,Palmanura normae Palacios-Vargas 1996,Palmanura normae,Neanuridae,Neanuridae,8.750574,"Revision of the genus Palmanura Cassagnau, 1983 (Collembola: Neanuridae: Neanurinae: Sensillanurini)",10.11646/zootaxa.4483.1.5,http://treatment.plazi.org/id/03E2E70DFFB3FFCBFF63FE18715CFA5E,2756
03E2E70DFFBFFFC5FF63F8C47143FF3D,"Palmanura klompeni Arango & Palacios-Vargas & Vázquez & Marín 2018, sp. nov.",Palmanura klompeni,Neanuridae,Neanuridae,8.750574,"Revision of the genus Palmanura Cassagnau, 1983 (Collembola: Neanuridae: Neanurinae: Sensillanurini)",10.11646/zootaxa.4483.1.5,http://treatment.plazi.org/id/03E2E70DFFBFFFC5FF63F8C47143FF3D,2638
03E2E70DFFB8FFCDFF63F8CB7126FF10,"Palmanura contrerasi Arango & Palacios-Vargas & Vázquez & Marín 2018, sp. nov.",Palmanura contrerasi,Neanuridae,Neanuridae,8.750574,"Revision of the genus Palmanura Cassagnau, 1983 (Collembola: Neanuridae: Neanurinae: Sensillanurini)",10.11646/zootaxa.4483.1.5,http://treatment.plazi.org/id/03E2E70DFFB8FFCDFF63F8CB7126FF10,3536
03E2E70DFFB5FFCBFF63FE88775FFEA1,"Palmanura axelretanai Arango & Palacios-Vargas & Vázquez & Marín 2018, sp. nov.",Palmanura axelretanai,Neanuridae,Neanuridae,8.750574,"Revision of the genus Palmanura Cassagnau, 1983 (Collembola: Neanuridae: Neanurinae: Sensillanurini)",10.11646/zootaxa.4483.1.5,http://treatment.plazi.org/id/03E2E70DFFB5FFCBFF63FE88775FFEA1,2997
03E2E70DFFBAFFC0FF63F9037041FD35,"Palmanura moralesi Arango & Palacios-Vargas & Vázquez & Marín 2018, sp. nov.",Palmanura moralesi,Neanuridae,Neanuridae,8.750574,"Revision of the genus Palmanura Cassagnau, 1983 (Collembola: Neanuridae: Neanurinae: Sensillanurini)",10.11646/zootaxa.4483.1.5,http://treatment.plazi.org/id/03E2E70DFFBAFFC0FF63F9037041FD35,2337
03DF879AFFD2FFBEFC805AECB9345FA4,"Americanura denisi Palacios-Vargas & Mejia-Recamier & Vázquez 2017, sp. nov.",Americanura denisi,Neanuridae,Neanuridae,8.750574,"Two new species of Americanura (Collembola: Neanuridae) from Belize, Central America",10.1653/024.100.0228,http://treatment.plazi.org/id/03DF879AFFD2FFBEFC805AECB9345FA4,3294
99708C3EFFE5FF97FF4A0FA03E05E48E,"Tabasconura tapajulapana Palacios-Vargas & Catalán, 2015, sp. nov.",Tabasconura tapajulapana,Neanuridae,Neanuridae,8.750574,"Tabasconura tapijulapana gen. nov. sp. nov. (Collembola: Neanuridae) from Tabasco, México",10.11646/zootaxa.3947.1.9,http://treatment.plazi.org/id/99708C3EFFE5FF97FF4A0FA03E05E48E,3077
03C9E776FFDBFFB4BCABFD6BA4FDF853,Endonura reticulata Axelson 1905,Endonura reticulata,Neanuridae,Neanuridae,8.750574,"Studies on the non-European Endonura Cassagnau, 1979 (Collembola, Neanuridae, Neanurinae)",10.5281/zenodo.278475,http://treatment.plazi.org/id/03C9E776FFDBFFB4BCABFD6BA4FDF853,8014
03C9E776FFDDFFBABCABFD45A4A9FF72,"Endonura levantica Smolis, Deharveng & Kaprus’, 2011, sp. nov.",Endonura levantica,Neanuridae,Neanuridae,8.750574,"Studies on the non-European Endonura Cassagnau, 1979 (Collembola, Neanuridae, Neanurinae)",10.5281/zenodo.278475,http://treatment.plazi.org/id/03C9E776FFDDFFBABCABFD45A4A9FF72,4541
03C9E776FFD8FFB9BCABFC96A4A9FF72,"Endonura asiatica Smolis, Deharveng & Kaprus’, 2011, sp. nov.",Endonura asiatica,Neanuridae,Neanuridae,8.750574,"Studies on the non-European Endonura Cassagnau, 1979 (Collembola, Neanuridae, Neanurinae)",10.5281/zenodo.278475,http://treatment.plazi.org/id/03C9E776FFD8FFB9BCABFC96A4A9FF72,4680
012980078847FFE8FF42F99DFAC9E0FF,"Lobellina gladius Hu & Jiang & Jiang 2019, sp. nov.",Lobellina gladius,Neanuridae,Neanuridae,8.750574,Two new species of Lobellini from Central-South China (Collembola Neanuridae),10.11646/zootaxa.4712.1.5,http://treatment.plazi.org/id/012980078847FFE8FF42F99DFAC9E0FF,5235
03DF879AFFD0FFB8FC805D0CB8145FE2,"Americanura belicensis Palacios-Vargas & Mejia-Recamier & Vázquez 2017, sp. nov.",Americanura belicensis,Neanuridae,Neanuridae,8.750574,"Two new species of Americanura (Collembola: Neanuridae) from Belize, Central America",10.1653/024.100.0228,http://treatment.plazi.org/id/03DF879AFFD0FFB8FC805D0CB8145FE2,2588
E5B615EEDC97E2C8284CD0817DF3EB7E,"Paralobella tianmuna Jiang, Wang & Xia, 2018, sp. n.",Paralobella tianmuna,Neanuridae,Neanuridae,8.750574,"Two new species of Lobellini from Tianmu Mountain, China (Collembola, Neanuridae)",http://dx.doi.org/10.3897/zookeys.726.11934,http://treatment.plazi.org/id/E5B615EEDC97E2C8284CD0817DF3EB7E,3609
012980078840FFE6FF42FCD1FE03E20B,"Crossodonthina langshanensis Hu & Jiang & Jiang 2019, sp. nov.",Crossodonthina langshanensis,Neanuridae,Neanuridae,8.750574,Two new species of Lobellini from Central-South China (Collembola Neanuridae),10.11646/zootaxa.4712.1.5,http://treatment.plazi.org/id/012980078840FFE6FF42FCD1FE03E20B,6189
A51987AEFFE7820BFF41D709B0B1F954,"Crossodonthina bidentata Luo & Chen, 2009, sp. nov.",Crossodonthina bidentata,Neanuridae,Neanuridae,8.480357,A new species of the genus Crossodonthina (Collembola: Neanuridae: Lobellini) from China,10.5281/zenodo.188101,http://treatment.plazi.org/id/A51987AEFFE7820BFF41D709B0B1F954,6279
391C87D9FFC1FFBAC1CDF920FBB7FDEE,"Sernatropiella malkini Palacios-Vargas, 2019, comb. nov.",Sernatropiella malkini,Neanuridae,Neanuridae,8.480357,An extraordinary new genus and species of Pseudachorutinae (Collembola: Neanuridae) from Colombia,10.11646/zootaxa.4609.2.11,http://treatment.plazi.org/id/391C87D9FFC1FFBAC1CDF920FBB7FDEE,1813
391C87D9FFC6FFB8C1CDF9FFFA54F80C,"Sernatropiella pinzonae Palacios-Vargas 2019, gen. et sp. nov.",Sernatropiella pinzonae,Neanuridae,Neanuridae,8.480357,An extraordinary new genus and species of Pseudachorutinae (Collembola: Neanuridae) from Colombia,10.11646/zootaxa.4609.2.11,http://treatment.plazi.org/id/391C87D9FFC6FFB8C1CDF9FFFA54F80C,5319
2D3887B3090F1B1DC46FFE6F9E3EBA08,Brachystomella unguilonga Najt & Thibaud in Tillier 1988,Brachystomella unguilonga,Onychiuridae,Onychiuridae,65.23931,Les collemboles (Collembola) interstitiels des sables littoraux de l’île d’Espiritu Santo (Vanuatu),10.5252/z2009n3a7,http://treatment.plazi.org/id/2D3887B3090F1B1DC46FFE6F9E3EBA08,604
DE3DBD36FFC3DC6CE174FD47FD66FB69,Xenyllodes armatus Axelson 1903,Xenyllodes armatus,Onychiuridae,Onychiuridae,65.0137,"Annotated checklist of the springtails (Hexapoda: Collembola) of the Collo massif, northeastern Algeria",10.5252/zoosystema2018v40a16,http://treatment.plazi.org/id/DE3DBD36FFC3DC6CE174FD47FD66FB69,555
03DEAA2DFFA6503B16AD57DFFA98FBAB,Onychiurus paucisetosus Hammer 1953,Onychiurus paucisetosus,Onychiuridae,Onychiuridae,64.41876,"Catalogue of type materials of springtails (Hexapoda, Collembola) in the Canadian National Collection of Insects, Arachnids & Nematodes",10.5281/zenodo.267103,http://treatment.plazi.org/id/03DEAA2DFFA6503B16AD57DFFA98FBAB,379
03DEAA2DFFA1503C16AD5564FDE5FE4A,Proisotoma mackenziana Hammer 1953,Proisotoma mackenziana,Onychiuridae,Onychiuridae,64.0918,"Catalogue of type materials of springtails (Hexapoda, Collembola) in the Canadian National Collection of Insects, Arachnids & Nematodes",10.5281/zenodo.267103,http://treatment.plazi.org/id/03DEAA2DFFA1503C16AD5564FDE5FE4A,506
03CF878BFFB0C27322A65801FD79AEEE,Xenyllodes armatus Axelson 1903,Xenyllodes armatus,Onychiuridae,Onychiuridae,63.41386,Catalogue des collemboles de France,10.5252/z2017n3a1,http://treatment.plazi.org/id/03CF878BFFB0C27322A65801FD79AEEE,986
D2C749FDF446AEF37D7660D9B0D90B6B,Micraphorura absoloni Boerner 1901,Micraphorura absoloni,Onychiuridae,Onychiuridae,63.264313,"Subdivision of the tribe Oligaphorurini in the light of new and lesser known species from North-East Russia (Collembola, Onychiuridae, Onychiurinae)",http://dx.doi.org/10.3897/zookeys.488.8123,http://treatment.plazi.org/id/D2C749FDF446AEF37D7660D9B0D90B6B,703
761E3C0C5E5B9022FF78FD8EFAF4FE54,"Thalassaphorura pomorskii Sun, Chen & Deharveng, 2010, sp. nov.",Thalassaphorura pomorskii,Onychiuridae,Onychiuridae,63.097527,"Six new species of Thalassaphorura (Collembola, Onychiuridae) from southern China, with a key to world species of the genus",10.5281/zenodo.198236,http://treatment.plazi.org/id/761E3C0C5E5B9022FF78FD8EFAF4FE54,4544
9FB1576037A101BD33B713A1BCEC8340,Oligaphorura ursi Fjellberg 1984,Oligaphorura ursi,Onychiuridae,Onychiuridae,62.428116,"Subdivision of the tribe Oligaphorurini in the light of new and lesser known species from North-East Russia (Collembola, Onychiuridae, Onychiurinae)",http://dx.doi.org/10.3897/zookeys.488.8123,http://treatment.plazi.org/id/9FB1576037A101BD33B713A1BCEC8340,984
038A8793FFAD676B54C6FC94FA95FA3D,Deharvengiurus argus,Deharvengiurus argus,Onychiuridae,Onychiuridae,60.203777,"The family Onychiuridae (Collembola) from karst caves of the Basque biospeleologic district, with description of four new species",10.11646/zootaxa.5040.2.1,http://treatment.plazi.org/id/038A8793FFAD676B54C6FC94FA95FA3D,1653
5A17B4271CF8E17D0A93F33FB2030312,Oligaphorura aborigensis Fjellberg 1987,Oligaphorura aborigensis,Onychiuridae,Onychiuridae,59.78499,"Subdivision of the tribe Oligaphorurini in the light of new and lesser known species from North-East Russia (Collembola, Onychiuridae, Onychiurinae)",http://dx.doi.org/10.3897/zookeys.488.8123,http://treatment.plazi.org/id/5A17B4271CF8E17D0A93F33FB2030312,1939
4E456526FFC7730D13E6ED2D8516FA68,"Heteraphorura kaprusi Arbea, Yahyapour & Shayanmehr 2020, sp. nov.",Heteraphorura kaprusi,Onychiuridae,Onychiuridae,59.619324,"A review of the Iranian species of the family Onychiuridae (Collembola Poduromorpha), with description of five new species from Hyrcanian Forests in Iran",10.11646/zootaxa.4861.1.1,http://treatment.plazi.org/id/4E456526FFC7730D13E6ED2D8516FA68,6164
03BD927DFFBEFFA2FF1A57A5FC37FF61,"Niphargus tvishiensis Marin & Barjadze & Maghradze & Palatov 2023, sp. nov.",Niphargus tvishiensis,Onychiuridae,Onychiuridae,59.619324,"Diversity, taxonomy and phylogenetic relationships of the “ Niphargus borutzkyi ” ingroup (Crustacea: Amphipoda: Niphargidae) in Western Georgia, SW Caucasus",10.11646/zootaxa.5352.4.2,http://treatment.plazi.org/id/03BD927DFFBEFFA2FF1A57A5FC37FF61,11841
3125C75D87B78CA097BA8A6706450B21,"Sensillonychiurus vitimicus Babenko, Chimitova & Stebaeva, 2011, sp. n.",Sensillonychiurus vitimicus,Onychiuridae,Onychiuridae,58.438354,"New Palaearctic species of the tribe Thalassaphorurini Pomorski, 1998 (Collembola, Onychiuridae)",http://dx.doi.org/10.3897/zookeys.126.1229,http://treatment.plazi.org/id/3125C75D87B78CA097BA8A6706450B21,4536
038A8793FFAF676954C6FF4AFEB4F817,Deuteraphorura akelaris,Deuteraphorura akelaris,Onychiuridae,Onychiuridae,58.392376,"The family Onychiuridae (Collembola) from karst caves of the Basque biospeleologic district, with description of four new species",10.11646/zootaxa.5040.2.1,http://treatment.plazi.org/id/038A8793FFAF676954C6FF4AFEB4F817,5026
FB3F87CFF07AD93F465EF293DDA30D94,Tomocerus vulgaris,Tomocerus vulgaris,Onychiuridae,Onychiuridae,57.817265,New records of springtail fauna (Hexapoda: Collembola: Entomobryomorpha) from Ordu Province in Turkey,10.3906/zoo-1509-28,http://treatment.plazi.org/id/FB3F87CFF07AD93F465EF293DDA30D94,3389
03E8BE58FFC8AC564DFAF912FD29FBE6,"Sensiphorura anichkini Shveenkova 2017, n. sp.",Sensiphorura anichkini,Onychiuridae,Onychiuridae,57.646423,"New Collembolan species of the genera Sensiphorura Rusek, 1976 (Pachytullbergiidae) and Cephalachorutes Bedos & Deharveng, 1991 (Neanuridae) from Southern Vietnam",10.5252/z2017n1a9,http://treatment.plazi.org/id/03E8BE58FFC8AC564DFAF912FD29FBE6,5322
B07987C2C359FF80FEDFF9C01BE8AD21,Quedius spelaeus subsp. spelaeus Horn 1871,Quedius spelaeus,Onychiuridae,Onychiuridae,57.558308,"Description of the pupa and observations on the distribution, ecology, and life history of Quedius spelaeus spelaeus Horn (Coleoptera: Staphylinidae) in Nova Scotia, Canada",10.11646/zootaxa.1226.1.3,http://treatment.plazi.org/id/B07987C2C359FF80FEDFF9C01BE8AD21,4032
CBF9ABB8AE4EF3758F22485050337639,Oligaphorura groenlandica Tullberg 1876,Oligaphorura groenlandica,Onychiuridae,Onychiuridae,57.558308,"Subdivision of the tribe Oligaphorurini in the light of new and lesser known species from North-East Russia (Collembola, Onychiuridae, Onychiurinae)",http://dx.doi.org/10.3897/zookeys.488.8123,http://treatment.plazi.org/id/CBF9ABB8AE4EF3758F22485050337639,3351
8DBF8D552B10F5BBBF0CE2840FE09272,"Protaphorura jernika Kaprus', Weiner & Pasnik, 2016, sp. n.",Protaphorura jernika,Onychiuridae,Onychiuridae,57.168915,"Collembola of the genus Protaphorura Absolon, 1901 (Onychiuridae) in the Eastern Palearctic: morphology, distribution, identification key",http://dx.doi.org/10.3897/zookeys.620.9372,http://treatment.plazi.org/id/8DBF8D552B10F5BBBF0CE2840FE09272,5739
734301D09F1EDCEBBB65F5EC81313195,Protaphorura ombrophila Stach 1960,Protaphorura ombrophila,Onychiuridae,Onychiuridae,57.168915,"Collembola of the genus Protaphorura Absolon, 1901 (Onychiuridae) in the Eastern Palearctic: morphology, distribution, identification key",http://dx.doi.org/10.3897/zookeys.620.9372,http://treatment.plazi.org/id/734301D09F1EDCEBBB65F5EC81313195,4342
6037673DD320475F7DB73D904A4D5CAB,"Protaphorura sayanica Kaprus', Weiner & Pasnik, 2016, sp. n.",Protaphorura sayanica,Onychiuridae,Onychiuridae,57.168915,"Collembola of the genus Protaphorura Absolon, 1901 (Onychiuridae) in the Eastern Palearctic: morphology, distribution, identification key",http://dx.doi.org/10.3897/zookeys.620.9372,http://treatment.plazi.org/id/6037673DD320475F7DB73D904A4D5CAB,6260
45315A4349CDDF87A35B5E3C545369E7,"Protaphorura abscondita Kaprus', Weiner & Pasnik, 2016, sp. n.",Protaphorura abscondita,Onychiuridae,Onychiuridae,57.168915,"Collembola of the genus Protaphorura Absolon, 1901 (Onychiuridae) in the Eastern Palearctic: morphology, distribution, identification key",http://dx.doi.org/10.3897/zookeys.620.9372,http://treatment.plazi.org/id/45315A4349CDDF87A35B5E3C545369E7,5888
12A79D7B47F0CD364C09CC3496325321,"Protaphorura vasilinae Kaprus', Weiner & Pasnik, 2016, sp. n.",Protaphorura vasilinae,Onychiuridae,Onychiuridae,57.168915,"Collembola of the genus Protaphorura Absolon, 1901 (Onychiuridae) in the Eastern Palearctic: morphology, distribution, identification key",http://dx.doi.org/10.3897/zookeys.620.9372,http://treatment.plazi.org/id/12A79D7B47F0CD364C09CC3496325321,5766
1C7BD857700CE7C8B62779244AD570C3,"Protaphorura nikolai Kaprus', Weiner & Pasnik, 2016, sp. n.",Protaphorura nikolai,Onychiuridae,Onychiuridae,57.168915,"Collembola of the genus Protaphorura Absolon, 1901 (Onychiuridae) in the Eastern Palearctic: morphology, distribution, identification key",http://dx.doi.org/10.3897/zookeys.620.9372,http://treatment.plazi.org/id/1C7BD857700CE7C8B62779244AD570C3,6013
243B8CAC5DF6CDC27CA851695A52183D,"Protaphorura tuvinica Kaprus', Weiner & Pasnik, 2016, sp. n.",Protaphorura tuvinica,Onychiuridae,Onychiuridae,57.168915,"Collembola of the genus Protaphorura Absolon, 1901 (Onychiuridae) in the Eastern Palearctic: morphology, distribution, identification key",http://dx.doi.org/10.3897/zookeys.620.9372,http://treatment.plazi.org/id/243B8CAC5DF6CDC27CA851695A52183D,5824
03E20212FFA7603DFE8BB556FE2009C9,"Yoshiiphorura bellingeri Jordana & Martinez, new species",Yoshiiphorura bellingeri,Onychiuridae,Onychiuridae,57.168915,"A new genus and species of Collembola from caves of south Iberian Peninsula (Collembola, Poduromorpha, Onychiuridae)",10.5281/zenodo.158039,http://treatment.plazi.org/id/03E20212FFA7603DFE8BB556FE2009C9,7448
AB0C23D47EAE15E953CB2CDCE42FD224,"Spinonychiurus sinensis Sun & Li, 2014, sp. n.",Spinonychiurus sinensis,Onychiuridae,Onychiuridae,57.168915,"New Chinese record of the genus Spinonychiurus (Collembola, Onychiuridae), with the description of a new species",http://dx.doi.org/10.3897/zookeys.439.7789,http://treatment.plazi.org/id/AB0C23D47EAE15E953CB2CDCE42FD224,5161
E41090E1B292CF536F85E48C1140B874,"Protaphorura oligopseudocellata Kaprus', Weiner & Pasnik, 2016, sp. n.",Protaphorura oligopseudocellata,Onychiuridae,Onychiuridae,57.168915,"Collembola of the genus Protaphorura Absolon, 1901 (Onychiuridae) in the Eastern Palearctic: morphology, distribution, identification key",http://dx.doi.org/10.3897/zookeys.620.9372,http://treatment.plazi.org/id/E41090E1B292CF536F85E48C1140B874,5953
A695D86F1E80269BFC4E8FEB88B378FD,"Micraphorura alnus Fjellberg 1987, comb. n.",Micraphorura alnus,Onychiuridae,Onychiuridae,56.206226,"Subdivision of the tribe Oligaphorurini in the light of new and lesser known species from North-East Russia (Collembola, Onychiuridae, Onychiurinae)",http://dx.doi.org/10.3897/zookeys.488.8123,http://treatment.plazi.org/id/A695D86F1E80269BFC4E8FEB88B378FD,4861
A202E58DDDB044CBEFC92CF1ABBD6371,"Oligaphorura nataliae Fjellberg 1987, comb. n.",Oligaphorura nataliae,Onychiuridae,Onychiuridae,56.206226,"Subdivision of the tribe Oligaphorurini in the light of new and lesser known species from North-East Russia (Collembola, Onychiuridae, Onychiurinae)",http://dx.doi.org/10.3897/zookeys.488.8123,http://treatment.plazi.org/id/A202E58DDDB044CBEFC92CF1ABBD6371,5670
068D226BEDC992284FC13C8029F2F1B7,Oligaphorura pingicola Fjellberg 1987,Oligaphorura pingicola,Onychiuridae,Onychiuridae,56.206226,"Subdivision of the tribe Oligaphorurini in the light of new and lesser known species from North-East Russia (Collembola, Onychiuridae, Onychiurinae)",http://dx.doi.org/10.3897/zookeys.488.8123,http://treatment.plazi.org/id/068D226BEDC992284FC13C8029F2F1B7,5726
EAE8D8E4C398888BD256E332009CB892,"Oligaphorura interrupta Fjellberg 1987, comb. n.",Oligaphorura interrupta,Onychiuridae,Onychiuridae,56.206226,"Subdivision of the tribe Oligaphorurini in the light of new and lesser known species from North-East Russia (Collembola, Onychiuridae, Onychiurinae)",http://dx.doi.org/10.3897/zookeys.488.8123,http://treatment.plazi.org/id/EAE8D8E4C398888BD256E332009CB892,6096
D5A040110E8F21BA29EF8093D3F6A66D,"Oligaphorura duocellata Babenko & Fjellberg, 2015, sp. n.",Oligaphorura duocellata,Onychiuridae,Onychiuridae,56.206226,"Subdivision of the tribe Oligaphorurini in the light of new and lesser known species from North-East Russia (Collembola, Onychiuridae, Onychiurinae)",http://dx.doi.org/10.3897/zookeys.488.8123,http://treatment.plazi.org/id/D5A040110E8F21BA29EF8093D3F6A66D,5398
A4B524C61643F92D484D45F5FB63771A,"Oligaphorura ambigua Babenko & Fjellberg, 2015, sp. n.",Oligaphorura ambigua,Onychiuridae,Onychiuridae,56.206226,"Subdivision of the tribe Oligaphorurini in the light of new and lesser known species from North-East Russia (Collembola, Onychiuridae, Onychiurinae)",http://dx.doi.org/10.3897/zookeys.488.8123,http://treatment.plazi.org/id/A4B524C61643F92D484D45F5FB63771A,4725
03E8BE58FFCDAC554DEEFE75FB10F905,"Sensiphorura tiunovi Shveenkova 2017, n. sp.",Sensiphorura tiunovi,Onychiuridae,Onychiuridae,55.709602,"New Collembolan species of the genera Sensiphorura Rusek, 1976 (Pachytullbergiidae) and Cephalachorutes Bedos & Deharveng, 1991 (Neanuridae) from Southern Vietnam",10.5252/z2017n1a9,http://treatment.plazi.org/id/03E8BE58FFCDAC554DEEFE75FB10F905,8152
D837DC552160FFF8FE1EDDE2FCACFCE0,"Biokoviella mosorensis Antic & Drazina, sp. nov.",Biokoviella mosorensis,Onychiuridae,Onychiuridae,54.056213,"Taxonomic status of the family Biokoviellidae Mršić, 1992 (Diplopoda, Chordeumatida): reconsideration, with a description of one new species",10.5852/ejt.2016.205,http://treatment.plazi.org/id/D837DC552160FFF8FE1EDDE2FCACFCE0,8789
A2745411FFC5C106C9A5F9027B06884E,"Pilonychiurus delhezi Stomp 1983, comb. nov.",Pilonychiurus delhezi,Onychiuridae,Onychiuridae,10.9879055,Three new genera of Onychiuridae (Collembola),10.5281/zenodo.176428,http://treatment.plazi.org/id/A2745411FFC5C106C9A5F9027B06884E,1969
A2745411FFC3C10BC9A5FC437D6D8A3B,Similonychiurus voegtlini Christiansen & Bellinger 1980,Similonychiurus voegtlini,Onychiuridae,Onychiuridae,10.9879055,Three new genera of Onychiuridae (Collembola),10.5281/zenodo.176428,http://treatment.plazi.org/id/A2745411FFC3C10BC9A5FC437D6D8A3B,2542
A2745411FFC6C108C9A5FAB97DC08AE5,"Wandaphorura millsi Chamberlain 1943, comb. nov.",Wandaphorura millsi,Onychiuridae,Onychiuridae,10.9879055,Three new genera of Onychiuridae (Collembola),10.5281/zenodo.176428,http://treatment.plazi.org/id/A2745411FFC6C108C9A5FAB97DC08AE5,3060
03AD87F2FFE5934A5CD7FD1DE85CFDFF,"Psyllaphorura jiangsuensis Yan & Huang & Chen 2007, sp. nov.",Psyllaphorura jiangsuensis,Onychiuridae,Onychiuridae,10.213656,Psyllaphorura jiangsuensis sp. nov. from China (Collembola: Onychiuridae),10.11646/zootaxa.1510.1.5,http://treatment.plazi.org/id/03AD87F2FFE5934A5CD7FD1DE85CFDFF,4382
013C8786FFB6FFD0FEAA363D4E7EFE82,"Oligaphorura judithnajtae Weiner & Paśnik 2017, n. sp.",Oligaphorura judithnajtae,Onychiuridae,Onychiuridae,10.213656,"Oligaphorura judithnajtae n. sp. from Japan (Collembola, Onychiuridae)",10.5252/z2017n1a8,http://treatment.plazi.org/id/013C8786FFB6FFD0FEAA363D4E7EFE82,5068
4E7D4972DE5B0F0C66EAF96CFCEEF957,"Deuteraphorura montagudi Arbea, 2015, sp. nov.",Deuteraphorura montagudi,Onychiuridae,Onychiuridae,9.866057,"New Onychiurinae (Collembola ¡ Onychiuridae) from Lugo, northwestern Iberian Peninsula.",10.5281/zenodo.12715881,http://treatment.plazi.org/id/4E7D4972DE5B0F0C66EAF96CFCEEF957,3563
4E7D4972DE580F0D66EAFB50FEDFFB44,"Protaphorura lucense Arbea, 2015, sp. nov.",Protaphorura lucense,Onychiuridae,Onychiuridae,9.866057,"New Onychiurinae (Collembola ¡ Onychiuridae) from Lugo, northwestern Iberian Peninsula.",10.5281/zenodo.12715881,http://treatment.plazi.org/id/4E7D4972DE580F0D66EAFB50FEDFFB44,3458
039F2F46FFEEFFBFFC783D8CFB627A61,"Thalassaphorura sichuanensis Sun,, Deharveng & Louis, 2020, new species",Thalassaphorura sichuanensis,Onychiuridae,Onychiuridae,9.866057,Two new species of Thalassaphorura from China (Collembola: Onychiuridae),,http://treatment.plazi.org/id/039F2F46FFEEFFBFFC783D8CFB627A61,4511
039F2F46FFEFFFBBFC633E46FDED796D,"Thalassaphorura whitteni Sun,, Deharveng & Louis, 2020, new species",Thalassaphorura whitteni,Onychiuridae,Onychiuridae,9.866057,Two new species of Thalassaphorura from China (Collembola: Onychiuridae),,http://treatment.plazi.org/id/039F2F46FFEFFFBBFC633E46FDED796D,7377
AF5487D7E50A3A38FF1FF9FEC3BBFAE1,"Leeonychiurus fusongensis Sun & Arbea, 2014, sp. nov.",Leeonychiurus fusongensis,Onychiuridae,Onychiuridae,9.54134,"Leeonychiurus, a new genus from East Asia (Collembola: Onychiuridae: Onychiurini)",10.11646/zootaxa.3847.1.6,http://treatment.plazi.org/id/AF5487D7E50A3A38FF1FF9FEC3BBFAE1,3989
AF5487D7E50D3A35FF1FFA0EC7BBFC60,"Leeonychiurus polychaetosus Lee & Park 1986, comb. nov.",Leeonychiurus polychaetosus,Onychiuridae,Onychiuridae,9.54134,"Leeonychiurus, a new genus from East Asia (Collembola: Onychiuridae: Onychiurini)",10.11646/zootaxa.3847.1.6,http://treatment.plazi.org/id/AF5487D7E50D3A35FF1FFA0EC7BBFC60,5117
131087DDEB79F019FE6559B0FEF7FC48,"Onychiurus antennalis Sun & Zhang 2012, sp. nov.",Onychiurus antennalis,Onychiuridae,Onychiuridae,9.54134,Two new species of Onychiurus (Collembola: Onychiuridae) from Eastern China,10.1080/00222933.2012.707236,http://treatment.plazi.org/id/131087DDEB79F019FE6559B0FEF7FC48,4570
131087DDEB7DF014FE6358C4FEEDFA30,"Onychiurus gulinensis Sun & Zhang 2012, sp. nov.",Onychiurus gulinensis,Onychiuridae,Onychiuridae,9.54134,Two new species of Onychiurus (Collembola: Onychiuridae) from Eastern China,10.1080/00222933.2012.707236,http://treatment.plazi.org/id/131087DDEB7DF014FE6358C4FEEDFA30,4854
03E587D9FFE2F379FF2D55EAFAFEC801,"Supraphorura chernovae Gulgenova & Potapov 2023, sp. nov.",Supraphorura chernovae,Onychiuridae,Onychiuridae,9.54134,Two new species of Onychiuridae (Collembola) from East Siberia (Russia),10.11646/zootaxa.5336.1.6,http://treatment.plazi.org/id/03E587D9FFE2F379FF2D55EAFAFEC801,4465
03E587D9FFE7F37DFF2D51FBFD13CA99,"Thalassaphorura transbaikalica Gulgenova & Potapov 2023, sp. nov.",Thalassaphorura transbaikalica,Onychiuridae,Onychiuridae,9.54134,Two new species of Onychiuridae (Collembola) from East Siberia (Russia),10.11646/zootaxa.5336.1.6,http://treatment.plazi.org/id/03E587D9FFE7F37DFF2D51FBFD13CA99,9151
DC6DDF7FFFF7FFD1FF212D72FA9B7839,"Anodontophora tuvensis Pomorski, 2007, sp. nov.",Anodontophora tuvensis,Onychiuridae,Onychiuridae,9.54134,Anodontophora tuvensis gen. nov. et sp. nov. (Collembola: Onychiuridae: Tetrodontophorinae),10.5281/zenodo.177440,http://treatment.plazi.org/id/DC6DDF7FFFF7FFD1FF212D72FA9B7839,2600
AD4F20C98C3E01C1D977694568FF538A,"Sensillonychiurus vegae Babenko, Chimitova & Stebaeva, 2011, sp. n.",Sensillonychiurus vegae,Onychiuridae,Onychiuridae,9.237314,"New Palaearctic species of the tribe Thalassaphorurini Pomorski, 1998 (Collembola, Onychiuridae)",http://dx.doi.org/10.3897/zookeys.126.1229,http://treatment.plazi.org/id/AD4F20C98C3E01C1D977694568FF538A,5355
B3C7F6B18B0E25A6718B7D868FD16FA3,"Sensillonychiurus mirus Babenko, Chimitova & Stebaeva, 2011, sp. n.",Sensillonychiurus mirus,Onychiuridae,Onychiuridae,9.237314,"New Palaearctic species of the tribe Thalassaphorurini Pomorski, 1998 (Collembola, Onychiuridae)",http://dx.doi.org/10.3897/zookeys.126.1229,http://treatment.plazi.org/id/B3C7F6B18B0E25A6718B7D868FD16FA3,5075
79D36D0EF35AE7526F2D9706D66054A4,"Allonychiurus subvolinensis Babenko, Chimitova & Stebaeva, 2011, sp. n.",Allonychiurus subvolinensis,Onychiuridae,Onychiuridae,9.237314,"New Palaearctic species of the tribe Thalassaphorurini Pomorski, 1998 (Collembola, Onychiuridae)",http://dx.doi.org/10.3897/zookeys.126.1229,http://treatment.plazi.org/id/79D36D0EF35AE7526F2D9706D66054A4,5553
5465F7BBBF1DEB9C413E3DAB1DC3D877,"Allonychiurus asiaticus Babenko 2007, comb. n.",Allonychiurus asiaticus,Onychiuridae,Onychiuridae,9.237314,"New Palaearctic species of the tribe Thalassaphorurini Pomorski, 1998 (Collembola, Onychiuridae)",http://dx.doi.org/10.3897/zookeys.126.1229,http://treatment.plazi.org/id/5465F7BBBF1DEB9C413E3DAB1DC3D877,771
49DF70E90B5B41A6F3956EB3E0C032BC,"Allonychiurus elikonius Babenko, Chimitova & Stebaeva, 2011, sp. n.",Allonychiurus elikonius,Onychiuridae,Onychiuridae,9.237314,"New Palaearctic species of the tribe Thalassaphorurini Pomorski, 1998 (Collembola, Onychiuridae)",http://dx.doi.org/10.3897/zookeys.126.1229,http://treatment.plazi.org/id/49DF70E90B5B41A6F3956EB3E0C032BC,8099
03FDDD4A654DFF84CDBAF98939EB308C,Heteraphorura iranica,Heteraphorura iranica,Onychiuridae,Onychiuridae,9.237314,"Three new species of Onychiuridae Lubbock, 1871 (Collembola, Poduromorpha) from Iran",10.11646/zootaxa.4291.2.6,http://treatment.plazi.org/id/03FDDD4A654DFF84CDBAF98939EB308C,5984
03FDDD4A6548FF81CDBAFA303FC931D1,Protaphorura golestanica,Protaphorura golestanica,Onychiuridae,Onychiuridae,9.237314,"Three new species of Onychiuridae Lubbock, 1871 (Collembola, Poduromorpha) from Iran",10.11646/zootaxa.4291.2.6,http://treatment.plazi.org/id/03FDDD4A6548FF81CDBAFA303FC931D1,8524
03FDDD4A654BFF8FCDBAF8993ABD311F,Spinonychiurus persicus,Spinonychiurus persicus,Onychiuridae,Onychiuridae,9.237314,"Three new species of Onychiuridae Lubbock, 1871 (Collembola, Poduromorpha) from Iran",10.11646/zootaxa.4291.2.6,http://treatment.plazi.org/id/03FDDD4A654BFF8FCDBAF8993ABD311F,4236
03B487AE1B59093EB3B4FD72ADD9FD74,"Thalassaphorura xihuensis Sun & Li, 2015, sp. nov.",Thalassaphorura xihuensis,Onychiuridae,Onychiuridae,9.237314,"New Chinese species of the genus Thalassaphorura Bagnall, 1949 (Collembola: Onychiuridae)",10.11646/zootaxa.3931.2.5,http://treatment.plazi.org/id/03B487AE1B59093EB3B4FD72ADD9FD74,4643
03A88104FFA97B5FA59CF8C4F4D3ACC9,Paratullbergia qilianensis Bu & Gao 2019,Paratullbergia qilianensis,Tullbergiidae,Tullbergiidae,54.668427,"New species and records of Tullbergiidae (Collembola, Poduromorpha) from Xinjiang province, Northwest China",10.11646/zootaxa.5092.5.2,http://treatment.plazi.org/id/03A88104FFA97B5FA59CF8C4F4D3ACC9,1830
DE3DBD36FFC3DC6CE3FFFC06FAD4FA6A,Protaphorura pannonica,Protaphorura pannonica,Tullbergiidae,Tullbergiidae,51.798073,"Annotated checklist of the springtails (Hexapoda: Collembola) of the Collo massif, northeastern Algeria",10.5252/zoosystema2018v40a16,http://treatment.plazi.org/id/DE3DBD36FFC3DC6CE3FFFC06FAD4FA6A,315
03CF878BFFB9C27B21C058ADFAD9AE4D,Thalassaphorura zschokkei,Thalassaphorura zschokkei,Tullbergiidae,Tullbergiidae,51.396065,Catalogue des collemboles de France,10.5252/z2017n3a1,http://treatment.plazi.org/id/03CF878BFFB9C27B21C058ADFAD9AE4D,485
03DCB870E635FFA9FC4E2D40FAE9FEDB,Pseudachorutes hodeberti Thibaud 2008,Pseudachorutes hodeberti,Tullbergiidae,Tullbergiidae,50.854057,Étude des collemboles des sables littoraux de la côte est de Madagascar (interstitiels terrestres),10.5252/z2015n2a4,http://treatment.plazi.org/id/03DCB870E635FFA9FC4E2D40FAE9FEDB,528
266B5D55F763FFF1FF7EFB304521F9D8,Tullbergia vancouverica,Tullbergia vancouverica,Tullbergiidae,Tullbergiidae,50.545727,An updated checklist of Canadian and Alaskan Collembola,10.11646/zootaxa.4592.1.1,http://treatment.plazi.org/id/266B5D55F763FFF1FF7EFB304521F9D8,608
877F1C3EFFC46F4F227E598BFDCDFA0E,"Metaphorura riozoi Castano-Meneses, Palacios-Vargas & Traser 2000",Metaphorura riozoi,Tullbergiidae,Tullbergiidae,49.779278,New additions to Iranian Collembola (Entognatha: Hexapoda) from Ilam Province (western Iran),10.3906/zoo-1605-15,http://treatment.plazi.org/id/877F1C3EFFC46F4F227E598BFDCDFA0E,759
2DEE602F4D01A07469F02C9ECD4C24AA,"Tullbergia alcirae Palacios-Vargas & Martinez, 2014, sp. n.",Tullbergia alcirae,Tullbergiidae,Tullbergiidae,47.40142,"A new species of Tullbergia (Collembola, Tullbergiidae) from Buenos Aires, Argentina",http://dx.doi.org/10.3897/zookeys.416.6923,http://treatment.plazi.org/id/2DEE602F4D01A07469F02C9ECD4C24AA,5596
462C4399517288EDC0A8EF3142DDD8B8,"Mexicaphorura guerrerensis Palacios-Vargas & Catalan, 2013, sp. n.",Mexicaphorura guerrerensis,Tullbergiidae,Tullbergiidae,47.40142,A new genus and species of Tullbergiidae (Collembola) from the Pacific Mexican coast,http://dx.doi.org/10.3897/zookeys.326.5451,http://treatment.plazi.org/id/462C4399517288EDC0A8EF3142DDD8B8,6370
03B67609FFDDFFB5FC0820BEA9FBE065,Odontellina deharvengi Barra 1995,Odontellina deharvengi,Tullbergiidae,Tullbergiidae,46.85685,"Les Collemboles des sables littoraux de la côte Ouest de Madagascar, plus spécialement ceux d’une plage de Mahajanga",10.15298/rusentj.29.1.01,http://treatment.plazi.org/id/03B67609FFDDFFB5FC0820BEA9FBE065,1989
81A9ABEC31D5FF9A8804C71F802489FF,"Eupolybothrus liburnicus Akkari, Komericki, Weigand, Edgecombe & Stoev, 2017, sp. n.",Eupolybothrus liburnicus,Tullbergiidae,Tullbergiidae,46.117764,"A new cave centipede from Croatia, Eupolybothrusliburnicus sp. n., with notes on the subgenus Schizopolybothrus Verhoeff, 1934 (Chilopoda, Lithobiomorpha, Lithobiidae)",http://dx.doi.org/10.3897/zookeys.687.13844,http://treatment.plazi.org/id/81A9ABEC31D5FF9A8804C71F802489FF,13119
635CDAF4A788D35ED832B7A5DDFC6306,"Metaphorura motuoensis Bu & Gao, 2017, sp. n.",Metaphorura motuoensis,Tullbergiidae,Tullbergiidae,45.473038,"Study on Tullbergiidae of Tibet, China I. Metaphorura, Mesaphorura and Prabhergia (Hexapoda, Collembola)",http://dx.doi.org/10.3897/zookeys.686.11468,http://treatment.plazi.org/id/635CDAF4A788D35ED832B7A5DDFC6306,6316
6B02879DB90B6648F4B5FF2BFBB4FAB5,Psammophorura neocaledonica Thibaud & Weiner 1997,Psammophorura neocaledonica,Tullbergiidae,Tullbergiidae,45.07505,"A new species and new records of Pachytullbergiidae and Tullbergiidae (Collembola: Onychiuroidea) from littoral of China, with notes on the variations of postantennal organ",10.11646/zootaxa.3669.2.4,http://treatment.plazi.org/id/6B02879DB90B6648F4B5FF2BFBB4FAB5,5246
AA5587BF5C24FFAAFF22FB0EFE7664AC,"Mixturatulla ozwini Bernard, 2016, n. sp.",Mixturatulla ozwini,Tullbergiidae,Tullbergiidae,44.920002,"Two new genera and five new species of Tullbergiidae (Collembola) from the southern Appalachian Mountains of North America, with redescription of Tullbergia clavata Mills",10.11646/zootaxa.4162.3.3,http://treatment.plazi.org/id/AA5587BF5C24FFAAFF22FB0EFE7664AC,7511
03E7B87DFFAFF90CBCCCFA156EB196DF,"Neonaphorura alicatai Giuga & Jordana, 2013, sp. nov.",Neonaphorura alicatai,Tullbergiidae,Tullbergiidae,44.482246,Three new species of Collembola from soils of Mediterranean cork-oak forests of Sicily (Italy),10.11646/zootaxa.3664.2.9,http://treatment.plazi.org/id/03E7B87DFFAFF90CBCCCFA156EB196DF,5152
BBFD23B1C23323A668B4DE4671E940FB,"Paratullbergia changfengensis Bu & Gao, 2015, sp. n.",Paratullbergia changfengensis,Tullbergiidae,Tullbergiidae,44.109783,"Paratullbergia Womersley in China: the description of a new species and a key to the genus (Collembola, Tullbergiidae)",http://dx.doi.org/10.3897/zookeys.534.6036,http://treatment.plazi.org/id/BBFD23B1C23323A668B4DE4671E940FB,4396
03A3A308FFF8FF854C9AFDE1045F1635,"Prabhergia mana Mendonça & Signes, 2024, sp. nov.",Prabhergia mana,Tullbergiidae,Tullbergiidae,43.659,First record of Prabhergia Salmon (Collembola: Tullbergiidae: Tullbergiinae) in the Neotropics with a description of a new species from Brazil,10.11646/zootaxa.5538.3.5,http://treatment.plazi.org/id/03A3A308FFF8FF854C9AFDE1045F1635,5923
D2CB190F4FA5E431AF19C37F1009A442,Mesaphorura hylophila Rusek 1982,Mesaphorura hylophila,Tullbergiidae,Tullbergiidae,10.465281,"Study on Tullbergiidae of Tibet, China I. Metaphorura, Mesaphorura and Prabhergia (Hexapoda, Collembola)",http://dx.doi.org/10.3897/zookeys.686.11468,http://treatment.plazi.org/id/D2CB190F4FA5E431AF19C37F1009A442,481
03A88104FFA37B51A59CFAFEF4C5AEBD,"Multivesicula zhengi Gao & Bu 2022, sp. nov.",Multivesicula zhengi,Tullbergiidae,Tullbergiidae,10.465281,"New species and records of Tullbergiidae (Collembola, Poduromorpha) from Xinjiang province, Northwest China",10.11646/zootaxa.5092.5.2,http://treatment.plazi.org/id/03A88104FFA37B51A59CFAFEF4C5AEBD,4522
03A88104FFA87B5EA59CFB33F3A3ABF7,Mesaphorura pacifica Rusek 1976,Mesaphorura pacifica,Tullbergiidae,Tullbergiidae,10.465281,"New species and records of Tullbergiidae (Collembola, Poduromorpha) from Xinjiang province, Northwest China",10.11646/zootaxa.5092.5.2,http://treatment.plazi.org/id/03A88104FFA87B5EA59CFB33F3A3ABF7,764
03A88104FFAA7B5EA59CF9DEF6AFAC47,Mesaphorura critica Ellis 1976,Mesaphorura critica,Tullbergiidae,Tullbergiidae,10.465281,"New species and records of Tullbergiidae (Collembola, Poduromorpha) from Xinjiang province, Northwest China",10.11646/zootaxa.5092.5.2,http://treatment.plazi.org/id/03A88104FFAA7B5EA59CF9DEF6AFAC47,4780
03A88104FFA87B5EA59CFD43F255A9DB,Mesaphorura yosii,Mesaphorura yosii,Tullbergiidae,Tullbergiidae,10.465281,"New species and records of Tullbergiidae (Collembola, Poduromorpha) from Xinjiang province, Northwest China",10.11646/zootaxa.5092.5.2,http://treatment.plazi.org/id/03A88104FFA87B5EA59CFD43F255A9DB,907
EC74E08AE8FBA335E11732F05FDF2F95,Prabhergia imadatei Tamura & Zhao 1996,Prabhergia imadatei,Tullbergiidae,Tullbergiidae,10.465281,"Study on Tullbergiidae of Tibet, China I. Metaphorura, Mesaphorura and Prabhergia (Hexapoda, Collembola)",http://dx.doi.org/10.3897/zookeys.686.11468,http://treatment.plazi.org/id/EC74E08AE8FBA335E11732F05FDF2F95,935
F6E7511F9E040738226BE045950A75C3,Mesaphorura yosii Rusek 1967,Mesaphorura yosii,Tullbergiidae,Tullbergiidae,10.465281,"Study on Tullbergiidae of Tibet, China I. Metaphorura, Mesaphorura and Prabhergia (Hexapoda, Collembola)",http://dx.doi.org/10.3897/zookeys.686.11468,http://treatment.plazi.org/id/F6E7511F9E040738226BE045950A75C3,1619
03A88104FFA47B52A59CF8C4F44EA8BF,Wankeliella intermedia Potapov & Stebaeva 1997,Wankeliella intermedia,Tullbergiidae,Tullbergiidae,10.465281,"New species and records of Tullbergiidae (Collembola, Poduromorpha) from Xinjiang province, Northwest China",10.11646/zootaxa.5092.5.2,http://treatment.plazi.org/id/03A88104FFA47B52A59CF8C4F44EA8BF,4151
03DF8784B137FFB1FF6393A6C91C2DA6,Tullbergia meridionalis Cassagnau & Rapoport 1962,Tullbergia meridionalis,Tullbergiidae,Tullbergiidae,9.873745,Three new species and one new record of Tullbergiidae (Collembola: Onychiuroidea) from Tierra del Fuego,10.11646/zootaxa.4093.1.4,http://treatment.plazi.org/id/03DF8784B137FFB1FF6393A6C91C2DA6,4572
03DF8784B134FFA9FF63924BC938298D,"Dinaphorura nerudai Arbea, 2016, sp. nov.",Dinaphorura nerudai,Tullbergiidae,Tullbergiidae,9.873745,Three new species and one new record of Tullbergiidae (Collembola: Onychiuroidea) from Tierra del Fuego,10.11646/zootaxa.4093.1.4,http://treatment.plazi.org/id/03DF8784B134FFA9FF63924BC938298D,11477
48178787FFDC9F54FEDDFA56864343DC,"Delamarephorura capensis Janion & Deharveng & Weiner 2013, new species",Delamarephorura capensis,Tullbergiidae,Tullbergiidae,9.102027,"Synonymy Of Spicatella Thibaud, 2002 With Delamarephorura Weiner & Najt, 1999, And Description Of Two New Species (Collembola: Tullbergiidae)",10.5281/zenodo.5352692,http://treatment.plazi.org/id/48178787FFDC9F54FEDDFA56864343DC,3976
48178787FFDA9F56FECBFA0D84F24521,"Delamarephorura tami Janion & Deharveng & Weiner 2013, new species",Delamarephorura tami,Tullbergiidae,Tullbergiidae,9.102027,"Synonymy Of Spicatella Thibaud, 2002 With Delamarephorura Weiner & Najt, 1999, And Description Of Two New Species (Collembola: Tullbergiidae)",10.5281/zenodo.5352692,http://treatment.plazi.org/id/48178787FFDA9F56FECBFA0D84F24521,3846
F614CE575378FFC9FF39DB82FD6CFB3B,"Paratullbergia chuana Gao & Bu 2020, sp. nov.",Paratullbergia chuana,Tullbergiidae,Tullbergiidae,9.102027,"Description of a new species of Paratullbergia (Collembola, Tullbergiidae) from China with the report of an abnormal antenna",10.11646/zootaxa.4808.1.6,http://treatment.plazi.org/id/F614CE575378FFC9FF39DB82FD6CFB3B,8766
AA5587BF5C29FFADFF22FD5AFB706054,"Ameritulla obscura Bernard, 2016, n. sp.",Ameritulla obscura,Tullbergiidae,Tullbergiidae,7.871564,"Two new genera and five new species of Tullbergiidae (Collembola) from the southern Appalachian Mountains of North America, with redescription of Tullbergia clavata Mills",10.11646/zootaxa.4162.3.3,http://treatment.plazi.org/id/AA5587BF5C29FFADFF22FD5AFB706054,5843
AA5587BF5C23FFB7FF22F9F2FC5267A9,"Psammophorura miniclavata Bernard, 2016, n. sp.",Psammophorura miniclavata,Tullbergiidae,Tullbergiidae,7.871564,"Two new genera and five new species of Tullbergiidae (Collembola) from the southern Appalachian Mountains of North America, with redescription of Tullbergia clavata Mills",10.11646/zootaxa.4162.3.3,http://treatment.plazi.org/id/AA5587BF5C23FFB7FF22F9F2FC5267A9,7670
6B02879DB9096648F4B5FAE1FE01F8D0,Mesaphorura yosii Rusek 1967,Mesaphorura yosii,Tullbergiidae,Tullbergiidae,7.871564,"A new species and new records of Pachytullbergiidae and Tullbergiidae (Collembola: Onychiuroidea) from littoral of China, with notes on the variations of postantennal organ",10.11646/zootaxa.3669.2.4,http://treatment.plazi.org/id/6B02879DB9096648F4B5FAE1FE01F8D0,1252
6B02879DB90E664DF4B5FF61FCD9F827,"Sensiphorura oligoseta Bu, Potapov & Gao, 2013, sp. nov.",Sensiphorura oligoseta,Tullbergiidae,Tullbergiidae,7.871564,"A new species and new records of Pachytullbergiidae and Tullbergiidae (Collembola: Onychiuroidea) from littoral of China, with notes on the variations of postantennal organ",10.11646/zootaxa.3669.2.4,http://treatment.plazi.org/id/6B02879DB90E664DF4B5FF61FCD9F827,5034
AA5587BF5C3BFFBFFF22FF52FC9660C1,"Tullbergia nearctica Bernard, 2016, n. sp.",Tullbergia nearctica,Tullbergiidae,Tullbergiidae,7.871564,"Two new genera and five new species of Tullbergiidae (Collembola) from the southern Appalachian Mountains of North America, with redescription of Tullbergia clavata Mills",10.11646/zootaxa.4162.3.3,http://treatment.plazi.org/id/AA5587BF5C3BFFBFFF22FF52FC9660C1,6847
AA5587BF5C3EFFB3FF22F8E3FC6C6694,"Stenaphorura shaconage Bernard, 2016, n. sp.",Stenaphorura shaconage,Tullbergiidae,Tullbergiidae,7.871564,"Two new genera and five new species of Tullbergiidae (Collembola) from the southern Appalachian Mountains of North America, with redescription of Tullbergia clavata Mills",10.11646/zootaxa.4162.3.3,http://treatment.plazi.org/id/AA5587BF5C3EFFB3FF22F8E3FC6C6694,8661
AA5587BF5C2DFFA0FF22FCD0FC166374,"Ameritulla clavata Mills 1934, new combination",Ameritulla clavata,Tullbergiidae,Tullbergiidae,7.871564,"Two new genera and five new species of Tullbergiidae (Collembola) from the southern Appalachian Mountains of North America, with redescription of Tullbergia clavata Mills",10.11646/zootaxa.4162.3.3,http://treatment.plazi.org/id/AA5587BF5C2DFFA0FF22FCD0FC166374,6918
03CF878BFFB7C27521905D02FD7FAF28,Stachorutes longirostris Deharveng & Lienhard 1983,Stachorutes longirostris,Odontellidae,Odontellidae,57.03091,Catalogue des collemboles de France,10.5252/z2017n3a1,http://treatment.plazi.org/id/03CF878BFFB7C27521905D02FD7FAF28,446
DE3DBD36FFC2DC6DE3B4FB86FAD3F9CA,"Pseudachorutes octosensillatus Zoughailech, Hamra-Kroua & Deharveng 2016",Pseudachorutes octosensillatus,Odontellidae,Odontellidae,56.269836,"Annotated checklist of the springtails (Hexapoda: Collembola) of the Collo massif, northeastern Algeria",10.5252/zoosystema2018v40a16,http://treatment.plazi.org/id/DE3DBD36FFC2DC6DE3B4FB86FAD3F9CA,354
03DCB870E632FFAEFEFA2A24FA82FCFA,Xenylla yucatana Mills 1938,Xenylla yucatana,Odontellidae,Odontellidae,55.02653,Étude des collemboles des sables littoraux de la côte est de Madagascar (interstitiels terrestres),10.5252/z2015n2a4,http://treatment.plazi.org/id/03DCB870E632FFAEFEFA2A24FA82FCFA,632
03A987C9B258720F56FFFBDA17647D92,"Austrodontella monticola Babenko & Minor, 2015, sp. nov.",Austrodontella monticola,Odontellidae,Odontellidae,50.562008,"Austrodontella monticola sp. nov., a new species of Collembola from montane New Zealand",10.11646/zootaxa.3974.1.9,http://treatment.plazi.org/id/03A987C9B258720F56FFFBDA17647D92,9181
03BB9D1CFF8095204AC1FF2EFF46F819,"Superodontella gladiator Agolin, Houssin & Deharveng, 2009, sp. nov.",Superodontella gladiator,Odontellidae,Odontellidae,48.21984,"Superodontella gladiator, a new species of the family Odontellidae (Collembola: Poduromorpha) from Nepal with extremely elongated mouthparts",10.5281/zenodo.189772,http://treatment.plazi.org/id/03BB9D1CFF8095204AC1FF2EFF46F819,12074
03F8C314FFD0FF81FF60FD8D8C4EFBDD,"Superodontella ruta Kaprus' & Weiner, 2007, sp. n.",Superodontella ruta,Odontellidae,Odontellidae,11.429646,"New species of Superodontella Stach, 1949 (Collembola, Odontellidae) from western part of Ukraine",10.5281/zenodo.177312,http://treatment.plazi.org/id/03F8C314FFD0FF81FF60FD8D8C4EFBDD,5491
03F8C314FFD5FF87FF60F9708C9DF841,"Superodontella multisensillata Kaprus' & Weiner, 2007, sp. nov.",Superodontella multisensillata,Odontellidae,Odontellidae,11.429646,"New species of Superodontella Stach, 1949 (Collembola, Odontellidae) from western part of Ukraine",10.5281/zenodo.177312,http://treatment.plazi.org/id/03F8C314FFD5FF87FF60F9708C9DF841,4832
03F8C314FFD6FF83FF60FF318A4DFE5D,"Superodontella huculica Kaprus' & Weiner, 2007, sp. nov.",Superodontella huculica,Odontellidae,Odontellidae,11.429646,"New species of Superodontella Stach, 1949 (Collembola, Odontellidae) from western part of Ukraine",10.5281/zenodo.177312,http://treatment.plazi.org/id/03F8C314FFD6FF83FF60FF318A4DFE5D,5047
1E482D44FFE9F47DFF36F99C91F3F937,"Superodontella tayaensi Arbea, Brahim-Bounab & Kroua, 2013, sp. nov.",Superodontella tayaensi,Odontellidae,Odontellidae,10.487213,"Collembola Poduromorpha from Guelma Province (Northeastern Algeria), with description of a new Superodontella species (Collembola: Odontellidae)",10.11646/zootaxa.3709.2.5,http://treatment.plazi.org/id/1E482D44FFE9F47DFF36F99C91F3F937,6211
0391006FFFAA201C1FB288AAE1F2FD18,"Odontella rapoporti Arbea & Palacios-Vargas 2020, sp. nov.",Odontella rapoporti,Odontellidae,Odontellidae,10.206682,"A new species of Odontella from Tierra del Fuego and notes on Afrodontella Deharveng, 1981 (Collembola: Odontellidae)",10.11646/zootaxa.4808.3.7,http://treatment.plazi.org/id/0391006FFFAA201C1FB288AAE1F2FD18,6642
0391006FFFAD20131FB28BFCE6E4FF3C,Odontella septemlobata,Odontella septemlobata,Odontellidae,Odontellidae,10.206682,"A new species of Odontella from Tierra del Fuego and notes on Afrodontella Deharveng, 1981 (Collembola: Odontellidae)",10.11646/zootaxa.4808.3.7,http://treatment.plazi.org/id/0391006FFFAD20131FB28BFCE6E4FF3C,6315
65497666FFA0446950C94693FE5CD2E8,"Stachia oregonensis Smolis, 2010, sp. nov.",Stachia oregonensis,Odontellidae,Odontellidae,9.688358,Two new species of Collembola: Friesea kariae sp. nov. (Neanuridae) and Stachia oregonensis sp. nov. (Odontellidae) from North America,10.5281/zenodo.196109,http://treatment.plazi.org/id/65497666FFA0446950C94693FE5CD2E8,4443
65497666FFA5446A50C942C4FA1BD3F1,"Friesea kariae Smolis, 2010, sp. nov.",Friesea kariae,Odontellidae,Odontellidae,9.688358,Two new species of Collembola: Friesea kariae sp. nov. (Neanuridae) and Stachia oregonensis sp. nov. (Odontellidae) from North America,10.5281/zenodo.196109,http://treatment.plazi.org/id/65497666FFA5446A50C942C4FA1BD3F1,4659
03CF878BFF85C24422AB5878FD4AACEB,Xenyllogastrura pruvoti Denis 1932,Xenyllogastrura pruvoti,Brachystomellidae,Brachystomellidae,57.698128,Catalogue des collemboles de France,10.5252/z2017n3a1,http://treatment.plazi.org/id/03CF878BFF85C24422AB5878FD4AACEB,386
DE3DBD36FFCBDC6BE30CF903FD88FA6A,Xenylla brevisimilis subsp. mediterranea Stach 1949,Xenylla brevisimilis,Brachystomellidae,Brachystomellidae,57.192963,"Annotated checklist of the springtails (Hexapoda: Collembola) of the Collo massif, northeastern Algeria",10.5252/zoosystema2018v40a16,http://treatment.plazi.org/id/DE3DBD36FFCBDC6BE30CF903FD88FA6A,619
03A887B9FFBF2B7AFE98D431FB4FFE6C,Folsomiella albida,Folsomiella albida,Brachystomellidae,Brachystomellidae,52.390762,"Two new species of Folsomiella Bonet and redescription of F. albida (Arlé, 1959) (Collembola, Brachystomellidae)",,http://treatment.plazi.org/id/03A887B9FFBF2B7AFE98D431FB4FFE6C,3241
0383AD20A935FF9FFF1BBD46FE9DFCFD,"Brachystomella garayae Queiroz & Weiner, 2011, sp. nov.",Brachystomella garayae,Brachystomellidae,Brachystomellidae,50.760353,A new species of Brachystomella (Collembola: Brachystomellidae) from the Atlantic Forest of southeast Brazil,10.5281/zenodo.207027,http://treatment.plazi.org/id/0383AD20A935FF9FFF1BBD46FE9DFCFD,6552
03B5E34DFFC0FFC6CFBCFBAC8EAFFF42,"Xenylla vanharteni Weiner & Najt & Paśnik 2012, n. sp.",Xenylla vanharteni,Brachystomellidae,Brachystomellidae,49.42711,"Collembola Poduromorpha (Entognatha) from continental Yemen and Socotra Island, with the description of a new Xenylla Tullberg, 1869",10.5252/z2012n3a4,http://treatment.plazi.org/id/03B5E34DFFC0FFC6CFBCFBAC8EAFFF42,5254
887986AEB71CC457F209CDF0CADEB76C,"Micronella longisensilla Queiroz & Mendonca, 2013, sp. n.",Micronella longisensilla,Brachystomellidae,Brachystomellidae,11.555047,"New species of Brachystomellidae and characterization of Micronella porcus (Denis, 1933) from Brazil",http://dx.doi.org/10.3897/zookeys.316.4869,http://treatment.plazi.org/id/887986AEB71CC457F209CDF0CADEB76C,4414
37ABD66B53D6413112437ECD1CFCC7D8,"Micronella itacaman Queiroz & Mendonca, 2013, sp. n.",Micronella itacaman,Brachystomellidae,Brachystomellidae,11.555047,"New species of Brachystomellidae and characterization of Micronella porcus (Denis, 1933) from Brazil",http://dx.doi.org/10.3897/zookeys.316.4869,http://treatment.plazi.org/id/37ABD66B53D6413112437ECD1CFCC7D8,3943
E75F96C1532AAEE2F42F5D9D8A0E5B3A,"Neorganella rotundatae Queiroz & Mendonca, 2013, sp. n.",Neorganella rotundatae,Brachystomellidae,Brachystomellidae,11.555047,"New species of Brachystomellidae and characterization of Micronella porcus (Denis, 1933) from Brazil",http://dx.doi.org/10.3897/zookeys.316.4869,http://treatment.plazi.org/id/E75F96C1532AAEE2F42F5D9D8A0E5B3A,3754
D3CB1B7A2460D5107B1A84372804678C,Brachystomella porcus Denis 1933,Brachystomella porcus,Brachystomellidae,Brachystomellidae,11.555047,"New species of Brachystomellidae and characterization of Micronella porcus (Denis, 1933) from Brazil",http://dx.doi.org/10.3897/zookeys.316.4869,http://treatment.plazi.org/id/D3CB1B7A2460D5107B1A84372804678C,3317
03B487EFFFD1FFECFF24FCC004526D3A,"Setanodosa jacquesi Janion-Scheepers & Deharveng 2022, sp. nov.",Setanodosa jacquesi,Brachystomellidae,Brachystomellidae,11.218985,"A shocking-red new species of Setanodosa Salmon, 1942 (Collembola: Brachystomellidae) from South Africa",10.11646/zootaxa.5154.4.6,http://treatment.plazi.org/id/03B487EFFFD1FFECFF24FCC004526D3A,5189
03A887B9FFB62B77FE98D00BFA9DF8A4,"Folsomiella trisetosa Mendonça & Fernandes & Abrantes 2005, sp. nov.",Folsomiella trisetosa,Brachystomellidae,Brachystomellidae,10.901915,"Two new species of Folsomiella Bonet and redescription of F. albida (Arlé, 1959) (Collembola, Brachystomellidae)",,http://treatment.plazi.org/id/03A887B9FFB62B77FE98D00BFA9DF8A4,4196
03A887B9FFB22B76FE98D431FE0CF89B,"Folsomiella pseudocaeca Mendonça & Fernandes & Abrantes 2005, sp. nov.",Folsomiella pseudocaeca,Brachystomellidae,Brachystomellidae,10.901915,"Two new species of Folsomiella Bonet and redescription of F. albida (Arlé, 1959) (Collembola, Brachystomellidae)",,http://treatment.plazi.org/id/03A887B9FFB22B76FE98D431FE0CF89B,3061
03DC87BAFFA9FF857A9DFB9CC9F1FBB8,"Micronella najtae Arbea, 2017, n.sp.",Micronella najtae,Brachystomellidae,Brachystomellidae,9.5521145,"Micronella najtae n. sp. (Collembola: Brachystomellidae), a new species from Tierra del Fuego with a key to the species Javier",10.5252/z2017n1a2,http://treatment.plazi.org/id/03DC87BAFFA9FF857A9DFB9CC9F1FBB8,6577
504F2D6CFFC9FF9A97BEF759FB271BDF,"Mucronia enigmatica Fjellberg, 2010, sp. n.",Mucronia enigmatica,Isotomidae,Isotomidae,50.69034,"Cryophilic Isotomidae (Collembola) of the Northwestern Rocky Mountains, U. S. A.",10.5281/zenodo.196078,http://treatment.plazi.org/id/504F2D6CFFC9FF9A97BEF759FB271BDF,5786
038A87F82C187F4BC8B1FCBEFDE7FE9E,"Subisotoma guzeriplica Potapov, Babenko, Fjellberg & Greenslade, 2009, sp. nov.",Subisotoma guzeriplica,Isotomidae,Isotomidae,48.88896,Taxonomy of the Proisotoma complex. II. A revision of the genus Subisotoma and a description of Isotopenola gen. nov. (Collembola: Isotomidae),10.5281/zenodo.191990,http://treatment.plazi.org/id/038A87F82C187F4BC8B1FCBEFDE7FE9E,2954
03D187C2D430164DFDBFF98CFBC3C583,"Mucronia fjellbergi Potapov & Babenko 2014, sp. nov.",Mucronia fjellbergi,Isotomidae,Isotomidae,48.44999,About some unusual Asiatic taxa of Isotomidae (Collembola),10.1080/00222933.2014.908971,http://treatment.plazi.org/id/03D187C2D430164DFDBFF98CFBC3C583,8169
DE3DBD36FFC3DC73E3EFF8A3FD9EFE56,Mesaphorura macrochaeta Rusek 1976,Mesaphorura macrochaeta,Isotomidae,Isotomidae,48.337265,"Annotated checklist of the springtails (Hexapoda: Collembola) of the Collo massif, northeastern Algeria",10.5252/zoosystema2018v40a16,http://treatment.plazi.org/id/DE3DBD36FFC3DC73E3EFF8A3FD9EFE56,349
03E2878A790BFFCE10E0FDB5FE26FA24,"Cylindropygus ferox Deharveng & Potapov & Bedos 2005, sp. n.",Cylindropygus ferox,Isotomidae,Isotomidae,48.06243,"Cylindropygus ferox gen. n., sp. n.: A new member of the Cryptopygus complex (Collembola, Isotomidae) from central France",10.1080/00222930500061213,http://treatment.plazi.org/id/03E2878A790BFFCE10E0FDB5FE26FA24,4496
266B5D55F773FFE1FF7EFADA4506F97C,Bellisotoma ewingi,Bellisotoma ewingi,Isotomidae,Isotomidae,47.323006,An updated checklist of Canadian and Alaskan Collembola,10.11646/zootaxa.4592.1.1,http://treatment.plazi.org/id/266B5D55F773FFE1FF7EFADA4506F97C,571
2D3887B309081B1AC7ADFD8C9872BDE8,Thibaudichiurus mariangeae,Thibaudichiurus mariangeae,Isotomidae,Isotomidae,47.323006,Les collemboles (Collembola) interstitiels des sables littoraux de l’île d’Espiritu Santo (Vanuatu),10.5252/z2009n3a7,http://treatment.plazi.org/id/2D3887B309081B1AC7ADFD8C9872BDE8,563
03C54558BD2DFFFF1498FF6F0FB1FDC2,Isotomurus palustris Muller 1776,Isotomurus palustris,Isotomidae,Isotomidae,47.316673,A revision of the genus Isotomurus (Collembola: Isotomidae) in northern Iran using molecular evidence,10.11646/zootaxa.5230.1.3,http://treatment.plazi.org/id/03C54558BD2DFFFF1498FF6F0FB1FDC2,889
877F1C3EFFC76F4F21DB5AC0FB18FB04,Hemisotoma quadrioculatus Martynova 1967,Hemisotoma quadrioculatus,Isotomidae,Isotomidae,46.688374,New additions to Iranian Collembola (Entognatha: Hexapoda) from Ilam Province (western Iran),10.3906/zoo-1605-15,http://treatment.plazi.org/id/877F1C3EFFC76F4F21DB5AC0FB18FB04,747
7B29CC6AFFB2FFD1FBCD0DAAAC96F951,"Isotomiella louisi Mendonça & Queiroz, 2016, sp. nov.",Isotomiella louisi,Isotomidae,Isotomidae,46.385452,"A new Brazilian species of Isotomiella (Collembola: Isotomidae) from the state of Pará, Brazil",10.1590/S1984-4689zool-20160005,http://treatment.plazi.org/id/7B29CC6AFFB2FFD1FBCD0DAAAC96F951,8639
03D187C2D43A1646FDA8FD4DFC94C072,"Aggressopygus armatus Potapov & Babenko 2014, sp. nov.",Aggressopygus armatus,Isotomidae,Isotomidae,46.325363,About some unusual Asiatic taxa of Isotomidae (Collembola),10.1080/00222933.2014.908971,http://treatment.plazi.org/id/03D187C2D43A1646FDA8FD4DFC94C072,3401
2901F4101E050520FF72F9EF3672FEA0,"Narynia luanae Huang, Potapov & Gao, 2010, sp. n.",Narynia luanae,Isotomidae,Isotomidae,45.460793,Taxonomy of the Proisotoma complex. III. A revision of the genus Narynia (Collembola: Isotomidae) with a description of a new species from China,10.5281/zenodo.194271,http://treatment.plazi.org/id/2901F4101E050520FF72F9EF3672FEA0,4897
95A19AC4A00D5EC8A9F952CB03F33FA4,"Scutisotoma acorrelata Potapov, Babenko & Fjellberg 2006",Scutisotoma acorrelata,Isotomidae,Isotomidae,45.196655,New and little known Isotomidae (Collembola) from the shore of Lake Baikal and saline lakes of continental Asia,http://dx.doi.org/10.3897/zookeys.935.49363,http://treatment.plazi.org/id/95A19AC4A00D5EC8A9F952CB03F33FA4,2954
03B287EEFFD5CF32FCD1FA214235FB0F,"Bourletiella meghalayensis Mandal, 2018, sp. nov.",Bourletiella meghalayensis,Isotomidae,Isotomidae,44.943314,Three new species of Collembola from India,10.26515/rzsi/v118/i2/2018/129066,http://treatment.plazi.org/id/03B287EEFFD5CF32FCD1FA214235FB0F,4885
03B574701C2DFFF1FF3CFA09FDE0BBD3,"Neanura (Neanura) pohli Barra 2006, n. sp.",Neanura pohli,Isotomidae,Isotomidae,44.70012,"Collemboles de l’île de Socotra, République du Yémen",10.5281/zenodo.5400127,http://treatment.plazi.org/id/03B574701C2DFFF1FF3CFA09FDE0BBD3,3369
5E2D9E05FF8CFFD1FF50F8CDFBFB7D66,"Subisotoma quadrisensillata Gao, Xiong & Potapov, 2009, sp. nov.",Subisotoma quadrisensillata,Isotomidae,Isotomidae,44.466473,Checklist of Chinese Isotomidae (Collembola) and a description of a new Subisotoma,10.5281/zenodo.190601,http://treatment.plazi.org/id/5E2D9E05FF8CFFD1FF50F8CDFBFB7D66,4642
0D38B345FFB61D0FDA8BFF773161760B,"Isotomurus sahebganjensis Mandal, Suman & Bhattacharya, 2017, n. sp.",Isotomurus sahebganjensis,Isotomidae,Isotomidae,44.466473,"Five new species of Collembola (Isotomidae) from Jharkhand, India",10.26515/rzsi/v117/i2/2017/117277,http://treatment.plazi.org/id/0D38B345FFB61D0FDA8BFF773161760B,5359
EB02A56D3C140C0D209F9FE5FE0FF871,"Isotomodes tyrrhenicus Fanciulli, Dallai & Meneguz, 2015, sp. nov.",Isotomodes tyrrhenicus,Isotomidae,Isotomidae,44.459522,"A new littoral interstitial species of the genus Isotomodes (Collembola, Isotomidae) from Italy",10.11646/zootaxa.3931.2.9,http://treatment.plazi.org/id/EB02A56D3C140C0D209F9FE5FE0FF871,7574
DBEFA8EE2FA6C791C0F65EA2E5DD05F0,"Folsomia breviseta Potapov & Kuznetsova, sp. n.",Folsomia breviseta,Isotomidae,Isotomidae,44.241825,Isotomidae of Japan and the Asiatic part of Russia. I. Folsomia ' inoculata' group,http://dx.doi.org/10.3897/zookeys.750.22764,http://treatment.plazi.org/id/DBEFA8EE2FA6C791C0F65EA2E5DD05F0,4609
8F68E959EE6FA71FE20D7DCEFF55F954,"Folsomides whitteni Deharveng,, Lukić & Marko, 2020, new species",Folsomides whitteni,Isotomidae,Isotomidae,44.05666,"The genus Folsomides in the Hòn Chông hills, Vietnam (Collembola: Isotomidae)",,http://treatment.plazi.org/id/8F68E959EE6FA71FE20D7DCEFF55F954,9573
6A1D4C35081655CEBE5B441E88A98731,"Cryptopygus bulbus Potapov & Janion-Scheepers & Deharveng 2020, sp. nov.",Cryptopygus bulbus,Isotomidae,Isotomidae,44.02567,"Taxonomy of the Cryptopygus complex. III. The revision of South African species of Cryptopygus and Isotominella (Collembola, Isotomidae)",http://dx.doi.org/10.3897/zookeys.945.51860,http://treatment.plazi.org/id/6A1D4C35081655CEBE5B441E88A98731,5230
4AF91ACA36555987BAA839FB791F4D4C,"Pseudanurophorus barathrum Potapov & Gulgenova 2020, sp. nov.",Pseudanurophorus barathrum,Isotomidae,Isotomidae,43.817528,New and little known Isotomidae (Collembola) from the shore of Lake Baikal and saline lakes of continental Asia,http://dx.doi.org/10.3897/zookeys.935.49363,http://treatment.plazi.org/id/4AF91ACA36555987BAA839FB791F4D4C,7370
039A87B5FFFD0E02FC83F934FB20FC76,"Pachyotoma penalarensis Baquero & Jordana 2021, n. sp.",Pachyotoma penalarensis,Isotomidae,Isotomidae,43.46061,Distinctive Collembola Communities in the Mesovoid Shallow Substratum: Entomobryomorpha of the Sierra de Guadarrama National Park (Central Spain),10.5252/zoosystema2021v43a3,http://treatment.plazi.org/id/039A87B5FFFD0E02FC83F934FB20FC76,6574
365B3895F153730A921D496BD070F427,"Pauropygus pacificus Potapov, Gao & Deharveng, 2013, sp. n.",Pauropygus pacificus,Isotomidae,Isotomidae,43.082687,"Taxonomy of the Cryptopygus complex. I. Pauropygus - a new worldwide littoral genus (Collembola, Isotomidae)",http://dx.doi.org/10.3897/zookeys.304.4083,http://treatment.plazi.org/id/365B3895F153730A921D496BD070F427,5983
CE2487CB0252FD35B2D8FE020805FD6C,"Semicerura draconis Potapov & Xie & Kuprin & Sun 2020, sp. nov.",Semicerura draconis,Isotomidae,Isotomidae,42.927223,The genus Semicerura (Collembola; Isotomidae) in Asia,10.11646/zootaxa.4751.1.5,http://treatment.plazi.org/id/CE2487CB0252FD35B2D8FE020805FD6C,10801
117F87A8FFB9FFEB09F6FCF5FE5B8D74,"Isotomiella denticulata Mendonça & Queiroz 2017, sp.nov.",Isotomiella denticulata,Isotomidae,Isotomidae,42.738716,"Two new Isotomidae species (Collembola: Entomobryomorpha) from Rio de Janeiro State, Brazil",10.11646/zootaxa.4350.2.12,http://treatment.plazi.org/id/117F87A8FFB9FFEB09F6FCF5FE5B8D74,8445
CF33C554FFEBFFADFF046C6EFE52FF6A,"Nothobrya sertaneja Nunes & Bellini 2019, sp. nov.",Nothobrya sertaneja,Isotomidae,Isotomidae,42.55184,"A new species of Nothobrya Arlé, 1961 (Collembola: Entomobryidae) from Brazil and notes on key characters for Nothobryinae taxonomy, with an identification key to the species of the subfamily",10.11646/zootaxa.4615.2.9,http://treatment.plazi.org/id/CF33C554FFEBFFADFF046C6EFE52FF6A,11310
039587D4FFA2FFDC1373FEDC723EFD05,"Scutisotoma schisti Potapov & Babenko & Fjellberg 2006, sp.n.",Scutisotoma schisti,Isotomidae,Isotomidae,42.55184,"Taxonomy of the Proisotoma complex. Redefinition of genera and description of new species of Scutisotoma and Weberacantha (Collembola, Isotomidae)",10.11646/zootaxa.1382.1.1,http://treatment.plazi.org/id/039587D4FFA2FFDC1373FEDC723EFD05,5134
FB3F87CFF074D931465EF291DFBD0B5F,Orchesella caucasica Stach 1960,Orchesella caucasica,Isotomidae,Isotomidae,39.881157,New records of springtail fauna (Hexapoda: Collembola: Entomobryomorpha) from Ordu Province in Turkey,10.3906/zoo-1509-28,http://treatment.plazi.org/id/FB3F87CFF074D931465EF291DFBD0B5F,5128
0C0C6C18FFB6FF9C7C2DFA0FFB79FB55,"Megalothorax poinsotae Panina, Bedos, Deharveng & Schneider, 2026, sp. nov.",Megalothorax poinsotae,Isotomidae,Isotomidae,38.99413,Three new species of the genus Megalothorax (Collembola: Neelidae) from France,10.5852/ejt.2026.1034.3153,http://treatment.plazi.org/id/0C0C6C18FFB6FF9C7C2DFA0FFB79FB55,7158
03E38790FFD19308FF0B3EE0DD3F5D10,"Vertagopus persicus Lafooraki & Hajizadeh & Antipova & Kremenitsa & Shayanmehr & Potapov & Hosseini 2020, sp. nov.",Vertagopus persicus,Isotomidae,Isotomidae,10.12653,"Vertagopus (Collembola, Isotomidae) of Iran and Caucasus",10.11646/zootaxa.4786.4.9,http://treatment.plazi.org/id/03E38790FFD19308FF0B3EE0DD3F5D10,6379
03E38790FFD6930CFF0B3E49D9835A88,"Vertagopus cinereus, sensu stricto",Vertagopus cinereus,Isotomidae,Isotomidae,10.12653,"Vertagopus (Collembola, Isotomidae) of Iran and Caucasus",10.11646/zootaxa.4786.4.9,http://treatment.plazi.org/id/03E38790FFD6930CFF0B3E49D9835A88,1877
03E38790FFD4930CFF0B3FA2D99F5F50,"Vertagopus nunataki Lafooraki & Hajizadeh & Antipova & Kremenitsa & Shayanmehr & Potapov & Hosseini 2020, sp. nov.",Vertagopus nunataki,Isotomidae,Isotomidae,10.12653,"Vertagopus (Collembola, Isotomidae) of Iran and Caucasus",10.11646/zootaxa.4786.4.9,http://treatment.plazi.org/id/03E38790FFD4930CFF0B3FA2D99F5F50,4153
CE2487CB025EFD34B2D8FC9A0CBEF946,Semicerura goryshini Martynova 1969,Semicerura goryshini,Isotomidae,Isotomidae,10.12653,The genus Semicerura (Collembola; Isotomidae) in Asia,10.11646/zootaxa.4751.1.5,http://treatment.plazi.org/id/CE2487CB025EFD34B2D8FC9A0CBEF946,3300
CE2487CB0255FD39B2D8F8E20ECDFEC4,"Semicerura bryophila Potapov & Xie & Kuprin & Sun 2020, sp. nov.",Semicerura bryophila,Isotomidae,Isotomidae,10.12653,The genus Semicerura (Collembola; Isotomidae) in Asia,10.11646/zootaxa.4751.1.5,http://treatment.plazi.org/id/CE2487CB0255FD39B2D8F8E20ECDFEC4,10305
8C6A711CFFC0B73AD8A8F757D4BFDC5F,"Folsomides cariocus Mendonça & Neves 2020, sp. nov.",Folsomides cariocus,Isotomidae,Isotomidae,9.7697525,New Brazilian species of Folsomides Stach (Collembola: Isotomidae),10.11646/zootaxa.4896.3.5,http://treatment.plazi.org/id/8C6A711CFFC0B73AD8A8F757D4BFDC5F,5284
03D187C2D4391640FE13FDBCFD81C1B0,"Aggressopygus sibiricus Potapov & Babenko 2014, sp. nov.",Aggressopygus sibiricus,Isotomidae,Isotomidae,9.7697525,About some unusual Asiatic taxa of Isotomidae (Collembola),10.1080/00222933.2014.908971,http://treatment.plazi.org/id/03D187C2D4391640FE13FDBCFD81C1B0,4662
03D187C2D43C1644FE23FC0FFECBC676,"Micrisotoma achromata Bellinger 1952, sp. nov.",Micrisotoma achromata,Isotomidae,Isotomidae,9.7697525,About some unusual Asiatic taxa of Isotomidae (Collembola),10.1080/00222933.2014.908971,http://treatment.plazi.org/id/03D187C2D43C1644FE23FC0FFECBC676,4243
A05387E7F331450CFF46B0B7FB41F644,"Folsomia wanxianesis Ji, Ding & Chen, 2007, sp. nov.",Folsomia wanxianesis,Isotomidae,Isotomidae,9.437262,A new species of Folsomia (Collembola: Isotomidae) from China,10.5281/zenodo.177573,http://treatment.plazi.org/id/A05387E7F331450CFF46B0B7FB41F644,7746
0D38B345FFB81D01DA8BFB7E3666742A,"Isotomurus jharkhandensis Mandal, Suman & Bhattacharya, 2017, n. sp.",Isotomurus jharkhandensis,Isotomidae,Isotomidae,9.437262,"Five new species of Collembola (Isotomidae) from Jharkhand, India",10.26515/rzsi/v117/i2/2017/117277,http://treatment.plazi.org/id/0D38B345FFB81D01DA8BFB7E3666742A,6551
0D38B345FFBD1D03D953FAFC309C71B0,"Isotomurus dhanbadensis Mandal, Suman & Bhattacharya, 2017, n. sp.",Isotomurus dhanbadensis,Isotomidae,Isotomidae,9.437262,"Five new species of Collembola (Isotomidae) from Jharkhand, India",10.26515/rzsi/v117/i2/2017/117277,http://treatment.plazi.org/id/0D38B345FFBD1D03D953FAFC309C71B0,5599
0D38B345FFBF1D05D952FC81335274F3,"Proisotoma pakurensis Mandal, Suman & Bhattacharya, 2017, n. sp.",Proisotoma pakurensis,Isotomidae,Isotomidae,9.437262,"Five new species of Collembola (Isotomidae) from Jharkhand, India",10.26515/rzsi/v117/i2/2017/117277,http://treatment.plazi.org/id/0D38B345FFBF1D05D952FC81335274F3,7136
0D38B345FFBB1D00DA91FCB3302977FB,"Isotomurus indicus Mandal, Suman & Bhattacharya, 2017, n. sp.",Isotomurus indicus,Isotomidae,Isotomidae,9.437262,"Five new species of Collembola (Isotomidae) from Jharkhand, India",10.26515/rzsi/v117/i2/2017/117277,http://treatment.plazi.org/id/0D38B345FFBB1D00DA91FCB3302977FB,5195
03898792FFF3BD28FF75FE4BFC01FEF1,"Skadisotoma inpericulosa Greenslade & Fjellberg, 2015, sp.nov",Skadisotoma inpericulosa,Isotomidae,Isotomidae,9.437262,"Skadisotoma, a new genus of Isotomidae (Collembola) from Australia",10.11646/zootaxa.3972.4.8,http://treatment.plazi.org/id/03898792FFF3BD28FF75FE4BFC01FEF1,10487
03DB87D28823FF82D6B0A3BEFCB136C7,"Paracerura airesi Mendonça, Abrantes & Fernandes, 2009, sp. nov.",Paracerura airesi,Isotomidae,Isotomidae,9.126657,Two new Brazilian species of Paracerura Deharveng & Oliveira (Collembola: Isotomidae),10.5281/zenodo.191855,http://treatment.plazi.org/id/03DB87D28823FF82D6B0A3BEFCB136C7,5333
03D2AD21BD25A73F86CEF9A467A0875C,"Folsomotoma amyliuae Janion-Scheepers & Potapov & Deharveng 2023, sp. nov.",Folsomotoma amyliuae,Isotomidae,Isotomidae,9.126657,"New and little-known Isotominae (Collembola, Isotomidae) from South Africa",10.11646/zootaxa.5346.3.8,http://treatment.plazi.org/id/03D2AD21BD25A73F86CEF9A467A0875C,3839
03DB87D28827FF8ED6B0A40EFB9237FC,"Paracerura serrana Mendonça, Abrantes & Fernandes, 2009, sp. nov.",Paracerura serrana,Isotomidae,Isotomidae,9.126657,Two new Brazilian species of Paracerura Deharveng & Oliveira (Collembola: Isotomidae),10.5281/zenodo.191855,http://treatment.plazi.org/id/03DB87D28827FF8ED6B0A40EFB9237FC,6349
03D2AD21BD20A73A86CEFD5E64A48420,"Parisotoma ruseki Janion-Scheepers & Potapov & Deharveng 2023, sp. nov.",Parisotoma ruseki,Isotomidae,Isotomidae,9.126657,"New and little-known Isotominae (Collembola, Isotomidae) from South Africa",10.11646/zootaxa.5346.3.8,http://treatment.plazi.org/id/03D2AD21BD20A73A86CEFD5E64A48420,4037
03D2AD21BD22A73C86CEFF0562308188,"Parisotoma yehlathi Janion-Scheepers & Potapov & Deharveng 2023, sp. nov.",Parisotoma yehlathi,Isotomidae,Isotomidae,9.126657,"New and little-known Isotominae (Collembola, Isotomidae) from South Africa",10.11646/zootaxa.5346.3.8,http://treatment.plazi.org/id/03D2AD21BD22A73C86CEFF0562308188,3578
03A1AD0C0E5BFFBA88C2AEA56EEEE920,"Scutisotoma potapovi Xie & Chen, 2008, sp. nov.",Scutisotoma potapovi,Isotomidae,Isotomidae,9.126657,A new species of Scutisotoma Bagnall (Collembola: Isotomidae) from China,10.5281/zenodo.182009,http://treatment.plazi.org/id/03A1AD0C0E5BFFBA88C2AEA56EEEE920,6902
03D2AD21BD26A73086CEFA3463DA8790,Halisotoma boneti,Halisotoma boneti,Isotomidae,Isotomidae,9.126657,"New and little-known Isotominae (Collembola, Isotomidae) from South Africa",10.11646/zootaxa.5346.3.8,http://treatment.plazi.org/id/03D2AD21BD26A73086CEFA3463DA8790,2763
03D987A7C14600624ED9F897FCE9FECA,"Cryptopygus tingus Queiroz & Mendonça, 2010, sp. nov.",Cryptopygus tingus,Isotomidae,Isotomidae,9.126657,"Two new Isotomidae species (Collembola) from Espírito Santo State, Brazil",10.5281/zenodo.893964,http://treatment.plazi.org/id/03D987A7C14600624ED9F897FCE9FECA,6516
03D987A7C14300604ED9FE00FDE8FD1A,"Paracerura pindorama Queiroz & Mendonça, 2010, sp. nov.",Paracerura pindorama,Isotomidae,Isotomidae,9.126657,"Two new Isotomidae species (Collembola) from Espírito Santo State, Brazil",10.5281/zenodo.893964,http://treatment.plazi.org/id/03D987A7C14300604ED9FE00FDE8FD1A,5196
02788780A945B81F4CA87586FE55FE54,"Tetracanthella fusca Potapov & Deharveng 2005, n. sp.",Tetracanthella fusca,Isotomidae,Isotomidae,9.126657,"Three new species of Tetracanthella (Collembola, Isotomidae) from western Europe",10.5281/zenodo.5390855,http://treatment.plazi.org/id/02788780A945B81F4CA87586FE55FE54,312
02788780A941B8154F6271A6FE00F914,"Tetracanthella bichaeta Potapov & Deharveng 2005, n. sp.",Tetracanthella bichaeta,Isotomidae,Isotomidae,9.126657,"Three new species of Tetracanthella (Collembola, Isotomidae) from western Europe",10.5281/zenodo.5390855,http://treatment.plazi.org/id/02788780A941B8154F6271A6FE00F914,1280
02788780A945B8114F717286FD5CF934,"Tetracanthella fusca Potapov & Deharveng 2005, n. sp.",Tetracanthella fusca,Isotomidae,Isotomidae,9.126657,"Three new species of Tetracanthella (Collembola, Isotomidae) from western Europe",10.5281/zenodo.5390855,http://treatment.plazi.org/id/02788780A945B8114F717286FD5CF934,1709
02788780A947B8134F6B72E6FD71F994,"Tetracanthella corsica Potapov & Deharveng 2005, n. sp.",Tetracanthella corsica,Isotomidae,Isotomidae,9.126657,"Three new species of Tetracanthella (Collembola, Isotomidae) from western Europe",10.5281/zenodo.5390855,http://treatment.plazi.org/id/02788780A947B8134F6B72E6FD71F994,1429
BE0787D3FF97E641FF49FA61FC3438EA,"Tetracanthella wui Xie & Potapov & Sun 2019, sp. nov.",Tetracanthella wui,Isotomidae,Isotomidae,8.835844,Two new species of the genus Tetracanthella (Collembola; Isotomidae) from China,10.11646/zootaxa.4585.3.11,http://treatment.plazi.org/id/BE0787D3FF97E641FF49FA61FC3438EA,3686
BE0787D3FF93E645FF49FF64FF1F3F72,"Tetracanthella dorsoduplex Xie & Potapov & Sun 2019, sp. nov.",Tetracanthella dorsoduplex,Isotomidae,Isotomidae,8.835844,Two new species of the genus Tetracanthella (Collembola; Isotomidae) from China,10.11646/zootaxa.4585.3.11,http://treatment.plazi.org/id/BE0787D3FF93E645FF49FF64FF1F3F72,4747
69C2CE12F7A35C5F8BFAE2161DB28876,"Narynia alxaica Huang, 2025, sp. nov.",Narynia alxaica,Isotomidae,Isotomidae,8.835844,"Two new species of the genus Narynia (Collembola, Isotomidae) from China",10.3897/zookeys.1240.141871,http://treatment.plazi.org/id/69C2CE12F7A35C5F8BFAE2161DB28876,4138
504F2D6CFFD2FF8297BEF08EFDC91BDE,"Desoria cryophila Fjellberg, 2010, sp. n.",Desoria cryophila,Isotomidae,Isotomidae,8.835844,"Cryophilic Isotomidae (Collembola) of the Northwestern Rocky Mountains, U. S. A.",10.5281/zenodo.196078,http://treatment.plazi.org/id/504F2D6CFFD2FF8297BEF08EFDC91BDE,4027
504F2D6CFFD6FF9997BEF523FA9C1864,"Gnathisotoma spinolabris Fjellberg, 2010, sp. n.",Gnathisotoma spinolabris,Isotomidae,Isotomidae,8.835844,"Cryophilic Isotomidae (Collembola) of the Northwestern Rocky Mountains, U. S. A.",10.5281/zenodo.196078,http://treatment.plazi.org/id/504F2D6CFFD6FF9997BEF523FA9C1864,4999
504F2D6CFFD0FF8097BEF134FBA21AE6,"Desoria garibaldii Fjellberg, 2010, sp. n.",Desoria garibaldii,Isotomidae,Isotomidae,8.835844,"Cryophilic Isotomidae (Collembola) of the Northwestern Rocky Mountains, U. S. A.",10.5281/zenodo.196078,http://treatment.plazi.org/id/504F2D6CFFD0FF8097BEF134FBA21AE6,4341
03CF878BFFC4C20620195B2DFD7CA949,Cyphoderus silvestrii Denis 1924,Cyphoderus silvestrii,Entomobryidae,Entomobryidae,45.32705,Catalogue des collemboles de France,10.5252/z2017n3a1,http://treatment.plazi.org/id/03CF878BFFC4C20620195B2DFD7CA949,582
2D3887B309091B1BC676FDDF9823BAE5,"Psammisotoma kingae Greenslade, P & Deharveng, L 1986",Psammisotoma kingae,Entomobryidae,Entomobryidae,45.272835,Les collemboles (Collembola) interstitiels des sables littoraux de l’île d’Espiritu Santo (Vanuatu),10.5252/z2009n3a7,http://treatment.plazi.org/id/2D3887B309091B1BC676FDDF9823BAE5,426
027087B5A8477842CCE7FFFFFE10FF45,"Willowsia potapovi Zhang, Chen & Deharveng 2011",Willowsia potapovi,Entomobryidae,Entomobryidae,44.904125,New species and records of Entomobryidae and Orchesellidae (Collembola) from the East Caucasus (Russia),10.11646/zootaxa.4991.2.2,http://treatment.plazi.org/id/027087B5A8477842CCE7FFFFFE10FF45,1909
60A34B41BFA429A6D7466A5066D84F2A,Sinella quinocula Chen & Christiansen 1993,Sinella quinocula,Entomobryidae,Entomobryidae,44.670002,"New blind species and new records of Sinella from Nanjing, China (Collembola, Entomobryidae)",http://dx.doi.org/10.3897/zookeys.604.7902,http://treatment.plazi.org/id/60A34B41BFA429A6D7466A5066D84F2A,413
10ABE59764D2E970C16716950D07A1B0,Sinella fuyanensis Chen & Christiansen 1993,Sinella fuyanensis,Entomobryidae,Entomobryidae,44.670002,"New blind species and new records of Sinella from Nanjing, China (Collembola, Entomobryidae)",http://dx.doi.org/10.3897/zookeys.604.7902,http://treatment.plazi.org/id/10ABE59764D2E970C16716950D07A1B0,412
03B787FAFFB3597080A6FC86927ACFF0,"Sinella whitteni Zhang & Deharveng, 2009, sp. nov.",Sinella whitteni,Entomobryidae,Entomobryidae,44.506027,A new cave Sinella species from South China (Collembola: Entomobryidae),10.5281/zenodo.185768,http://treatment.plazi.org/id/03B787FAFFB3597080A6FC86927ACFF0,7406
1B58D74CFFFCF11955562E60FC88A500,"Sinella longiantenna Zhang & Deharveng 2011, sp. nov.",Sinella longiantenna,Entomobryidae,Entomobryidae,44.219467,Cave Sinella (Collembola: Entomobryidae) from China,10.1080/00222933.2011.552805,http://treatment.plazi.org/id/1B58D74CFFFCF11955562E60FC88A500,4554
03E2981ED12AFFB6F14688C9FF448F7E,"Alloscopus whitteni Jantarit, Sangsiri & Tawin, 2020, new species",Alloscopus whitteni,Entomobryidae,Entomobryidae,43.75576,"Two new species of Alloscopus from caves in Thailand, with a key to world species of the genus (Hexapoda: Collembola)",,http://treatment.plazi.org/id/03E2981ED12AFFB6F14688C9FF448F7E,19012
2A2387A2FFC3215FFF06FB4DFC001A22,"Heteroisotoma sinorossica Jie, Potapov & Sokolova, 2011, sp. nov.",Heteroisotoma sinorossica,Entomobryidae,Entomobryidae,43.59715,Further study on the labial palp in the Isotomidae (Collembola) with reference to the genus Heteroisotoma Stach,10.5281/zenodo.203949,http://treatment.plazi.org/id/2A2387A2FFC3215FFF06FB4DFC001A22,7758
DCB661C06C2AA5616C50C6888416B66A,Cyphoderus agnotus Boerner 1906,Cyphoderus agnotus,Entomobryidae,Entomobryidae,43.435936,"New records and new species of springtails (Collembola: Entomobryidae, Paronellidae) from lava tubes of the Galapagos Islands (Ecuador)",http://dx.doi.org/10.3897/subtbiol.17.7660,http://treatment.plazi.org/id/DCB661C06C2AA5616C50C6888416B66A,843
03EA87B2FF9DFFC8FF26FF01FB0A9BBC,Ascocyrtus sublobatus Yosii 1961,Ascocyrtus sublobatus,Entomobryidae,Entomobryidae,43.27703,An annotated checklist of the Collembolan fauna of Thailand,10.11646/zootaxa.4169.2.4,http://treatment.plazi.org/id/03EA87B2FF9DFFC8FF26FF01FB0A9BBC,853
03E2981ED122FFB4F1438A8DFD038E1E,"Alloscopus namtip Jantarit, Sangsiri & Tawin, 2020, new species",Alloscopus namtip,Entomobryidae,Entomobryidae,43.20697,"Two new species of Alloscopus from caves in Thailand, with a key to world species of the genus (Hexapoda: Collembola)",,http://treatment.plazi.org/id/03E2981ED122FFB4F1438A8DFD038E1E,10680
37EF39D808F55F4B902FFDCD56423765,"Coecobrya phitsanulokensis Jantarit & Nilsai 2021, sp. nov.",Coecobrya phitsanulokensis,Entomobryidae,Entomobryidae,43.02903,"Four new species of troglomorphic Coecobrya Yosii, 1956 (Collembola, Entomobryidae) from Thailand based on morphological and molecular evidence, with an updated key of Thai troglomorphic species",http://dx.doi.org/10.3897/subtbiol.41.76926,http://treatment.plazi.org/id/37EF39D808F55F4B902FFDCD56423765,9283
504DC64DFFEC9413FF25FE84FB65FB9A,Heteromurus (Verhoeffiella) absoloni Kseneman 1938,Heteromurus absoloni,Entomobryidae,Entomobryidae,42.50832,"The puzzling distribution of Heteromurus (Verhoeffiella) absoloni Kseneman, 1938 (Collembola: Entomobryidae: Heteromurinae) resolved: detailed redescription of the nominal species and description of a new species from Catalonia (Spain)",10.11646/zootaxa.4039.2.3,http://treatment.plazi.org/id/504DC64DFFEC9413FF25FE84FB65FB9A,23301
03B787B68B55BF73B9FAFF49FF79FC2B,"Coecobrya cavicola Nilsai & Zeppelini & Bellini & Lima & Jantarit 2022, sp. nov.",Coecobrya cavicola,Entomobryidae,Entomobryidae,42.26393,"First record of the boneti-group of Coecobrya Yosii, 1956 (Collembola Entomobryidae) from Thailand, with the description of three new cave species of the genus",10.11646/zootaxa.5214.3.3,http://treatment.plazi.org/id/03B787B68B55BF73B9FAFF49FF79FC2B,11228
F03D8A04D2DC51F299840363EB9637AA,"Coecobrya ellisi Jantarit & Nilsai 2021, sp. nov.",Coecobrya ellisi,Entomobryidae,Entomobryidae,42.02933,"Four new species of troglomorphic Coecobrya Yosii, 1956 (Collembola, Entomobryidae) from Thailand based on morphological and molecular evidence, with an updated key of Thai troglomorphic species",http://dx.doi.org/10.3897/subtbiol.41.76926,http://treatment.plazi.org/id/F03D8A04D2DC51F299840363EB9637AA,10933
54BBE7D77FFBC80F6A69AB32BD07EE5B,"Coecobrya sirindhornae Jantarit, Satasook & Deharveng, 2019, sp. n.",Coecobrya sirindhornae,Entomobryidae,Entomobryidae,41.836235,"Coecobryasirindhornae sp. n., the most highly troglomorphic Collembola in Southeast Asia (Collembola, Entomobryidae)",http://dx.doi.org/10.3897/zookeys.824.31635,http://treatment.plazi.org/id/54BBE7D77FFBC80F6A69AB32BD07EE5B,13754
062ED1E3E1445A75B5F09CFD99785D66,"Coecobrya troglobia Jantarit & Nilsai 2021, sp. nov.",Coecobrya troglobia,Entomobryidae,Entomobryidae,41.378716,"Four new species of troglomorphic Coecobrya Yosii, 1956 (Collembola, Entomobryidae) from Thailand based on morphological and molecular evidence, with an updated key of Thai troglomorphic species",http://dx.doi.org/10.3897/subtbiol.41.76926,http://treatment.plazi.org/id/062ED1E3E1445A75B5F09CFD99785D66,10509
554B1CC92A3F261CA0EF6D38EB6473F4,"Duvalius (Neoduvalius) gejzadunayi Lohaj, Ceplik & Lakota, 2013, sp. n.",Duvalius gejzadunayi,Entomobryidae,Entomobryidae,41.206726,"A new species of the genus Duvalius sg. Neoduvalius from Montenegro with taxonomical remarks on the genus Duvalius (Coleoptera, Carabidae, Trechini)",http://dx.doi.org/10.3897/zookeys.278.4650,http://treatment.plazi.org/id/554B1CC92A3F261CA0EF6D38EB6473F4,6533
A90387B3FFB4FFBCFF11FF32FC66528E,"Lepidocyrtus bicoloris Mateos, 2012, sp. nov.",Lepidocyrtus bicoloris,Entomobryidae,Entomobryidae,40.98445,"The European Lepidocyrtus lanuginosus group (Collembola: Entomobryidae), definition and description of a new species from Spain",10.5281/zenodo.210424,http://treatment.plazi.org/id/A90387B3FFB4FFBCFF11FF32FC66528E,3531
03CC5E1CFFC0B90110A0F9C9FE851F13,Pseudotremia fulgida Loomis,Pseudotremia fulgida,Entomobryidae,Entomobryidae,40.759167,"Cave millipeds of the United States. VII. New species and records of the genus Pseudotremia Cope. I. Species from West Virginia, USA (Diplopoda, Chordeumatida, Cleidogonidae)",10.5281/zenodo.182004,http://treatment.plazi.org/id/03CC5E1CFFC0B90110A0F9C9FE851F13,1886
03B574701C27FFFFFF38F9E8FDEEBA3D,"Troglopedetes vanharteni Barra 2006, n. sp.",Troglopedetes vanharteni,Entomobryidae,Entomobryidae,40.444103,"Collemboles de l’île de Socotra, République du Yémen",10.5281/zenodo.5400127,http://treatment.plazi.org/id/03B574701C27FFFFFF38F9E8FDEEBA3D,3426
59F45B4544DE4612B32BC2F9AFF60C4C,Pseudosinella intermixta Folsom 1924,Pseudosinella intermixta,Entomobryidae,Entomobryidae,40.370594,"New records and new species of springtails (Collembola: Entomobryidae, Paronellidae) from lava tubes of the Galapagos Islands (Ecuador)",http://dx.doi.org/10.3897/subtbiol.17.7660,http://treatment.plazi.org/id/59F45B4544DE4612B32BC2F9AFF60C4C,2143
750035DFE39158DA9033642DD6AD4619,"Coecobrya whitteni Nilsai & Jantarit 2021, sp. nov.",Coecobrya whitteni,Entomobryidae,Entomobryidae,39.8269,"Four new species of troglomorphic Coecobrya Yosii, 1956 (Collembola, Entomobryidae) from Thailand based on morphological and molecular evidence, with an updated key of Thai troglomorphic species",http://dx.doi.org/10.3897/subtbiol.41.76926,http://treatment.plazi.org/id/750035DFE39158DA9033642DD6AD4619,15766
0B21878A6362FD06F7EFC907FBB98EC2,"Pseudosinella josemarii Soto-Adames, 2010, sp. nov.",Pseudosinella josemarii,Entomobryidae,Entomobryidae,39.805073,Two new species and descriptive notes for five Pseudosinella species (Hexapoda: Collembola: Entomobryidae) from West Virginian (USA) Caves,10.5281/zenodo.275457,http://treatment.plazi.org/id/0B21878A6362FD06F7EFC907FBB98EC2,6136
027087B5A85F785ACCE7FB82FCD7FC75,"Entomobrya hirsutothorax Jordana & Baquero 2021, sp. nov.",Entomobrya hirsutothorax,Entomobryidae,Entomobryidae,39.65801,New species and records of Entomobryidae and Orchesellidae (Collembola) from the East Caucasus (Russia),10.11646/zootaxa.4991.2.2,http://treatment.plazi.org/id/027087B5A85F785ACCE7FB82FCD7FC75,5779
039A87B5FFF90E1EFC0BFB75FB6FF875,"Entomobrya guadarramensis Jordana & Baquero 2021, n. sp.",Entomobrya guadarramensis,Entomobryidae,Entomobryidae,39.243584,Distinctive Collembola Communities in the Mesovoid Shallow Substratum: Entomobryomorpha of the Sierra de Guadarrama National Park (Central Spain),10.5252/zoosystema2021v43a3,http://treatment.plazi.org/id/039A87B5FFF90E1EFC0BFB75FB6FF875,7977
C38D17EAAC69BC3EE30AA2B3D1C32868,Heteromurus (Heteromurtrella) nitens Yosii 1964,Heteromurus nitens,Entomobryidae,Entomobryidae,39.07303,"New records and new species of springtails (Collembola: Entomobryidae, Paronellidae) from lava tubes of the Galapagos Islands (Ecuador)",http://dx.doi.org/10.3897/subtbiol.17.7660,http://treatment.plazi.org/id/C38D17EAAC69BC3EE30AA2B3D1C32868,2697
FB3FE532FFF1FFC5668DFE83FED7FC3F,"Lepidocyrtus divisus Mateos 2025, sp. nov.",Lepidocyrtus divisus,Entomobryidae,Entomobryidae,38.91806,New species of the European Lepidocyrtus curvicollis-group (Collembola: Entomobryidae),10.11646/zootaxa.5717.3.6,http://treatment.plazi.org/id/FB3FE532FFF1FFC5668DFE83FED7FC3F,13124
4B63878FD12DFF01FDA37D517E95FE0B,"Calima embera Moreno-González & Villarreal M 2017, sp. nov.",Calima embera,Entomobryidae,Entomobryidae,38.746326,"Two new species of Calima Moreno-González and Villarreal, 2012 (Arachnida: Schizomida: Hubbardiidae) from the Colombian Andes, with a discussion on the male flagellar microsetae of Hubbardiinae",10.1080/00222933.2017.1397226,http://treatment.plazi.org/id/4B63878FD12DFF01FDA37D517E95FE0B,12056
039A87B5FFD40E29FF65FA14FD8CF954,"Pseudosinella valverdei Baquero & Jordana 2021, n. sp.",Pseudosinella valverdei,Entomobryidae,Entomobryidae,38.746326,Distinctive Collembola Communities in the Mesovoid Shallow Substratum: Entomobryomorpha of the Sierra de Guadarrama National Park (Central Spain),10.5252/zoosystema2021v43a3,http://treatment.plazi.org/id/039A87B5FFD40E29FF65FA14FD8CF954,8501
7B6687A7FFB5FFE9FF12D089FC2CF8B9,"Lepidocyrtinus iegoi Cipola & Morais & Bellini 2020, sp. nov.",Lepidocyrtinus iegoi,Entomobryidae,Entomobryidae,38.65143,"Review of Lepidocyrtinus Börner, 1903 (Collembola, Entomobryidae, Seirinae): the African species",10.11646/zootaxa.4898.1.1,http://treatment.plazi.org/id/7B6687A7FFB5FFE9FF12D089FC2CF8B9,25108
345FBDCA86C84C2DE235C02823393A35,"Sinella zhangi Xu & Chen, 2016, sp. n.",Sinella zhangi,Entomobryidae,Entomobryidae,38.65143,"Two new species of Sinella from Guangdong Province, China (Collembola: Entomobryidae)",http://dx.doi.org/10.3897/zookeys.611.9025,http://treatment.plazi.org/id/345FBDCA86C84C2DE235C02823393A35,4966
973E24B269EE27C5B6ACB1C948E14610,"Sinella colubra Xu & Chen, 2016, sp. n.",Sinella colubra,Entomobryidae,Entomobryidae,38.65143,"Two new species of Sinella from Guangdong Province, China (Collembola: Entomobryidae)",http://dx.doi.org/10.3897/zookeys.611.9025,http://treatment.plazi.org/id/973E24B269EE27C5B6ACB1C948E14610,5062
03A1AF0FFFA5B9132C9CF910BDFE9E11,"Coecobrya tianfucavica Sun, Lu, Zhan & Zhang, 2026, sp. nov.",Coecobrya tianfucavica,Entomobryidae,Entomobryidae,38.65143,"Two new species of Coecobrya Yosii (Collembola: Entomobryidae) from Yunnan, China",10.11646/zootaxa.5837.2.2,http://treatment.plazi.org/id/03A1AF0FFFA5B9132C9CF910BDFE9E11,10167
26034FDD5A7C3DB2A117A465DD2B8508,"Entomobrya jubata Katz & Soto-Adames, sp. n.",Entomobrya jubata,Entomobryidae,Entomobryidae,38.30459,"Taxonomic review and phylogenetic analysis of fifteen North American Entomobrya (Collembola, Entomobryidae), including four new species",http://dx.doi.org/10.3897/zookeys.525.6020,http://treatment.plazi.org/id/26034FDD5A7C3DB2A117A465DD2B8508,3499
42EAE6178EB2B25EB7D9BFCE12FC75FB,"Sinella quinseta Xu & Zhang, 2016, sp. n.",Sinella quinseta,Entomobryidae,Entomobryidae,38.166096,"New blind species and new records of Sinella from Nanjing, China (Collembola, Entomobryidae)",http://dx.doi.org/10.3897/zookeys.604.7902,http://treatment.plazi.org/id/42EAE6178EB2B25EB7D9BFCE12FC75FB,4564
3F2B64127F2214239E8C41E82727C418,"Sinella qixiaensis Xu & Zhang, 2016, sp. n.",Sinella qixiaensis,Entomobryidae,Entomobryidae,38.166096,"New blind species and new records of Sinella from Nanjing, China (Collembola, Entomobryidae)",http://dx.doi.org/10.3897/zookeys.604.7902,http://treatment.plazi.org/id/3F2B64127F2214239E8C41E82727C418,4799
8514C9F3706553B4AB85FC8527576B70,"Willowsia solanella Jordana, Fiera & Baquero, 2026, sp. nov.",Willowsia solanella,Entomobryidae,Entomobryidae,38.166096,"Three new species of Entomobryidae (Collembola) from Romania, including a synanthropic Willowsia species",10.3897/zookeys.1282.194867,http://treatment.plazi.org/id/8514C9F3706553B4AB85FC8527576B70,6805
4FE7FB7679865ABAB75606F44AE07506,"Ochyrocera ritxoco Brescovit & Zampaulo & Cizauskas 2021, sp. nov.",Ochyrocera ritxoco,Entomobryidae,Entomobryidae,38.09868,"The first two blind troglobitic spiders of the genus Ochyrocera from caves in Floresta Nacional de Carajas, state of Para, Brazil (Araneae, Ochyroceratidae)",http://dx.doi.org/10.3897/zookeys.1031.62181,http://treatment.plazi.org/id/4FE7FB7679865ABAB75606F44AE07506,7147
03C287A9FFE7FFB0D5C0FEC55545FCAB,Seira paraibensis Bellini & Zeppelini 2009,Seira paraibensis,Entomobryidae,Entomobryidae,37.944603,Two new species and two detailed chaetotaxy descriptions of Seira (Collembola: Entomobryidae) from Brazil,10.11646/zootaxa.3972.2.4,http://treatment.plazi.org/id/03C287A9FFE7FFB0D5C0FEC55545FCAB,6620
027087B5A85D785ECCE7FCC5FDA3FDE0,"Entomobrya kremenitsai Jordana & Baquero 2021, sp. nov.",Entomobrya kremenitsai,Entomobryidae,Entomobryidae,37.944603,New species and records of Entomobryidae and Orchesellidae (Collembola) from the East Caucasus (Russia),10.11646/zootaxa.4991.2.2,http://treatment.plazi.org/id/027087B5A85D785ECCE7FCC5FDA3FDE0,10370
027087B5A8597840CCE7FB4EFD9FF936,"Entomobryoides dagestanicus Jordana & Baquero 2021, sp. nov.",Entomobryoides dagestanicus,Entomobryidae,Entomobryidae,37.944603,New species and records of Entomobryidae and Orchesellidae (Collembola) from the East Caucasus (Russia),10.11646/zootaxa.4991.2.2,http://treatment.plazi.org/id/027087B5A8597840CCE7FB4EFD9FF936,5427
03D0879CEA35F95E7415F973187C3618,"Nemaspela borkoae Kozel & Delić & Novak 2020, sp. nov.",Nemaspela borkoae,Entomobryidae,Entomobryidae,37.90496,"Nemaspela borkoae sp. nov. (Opiliones: Nemastomatidae), the second species of the genus from the Dinaric Karst",10.5852/ejt.2020.717.1103,http://treatment.plazi.org/id/03D0879CEA35F95E7415F973187C3618,7476
8A8562571D127BDF626CE40601F3892E,Entomobrya unostrigata Stach 1930,Entomobrya unostrigata,Entomobryidae,Entomobryidae,37.864918,"Taxonomic review and phylogenetic analysis of fifteen North American Entomobrya (Collembola, Entomobryidae), including four new species",http://dx.doi.org/10.3897/zookeys.525.6020,http://treatment.plazi.org/id/8A8562571D127BDF626CE40601F3892E,3866
4F21DB05201BB4AA81AAA95BC7CAC17D,Entomobrya intermedia Brook 1883,Entomobrya intermedia,Entomobryidae,Entomobryidae,37.864918,"Taxonomic review and phylogenetic analysis of fifteen North American Entomobrya (Collembola, Entomobryidae), including four new species",http://dx.doi.org/10.3897/zookeys.525.6020,http://treatment.plazi.org/id/4F21DB05201BB4AA81AAA95BC7CAC17D,4136
03A8146EFFA5FF742B9CFA11FCF55D68,Willowsia jacobsoni,Willowsia jacobsoni,Entomobryidae,Entomobryidae,37.735626,"Systematics of Willowsia jacobsoni (Börner, 1913) (Collembola, Entomobryidae): morphology, postembryonic development, distribution, mitogenome and phylogeny",10.11646/zootaxa.5604.3.1,http://treatment.plazi.org/id/03A8146EFFA5FF742B9CFA11FCF55D68,18218
03B787B68B5EBF6BB9FAFB89FD2BFDCB,"Coecobrya satasookea Nilsai & Zeppelini & Bellini & Lima & Jantarit 2022, sp. nov.",Coecobrya satasookea,Entomobryidae,Entomobryidae,37.54589,"First record of the boneti-group of Coecobrya Yosii, 1956 (Collembola Entomobryidae) from Thailand, with the description of three new cave species of the genus",10.11646/zootaxa.5214.3.3,http://treatment.plazi.org/id/03B787B68B5EBF6BB9FAFB89FD2BFDCB,11369
039A87B5FFEF0E11FC02FA95FB8EF875,"Lepidocyrtus paralignorum Baquero & Jordana 2021, n. sp.",Lepidocyrtus paralignorum,Entomobryidae,Entomobryidae,37.54589,Distinctive Collembola Communities in the Mesovoid Shallow Substratum: Entomobryomorpha of the Sierra de Guadarrama National Park (Central Spain),10.5252/zoosystema2021v43a3,http://treatment.plazi.org/id/039A87B5FFEF0E11FC02FA95FB8EF875,10271
9A39404FF88A0799FFC10F6AA37FF53D,Entomobrya atrocincta Schӧtt 1896,Entomobrya atrocincta,Entomobryidae,Entomobryidae,37.53814,"Taxonomic review and phylogenetic analysis of fifteen North American Entomobrya (Collembola, Entomobryidae), including four new species",http://dx.doi.org/10.3897/zookeys.525.6020,http://treatment.plazi.org/id/9A39404FF88A0799FFC10F6AA37FF53D,9868
7128035A71957D1DBC771C4D89EBE124,Entomobrya quadrilineata Bueker 1939,Entomobrya quadrilineata,Entomobryidae,Entomobryidae,37.53814,"Taxonomic review and phylogenetic analysis of fifteen North American Entomobrya (Collembola, Entomobryidae), including four new species",http://dx.doi.org/10.3897/zookeys.525.6020,http://treatment.plazi.org/id/7128035A71957D1DBC771C4D89EBE124,5950
6D16AEA78A8C3EA69C87C2822F226F1A,Entomobrya bicolor Guthrie 1903,Entomobrya bicolor,Entomobryidae,Entomobryidae,37.53814,"Taxonomic review and phylogenetic analysis of fifteen North American Entomobrya (Collembola, Entomobryidae), including four new species",http://dx.doi.org/10.3897/zookeys.525.6020,http://treatment.plazi.org/id/6D16AEA78A8C3EA69C87C2822F226F1A,5298
502D3D8B803275449FB7526EDA6A0584,Entomobrya assuta Folsom 1924,Entomobrya assuta,Entomobryidae,Entomobryidae,37.53814,"Taxonomic review and phylogenetic analysis of fifteen North American Entomobrya (Collembola, Entomobryidae), including four new species",http://dx.doi.org/10.3897/zookeys.525.6020,http://treatment.plazi.org/id/502D3D8B803275449FB7526EDA6A0584,9274
3F166F7E67AEE8B41076FED7B9FC81C0,"Entomobrya citrensis Katz & Soto-Adames, sp. n.",Entomobrya citrensis,Entomobryidae,Entomobryidae,37.53814,"Taxonomic review and phylogenetic analysis of fifteen North American Entomobrya (Collembola, Entomobryidae), including four new species",http://dx.doi.org/10.3897/zookeys.525.6020,http://treatment.plazi.org/id/3F166F7E67AEE8B41076FED7B9FC81C0,4276
0579FE14929E22B5F2723623246125F3,Entomobrya clitellaria Guthrie 1903,Entomobrya clitellaria,Entomobryidae,Entomobryidae,37.53814,"Taxonomic review and phylogenetic analysis of fifteen North American Entomobrya (Collembola, Entomobryidae), including four new species",http://dx.doi.org/10.3897/zookeys.525.6020,http://treatment.plazi.org/id/0579FE14929E22B5F2723623246125F3,6433
0AE3871A8D0AF6A2F680B33C2BB18A75,"Entomobrya unifasciata Katz & Soto-Adames, sp. n.",Entomobrya unifasciata,Entomobryidae,Entomobryidae,37.53814,"Taxonomic review and phylogenetic analysis of fifteen North American Entomobrya (Collembola, Entomobryidae), including four new species",http://dx.doi.org/10.3897/zookeys.525.6020,http://treatment.plazi.org/id/0AE3871A8D0AF6A2F680B33C2BB18A75,5613
C4B184E1E6989CADE9A715E5F0369918,Entomobrya multifasciata (Tullberg) 1871,Entomobrya multifasciata,Entomobryidae,Entomobryidae,37.53814,"Taxonomic review and phylogenetic analysis of fifteen North American Entomobrya (Collembola, Entomobryidae), including four new species",http://dx.doi.org/10.3897/zookeys.525.6020,http://treatment.plazi.org/id/C4B184E1E6989CADE9A715E5F0369918,5503
D48E4710A944312C44ECE975B82F793A,Entomobrya decemfasciata (Packard) 1873,Entomobrya decemfasciata,Entomobryidae,Entomobryidae,37.53814,"Taxonomic review and phylogenetic analysis of fifteen North American Entomobrya (Collembola, Entomobryidae), including four new species",http://dx.doi.org/10.3897/zookeys.525.6020,http://treatment.plazi.org/id/D48E4710A944312C44ECE975B82F793A,9592
CC6EA129DE3A0C3C9FB18CFA63EC91A7,Entomobrya ligata Folsom 1924,Entomobrya ligata,Entomobryidae,Entomobryidae,37.53814,"Taxonomic review and phylogenetic analysis of fifteen North American Entomobrya (Collembola, Entomobryidae), including four new species",http://dx.doi.org/10.3897/zookeys.525.6020,http://treatment.plazi.org/id/CC6EA129DE3A0C3C9FB18CFA63EC91A7,6001
FB17ACB651FC2651B8B7C51630C8DE11,Entomobrya nivalis (Linnaeus) 1758,Entomobrya nivalis,Entomobryidae,Entomobryidae,37.53814,"Taxonomic review and phylogenetic analysis of fifteen North American Entomobrya (Collembola, Entomobryidae), including four new species",http://dx.doi.org/10.3897/zookeys.525.6020,http://treatment.plazi.org/id/FB17ACB651FC2651B8B7C51630C8DE11,5620
E8E1636F3F23B5FC72A97DA44A3025A3,"Entomobrya neotenica Katz & Soto-Adames, sp. n.",Entomobrya neotenica,Entomobryidae,Entomobryidae,37.53814,"Taxonomic review and phylogenetic analysis of fifteen North American Entomobrya (Collembola, Entomobryidae), including four new species",http://dx.doi.org/10.3897/zookeys.525.6020,http://treatment.plazi.org/id/E8E1636F3F23B5FC72A97DA44A3025A3,4178
03EA0A1FFFC0FF8EFF4B49DCF35A7D42,"Homidia quadripora Ding, Li, Lu & Zhang, 2026, sp. nov.",Homidia quadripora,Entomobryidae,Entomobryidae,37.53814,"New species of Homidia (Collembola: Entomobryidae) from Yunnan, China: morphology, DNA barcodes and first instar characteristics",10.11646/zootaxa.5787.3.8,http://treatment.plazi.org/id/03EA0A1FFFC0FF8EFF4B49DCF35A7D42,13852
C67F5A028F91E49F5C83E6A253B1D364,"Coecobrya sanmingensis Xu & Zhang, 2015, sp. n.",Coecobrya sanmingensis,Entomobryidae,Entomobryidae,37.472427,"Two new species of Coecobrya (Collembola, Entomobryidae) from China, with an updated key to the Chinese species of the genus",http://dx.doi.org/10.3897/zookeys.498.9491,http://treatment.plazi.org/id/C67F5A028F91E49F5C83E6A253B1D364,3949
09BCACBEE67772A1804BBFB3DF95852A,"Coecobrya qinae Xu & Zhang, 2015, sp. n.",Coecobrya qinae,Entomobryidae,Entomobryidae,37.472427,"Two new species of Coecobrya (Collembola, Entomobryidae) from China, with an updated key to the Chinese species of the genus",http://dx.doi.org/10.3897/zookeys.498.9491,http://treatment.plazi.org/id/09BCACBEE67772A1804BBFB3DF95852A,3739
470A87BFE17AFF9FFF2B76FE72961CEC,"Seira dowlingi Cipola & Godeiro & Bellini 2026, stat. rev.",Seira dowlingi,Entomobryidae,Entomobryidae,37.472427,"New findings on tropical Seira Lubbock (Collembola: Entomobryidae: Seirinae) new species, synonyms, records and revision of the status of S. dowlingi Wray",10.11646/zootaxa.5821.3.2,http://treatment.plazi.org/id/470A87BFE17AFF9FFF2B76FE72961CEC,4167
038387D91F6EFFCAFF3EF882D17CFE32,"Microtyphlus charon Ortuño & Sendra 2011, n. sp.",Microtyphlus charon,Entomobryidae,Entomobryidae,37.220253,A new hypogean species of Iberian Microtyphlus and review of the taxonomic position of Speleotyphlus and Aphaenotyphlus (Carabidae: Trechinae: Anillini),10.11646/zootaxa.2862.1.3,http://treatment.plazi.org/id/038387D91F6EFFCAFF3EF882D17CFE32,8128
60FFD8E79F376AE01810E81CA4A96E7D,"Pseudosinella vulcana Katz, Soto-Adames & Taylor, sp. n.",Pseudosinella vulcana,Entomobryidae,Entomobryidae,37.174038,"New records and new species of springtails (Collembola: Entomobryidae, Paronellidae) from lava tubes of the Galapagos Islands (Ecuador)",http://dx.doi.org/10.3897/subtbiol.17.7660,http://treatment.plazi.org/id/60FFD8E79F376AE01810E81CA4A96E7D,7858
6DC3FB5B662F52A8ADFFE507B7BFDEA6,"Callyntrura (Japonphysa) raoi Jing & Ding & Ма 2023, sp. nov.",Callyntrura raoi,Entomobryidae,Entomobryidae,37.174038,"Description of three new species of Callyntrura (Japonphysa) (Collembola, Entomobryidae) from China with the aid of DNA barcoding",http://dx.doi.org/10.3897/zookeys.1187.109608,http://treatment.plazi.org/id/6DC3FB5B662F52A8ADFFE507B7BFDEA6,6971
2E83A022218F41A1B42AD40A83959932,Lepidocyrtus nigrosetosus Folsom 1927,Lepidocyrtus nigrosetosus,Entomobryidae,Entomobryidae,37.174038,"New records and new species of springtails (Collembola: Entomobryidae, Paronellidae) from lava tubes of the Galapagos Islands (Ecuador)",http://dx.doi.org/10.3897/subtbiol.17.7660,http://treatment.plazi.org/id/2E83A022218F41A1B42AD40A83959932,8395
3DECC2A5D6A41796DCE4C1C8F6C398F9,"Entomobrya darwini Katz, Soto-Adames & Taylor, sp. n.",Entomobrya darwini,Entomobryidae,Entomobryidae,37.174038,"New records and new species of springtails (Collembola: Entomobryidae, Paronellidae) from lava tubes of the Galapagos Islands (Ecuador)",http://dx.doi.org/10.3897/subtbiol.17.7660,http://treatment.plazi.org/id/3DECC2A5D6A41796DCE4C1C8F6C398F9,6110
9E276A82CBE0E3BA9916BC91AD607AE8,"Pseudosinella stewartpecki Katz, Soto-Adames & Taylor, sp. n.",Pseudosinella stewartpecki,Entomobryidae,Entomobryidae,37.174038,"New records and new species of springtails (Collembola: Entomobryidae, Paronellidae) from lava tubes of the Galapagos Islands (Ecuador)",http://dx.doi.org/10.3897/subtbiol.17.7660,http://treatment.plazi.org/id/9E276A82CBE0E3BA9916BC91AD607AE8,5228
EBCAAB5F36C19CC6FF597F2BC8E8D3BB,"Dicranocentrus liuae Xu & Zhang, 2014, sp. n.",Dicranocentrus liuae,Entomobryidae,Entomobryidae,37.174038,"A new species of Dicranocentrus (Collembola, Entomobryidae) from China with comments on the systematic position of the genus",http://dx.doi.org/10.3897/zookeys.417.7373,http://treatment.plazi.org/id/EBCAAB5F36C19CC6FF597F2BC8E8D3BB,4582
03B787B68B4CBF7BB9FAFC0CFE12FAD3,"Coecobrya chompon Nilsai & Zeppelini & Bellini & Lima & Jantarit 2022, sp. nov.",Coecobrya chompon,Entomobryidae,Entomobryidae,36.285812,"First record of the boneti-group of Coecobrya Yosii, 1956 (Collembola Entomobryidae) from Thailand, with the description of three new cave species of the genus",10.11646/zootaxa.5214.3.3,http://treatment.plazi.org/id/03B787B68B4CBF7BB9FAFC0CFE12FAD3,14370
03EF87CBFFF0FFE7C0EE8A06FC01FCA4,"Campylothorax viruaensis Santos, Cipola, Morais & Bellini, 2016, sp. nov.",Campylothorax viruaensis,Entomobryidae,Entomobryidae,36.28491,A new species of Campylothorax (Collembola: Paronellidae: Paronellinae) from Northern Brazil,10.1590/S1984-4689zool-20160013,http://treatment.plazi.org/id/03EF87CBFFF0FFE7C0EE8A06FC01FCA4,12268
03BF1C65DAAA58D8A59926FA780957C2,"Alloscopus jantapasoae Jantarit, Nilsai & Manee 2025, sp. nov.",Alloscopus jantapasoae,Orchesellidae,Orchesellidae,32.486816,"Two new species of the genus Alloscopus Börner, 1906 (Collembola, Orchesellidae, Heteromurinae) from southern Thailand",10.3897/zookeys.1245.148100,http://treatment.plazi.org/id/03BF1C65DAAA58D8A59926FA780957C2,14354
0EF6CE3D67555C8F93347918DB4C684B,"Alloscopus sago Jantarit & Manee 2025, sp. nov.",Alloscopus sago,Orchesellidae,Orchesellidae,29.100607,"Two new species of the genus Alloscopus Börner, 1906 (Collembola, Orchesellidae, Heteromurinae) from southern Thailand",10.3897/zookeys.1245.148100,http://treatment.plazi.org/id/0EF6CE3D67555C8F93347918DB4C684B,21160
766F1830FFB77557C2B7FD5DFA4EFD16,"Alloscopus arborealis Alviola & Lucañas & Lit & Soto-Adames & Jantarit 2024, sp. nov.",Alloscopus arborealis,Orchesellidae,Orchesellidae,28.560581,"A new canopy-dwelling species of the genus Alloscopus Börner (Collembola: Orchesellidae: Heteromurinae) from Mt. Makiling, Philippines",10.11646/zootaxa.5405.2.8,http://treatment.plazi.org/id/766F1830FFB77557C2B7FD5DFA4EFD16,20305
03A8146EFFB6FF772B9CFD6FFC2E5B58,Willowsia jacobsoni,Willowsia jacobsoni,Orchesellidae,Orchesellidae,24.030022,"Systematics of Willowsia jacobsoni (Börner, 1913) (Collembola, Entomobryidae): morphology, postembryonic development, distribution, mitogenome and phylogeny",10.11646/zootaxa.5604.3.1,http://treatment.plazi.org/id/03A8146EFFB6FF772B9CFD6FFC2E5B58,9205
B14287AAFF82704E3E83B4E2FD43FAFC,Australotomurus montanus Mari-Mutt & Greenslade 1985,Australotomurus montanus,Orchesellidae,Orchesellidae,11.02914,"A synthesis of the current knowledge on the Australian Orchesellidae (Collembola, Entomobryoidea)",10.11646/zootaxa.5115.2.3,http://treatment.plazi.org/id/B14287AAFF82704E3E83B4E2FD43FAFC,1308
B14287AAFF82704E3E83B68EFBCCFD58,Australotomurus johanni Mari-Mutt & Greenslade 1985,Australotomurus johanni,Orchesellidae,Orchesellidae,11.02914,"A synthesis of the current knowledge on the Australian Orchesellidae (Collembola, Entomobryoidea)",10.11646/zootaxa.5115.2.3,http://treatment.plazi.org/id/B14287AAFF82704E3E83B68EFBCCFD58,1349
B14287AAFF9B70563E83B14FFDC8FE5E,"Falcomurus hilli Bellini, Souza & Greenslade 2021",Falcomurus hilli,Orchesellidae,Orchesellidae,11.02914,"A synthesis of the current knowledge on the Australian Orchesellidae (Collembola, Entomobryoidea)",10.11646/zootaxa.5115.2.3,http://treatment.plazi.org/id/B14287AAFF9B70563E83B14FFDC8FE5E,931
B14287AAFF87704B3E83B3BFFC8CF84B,Australotomurus barbatus Mari-Mutt & Greenslade 1985,Australotomurus barbatus,Orchesellidae,Orchesellidae,11.02914,"A synthesis of the current knowledge on the Australian Orchesellidae (Collembola, Entomobryoidea)",10.11646/zootaxa.5115.2.3,http://treatment.plazi.org/id/B14287AAFF87704B3E83B3BFFC8CF84B,1315
B14287AAFF9C70573E83B0D5FF55FF24,Alloscopus tetracanthus Borner 1906,Alloscopus tetracanthus,Orchesellidae,Orchesellidae,11.02914,"A synthesis of the current knowledge on the Australian Orchesellidae (Collembola, Entomobryoidea)",10.11646/zootaxa.5115.2.3,http://treatment.plazi.org/id/B14287AAFF9C70573E83B0D5FF55FF24,593
B14287AAFF8E70413E83B68EFCB0F8C0,Australotomurus womersleyi Mari-Mutt & Greenslade 1985,Australotomurus womersleyi,Orchesellidae,Orchesellidae,11.02914,"A synthesis of the current knowledge on the Australian Orchesellidae (Collembola, Entomobryoidea)",10.11646/zootaxa.5115.2.3,http://treatment.plazi.org/id/B14287AAFF8E70413E83B68EFCB0F8C0,1889
B14287AAFF9470513E83B315FC1BF8AB,"Dicranocentrus dolosus Bellini & Greenslade & Baquero & Jordana & Souza 2022, sp. nov.",Dicranocentrus dolosus,Orchesellidae,Orchesellidae,11.02914,"A synthesis of the current knowledge on the Australian Orchesellidae (Collembola, Entomobryoidea)",10.11646/zootaxa.5115.2.3,http://treatment.plazi.org/id/B14287AAFF9470513E83B315FC1BF8AB,9857
B14287AAFF84704F3E83B68EFD43FE7B,Australotomurus immodestus Mari-Mutt & Greenslade 1985,Australotomurus immodestus,Orchesellidae,Orchesellidae,11.02914,"A synthesis of the current knowledge on the Australian Orchesellidae (Collembola, Entomobryoidea)",10.11646/zootaxa.5115.2.3,http://treatment.plazi.org/id/B14287AAFF84704F3E83B68EFD43FE7B,1187
B14287AAFF9A70563E83B7E7FD51FC56,"Falcomurus pulukokos Bellini, Souza & Greenslade 2021",Falcomurus pulukokos,Orchesellidae,Orchesellidae,11.02914,"A synthesis of the current knowledge on the Australian Orchesellidae (Collembola, Entomobryoidea)",10.11646/zootaxa.5115.2.3,http://treatment.plazi.org/id/B14287AAFF9A70563E83B7E7FD51FC56,967
B14287AAFFB6707A3E83B7C2FDC0FC3B,Dicranocentrus indicus,Dicranocentrus indicus,Orchesellidae,Orchesellidae,11.02914,"A synthesis of the current knowledge on the Australian Orchesellidae (Collembola, Entomobryoidea)",10.11646/zootaxa.5115.2.3,http://treatment.plazi.org/id/B14287AAFFB6707A3E83B7C2FDC0FC3B,1416
B14287AAFF8670493E83B15FFA2BFE5F,Australotomurus echidnus,Australotomurus echidnus,Orchesellidae,Orchesellidae,11.02914,"A synthesis of the current knowledge on the Australian Orchesellidae (Collembola, Entomobryoidea)",10.11646/zootaxa.5115.2.3,http://treatment.plazi.org/id/B14287AAFF8670493E83B15FFA2BFE5F,1151
B14287AAFF82704E3E83B346FBA1F82C,Australotomurus morbidus Greenslade & Jordana 2014,Australotomurus morbidus,Orchesellidae,Orchesellidae,11.02914,"A synthesis of the current knowledge on the Australian Orchesellidae (Collembola, Entomobryoidea)",10.11646/zootaxa.5115.2.3,http://treatment.plazi.org/id/B14287AAFF82704E3E83B346FBA1F82C,1675
B14287AAFF9B70573E83B506FA30FAC0,Heteromurus major,Heteromurus major,Orchesellidae,Orchesellidae,11.02914,"A synthesis of the current knowledge on the Australian Orchesellidae (Collembola, Entomobryoidea)",10.11646/zootaxa.5115.2.3,http://treatment.plazi.org/id/B14287AAFF9B70573E83B506FA30FAC0,1361
027087B5A8457842CCE7F9D0FC5DFDED,Sinella curviseta Brook 1882,Sinella curviseta,Orchesellidae,Orchesellidae,10.387602,New species and records of Entomobryidae and Orchesellidae (Collembola) from the East Caucasus (Russia),10.11646/zootaxa.4991.2.2,http://treatment.plazi.org/id/027087B5A8457842CCE7F9D0FC5DFDED,671
027087B5A85D785ACCE7FADDFC82FA8D,Entomobrya nicoleti,Entomobrya nicoleti,Orchesellidae,Orchesellidae,10.387602,New species and records of Entomobryidae and Orchesellidae (Collembola) from the East Caucasus (Russia),10.11646/zootaxa.4991.2.2,http://treatment.plazi.org/id/027087B5A85D785ACCE7FADDFC82FA8D,864
027087B5A8537858CCE7FFE1FC20FDCF,"Entomobrya multisetis Jordana & Baquero 2021, sp. nov.",Entomobrya multisetis,Orchesellidae,Orchesellidae,10.387602,New species and records of Entomobryidae and Orchesellidae (Collembola) from the East Caucasus (Russia),10.11646/zootaxa.4991.2.2,http://treatment.plazi.org/id/027087B5A8537858CCE7FFE1FC20FDCF,10197
C9E98ADD8F7F5DB0B7EE9E6D7F575FDB,"Mastigoceras handschini Rodrigues, Souza & Bellini 2024, sp. nov.",Mastigoceras handschini,Orchesellidae,Orchesellidae,8.844255,"A century later: a new species of Mastigoceras Handschin, 1924 (Collembola, Orchesellidae), with morphological and systematic updates on the genus",10.3897/zookeys.1217.132351,http://treatment.plazi.org/id/C9E98ADD8F7F5DB0B7EE9E6D7F575FDB,11612
039C87CB02440C73FF76FEC88AF7FD29,"Dicranocentrus pampaensis Silva, Nunes, Winck & Bellini, 2024, sp. nov.",Dicranocentrus pampaensis,Orchesellidae,Orchesellidae,8.844255,"A new species of Dicranocentrus Schött (Collembola, Orchesellidae) from the Brazilian Pampa, with a key to the gracilis-group taxa",10.11646/zootaxa.5471.5.2,http://treatment.plazi.org/id/039C87CB02440C73FF76FEC88AF7FD29,18259
03DF87B4E0315D41FCE0FDEA3B9BFA10,Entomobrya linda Soto-Adames 2002,Entomobrya linda,Paronellidae,Paronellidae,51.822067,"Two new species and new records of springtails (Collembola: Entomobryidae, Paronellidae) from Nevis, Lesser Antilles",10.1653/024.100.0107,http://treatment.plazi.org/id/03DF87B4E0315D41FCE0FDEA3B9BFA10,491
6040DE7A2535FFA25A767114FDAFFAE1,Megalothorax laevis Denis 1948,Megalothorax laevis,Paronellidae,Paronellidae,50.6398,"Insect (Hexapoda) diversity in the oceanic archipelago of Fernando de Noronha, Brazil: updated taxonomic checklist and new records",10.1590/1806-9665-RBENT-2020-0052,http://treatment.plazi.org/id/6040DE7A2535FFA25A767114FDAFFAE1,977
03B574701C29FFFDFCCDFEFAFDCCBBF3,"Isotomurus venustus Barra 2006, n. sp.",Isotomurus venustus,Paronellidae,Paronellidae,48.78736,"Collemboles de l’île de Socotra, République du Yémen",10.5281/zenodo.5400127,http://treatment.plazi.org/id/03B574701C29FFFDFCCDFEFAFDCCBBF3,3842
968D35C3CEA4523DA92BB62CC63F4ED0,"Ochyrocera ritxoo Brescovit & Zampaulo & Cizauskas 2021, sp. nov.",Ochyrocera ritxoo,Paronellidae,Paronellidae,44.89679,"The first two blind troglobitic spiders of the genus Ochyrocera from caves in Floresta Nacional de Carajas, state of Para, Brazil (Araneae, Ochyroceratidae)",http://dx.doi.org/10.3897/zookeys.1031.62181,http://treatment.plazi.org/id/968D35C3CEA4523DA92BB62CC63F4ED0,5382
4C194F51FF87A502FF2CF908FCCE019D,"Plumachaetas yoshii Zhang & Deharveng, 2015, sp. nov.",Plumachaetas yoshii,Paronellidae,Paronellidae,44.402985,"A revision of Pseudoparonella, Plumachaetas, Parachaetoceras and Lawrenceana (Collembola: Paronellidae), with description of three new species from New Caledonia",10.11646/zootaxa.4058.4.7,http://treatment.plazi.org/id/4C194F51FF87A502FF2CF908FCCE019D,3694
4C194F51FF8FA50CFF2CF939FCEC078D,"Pseudoparonella seminigra Zhang & Deharveng, 2015, sp. nov.",Pseudoparonella seminigra,Paronellidae,Paronellidae,43.49196,"A revision of Pseudoparonella, Plumachaetas, Parachaetoceras and Lawrenceana (Collembola: Paronellidae), with description of three new species from New Caledonia",10.11646/zootaxa.4058.4.7,http://treatment.plazi.org/id/4C194F51FF8FA50CFF2CF939FCEC078D,6612
B83E8799FFCF155096AFE6C5278AD55D,"Seira burgersi Cipola & Arbea & Baquero & Jordana & Morais & Bellini 2018, sp. nov.",Seira burgersi,Paronellidae,Paronellidae,43.108387,"The survey of Seira Lubbock, 1870 (Collembola, Entomobryidae, Seirinae) from Iberian Peninsula and Canary Islands, including three new species",10.11646/Zootaxa.4458.1.1,http://treatment.plazi.org/id/B83E8799FFCF155096AFE6C5278AD55D,8662
03A11218FFF7183BFF3DFD66E260FC1D,"Sturmius panamaensis Castaño-Meneses & Palacios-Vargas, 2011, sp. nov.",Sturmius panamaensis,Paronellidae,Paronellidae,41.959637,A new species of the family Sturmiidae (Collembola: Symphypleona) from Panama,10.5281/zenodo.205556,http://treatment.plazi.org/id/03A11218FFF7183BFF3DFD66E260FC1D,8798
9D4287A36167FFDE49C5FBCCBCB352D0,"Salina anhuiensis Ma 2012, sp. nov.",Salina anhuiensis,Paronellidae,Paronellidae,9.845279,"A new species of Salina (Collembola: Paronellidae) from Anhui Province, China",10.11646/zootaxa.3389.1.4,http://treatment.plazi.org/id/9D4287A36167FFDE49C5FBCCBCB352D0,3536
9D4287A36163FFDB49C5FB93BA085662,Salina celebensis Denis 1935,Salina celebensis,Paronellidae,Paronellidae,9.845279,"A new species of Salina (Collembola: Paronellidae) from Anhui Province, China",10.11646/zootaxa.3389.1.4,http://treatment.plazi.org/id/9D4287A36163FFDB49C5FB93BA085662,552
56B526123B493CD2351C7672EB22AB66,Troglobius brasiliensis Palacios-Vargas & Zeppelini 1995,Troglobius brasiliensis,Paronellidae,Paronellidae,9.255447,"A new species of Troglobius (Collembola, Paronellidae, Cyphoderinae) from a Brazilian iron cave",http://dx.doi.org/10.3897/subtbiol.14.7355,http://treatment.plazi.org/id/56B526123B493CD2351C7672EB22AB66,1736
55468786AC05FFB75C85C610B95A07EC,"Cyphoderus mucrominimus Oliveira & Alves & Zeppelini 2017, sp. nov.",Cyphoderus mucrominimus,Paronellidae,Paronellidae,9.255447,Two new Cyphoderus (Collembola: Paronellidae) of “ tridenticulati ” and “ bidenticulati ” groups from Brazilian Amazon,10.11646/zootaxa.4350.1.2,http://treatment.plazi.org/id/55468786AC05FFB75C85C610B95A07EC,6417
55468786AC03FFB95C85C295B8C701C4,"Cyphoderus mucrostrimenus Oliveira & Alves & Zeppelini 2017, sp. nov.",Cyphoderus mucrostrimenus,Paronellidae,Paronellidae,9.255447,Two new Cyphoderus (Collembola: Paronellidae) of “ tridenticulati ” and “ bidenticulati ” groups from Brazilian Amazon,10.11646/zootaxa.4350.1.2,http://treatment.plazi.org/id/55468786AC03FFB95C85C295B8C701C4,5329
163078092C15F128AC838CC47669BE33,Troglobius coprophagus Palacios-Vargas & Wilson 1990,Troglobius coprophagus,Paronellidae,Paronellidae,9.255447,"A new species of Troglobius (Collembola, Paronellidae, Cyphoderinae) from a Brazilian iron cave",http://dx.doi.org/10.3897/subtbiol.14.7355,http://treatment.plazi.org/id/163078092C15F128AC838CC47669BE33,909
D5A482BBE923692D748F26B34A6D383B,"Troglobius ferroicus Zeppelini, Silva & Palacios-Vargas, 2014, sp. n.",Troglobius ferroicus,Paronellidae,Paronellidae,9.255447,"A new species of Troglobius (Collembola, Paronellidae, Cyphoderinae) from a Brazilian iron cave",http://dx.doi.org/10.3897/subtbiol.14.7355,http://treatment.plazi.org/id/D5A482BBE923692D748F26B34A6D383B,6345
3D404F72FFDBFFD85E8FFB3CDC0BF977,"Metacoelura majeri Ma, Zhao & Greenslade, 2016, sp. nov.",Metacoelura majeri,Paronellidae,Paronellidae,8.986265,"A new species of Metacoelura (Collembola: Paronellidae) from Australia, and redescription of Metacoelura articulata",10.11646/zootaxa.4105.4.6,http://treatment.plazi.org/id/3D404F72FFDBFFD85E8FFB3CDC0BF977,2948
3D404F72FFDEFFD95E8FFD6FDAB4FB87,Metacoelura articulata Schott 1917,Metacoelura articulata,Paronellidae,Paronellidae,8.986265,"A new species of Metacoelura (Collembola: Paronellidae) from Australia, and redescription of Metacoelura articulata",10.11646/zootaxa.4105.4.6,http://treatment.plazi.org/id/3D404F72FFDEFFD95E8FFD6FDAB4FB87,3302
03DF090CFFEAFFF510038FF9FE09F807,"Salina colombiana Oliveira & Cipola, 2016, sp. nov.",Salina colombiana,Paronellidae,Paronellidae,8.986265,"Two new species of Salina MacGillivray (Collembola, Paronellidae) with rectangular mucro from South America",10.1016/j.rbe.2016.01.002,http://treatment.plazi.org/id/03DF090CFFEAFFF510038FF9FE09F807,7646
03DF090CFFE9FFF113558B34FBBEF96F,"Salina maculiflora Oliveira & Cipola, 2016, sp. nov.",Salina maculiflora,Paronellidae,Paronellidae,8.986265,"Two new species of Salina MacGillivray (Collembola, Paronellidae) with rectangular mucro from South America",10.1016/j.rbe.2016.01.002,http://treatment.plazi.org/id/03DF090CFFE9FFF113558B34FBBEF96F,7950
03DF87B4E0315D41FCE0FC3C3A1CFCC7,Seira brasiliana,Seira brasiliana,Paronellidae,Paronellidae,8.732297,"Two new species and new records of springtails (Collembola: Entomobryidae, Paronellidae) from Nevis, Lesser Antilles",10.1653/024.100.0107,http://treatment.plazi.org/id/03DF87B4E0315D41FCE0FC3C3A1CFCC7,358
03DF87B4E03A5D4CFF58FD2F3DDDFD26,"Dicranocentrus icelosmarias Soto-Adames & Anderson, 2017, sp. nov.",Dicranocentrus icelosmarias,Paronellidae,Paronellidae,8.732297,"Two new species and new records of springtails (Collembola: Entomobryidae, Paronellidae) from Nevis, Lesser Antilles",10.1653/024.100.0107,http://treatment.plazi.org/id/03DF87B4E03A5D4CFF58FD2F3DDDFD26,9430
03DF87B4E03C5D4CFC90FCB93A12FBBA,Lepidocyrtus nigrosetosus Folsom,Lepidocyrtus nigrosetosus,Paronellidae,Paronellidae,8.732297,"Two new species and new records of springtails (Collembola: Entomobryidae, Paronellidae) from Nevis, Lesser Antilles",10.1653/024.100.0107,http://treatment.plazi.org/id/03DF87B4E03C5D4CFC90FCB93A12FBBA,367
03DF87B4E03C5D41FC90FBA03ADAFD8C,"Metasinella (Sulcuncus) radkei Soto-Adames & Anderson, 2017, sp. nov.",Metasinella radkei,Paronellidae,Paronellidae,8.732297,"Two new species and new records of springtails (Collembola: Entomobryidae, Paronellidae) from Nevis, Lesser Antilles",10.1653/024.100.0107,http://treatment.plazi.org/id/03DF87B4E03C5D41FC90FBA03ADAFD8C,7383
03DF87B4E03C5D4CFC90FA3D3A7EFA1D,Lepidocyrtus undetermined,Lepidocyrtus undetermined,Paronellidae,Paronellidae,8.732297,"Two new species and new records of springtails (Collembola: Entomobryidae, Paronellidae) from Nevis, Lesser Antilles",10.1653/024.100.0107,http://treatment.plazi.org/id/03DF87B4E03C5D4CFC90FA3D3A7EFA1D,316
03B3879EFFC4FF9CFF6EFE462AE3649A,Cyphoderopsis nepalensis,Cyphoderopsis nepalensis,Paronellidae,Paronellidae,8.732297,"Short Communication Cyphoderopsis nepalensis (Wilson, 1982): A New Record of Collembola (Entomobryomorpha: Paronellidae) from India",10.26515/rzsi/v120/i4/2020/147037,http://treatment.plazi.org/id/03B3879EFFC4FF9CFF6EFE462AE3649A,1035
7EF78B5AAF41A5898977E3851A4D57D4,Trogolaphysa geminata Mari Mutt 1988,Trogolaphysa geminata,Paronellidae,Paronellidae,8.265122,"The dorsal chaetotaxy of Trogolaphysa (Collembola, Paronellidae), with descriptions of two new species from caves in Belize",http://dx.doi.org/10.3897/zookeys.323.4950,http://treatment.plazi.org/id/7EF78B5AAF41A5898977E3851A4D57D4,1286
044CBEC7FDC23C4FCD2F59FE217EC3CA,Trogolaphysa belizeana Palacios-Vargas & Thibaud 1997,Trogolaphysa belizeana,Paronellidae,Paronellidae,8.265122,"The dorsal chaetotaxy of Trogolaphysa (Collembola, Paronellidae), with descriptions of two new species from caves in Belize",http://dx.doi.org/10.3897/zookeys.323.4950,http://treatment.plazi.org/id/044CBEC7FDC23C4FCD2F59FE217EC3CA,3011
0BCAE5C068C8D70F209FC7B4179F08B1,Trogolaphysa riopedrensis Mari Mutt 1988,Trogolaphysa riopedrensis,Paronellidae,Paronellidae,8.265122,"The dorsal chaetotaxy of Trogolaphysa (Collembola, Paronellidae), with descriptions of two new species from caves in Belize",http://dx.doi.org/10.3897/zookeys.323.4950,http://treatment.plazi.org/id/0BCAE5C068C8D70F209FC7B4179F08B1,1316
03855C5976364810FF475E0D81D7F861,Troglopedetes species,Troglopedetes species,Paronellidae,Paronellidae,8.265122,"A new species of Troglopedetes Joseph, 1872 with eyes (Collembola, Paronellidae) from a Christmas Island Cave, Australia",10.11646/zootaxa.5239.4.7,http://treatment.plazi.org/id/03855C5976364810FF475E0D81D7F861,2588
03855C59763D4810FF475D1F80D9FC02,"Troglopedetes eberhardi Cipola & Greenslade 2023, sp. nov.",Troglopedetes eberhardi,Paronellidae,Paronellidae,8.265122,"A new species of Troglopedetes Joseph, 1872 with eyes (Collembola, Paronellidae) from a Christmas Island Cave, Australia",10.11646/zootaxa.5239.4.7,http://treatment.plazi.org/id/03855C59763D4810FF475D1F80D9FC02,13375
AFDB54D96169FD6F35FC33EAF47CC404,"Trogolaphysa jacobyi Soto-Adames & Taylor, sp. n.",Trogolaphysa jacobyi,Paronellidae,Paronellidae,8.265122,"The dorsal chaetotaxy of Trogolaphysa (Collembola, Paronellidae), with descriptions of two new species from caves in Belize",http://dx.doi.org/10.3897/zookeys.323.4950,http://treatment.plazi.org/id/AFDB54D96169FD6F35FC33EAF47CC404,7865
FF2F56857627DAFBB37849B35FB7FD6E,"Trogolaphysa giordanoae Soto-Adames & Taylor, sp. n.",Trogolaphysa giordanoae,Paronellidae,Paronellidae,8.265122,"The dorsal chaetotaxy of Trogolaphysa (Collembola, Paronellidae), with descriptions of two new species from caves in Belize",http://dx.doi.org/10.3897/zookeys.323.4950,http://treatment.plazi.org/id/FF2F56857627DAFBB37849B35FB7FD6E,7588
F03CF2EF060AB71499A5872B0AEB36A6,Trogolaphysa jataca Wray 1953,Trogolaphysa jataca,Paronellidae,Paronellidae,8.265122,"The dorsal chaetotaxy of Trogolaphysa (Collembola, Paronellidae), with descriptions of two new species from caves in Belize",http://dx.doi.org/10.3897/zookeys.323.4950,http://treatment.plazi.org/id/F03CF2EF060AB71499A5872B0AEB36A6,1532
720BFC4CFFECFF82FEB5FB5D1D09ADA5,"Trogolaphysa nigromaculata Nguyen & Soto-Adames 2018, n. comb.",Trogolaphysa nigromaculata,Paronellidae,Paronellidae,8.049792,"Annotated checklist of Afrotropical Trogolaphysa Mills, 1938 (Hexapoda: Collembola: Paronellidae) and description of a new species from Madagascar",10.5252/zoosystema2018v40a10,http://treatment.plazi.org/id/720BFC4CFFECFF82FEB5FB5D1D09ADA5,6079
720BFC4CFFEFFF80FE89FE7F1F7AAED8,Trogolaphysa penicillata subsp. pallida,Trogolaphysa penicillata,Paronellidae,Paronellidae,8.049792,"Annotated checklist of Afrotropical Trogolaphysa Mills, 1938 (Hexapoda: Collembola: Paronellidae) and description of a new species from Madagascar",10.5252/zoosystema2018v40a10,http://treatment.plazi.org/id/720BFC4CFFEFFF80FE89FE7F1F7AAED8,678
720BFC4CFFEBFF84FC1BFC3E1D92ADA5,Trogolaphysa monomaculata,Trogolaphysa monomaculata,Paronellidae,Paronellidae,8.049792,"Annotated checklist of Afrotropical Trogolaphysa Mills, 1938 (Hexapoda: Collembola: Paronellidae) and description of a new species from Madagascar",10.5252/zoosystema2018v40a10,http://treatment.plazi.org/id/720BFC4CFFEBFF84FC1BFC3E1D92ADA5,1508
720BFC4CFFEDFF82FC34FF501B95AE78,Trogolaphysa nigromaculata subsp. pallida,Trogolaphysa nigromaculata,Paronellidae,Paronellidae,8.049792,"Annotated checklist of Afrotropical Trogolaphysa Mills, 1938 (Hexapoda: Collembola: Paronellidae) and description of a new species from Madagascar",10.5252/zoosystema2018v40a10,http://treatment.plazi.org/id/720BFC4CFFEDFF82FC34FF501B95AE78,1016
720BFC4CFFEFFF80FC72FF501B63AED8,"Trogolaphysa wahlgreni Nguyen & Soto-Adames 2018, n. comb.",Trogolaphysa wahlgreni,Paronellidae,Paronellidae,8.049792,"Annotated checklist of Afrotropical Trogolaphysa Mills, 1938 (Hexapoda: Collembola: Paronellidae) and description of a new species from Madagascar",10.5252/zoosystema2018v40a10,http://treatment.plazi.org/id/720BFC4CFFEFFF80FC72FF501B63AED8,1359
720BFC4CFFEFFF9EFC35FA9D1C2CACC6,Lepidonella flava,Lepidonella flava,Paronellidae,Paronellidae,8.049792,"Annotated checklist of Afrotropical Trogolaphysa Mills, 1938 (Hexapoda: Collembola: Paronellidae) and description of a new species from Madagascar",10.5252/zoosystema2018v40a10,http://treatment.plazi.org/id/720BFC4CFFEFFF9EFC35FA9D1C2CACC6,5367
720BFC4CFFE5FF89FCFEFA7C1D09AC47,"Trogolaphysa fuelleborni Nguyen & Soto-Adames 2018, n. comb.",Trogolaphysa fuelleborni,Paronellidae,Paronellidae,8.049792,"Annotated checklist of Afrotropical Trogolaphysa Mills, 1938 (Hexapoda: Collembola: Paronellidae) and description of a new species from Madagascar",10.5252/zoosystema2018v40a10,http://treatment.plazi.org/id/720BFC4CFFE5FF89FCFEFA7C1D09AC47,3270
720BFC4CFFE7FF84FE88FC1E1A69A939,"Trogolaphysa judithnajtae Nguyen & Soto-Adames 2018, n. sp.",Trogolaphysa judithnajtae,Paronellidae,Paronellidae,8.049792,"Annotated checklist of Afrotropical Trogolaphysa Mills, 1938 (Hexapoda: Collembola: Paronellidae) and description of a new species from Madagascar",10.5252/zoosystema2018v40a10,http://treatment.plazi.org/id/720BFC4CFFE7FF84FE88FC1E1A69A939,9636
720BFC4CFFEDFF80FC09FBFD1F19ABFA,Trogolaphysa penicillata Nguyen & Soto-Adames 2018,Trogolaphysa penicillata,Paronellidae,Paronellidae,8.049792,"Annotated checklist of Afrotropical Trogolaphysa Mills, 1938 (Hexapoda: Collembola: Paronellidae) and description of a new species from Madagascar",10.5252/zoosystema2018v40a10,http://treatment.plazi.org/id/720BFC4CFFEDFF80FC09FBFD1F19ABFA,1663
720BFC4CFFE5FF8AFEC6FA3C1A2FAFF8,"Trogolaphysa beguei Nguyen & Soto-Adames 2018, n. comb.",Trogolaphysa beguei,Paronellidae,Paronellidae,8.049792,"Annotated checklist of Afrotropical Trogolaphysa Mills, 1938 (Hexapoda: Collembola: Paronellidae) and description of a new species from Madagascar",10.5252/zoosystema2018v40a10,http://treatment.plazi.org/id/720BFC4CFFE5FF8AFEC6FA3C1A2FAFF8,1125
720BFC4CFFE6FF88FC68F93B1FC3A91A,"Trogolaphysa lamottei Nguyen & Soto-Adames 2018, n. comb.",Trogolaphysa lamottei,Paronellidae,Paronellidae,8.049792,"Annotated checklist of Afrotropical Trogolaphysa Mills, 1938 (Hexapoda: Collembola: Paronellidae) and description of a new species from Madagascar",10.5252/zoosystema2018v40a10,http://treatment.plazi.org/id/720BFC4CFFE6FF88FC68F93B1FC3A91A,1310
720BFC4CFFEFFF80FE97FB5D1CAEADA5,Trogolaphysa vivieni,Trogolaphysa vivieni,Paronellidae,Paronellidae,8.049792,"Annotated checklist of Afrotropical Trogolaphysa Mills, 1938 (Hexapoda: Collembola: Paronellidae) and description of a new species from Madagascar",10.5252/zoosystema2018v40a10,http://treatment.plazi.org/id/720BFC4CFFEFFF80FE97FB5D1CAEADA5,1048
95B2FD7E266274FCCB08D1E5626273F2,Cyphoderus agnotus Boerner 1906,Cyphoderus agnotus,Paronellidae,Paronellidae,8.049792,"New records and new species of springtails (Collembola: Entomobryidae, Paronellidae) from lava tubes of the Galapagos Islands (Ecuador)",http://dx.doi.org/10.3897/subtbiol.17.7660,http://treatment.plazi.org/id/95B2FD7E266274FCCB08D1E5626273F2,788
720BFC4CFFE6FF89FB9EFDBF1BBEAC27,"Trogolaphysa grassei Nguyen & Soto-Adames 2018, n. comb.",Trogolaphysa grassei,Paronellidae,Paronellidae,8.049792,"Annotated checklist of Afrotropical Trogolaphysa Mills, 1938 (Hexapoda: Collembola: Paronellidae) and description of a new species from Madagascar",10.5252/zoosystema2018v40a10,http://treatment.plazi.org/id/720BFC4CFFE6FF89FB9EFDBF1BBEAC27,1330
720BFC4CFFE6FF89FF76F9DC1B4DABBA,Trogolaphysa ghesquierei Nguyen & Soto-Adames 2018,Trogolaphysa ghesquierei,Paronellidae,Paronellidae,8.049792,"Annotated checklist of Afrotropical Trogolaphysa Mills, 1938 (Hexapoda: Collembola: Paronellidae) and description of a new species from Madagascar",10.5252/zoosystema2018v40a10,http://treatment.plazi.org/id/720BFC4CFFE6FF89FF76F9DC1B4DABBA,889
726A1006077589C2E7CCDD15CBBECFA3,Lepidocyrtus nigrosetosus Folsom 1927,Lepidocyrtus nigrosetosus,Paronellidae,Paronellidae,8.049792,"New records and new species of springtails (Collembola: Entomobryidae, Paronellidae) from lava tubes of the Galapagos Islands (Ecuador)",http://dx.doi.org/10.3897/subtbiol.17.7660,http://treatment.plazi.org/id/726A1006077589C2E7CCDD15CBBECFA3,8340
4E1466FDF04FB773FAA96436EC5B2DF2,Heteromurus (Heteromurtrella) nitens Yosii 1964,Heteromurus nitens,Paronellidae,Paronellidae,8.049792,"New records and new species of springtails (Collembola: Entomobryidae, Paronellidae) from lava tubes of the Galapagos Islands (Ecuador)",http://dx.doi.org/10.3897/subtbiol.17.7660,http://treatment.plazi.org/id/4E1466FDF04FB773FAA96436EC5B2DF2,2642
3A3EDDE5B35FDFE4D96C04EEC47D4051,"Pseudosinella stewartpecki Katz, Soto-Adames & Taylor, sp. n.",Pseudosinella stewartpecki,Paronellidae,Paronellidae,8.049792,"New records and new species of springtails (Collembola: Entomobryidae, Paronellidae) from lava tubes of the Galapagos Islands (Ecuador)",http://dx.doi.org/10.3897/subtbiol.17.7660,http://treatment.plazi.org/id/3A3EDDE5B35FDFE4D96C04EEC47D4051,5173
395A724C8BD8825537DD3A564F043BF0,Pseudosinella intermixta Folsom 1924,Pseudosinella intermixta,Paronellidae,Paronellidae,8.049792,"New records and new species of springtails (Collembola: Entomobryidae, Paronellidae) from lava tubes of the Galapagos Islands (Ecuador)",http://dx.doi.org/10.3897/subtbiol.17.7660,http://treatment.plazi.org/id/395A724C8BD8825537DD3A564F043BF0,2088
0C92AD2CF23BFC0A7D646A84597040CF,"Pseudosinella vulcana Katz, Soto-Adames & Taylor, sp. n.",Pseudosinella vulcana,Paronellidae,Paronellidae,8.049792,"New records and new species of springtails (Collembola: Entomobryidae, Paronellidae) from lava tubes of the Galapagos Islands (Ecuador)",http://dx.doi.org/10.3897/subtbiol.17.7660,http://treatment.plazi.org/id/0C92AD2CF23BFC0A7D646A84597040CF,7803
03F17166D003EE1AFE18FDFDFD41FBDE,Campylothorax sabanus Wray 1953,Campylothorax sabanus,Paronellidae,Paronellidae,8.049792,"Chaetotaxy of first-instar Campylothorax sabanus (Wray), and description of three new Campylothorax species from Hispaniola (Collembola, Paronellidae)",10.1080/00222933.2016.1145272,http://treatment.plazi.org/id/03F17166D003EE1AFE18FDFDFD41FBDE,1272
03F17166D009EE14FE04FB3DFDB8FED7,"Campylothorax hexosetosus Soto-Adames, 2016, sp. nov.",Campylothorax hexosetosus,Paronellidae,Paronellidae,8.049792,"Chaetotaxy of first-instar Campylothorax sabanus (Wray), and description of three new Campylothorax species from Hispaniola (Collembola, Paronellidae)",10.1080/00222933.2016.1145272,http://treatment.plazi.org/id/03F17166D009EE14FE04FB3DFDB8FED7,2799
03F17166D00EEE1AFE06FEE6FC95FE5D,Campylothorax cubanus Gruia 1983,Campylothorax cubanus,Paronellidae,Paronellidae,8.049792,"Chaetotaxy of first-instar Campylothorax sabanus (Wray), and description of three new Campylothorax species from Hispaniola (Collembola, Paronellidae)",10.1080/00222933.2016.1145272,http://treatment.plazi.org/id/03F17166D00EEE1AFE06FEE6FC95FE5D,4452
03F17166D012EE10FE0BFD65FD4CFB1D,"Campylothorax notidanus Soto-Adames, 2016, sp. nov.",Campylothorax notidanus,Paronellidae,Paronellidae,8.049792,"Chaetotaxy of first-instar Campylothorax sabanus (Wray), and description of three new Campylothorax species from Hispaniola (Collembola, Paronellidae)",10.1080/00222933.2016.1145272,http://treatment.plazi.org/id/03F17166D012EE10FE0BFD65FD4CFB1D,8458
94176063FB2A5DAA9E626EF7B42441D1,"Troglopedetes takensis Surakhamhaeng 1 & Deharveng 2 & Jantarit 3 2021, sp. nov.",Troglopedetes takensis,Paronellidae,Paronellidae,8.049792,"Three new species of cave Troglopedetes (Collembola, Paronellidae, Troglopedetinae) from Thailand, with a key to the Thai species",http://dx.doi.org/10.3897/subtbiol.40.73143,http://treatment.plazi.org/id/94176063FB2A5DAA9E626EF7B42441D1,12026
2065CA16C7EC5AEE904DD5660EEF0C54,"Troglopedetes spectabilis Surakhamhaeng 1 & Deharveng 2 & Jantarit 3 2021, sp. nov.",Troglopedetes spectabilis,Paronellidae,Paronellidae,8.049792,"Three new species of cave Troglopedetes (Collembola, Paronellidae, Troglopedetinae) from Thailand, with a key to the Thai species",http://dx.doi.org/10.3897/subtbiol.40.73143,http://treatment.plazi.org/id/2065CA16C7EC5AEE904DD5660EEF0C54,13012
03F17166D00DEE17FE1BFE73FCF5FF4A,"Campylothorax dominicanus Soto-Adames, 2016, sp. nov.",Campylothorax dominicanus,Paronellidae,Paronellidae,8.049792,"Chaetotaxy of first-instar Campylothorax sabanus (Wray), and description of three new Campylothorax species from Hispaniola (Collembola, Paronellidae)",10.1080/00222933.2016.1145272,http://treatment.plazi.org/id/03F17166D00DEE17FE1BFE73FCF5FF4A,3940
03F17166D01AEE0AFF15FD05FBE7FB8E,Campylothorax sabanus,Campylothorax sabanus,Paronellidae,Paronellidae,8.049792,"Chaetotaxy of first-instar Campylothorax sabanus (Wray), and description of three new Campylothorax species from Hispaniola (Collembola, Paronellidae)",10.1080/00222933.2016.1145272,http://treatment.plazi.org/id/03F17166D01AEE0AFF15FD05FBE7FB8E,12878
03CA4F671E351F6C907DFD99E3DFF850,"Lepidonella zeppelinii Soto-Adames & Bellini, 2015, sp. nov.",Lepidonella zeppelinii,Paronellidae,Paronellidae,8.049792,"Dorsal chaetotaxy of neotropical species supports a basal position for the genus Lepidonella among scaled Paronellidae (Collembola, Entomobryoidea)",10.1653/024.098.0152,http://treatment.plazi.org/id/03CA4F671E351F6C907DFD99E3DFF850,10750
E72B73340A205C6FB00058D0F2128C22,"Troglopedetes rungsimae Surakhamhaeng 1 & Deharveng 2 & Jantarit 3 2021, sp. nov.",Troglopedetes rungsimae,Paronellidae,Paronellidae,8.049792,"Three new species of cave Troglopedetes (Collembola, Paronellidae, Troglopedetinae) from Thailand, with a key to the Thai species",http://dx.doi.org/10.3897/subtbiol.40.73143,http://treatment.plazi.org/id/E72B73340A205C6FB00058D0F2128C22,12780
EA3FE482766A98B4E6DDCCF43DF1B81D,"Entomobrya darwini Katz, Soto-Adames & Taylor, sp. n.",Entomobrya darwini,Paronellidae,Paronellidae,8.049792,"New records and new species of springtails (Collembola: Entomobryidae, Paronellidae) from lava tubes of the Galapagos Islands (Ecuador)",http://dx.doi.org/10.3897/subtbiol.17.7660,http://treatment.plazi.org/id/EA3FE482766A98B4E6DDCCF43DF1B81D,6055
DE3DBD36FFDFDC70E17FFC47FD81F9EA,Tomocerus minor,Tomocerus minor,Cyphoderidae,Cyphoderidae,39.349266,"Annotated checklist of the springtails (Hexapoda: Collembola) of the Collo massif, northeastern Algeria",10.5252/zoosystema2018v40a16,http://treatment.plazi.org/id/DE3DBD36FFDFDC70E17FFC47FD81F9EA,455
03F9351AAF56C00D3ADF444FCD97FE14,"Metagonia diamantina Machado & Ferreira & Brescovit 2011, new species",Metagonia diamantina,Cyphoderidae,Cyphoderidae,34.257507,"A new troglomorphic Metagonia Simon 1893 (Araneae, Pholcidae) from Brazil",10.11646/zootaxa.3135.1.4,http://treatment.plazi.org/id/03F9351AAF56C00D3ADF444FCD97FE14,3651
6CB1AEDA09E85EB254C928B8B074EDF1,"Cyphoderus khaochakanus Jantarit, Satasook & Deharveng, 2014, sp. n.",Cyphoderus khaochakanus,Cyphoderidae,Cyphoderidae,10.702232,"Cyphoderus (Cyphoderidae) as a major component of collembolan cave fauna in Thailand, with description of two new species",http://dx.doi.org/10.3897/zookeys.368.6393,http://treatment.plazi.org/id/6CB1AEDA09E85EB254C928B8B074EDF1,7113
159CFDABE5646F475BD021373A0399B9,"Cyphoderus songkhlaensis Jantarit, Satasook & Deharveng, 2014, sp. n.",Cyphoderus songkhlaensis,Cyphoderidae,Cyphoderidae,10.702232,"Cyphoderus (Cyphoderidae) as a major component of collembolan cave fauna in Thailand, with description of two new species",http://dx.doi.org/10.3897/zookeys.368.6393,http://treatment.plazi.org/id/159CFDABE5646F475BD021373A0399B9,11509
F76187F85943FFB9FE22FE7DF69FFD6E,Heteromurus nitidus,Heteromurus nitidus,Cyphoderidae,Cyphoderidae,10.172201,"On some Collembola from a Sicily cave, with the description of a new species of Serroderus Delamare, 1948 (Collembola, Cyphoderidae)",10.1080/00222930600803241,http://treatment.plazi.org/id/F76187F85943FFB9FE22FE7DF69FFD6E,345
F76187F85943FFB9FE89FD5FF318FB4D,Disparrhopalites patrizii,Disparrhopalites patrizii,Cyphoderidae,Cyphoderidae,10.172201,"On some Collembola from a Sicily cave, with the description of a new species of Serroderus Delamare, 1948 (Collembola, Cyphoderidae)",10.1080/00222930600803241,http://treatment.plazi.org/id/F76187F85943FFB9FE89FD5FF318FB4D,988
DE3DBD36FFDEDC70E304F9C0FD87FC28,Oncopodura crassicornis Shoebotham 1911,Oncopodura crassicornis,Tomoceridae,Tomoceridae,53.264214,"Annotated checklist of the springtails (Hexapoda: Collembola) of the Collo massif, northeastern Algeria",10.5252/zoosystema2018v40a16,http://treatment.plazi.org/id/DE3DBD36FFDEDC70E304F9C0FD87FC28,334
03CF878BFFDFC21D22755CA1FAD8A957,Oncopodura tricuspidata Cassagnau 1964,Oncopodura tricuspidata,Tomoceridae,Tomoceridae,52.29911,Catalogue des collemboles de France,10.5252/z2017n3a1,http://treatment.plazi.org/id/03CF878BFFDFC21D22755CA1FAD8A957,555
8C788F692A6AAE7ED9CF83658AA8717A,"Pogonognathellus litoralis Kuprin et Potapov 2019, sp. n.",Pogonognathellus litoralis,Tomoceridae,Tomoceridae,47.51539,Discovery of the first littoral species of the family Tomoceridae (Collembola),10.25221/fee.397.1,http://treatment.plazi.org/id/8C788F692A6AAE7ED9CF83658AA8717A,8836
FB3F87CFF075D931465EF291DD850B5E,Pachyotoma caucasica,Pachyotoma caucasica,Tomoceridae,Tomoceridae,46.92723,New records of springtail fauna (Hexapoda: Collembola: Entomobryomorpha) from Ordu Province in Turkey,10.3906/zoo-1509-28,http://treatment.plazi.org/id/FB3F87CFF075D931465EF291DD850B5E,2513
03AEA13AFF77672FFF1AFBDCFC6AFE37,"Tomocerus caecus Yu & Deharveng, 2015, sp. nov.",Tomocerus caecus,Tomoceridae,Tomoceridae,44.993958,"The first eyeless species of Tomocerus from China (Collembola, Tomoceridae) with notes on genera Tomocerus and Pogonognathellus",10.11646/zootaxa.3914.2.7,http://treatment.plazi.org/id/03AEA13AFF77672FFF1AFBDCFC6AFE37,9679
CFDEFF1339251149C64196287E16F253,"Tomocerus tiani Yu, sp. n.",Tomocerus tiani,Tomoceridae,Tomoceridae,44.134182,"New cave-dwelling species of Tomoceridae from China, with a study on the pattern of mesothoracic bothriotricha in Tomocerinae (Collembola, Entomobryomorpha)",http://dx.doi.org/10.3897/zookeys.574.7312,http://treatment.plazi.org/id/CFDEFF1339251149C64196287E16F253,7649
D7B642D83659E0AF7895F44ADD7204EC,"Monodontocerus cinereus Yu, sp. n.",Monodontocerus cinereus,Tomoceridae,Tomoceridae,44.134182,"New cave-dwelling species of Tomoceridae from China, with a study on the pattern of mesothoracic bothriotricha in Tomocerinae (Collembola, Entomobryomorpha)",http://dx.doi.org/10.3897/zookeys.574.7312,http://treatment.plazi.org/id/D7B642D83659E0AF7895F44ADD7204EC,5703
496BD62B7121F106FD8B3D28FAF29E5A,Tomocerus ocreatus Denis 1948,Tomocerus ocreatus,Tomoceridae,Tomoceridae,43.60135,"Tomoceridae (Collembola, Entomobryomorpha) from the southern Annamitic cordillera: redescription of Tomocerus ocreatus Denis, 1948 and description of a new species of Tomocerina Yosii, 1955",10.5852/ejt.2016.176,http://treatment.plazi.org/id/496BD62B7121F106FD8B3D28FAF29E5A,11003
03903879FFB96401FF4CE917A7F1C4F0,"Tomocerus jilinensis Ma, 2011, sp. nov.",Tomocerus jilinensis,Tomoceridae,Tomoceridae,11.316924,A new species of Tomocerus (Collembola: Tomoceridae) from China,10.5281/zenodo.206575,http://treatment.plazi.org/id/03903879FFB96401FF4CE917A7F1C4F0,3080
03903879FFBB6400FF4CEC74A556C1D2,Tomocerus kinoshitai Yosii 1954,Tomocerus kinoshitai,Tomoceridae,Tomoceridae,11.316924,A new species of Tomocerus (Collembola: Tomoceridae) from China,10.5281/zenodo.206575,http://treatment.plazi.org/id/03903879FFBB6400FF4CEC74A556C1D2,1237
03F8F965B332F03550BDFC18FAAD9163,"Pogonognathellus magnibrunneus Park, Bernard & Moulton, 2011, n. sp.",Pogonognathellus magnibrunneus,Tomoceridae,Tomoceridae,10.944455,Three new species of Pogonognathellus (Collembola: Tomoceridae) from North America,10.5281/zenodo.207295,http://treatment.plazi.org/id/03F8F965B332F03550BDFC18FAAD9163,3437
03F8F965B33FF03150BDFA0FFF389043,"Pogonognathellus brevifulvus Park, Bernard & Moulton, 2011, n. sp.",Pogonognathellus brevifulvus,Tomoceridae,Tomoceridae,10.944455,Three new species of Pogonognathellus (Collembola: Tomoceridae) from North America,10.5281/zenodo.207295,http://treatment.plazi.org/id/03F8F965B33FF03150BDFA0FFF389043,1735
03F8F965B33BF03C50BDF988FE5E9636,"Pogonognathellus belmontorum Park, Bernard & Moulton, 2011, n. sp.",Pogonognathellus belmontorum,Tomoceridae,Tomoceridae,10.944455,Three new species of Pogonognathellus (Collembola: Tomoceridae) from North America,10.5281/zenodo.207295,http://treatment.plazi.org/id/03F8F965B33BF03C50BDF988FE5E9636,5557
03A5F710FFBBFFCEFF0C4A82B252C24B,"Plutomurus shurubumuensis Barjadze, Jordana & Soto-Adames 2018, sp. nov.",Plutomurus shurubumuensis,Tomoceridae,Tomoceridae,10.59572,"Two new species of Plutomurus Yosii (Collembola, Tomoceridae) from the Caucasus",10.11646/zootaxa.4526.1.2,http://treatment.plazi.org/id/03A5F710FFBBFFCEFF0C4A82B252C24B,8396
03A5F710FFBFFFC0FF0C4EEBB53FC145,"Plutomurus pichkhaiai Barjadze, Jordana & Soto-Adames 2018, sp. nov.",Plutomurus pichkhaiai,Tomoceridae,Tomoceridae,10.59572,"Two new species of Plutomurus Yosii (Collembola, Tomoceridae) from the Caucasus",10.11646/zootaxa.4526.1.2,http://treatment.plazi.org/id/03A5F710FFBFFFC0FF0C4EEBB53FC145,4755
B0158799FFB2FFFECCADFA0EFA93FC5B,"Tomocerus qixiaensis Yu & Yao & Hu 2016, sp. nov.",Tomocerus qixiaensis,Tomoceridae,Tomoceridae,10.268525,"Two new species of Tomocerus ocreatus complex (Collembola, Tomoceridae) from Nanjing, China",10.11646/zootaxa.4084.1.6,http://treatment.plazi.org/id/B0158799FFB2FFFECCADFA0EFA93FC5B,6661
52368796FFB1FFD349A4FA1B0158F993,"Tomocerus cthulhu Yu & Li, 2016, sp. nov.",Tomocerus cthulhu,Tomoceridae,Tomoceridae,10.268525,New troglomorphic species of Tomocerus with well-developed postantennal organs (Collembola: Tomoceridae),10.11646/zootaxa.4162.2.10,http://treatment.plazi.org/id/52368796FFB1FFD349A4FA1B0158F993,6679
52368796FFB2FFDE49A4F8D20610FAE3,"Tomocerus deharvengi Yu & Li, 2016, sp. nov.",Tomocerus deharvengi,Tomoceridae,Tomoceridae,10.268525,New troglomorphic species of Tomocerus with well-developed postantennal organs (Collembola: Tomoceridae),10.11646/zootaxa.4162.2.10,http://treatment.plazi.org/id/52368796FFB2FFDE49A4F8D20610FAE3,5428
52368796FFB7FFDD49A4FD9200A4F926,"Tomocerus dong Yu & Li, 2016, sp. nov.",Tomocerus dong,Tomoceridae,Tomoceridae,10.268525,New troglomorphic species of Tomocerus with well-developed postantennal organs (Collembola: Tomoceridae),10.11646/zootaxa.4162.2.10,http://treatment.plazi.org/id/52368796FFB7FFDD49A4FD9200A4F926,7027
03F087A17A011055FF5CA901FEA9F89A,"Tomocerus tropicus Yu & Yang & Liu 2018, sp. nov.",Tomocerus tropicus,Tomoceridae,Tomoceridae,10.268525,"Three new species of Tomocerus from tropical zone of China (Collembola, Tomoceridae)",10.11646/zootaxa.4508.2.5,http://treatment.plazi.org/id/03F087A17A011055FF5CA901FEA9F89A,4024
03F087A17A041059FF5CAE4AFE73F814,"Tomocerus nabanensis Yu & Yang & Liu 2018, sp. nov.",Tomocerus nabanensis,Tomoceridae,Tomoceridae,10.268525,"Three new species of Tomocerus from tropical zone of China (Collembola, Tomoceridae)",10.11646/zootaxa.4508.2.5,http://treatment.plazi.org/id/03F087A17A041059FF5CAE4AFE73F814,4466
03F087A17A061056FF5CADF2FD5FFD37,"Tomocerus nan Yu & Yang & Liu 2018, sp. nov.",Tomocerus nan,Tomoceridae,Tomoceridae,10.268525,"Three new species of Tomocerus from tropical zone of China (Collembola, Tomoceridae)",10.11646/zootaxa.4508.2.5,http://treatment.plazi.org/id/03F087A17A061056FF5CADF2FD5FFD37,4013
B0158799FFB6FFF3CCADFD48FA70FA8E,"Tomocerus qinae Yu & Yao & Hu 2016, sp. nov.",Tomocerus qinae,Tomoceridae,Tomoceridae,10.268525,"Two new species of Tomocerus ocreatus complex (Collembola, Tomoceridae) from Nanjing, China",10.11646/zootaxa.4084.1.6,http://treatment.plazi.org/id/B0158799FFB6FFF3CCADFD48FA70FA8E,7763
0398CE51FFA8FF96FF6BFDE8FD0862E4,"Tomocerus (Ocreatomurus) oppositus Yu, Xue & Zhang, 2025, sp. nov.",Tomocerus oppositus,Tomoceridae,Tomoceridae,10.268525,"Two new species of Tomocerus (Ocreatomurus) Yu from Xizang, China (Collembola, Tomoceridae)",10.11646/zootaxa.5570.2.8,http://treatment.plazi.org/id/0398CE51FFA8FF96FF6BFDE8FD0862E4,5360
0398CE51FFAFFF9AFF6BFF03FCB5652C,"Tomocerus (Ocreatomurus) gyirongensis Yu, Xue & Zhang, 2025, sp. nov.",Tomocerus gyirongensis,Tomoceridae,Tomoceridae,10.268525,"Two new species of Tomocerus (Ocreatomurus) Yu from Xizang, China (Collembola, Tomoceridae)",10.11646/zootaxa.5570.2.8,http://treatment.plazi.org/id/0398CE51FFAFFF9AFF6BFF03FCB5652C,5188
DB28A21D9214FF8EFF18FBD2FC9FFEE8,"Plutomurus weinerae Barjadze, Kovac & Parimuchova 2024, sp. nov.",Plutomurus weinerae,Tomoceridae,Tomoceridae,10.268525,Two new species of Plutomurus Yosii (Collembola: Tomoceridae) from Georgia and Iran,10.11646/zootaxa.5463.4.6,http://treatment.plazi.org/id/DB28A21D9214FF8EFF18FBD2FC9FFEE8,7034
DB28A21D9211FF83FF18F99EFBA7F967,"Plutomurus danialensis Barjadze, Kovac & Mehrafrooz Mayvan 2024, sp. nov.",Plutomurus danialensis,Tomoceridae,Tomoceridae,10.268525,Two new species of Plutomurus Yosii (Collembola: Tomoceridae) from Georgia and Iran,10.11646/zootaxa.5463.4.6,http://treatment.plazi.org/id/DB28A21D9211FF83FF18F99EFBA7F967,4762
5421637D9633531BFF3E6D0FFC49FE6B,"Tomocerus nuwa Shi 2017, sp. nov.",Tomocerus nuwa,Tomoceridae,Tomoceridae,9.960931,"New species of Tomocerus (Entomobryomorpha, Tomoceridae) with remarkable form of mucronal dorsal lamella",10.11646/zootaxa.4323.3.4,http://treatment.plazi.org/id/5421637D9633531BFF3E6D0FFC49FE6B,12063
03FF1701192BFF8595AAFA539D2821FD,"Plutomurus kharagauliensis Barjadze, Kovac & Parimuchova 2022, sp. nov.",Plutomurus kharagauliensis,Tomoceridae,Tomoceridae,9.67123,Two new species of Plutomurus Yosii (Collembola: Tomoceridae) from the Caucasus and central Europe,10.11646/zootaxa.5169.3.2,http://treatment.plazi.org/id/03FF1701192BFF8595AAFA539D2821FD,6516
03FF1701192EFF8F95AAFF229FB420E1,"Plutomurus ruseki Barjadze, Kovac & Parimuchova 2022, sp. nov.",Plutomurus ruseki,Tomoceridae,Tomoceridae,9.67123,Two new species of Plutomurus Yosii (Collembola: Tomoceridae) from the Caucasus and central Europe,10.11646/zootaxa.5169.3.2,http://treatment.plazi.org/id/03FF1701192EFF8F95AAFF229FB420E1,13310
03D533495701F16AFF6FFBAEAF65F835,"Tomocerus troglodytes Yu & Deharveng 2018, sp. nov.",Tomocerus troglodytes,Tomoceridae,Tomoceridae,9.67123,"Two new Chinese species of Tomocerus at different stages of troglomorphic adaptation (Collembola, Tomoceridae)",10.11646/zootaxa.4403.1.2,http://treatment.plazi.org/id/03D533495701F16AFF6FFBAEAF65F835,6688
03D533495705F166FF6FFDEFA80EFE6D,"Tomocerus leyensis Yu & Deharveng 2018, sp. nov.",Tomocerus leyensis,Tomoceridae,Tomoceridae,9.67123,"Two new Chinese species of Tomocerus at different stages of troglomorphic adaptation (Collembola, Tomoceridae)",10.11646/zootaxa.4403.1.2,http://treatment.plazi.org/id/03D533495705F166FF6FFDEFA80EFE6D,6218
CE15748A5A2091405F29E736629BCD8F,"Tritomurus veles Lukic, Houssin & Deharveng, 2010, sp. n.",Tritomurus veles,Tomoceridae,Tomoceridae,9.3979025,A new relictual and highly troglomorphic species of Tomoceridae (Collembola) from a deep Croatian cave,http://dx.doi.org/10.3897/zookeys.69.739,http://treatment.plazi.org/id/CE15748A5A2091405F29E736629BCD8F,12318
7F4F87E67627FFE4BFFDF9CB8C621966,"Tomocerus paraspinulus Gong & Qin & Yu 2018, sp. nov.",Tomocerus paraspinulus,Tomoceridae,Tomoceridae,9.139601,"Two new species of Tomocerus ocreatus group with a single large distal dental spine (Collembola, Tomoceridae)",10.11646/zootaxa.4514.2.10,http://treatment.plazi.org/id/7F4F87E67627FFE4BFFDF9CB8C621966,5140
7F4F87E67620FFE9BFFDFC348DE4186B,"Tomocerus pseudospinulus Gong & Qin & Yu 2018, sp. nov.",Tomocerus pseudospinulus,Tomoceridae,Tomoceridae,9.139601,"Two new species of Tomocerus ocreatus group with a single large distal dental spine (Collembola, Tomoceridae)",10.11646/zootaxa.4514.2.10,http://treatment.plazi.org/id/7F4F87E67620FFE9BFFDFC348DE4186B,4938
7F4F87E6762AFFE4BFFDFA4F8AE91DC8,Tomocerus ocreatus Denis 1948,Tomocerus ocreatus,Tomoceridae,Tomoceridae,9.139601,"Two new species of Tomocerus ocreatus group with a single large distal dental spine (Collembola, Tomoceridae)",10.11646/zootaxa.4514.2.10,http://treatment.plazi.org/id/7F4F87E6762AFFE4BFFDFA4F8AE91DC8,848
2B568781A6744C51E576FDDDFCBC383F,"Pogonognathellus mai Wang & Yu & Zhang 2013, sp. nov.",Pogonognathellus mai,Tomoceridae,Tomoceridae,9.139601,"Two new species of Pogonognathellus (Collembola: Tomoceridae) from China, with a discussion of East Asian species",10.1080/00222933.2012.752541,http://treatment.plazi.org/id/2B568781A6744C51E576FDDDFCBC383F,3079
2B568781A6714C5DE6E4FD21FDA93827,"Pogonognathellus heterochros Wang & Yu & Zhang 2013, sp. nov.",Pogonognathellus heterochros,Tomoceridae,Tomoceridae,9.139601,"Two new species of Pogonognathellus (Collembola: Tomoceridae) from China, with a discussion of East Asian species",10.1080/00222933.2012.752541,http://treatment.plazi.org/id/2B568781A6714C5DE6E4FD21FDA93827,4249
03C4C50EFFE9B12EFB911A55CEB5B89F,"Tomocerus tropicus Yu, Yang and Liu 2018",Tomocerus tropicus,Tomoceridae,Tomoceridae,9.139601,Unravelling the obscure homology: postembryonic development of chaetotaxic traits in a basal hexapod taxon (Collembola: Tomoceridae),10.1093/zoolinnean/zlae020,http://treatment.plazi.org/id/03C4C50EFFE9B12EFB911A55CEB5B89F,10073
03C4C50EFFE0B12DFEDC1F63CBDBBD54,"Tomocerus nan Yu, Yang and Liu 2018",Tomocerus nan,Tomoceridae,Tomoceridae,9.139601,Unravelling the obscure homology: postembryonic development of chaetotaxic traits in a basal hexapod taxon (Collembola: Tomoceridae),10.1093/zoolinnean/zlae020,http://treatment.plazi.org/id/03C4C50EFFE0B12DFEDC1F63CBDBBD54,2587
03C4C50EFFE3B12DFEEE1B31CEA4BD6B,"Tomocerus nabanensis Yu, Yang and Liu 2018",Tomocerus nabanensis,Tomoceridae,Tomoceridae,9.139601,Unravelling the obscure homology: postembryonic development of chaetotaxic traits in a basal hexapod taxon (Collembola: Tomoceridae),10.1093/zoolinnean/zlae020,http://treatment.plazi.org/id/03C4C50EFFE3B12DFEEE1B31CEA4BD6B,4023
03CA87C3FF94B019FF38FF5EFC7D2213,"Tomocerus sikkimensis Mandal, Kumari & Mandal 2024, sp. nov.",Tomocerus sikkimensis,Tomoceridae,Tomoceridae,9.139601,Description of a new species with three new records of Tomocerus Nicolet (Collembola: Tomoceridae) from India,10.61186/jibs.10.4.755,http://treatment.plazi.org/id/03CA87C3FF94B019FF38FF5EFC7D2213,3876
03CA87C3FF93B01AFFC9F9E3FB142C28,Tomocerus (Tomocerus) minor,Tomocerus minor,Tomoceridae,Tomoceridae,9.139601,Description of a new species with three new records of Tomocerus Nicolet (Collembola: Tomoceridae) from India,10.61186/jibs.10.4.755,http://treatment.plazi.org/id/03CA87C3FF93B01AFFC9F9E3FB142C28,2136
03CA87C3FF91B014FFC9FA90FB8427F6,"Tomocerus (Ocreatomurus) paraspinulus Gong, Qin & Yu 2018",Tomocerus paraspinulus,Tomoceridae,Tomoceridae,9.139601,Description of a new species with three new records of Tomocerus Nicolet (Collembola: Tomoceridae) from India,10.61186/jibs.10.4.755,http://treatment.plazi.org/id/03CA87C3FF91B014FFC9FA90FB8427F6,2035
03CA87C3FF9EB014FF39FB93FC1D2C08,"Tomocerus (Ocreatomurus) qinae Yu, Yao & Hu 2016",Tomocerus qinae,Tomoceridae,Tomoceridae,9.139601,Description of a new species with three new records of Tomocerus Nicolet (Collembola: Tomoceridae) from India,10.61186/jibs.10.4.755,http://treatment.plazi.org/id/03CA87C3FF9EB014FF39FB93FC1D2C08,2380
039987FCFFC9FF9BFF14398D6DF08B95,"Plutomurus revazi Barjadze, Baquero, Soto-Adames, Giordano & Jordana, 2016, sp. nov.",Plutomurus revazi,Tomoceridae,Tomoceridae,8.663376,"New diagnosis for species of Plutomurus Yosii (Collembola, Tomoceridae), with descriptions of two new species from Georgian caves",10.11646/zootaxa.4126.1.3,http://treatment.plazi.org/id/039987FCFFC9FF9BFF14398D6DF08B95,7019
039987FCFFC7FF96FF143D9169F28BDE,"Plutomurus eristoi Barjadze, Baquero, Soto-Adames, Giordano & Jordana, 2016, sp. nov.",Plutomurus eristoi,Tomoceridae,Tomoceridae,8.663376,"New diagnosis for species of Plutomurus Yosii (Collembola, Tomoceridae), with descriptions of two new species from Georgian caves",10.11646/zootaxa.4126.1.3,http://treatment.plazi.org/id/039987FCFFC7FF96FF143D9169F28BDE,4841
4A0C87CCAD4AFFB1B187FC58FCD0FBAB,"Plutomurus jangamensis Chang & Park 2020, sp. nov.",Plutomurus jangamensis,Tomoceridae,Tomoceridae,8.035343,"Report on a new species of Plutomurus (Collembola, Tomoceridae) from a South Korean limestone cave, with notes on its DNA barcode",10.11646/zootaxa.4718.1.9,http://treatment.plazi.org/id/4A0C87CCAD4AFFB1B187FC58FCD0FBAB,8453
03BE075BFFC4FFAE17B8F9B1FA2AB694,"Monodontocerus trigrandis Yu, Deharveng & Zhang, 2014, sp. nov.",Monodontocerus trigrandis,Tomoceridae,Tomoceridae,8.035343,New species of Monodontocerus (Collembola: Tomoceridae) from southern China with diagnostic notes on the genus and introduction of new taxonomic characters,10.11646/zootaxa.3768.5.3,http://treatment.plazi.org/id/03BE075BFFC4FFAE17B8F9B1FA2AB694,6031
03BE075BFFCDFFA717B8FBC2FF75B7D0,"Monodontocerus absens Yu, Deharveng & Zhang, 2014, sp. nov.",Monodontocerus absens,Tomoceridae,Tomoceridae,8.035343,New species of Monodontocerus (Collembola: Tomoceridae) from southern China with diagnostic notes on the genus and introduction of new taxonomic characters,10.11646/zootaxa.3768.5.3,http://treatment.plazi.org/id/03BE075BFFCDFFA717B8FBC2FF75B7D0,9061
03BE075BFFC7FFAA17B8FBBBFB8BB5CC,"Monodontocerus mulunensis Yu, Deharveng & Zhang, 2014, sp. nov.",Monodontocerus mulunensis,Tomoceridae,Tomoceridae,8.035343,New species of Monodontocerus (Collembola: Tomoceridae) from southern China with diagnostic notes on the genus and introduction of new taxonomic characters,10.11646/zootaxa.3768.5.3,http://treatment.plazi.org/id/03BE075BFFC7FFAA17B8FBBBFB8BB5CC,6289
03DEBC14AA6C4C4127CB4466E42D2761,Tomocerus similis Chen & Ma 1997,Tomocerus similis,Tomoceridae,Tomoceridae,8.035343,"Revision of Tomocerus similis Chen & Ma, with discussion of the kinoshitai complex and the distal tibiotarsal chaetae in Tomocerinae (Collembola, Tomoceridae)",10.11646/zootaxa.4268.3.5,http://treatment.plazi.org/id/03DEBC14AA6C4C4127CB4466E42D2761,6608
03DEBC14AA684C4C27CB47C3E12224E4,"Tomocerus persimilis Yu, Ding & Ma, 2017, sp. nov.",Tomocerus persimilis,Tomoceridae,Tomoceridae,8.035343,"Revision of Tomocerus similis Chen & Ma, with discussion of the kinoshitai complex and the distal tibiotarsal chaetae in Tomocerinae (Collembola, Tomoceridae)",10.11646/zootaxa.4268.3.5,http://treatment.plazi.org/id/03DEBC14AA684C4C27CB47C3E12224E4,5338
03DEBC14AA664C4F27CB4267E1F121F9,"Tomocerus dissimilis Yu, Ding & Ma, 2017, sp. nov.",Tomocerus dissimilis,Tomoceridae,Tomoceridae,8.035343,"Revision of Tomocerus similis Chen & Ma, with discussion of the kinoshitai complex and the distal tibiotarsal chaetae in Tomocerinae (Collembola, Tomoceridae)",10.11646/zootaxa.4268.3.5,http://treatment.plazi.org/id/03DEBC14AA664C4F27CB4267E1F121F9,5243
5630E96FFFD0FFA804DAF97CFE510B82,"Plutomurus jordanai Barjadze & Giordano & Soto-Adames 2020, sp. nov.",Plutomurus jordanai,Tomoceridae,Tomoceridae,7.6649084,"Description of a new species of Plutomurus Yosii (Collembola: Tomoceridae) from Georgia, Caucasus and notes on the morphology of Plutomurus birsteini Djanashvili & Barjadze",10.11646/zootaxa.4790.2.11,http://treatment.plazi.org/id/5630E96FFFD0FFA804DAF97CFE510B82,6710
F40A5E6990CBCE95C45E56B7BD20F280,"Tomocerus postantennalis Yu, Zhang & Deharveng, 2014, sp. n.",Tomocerus postantennalis,Tomoceridae,Tomoceridae,7.6649084,"A peculiar cave species of Tomocerus (Collembola, Tomoceridae, Tomocerinae) from Vietnam, with a discussion of the postantennal organ and prelabral chaetae in Tomocerinae",http://dx.doi.org/10.3897/zookeys.408.7030,http://treatment.plazi.org/id/F40A5E6990CBCE95C45E56B7BD20F280,5995
496BD62B7124F10BFD843DF5FDB69B8E,"Tomocerina annamitica Man & Deharveng 2016, sp. nov.",Tomocerina annamitica,Tomoceridae,Tomoceridae,7.4922113,"Tomoceridae (Collembola, Entomobryomorpha) from the southern Annamitic cordillera: redescription of Tomocerus ocreatus Denis, 1948 and description of a new species of Tomocerina Yosii, 1955",10.5852/ejt.2016.176,http://treatment.plazi.org/id/496BD62B7124F10BFD843DF5FDB69B8E,7132
03F0C638FFCEFFCCFDD8CF6C63EEFCC2,"Sinoncopodura nana Yu & Zhang & Deharveng 2014, sp. nov.",Sinoncopodura nana,Oncopoduridae,Oncopoduridae,61.161438,A remarkable new genus of Oncopoduridae (Collembola) from China,10.1080/00222933.2014.908968,http://treatment.plazi.org/id/03F0C638FFCEFFCCFDD8CF6C63EEFCC2,11232
03CF878BFFDEC21D2291598EFD3CACE8,Vertagopus westerlundi,Vertagopus westerlundi,Oncopoduridae,Oncopoduridae,58.501205,Catalogue des collemboles de France,10.5252/z2017n3a1,http://treatment.plazi.org/id/03CF878BFFDEC21D2291598EFD3CACE8,602
DE3DBD36FFDEDC71E3CAFB86FACAF9EA,Tetracanthella pilosa Schott 1891,Tetracanthella pilosa,Oncopoduridae,Oncopoduridae,58.467373,"Annotated checklist of the springtails (Hexapoda: Collembola) of the Collo massif, northeastern Algeria",10.5252/zoosystema2018v40a16,http://treatment.plazi.org/id/DE3DBD36FFDEDC71E3CAFB86FACAF9EA,525
03B7878BD91CE33ACFE657122021D794,"Pseudosinella grauae Seminario-Córdova & Baquero & Jordana & Vadell 2018, sp. nov.",Pseudosinella grauae,Oncopoduridae,Oncopoduridae,49.820923,"Collembola of the Campanet cave (Mallorca, Balearic Islands), with descriptions of new species of Pseudosinella (Entomobryidae) and Oncopodura (Oncopoduridae)",10.11646/zootaxa.4532.1.2,http://treatment.plazi.org/id/03B7878BD91CE33ACFE657122021D794,6674
0DE942F0F13A50969C29E2D6D831820D,"Oncopodura moghanensis Mehrafrooz Mayvan & Kovac 2024, sp. nov.",Oncopodura moghanensis,Oncopoduridae,Oncopoduridae,10.173991,"A new subterranean species of Oncopodura Carl & Lebedinsky, 1905 (Collembola, Entomobryomorpha, Oncopoduridae) from a cave in Northeastern Iran",10.3897/subtbiol.49.118293,http://treatment.plazi.org/id/0DE942F0F13A50969C29E2D6D831820D,11605
03B7878BD91AE338CFE65379204ED455,"Oncopodura siquierae Seminario-Córdova & Baquero & Jordana & Vadell 2018, sp. nov.",Oncopodura siquierae,Oncopoduridae,Oncopoduridae,9.915658,"Collembola of the Campanet cave (Mallorca, Balearic Islands), with descriptions of new species of Pseudosinella (Entomobryidae) and Oncopodura (Oncopoduridae)",10.11646/zootaxa.4532.1.2,http://treatment.plazi.org/id/03B7878BD91AE338CFE65379204ED455,5825
03B7878BD915E335CFE650962782D492,Dicyrtomina ornata,Dicyrtomina ornata,Oncopoduridae,Oncopoduridae,9.915658,"Collembola of the Campanet cave (Mallorca, Balearic Islands), with descriptions of new species of Pseudosinella (Entomobryidae) and Oncopodura (Oncopoduridae)",10.11646/zootaxa.4532.1.2,http://treatment.plazi.org/id/03B7878BD915E335CFE650962782D492,396
03B7878BD918E338CFE652F327DBD183,Entomobrya pazaristei Denis 1933,Entomobrya pazaristei,Oncopoduridae,Oncopoduridae,9.915658,"Collembola of the Campanet cave (Mallorca, Balearic Islands), with descriptions of new species of Pseudosinella (Entomobryidae) and Oncopodura (Oncopoduridae)",10.11646/zootaxa.4532.1.2,http://treatment.plazi.org/id/03B7878BD918E338CFE652F327DBD183,907
03B7878BD919E339CFE6555F205CD2A3,Disparrhopalites patrizi Cassagnau & Delamare-Deboutteville 1953,Disparrhopalites patrizi,Oncopoduridae,Oncopoduridae,9.915658,"Collembola of the Campanet cave (Mallorca, Balearic Islands), with descriptions of new species of Pseudosinella (Entomobryidae) and Oncopodura (Oncopoduridae)",10.11646/zootaxa.4532.1.2,http://treatment.plazi.org/id/03B7878BD919E339CFE6555F205CD2A3,1586
03B7878BD918E339CFE654E8213ED7BD,Coecobrya tenebricosa Folsom 1902,Coecobrya tenebricosa,Oncopoduridae,Oncopoduridae,9.915658,"Collembola of the Campanet cave (Mallorca, Balearic Islands), with descriptions of new species of Pseudosinella (Entomobryidae) and Oncopodura (Oncopoduridae)",10.11646/zootaxa.4532.1.2,http://treatment.plazi.org/id/03B7878BD918E339CFE654E8213ED7BD,3683
03B7878BD919E339CFE652FD213ED01E,Neelus murinus Folsom 1896,Neelus murinus,Oncopoduridae,Oncopoduridae,9.915658,"Collembola of the Campanet cave (Mallorca, Balearic Islands), with descriptions of new species of Pseudosinella (Entomobryidae) and Oncopodura (Oncopoduridae)",10.11646/zootaxa.4532.1.2,http://treatment.plazi.org/id/03B7878BD919E339CFE652FD213ED01E,1270
03DCB870E634FFA8FEDB2A87FA52FD9A,Tullbergia tolanara Thibaud 2008,Tullbergia tolanara,Isotogastruridae,Isotogastruridae,39.276955,Étude des collemboles des sables littoraux de la côte est de Madagascar (interstitiels terrestres),10.5252/z2015n2a4,http://treatment.plazi.org/id/03DCB870E634FFA8FEDB2A87FA52FD9A,615
0DFE1A6C23E9CF326AA6BA2F7EC63B75,"Isotogastrura trichaetosa Potapov, Bu & Gao, 2011, sp. n.",Isotogastrura trichaetosa,Isotogastruridae,Isotogastruridae,15.34738,First record of the littoral family Isotogastruridae (Collembola) in Asia,http://dx.doi.org/10.3897/zookeys.136.1666,http://treatment.plazi.org/id/0DFE1A6C23E9CF326AA6BA2F7EC63B75,6336
4444F169FFA35E2A2DB3FA8CFA20F81C,"Keratosminthurus tapigu Zeppelini & Brito & Zampaulo & Lima 2020, gen. nov.",Keratosminthurus tapigu,Sminthuridae,Sminthuridae,72.83128,A new highly dimorphic genus of Sminthuridae (Collembola: Symphypleona) from Brazil,10.11646/zootaxa.4729.1.2,http://treatment.plazi.org/id/4444F169FFA35E2A2DB3FA8CFA20F81C,8806
DE3DBD36FFDBDC74E0A7FDA4FD96FB29,Sminthurinus signatus,Sminthurinus signatus,Sminthuridae,Sminthuridae,70.385284,"Annotated checklist of the springtails (Hexapoda: Collembola) of the Collo massif, northeastern Algeria",10.5252/zoosystema2018v40a16,http://treatment.plazi.org/id/DE3DBD36FFDBDC74E0A7FDA4FD96FB29,757
03CF878BFFF9C23B21ED5A89FAA0ADE9,Stenognathellus denisi Cassagnau 1953,Stenognathellus denisi,Sminthuridae,Sminthuridae,69.95091,Catalogue des collemboles de France,10.5252/z2017n3a1,http://treatment.plazi.org/id/03CF878BFFF9C23B21ED5A89FAA0ADE9,1286
9D5A87B4FF973C5925E2FBD1FEE1FB0E,"Palaeochiridium insolitum Turbanov, Kolesnikov, Vorontsov, Shadrin, Vasilenko & Perkovsky, 2025, gen. et sp. nov.",Palaeochiridium insolitum,Sminthuridae,Sminthuridae,65.89392,"Palaeochiridiinae subfam. nov. (Arachnida: Pseudoscorpiones: Pseudochiridiidae) from mid-Cretaceous Burmese amber, with a description of new genus and species",10.11646/zootaxa.5686.4.5,http://treatment.plazi.org/id/9D5A87B4FF973C5925E2FBD1FEE1FB0E,5875
03A087CB1A61FFA3FF6CFA80FF52FB79,Katianna coeruleocephala,Katianna coeruleocephala,Sminthuridae,Sminthuridae,64.30105,"Synonymy of Katianna coeruleocephala Handschin, 1920 (Collembola: Katiannidae) with Bourletiella viridescens (Bourletiellidae)",10.11646/zootaxa.4066.1.6,http://treatment.plazi.org/id/03A087CB1A61FFA3FF6CFA80FF52FB79,5117
03DD87D0AB1BCC21FF2AFE8AFCC2FE18,"Nevadesmus ophimontis Shear, new species",Nevadesmus ophimontis,Sminthuridae,Sminthuridae,18.132225,"Cave millipeds of the United States. VIII. New genera and species of polydesmidan millipeds from caves in the southwestern United States (Diplopoda, Polydesmida, Macrosternodesmidae)",10.5281/zenodo.188725,http://treatment.plazi.org/id/03DD87D0AB1BCC21FF2AFE8AFCC2FE18,4981
C55B3707FFCBFF88FF21F9E99FA8FD69,"Anillinus uwharrie Harden and Caterino 2024, new species",Anillinus uwharrie,Sminthuridae,Sminthuridae,18.132225,"Revision of tHe eLonGatus and PecKi sPecies GrouPs of ANiLLiNus Casey, 1918 (CoLeoPtera: Carabidae: TrecHinae: AniLLini), witH four new sPecies and notes on ANiLLiNus turNeri JeanneL, 1963",10.5281/zenodo.20495316,http://treatment.plazi.org/id/C55B3707FFCBFF88FF21F9E99FA8FD69,7094
4444F169FFAB5E322DB3FF35FCC2FBE7,"Keratosminthurus calamitosus Zeppelini & Brito & Zampaulo & Lima 2020, sp. nov.",Keratosminthurus calamitosus,Sminthuridae,Sminthuridae,11.411977,A new highly dimorphic genus of Sminthuridae (Collembola: Symphypleona) from Brazil,10.11646/zootaxa.4729.1.2,http://treatment.plazi.org/id/4444F169FFAB5E322DB3FF35FCC2FBE7,9851
7031443FEADA523BA0C96D71438B8B0F,Szeptyckitheca coerulea,Szeptyckitheca coerulea,Sminthuridae,Sminthuridae,10.416267,"Revisiting Szeptyckitheca Betsch & Weiner (Collembola, Symphypleona, Sminthuridae): new species, updated diagnoses, and a key",http://dx.doi.org/10.3897/zookeys.1186.111837,http://treatment.plazi.org/id/7031443FEADA523BA0C96D71438B8B0F,1403
83ED465127EF58D0B5458BD0E72DB11D,Szeptyckitheca formosana,Szeptyckitheca formosana,Sminthuridae,Sminthuridae,10.416267,"Revisiting Szeptyckitheca Betsch & Weiner (Collembola, Symphypleona, Sminthuridae): new species, updated diagnoses, and a key",http://dx.doi.org/10.3897/zookeys.1186.111837,http://treatment.plazi.org/id/83ED465127EF58D0B5458BD0E72DB11D,1089
757DC0B62D0F5A1CB6B1B932CA82D324,"Szeptyckitheca andrzeji Medeiros, Bellini & Weiner 2023, sp. nov.",Szeptyckitheca andrzeji,Sminthuridae,Sminthuridae,10.416267,"Revisiting Szeptyckitheca Betsch & Weiner (Collembola, Symphypleona, Sminthuridae): new species, updated diagnoses, and a key",http://dx.doi.org/10.3897/zookeys.1186.111837,http://treatment.plazi.org/id/757DC0B62D0F5A1CB6B1B932CA82D324,11728
79355B19BB4B59719ACC97F04889F5B8,Szeptyckitheca boneti,Szeptyckitheca boneti,Sminthuridae,Sminthuridae,10.416267,"Revisiting Szeptyckitheca Betsch & Weiner (Collembola, Symphypleona, Sminthuridae): new species, updated diagnoses, and a key",http://dx.doi.org/10.3897/zookeys.1186.111837,http://treatment.plazi.org/id/79355B19BB4B59719ACC97F04889F5B8,1739
5C078AB1E856532EB5F209F69958BDB8,"Szeptyckitheca cyanea Oliveira, Medeiros & Bellini 2023, sp. nov.",Szeptyckitheca cyanea,Sminthuridae,Sminthuridae,10.416267,"Revisiting Szeptyckitheca Betsch & Weiner (Collembola, Symphypleona, Sminthuridae): new species, updated diagnoses, and a key",http://dx.doi.org/10.3897/zookeys.1186.111837,http://treatment.plazi.org/id/5C078AB1E856532EB5F209F69958BDB8,10454
582EBBB3A161501DB9F1CBD0BAFBB127,"Szeptyckitheca peteri Bellini & Oliveira & Weiner & Nunes & Medeiros 2023, comb. nov.",Szeptyckitheca peteri,Sminthuridae,Sminthuridae,10.416267,"Revisiting Szeptyckitheca Betsch & Weiner (Collembola, Symphypleona, Sminthuridae): new species, updated diagnoses, and a key",http://dx.doi.org/10.3897/zookeys.1186.111837,http://treatment.plazi.org/id/582EBBB3A161501DB9F1CBD0BAFBB127,1854
4ADF2244913052D886C0579DA546420B,"Szeptyckitheca kac Zeppelini, Lopes & Lima 2018",Szeptyckitheca kac,Sminthuridae,Sminthuridae,10.416267,"Revisiting Szeptyckitheca Betsch & Weiner (Collembola, Symphypleona, Sminthuridae): new species, updated diagnoses, and a key",http://dx.doi.org/10.3897/zookeys.1186.111837,http://treatment.plazi.org/id/4ADF2244913052D886C0579DA546420B,1640
3FF0ED456B995B5680990F2F80BBD53E,Szeptyckitheca implicata,Szeptyckitheca implicata,Sminthuridae,Sminthuridae,10.416267,"Revisiting Szeptyckitheca Betsch & Weiner (Collembola, Symphypleona, Sminthuridae): new species, updated diagnoses, and a key",http://dx.doi.org/10.3897/zookeys.1186.111837,http://treatment.plazi.org/id/3FF0ED456B995B5680990F2F80BBD53E,1282
52A3A105A6A159C98FC8B5C171FE297A,Szeptyckitheca spinimucronata,Szeptyckitheca spinimucronata,Sminthuridae,Sminthuridae,10.416267,"Revisiting Szeptyckitheca Betsch & Weiner (Collembola, Symphypleona, Sminthuridae): new species, updated diagnoses, and a key",http://dx.doi.org/10.3897/zookeys.1186.111837,http://treatment.plazi.org/id/52A3A105A6A159C98FC8B5C171FE297A,1748
99663B62A1735E6BAF95B11B72584C2A,Szeptyckitheca santiagoi,Szeptyckitheca santiagoi,Sminthuridae,Sminthuridae,10.416267,"Revisiting Szeptyckitheca Betsch & Weiner (Collembola, Symphypleona, Sminthuridae): new species, updated diagnoses, and a key",http://dx.doi.org/10.3897/zookeys.1186.111837,http://treatment.plazi.org/id/99663B62A1735E6BAF95B11B72584C2A,1976
CE8739D088AC526E962DB20C4A333FC4,Szeptyckitheca kesongensis Betsch & Weiner 2009,Szeptyckitheca kesongensis,Sminthuridae,Sminthuridae,10.416267,"Revisiting Szeptyckitheca Betsch & Weiner (Collembola, Symphypleona, Sminthuridae): new species, updated diagnoses, and a key",http://dx.doi.org/10.3897/zookeys.1186.111837,http://treatment.plazi.org/id/CE8739D088AC526E962DB20C4A333FC4,1745
A43C8798369754A28057911EAA3D08A7,Szeptyckitheca vanderdrifti,Szeptyckitheca vanderdrifti,Sminthuridae,Sminthuridae,10.416267,"Revisiting Szeptyckitheca Betsch & Weiner (Collembola, Symphypleona, Sminthuridae): new species, updated diagnoses, and a key",http://dx.doi.org/10.3897/zookeys.1186.111837,http://treatment.plazi.org/id/A43C8798369754A28057911EAA3D08A7,1510
8B9674074577515B8C9C5491D17ACFE7,Szeptyckitheca machadoi,Szeptyckitheca machadoi,Sminthuridae,Sminthuridae,10.416267,"Revisiting Szeptyckitheca Betsch & Weiner (Collembola, Symphypleona, Sminthuridae): new species, updated diagnoses, and a key",http://dx.doi.org/10.3897/zookeys.1186.111837,http://treatment.plazi.org/id/8B9674074577515B8C9C5491D17ACFE7,1934
80631E6BB6245BB9B30FF501B748A505,"Szeptyckitheca koreana Bellini & Oliveira & Weiner & Nunes & Medeiros 2023, comb. nov.",Szeptyckitheca koreana,Sminthuridae,Sminthuridae,10.416267,"Revisiting Szeptyckitheca Betsch & Weiner (Collembola, Symphypleona, Sminthuridae): new species, updated diagnoses, and a key",http://dx.doi.org/10.3897/zookeys.1186.111837,http://treatment.plazi.org/id/80631E6BB6245BB9B30FF501B748A505,2588
512F3FEACFAC5B28B5AD4BBE73FC8679,Szeptyckitheca nepalica,Szeptyckitheca nepalica,Sminthuridae,Sminthuridae,10.416267,"Revisiting Szeptyckitheca Betsch & Weiner (Collembola, Symphypleona, Sminthuridae): new species, updated diagnoses, and a key",http://dx.doi.org/10.3897/zookeys.1186.111837,http://treatment.plazi.org/id/512F3FEACFAC5B28B5AD4BBE73FC8679,1376
E0B3CA88DEBA599198C83E45A881594C,Szeptyckitheca mucroserrata,Szeptyckitheca mucroserrata,Sminthuridae,Sminthuridae,10.416267,"Revisiting Szeptyckitheca Betsch & Weiner (Collembola, Symphypleona, Sminthuridae): new species, updated diagnoses, and a key",http://dx.doi.org/10.3897/zookeys.1186.111837,http://treatment.plazi.org/id/E0B3CA88DEBA599198C83E45A881594C,2234
DF2C163D4D01574D8B01C1A1B5819C94,Szeptyckitheca bellingeri,Szeptyckitheca bellingeri,Sminthuridae,Sminthuridae,10.416267,"Revisiting Szeptyckitheca Betsch & Weiner (Collembola, Symphypleona, Sminthuridae): new species, updated diagnoses, and a key",http://dx.doi.org/10.3897/zookeys.1186.111837,http://treatment.plazi.org/id/DF2C163D4D01574D8B01C1A1B5819C94,1881
DAF87AE6B382546FBA8062CCD4AE2217,"Szeptyckitheca karlarum Bellini & Oliveira & Weiner & Nunes & Medeiros 2023, comb. nov.",Szeptyckitheca karlarum,Sminthuridae,Sminthuridae,10.416267,"Revisiting Szeptyckitheca Betsch & Weiner (Collembola, Symphypleona, Sminthuridae): new species, updated diagnoses, and a key",http://dx.doi.org/10.3897/zookeys.1186.111837,http://treatment.plazi.org/id/DAF87AE6B382546FBA8062CCD4AE2217,2085
052C87EDFFF58036FF15EA8EFD46F55E,"Temeritas paradoxalis Medeiros & Bellini 2019, sp. nov.",Temeritas paradoxalis,Sminthuridae,Sminthuridae,9.580367,"Two new species of Temeritas Richards (Collembola, Symphypleona, Sminthuridae) from Neotropical Region, with comments on the genus",10.11646/zootaxa.4586.3.9,http://treatment.plazi.org/id/052C87EDFFF58036FF15EA8EFD46F55E,8049
052C87EDFFFF8033FF15EC40FBCFF626,"Temeritas andreazzei Medeiros & Bellini 2019, sp. nov.",Temeritas andreazzei,Sminthuridae,Sminthuridae,9.580367,"Two new species of Temeritas Richards (Collembola, Symphypleona, Sminthuridae) from Neotropical Region, with comments on the genus",10.11646/zootaxa.4586.3.9,http://treatment.plazi.org/id/052C87EDFFFF8033FF15EC40FBCFF626,10138
03B687E7FF9CD411FF0FFD0F11EFFC11,"Janusius annulatus Kang & Lee 2005, comb. nov.",Janusius annulatus,Sminthuridae,Sminthuridae,8.450165,"A new species of Janusius Bretfeld, 2010 (Collembola, Sminthuridae) from the Korean Peninsula, with a key to the species of the genus",10.11646/zootaxa.4154.5.6,http://treatment.plazi.org/id/03B687E7FF9CD411FF0FFD0F11EFFC11,330
03B687E7FF9CD416FF0FFC471122FD1E,"Janusius geumgangensis Dányi & Park, 2016, sp. nov.",Janusius geumgangensis,Sminthuridae,Sminthuridae,8.450165,"A new species of Janusius Bretfeld, 2010 (Collembola, Sminthuridae) from the Korean Peninsula, with a key to the species of the genus",10.11646/zootaxa.4154.5.6,http://treatment.plazi.org/id/03B687E7FF9CD416FF0FFC471122FD1E,6352
E774878D7B17610FFF06FBB4D01FFCF7,"Disparrhopalites naasaveqw Wynne 2017, n. sp.",Disparrhopalites naasaveqw,Sminthuridae,Sminthuridae,7.252371,"Disparrhopalites naasaveqw n. sp. from caves at Wupatki National Monument, Arizona, synonymy of Dietersminthurus Palacios-Vargas, Cuéllar & Vázquez, 1998 with Disparrhopalites Stach, 1956 and composition of Songhaicinae (Collembola: Sminthuridae)",10.11646/zootaxa.4319.1.4,http://treatment.plazi.org/id/E774878D7B17610FFF06FBB4D01FFCF7,10678
DE3DBD36FFDADC75E3BFFAA1FAD0F8AB,Ptenothrix italica Dallai 1973,Ptenothrix italica,Katiannidae,Katiannidae,57.129078,"Annotated checklist of the springtails (Hexapoda: Collembola) of the Collo massif, northeastern Algeria",10.5252/zoosystema2018v40a16,http://treatment.plazi.org/id/DE3DBD36FFDADC75E3BFFAA1FAD0F8AB,498
039D131BFFF9FB301E8EF929FBF8B3BE,"Borgesminthurinus andinus Palacios-Vargas & Vacaflores-Argandoña 2020, gen. nov., sp. nov.",Borgesminthurinus andinus,Katiannidae,Katiannidae,13.650812,A new genus and species of Katiannidae (Collembola: Symphypleona) from Bolivia,10.11646/zootaxa.4819.2.1,http://treatment.plazi.org/id/039D131BFFF9FB301E8EF929FBF8B3BE,5236
903A2131FFCFFFF792FDFC1150CCF837,"Katianna maryae Bernard, 2014, n. sp.",Katianna maryae,Katiannidae,Katiannidae,12.459762,"Katianna maryae n. sp. (Collembola: Katiannidae), a southern Appalachian species of a Gondwanan genus",10.11646/zootaxa.3754.2.4,http://treatment.plazi.org/id/903A2131FFCFFFF792FDFC1150CCF837,10673
03AB457E0926FFB124E7F9AD3075FBF8,"Papirioides zhejiangensis Li, Chen & Li, 2007, sp. nov.",Papirioides zhejiangensis,Dicyrtomidae,Dicyrtomidae,13.650812,A new species of the genus Papirioides (Collembola: Dicyrtomidae) from China,10.5281/zenodo.177081,http://treatment.plazi.org/id/03AB457E0926FFB124E7F9AD3075FBF8,8098
03AB5E67186AD17AFF0FFD3982D316F7,"Ptenothrix koreanensis Jo & Park 2023, sp. nov.",Ptenothrix koreanensis,Dicyrtomidae,Dicyrtomidae,12.832993,"A new species of Ptenothrix Börner, 1906 (Collembola, Symphypleona, Dicyrtomidae) from South Korea",10.11646/zootaxa.5301.1.6,http://treatment.plazi.org/id/03AB5E67186AD17AFF0FFD3982D316F7,11165
266B5D55F726FFB4FF7EFC2046BEFADE,Heterosminthurus undulatus,Heterosminthurus undulatus,Bourletiellidae,Bourletiellidae,55.715416,An updated checklist of Canadian and Alaskan Collembola,10.11646/zootaxa.4592.1.1,http://treatment.plazi.org/id/266B5D55F726FFB4FF7EFC2046BEFADE,477
0D9D3124A7FA53E2A7163DC07AB1A65B,"Hyperglomeris bicaudata Likhitrakarn 2023, sp. nov.",Hyperglomeris bicaudata,Bourletiellidae,Bourletiellidae,55.116264,"Review of the pill millipede genus Hyperglomeris Silvestri, 1917 (Diplopoda, Glomerida, Glomeridae) with description of two new species from Laos",http://dx.doi.org/10.3897/zookeys.1163.103950,http://treatment.plazi.org/id/0D9D3124A7FA53E2A7163DC07AB1A65B,5944
03CF878BFFF1C23322B85EC2FAA6A8AC,Arrhopalites terricola Gisin 1958,Arrhopalites terricola,Bourletiellidae,Bourletiellidae,54.38925,Catalogue des collemboles de France,10.5252/z2017n3a1,http://treatment.plazi.org/id/03CF878BFFF1C23322B85EC2FAA6A8AC,955
F00AC45AFFB8FFF694D5FBEA4DA113F7,"Stenognathriopes (Tenentiella) janssensi Zeppelini & Silva 2012, sp. nov.",Stenognathriopes janssensi,Bourletiellidae,Bourletiellidae,13.980273,"A new Stenognathriopes (Collembola, Symphypleona, Bourletiellidae) from Brazilian coast",,http://treatment.plazi.org/id/F00AC45AFFB8FFF694D5FBEA4DA113F7,9231
1B1DB82EF4010F197CB996BC328BFD96,Adisianus undefined-1,Adisianus undefined-,Bourletiellidae,Bourletiellidae,10.430487,"The rare Adisianus Bretfeld (Collembola, Bourletiellidae): a new species from Northeastern Brazil and an identification key to the genus",10.11646/zootaxa.5632.3.10,http://treatment.plazi.org/id/1B1DB82EF4010F197CB996BC328BFD96,1290
1B1DB82EF40F0F187CB993C43377FD70,"Adisianus pinheadi Rodrigues, Medeiros, Nunes & Bellini, 2025, sp. nov.",Adisianus pinheadi,Bourletiellidae,Bourletiellidae,10.430487,"The rare Adisianus Bretfeld (Collembola, Bourletiellidae): a new species from Northeastern Brazil and an identification key to the genus",10.11646/zootaxa.5632.3.10,http://treatment.plazi.org/id/1B1DB82EF40F0F187CB993C43377FD70,12283
1D54879FFFE6FFAEFEC381CEFA94C766,"Polydiscia deuterosminthurus Baquero, Moraza & Jordana, 2003, sp. nov.",Polydiscia deuterosminthurus,Bourletiellidae,Bourletiellidae,9.926397,"A new species of Polydiscia (Acari, Prostigmata, Tanaupodidae) with reference to its host: a new species of Deuterosminthurus (Collembola, Symphypleona, Bourletiellidae)",10.5281/zenodo.156331,http://treatment.plazi.org/id/1D54879FFFE6FFAEFEC381CEFA94C766,10469
1D54879FFFEFFFA8FEC38429FC67C250,Polydiscia deuterosminthurus,Polydiscia deuterosminthurus,Bourletiellidae,Bourletiellidae,9.926397,"A new species of Polydiscia (Acari, Prostigmata, Tanaupodidae) with reference to its host: a new species of Deuterosminthurus (Collembola, Symphypleona, Bourletiellidae)",10.5281/zenodo.156331,http://treatment.plazi.org/id/1D54879FFFEFFFA8FEC38429FC67C250,7076
03CF878BFFE4C22621EE5CBBFD78A8EE,Sphyrotheca multifasciata,Sphyrotheca multifasciata,Sminthurididae,Sminthurididae,55.284607,Catalogue des collemboles de France,10.5252/z2017n3a1,http://treatment.plazi.org/id/03CF878BFFE4C22621EE5CBBFD78A8EE,501
DE3DBD36FFDBDC74E3D4FD87FAB7FBE9,Sphyrotheca lubbocki,Sphyrotheca lubbocki,Sminthurididae,Sminthurididae,54.680946,"Annotated checklist of the springtails (Hexapoda: Collembola) of the Collo massif, northeastern Algeria",10.5252/zoosystema2018v40a16,http://treatment.plazi.org/id/DE3DBD36FFDBDC74E3D4FD87FAB7FBE9,373
A742F903FF9DFFA3CAB3FDFDC19310F8,"Denisiella diomedesi Palacios-Vargas, 2007, sp. nov.",Denisiella diomedesi,Sminthurididae,Sminthurididae,53.16063,"A new species of Denisiella (Collembola: Sminthurididae) from Panama and new records for D. sexpinnata (Denis, 1938)",10.5281/zenodo.179561,http://treatment.plazi.org/id/A742F903FF9DFFA3CAB3FDFDC19310F8,4065
03E0BD5B6056FFA0FF2CFC89FE26F869,"Denisiella betschi Palacios-Vargas & Ferreira & Zeppelini 2018, sp. nov.",Denisiella betschi,Sminthurididae,Sminthurididae,50.57524,"Redefinition of Denisiella Folsom & Mills, 1938 (Collembola: Sminthurididae) with description of three new species from Brazil",10.11646/zootaxa.4434.1.7,http://treatment.plazi.org/id/03E0BD5B6056FFA0FF2CFC89FE26F869,4083
03E0BD5B605DFFBBFF2CFCACFD20FE3E,"Denisiella caatingae Palacios-Vargas & Ferreira & Zeppelini 2018, sp. nov.",Denisiella caatingae,Sminthurididae,Sminthurididae,49.80721,"Redefinition of Denisiella Folsom & Mills, 1938 (Collembola: Sminthurididae) with description of three new species from Brazil",10.11646/zootaxa.4434.1.7,http://treatment.plazi.org/id/03E0BD5B605DFFBBFF2CFCACFD20FE3E,4043
093474030C34FFA388A5F96B44CDFD73,"Denisiella colombiana Ospina & Palacios-Vargas, 2009, sp. nov.",Denisiella colombiana,Sminthurididae,Sminthurididae,49.552555,"A new Denisiella Folsom and Mills, 1938 (Collembola: Sminthurididae) from Colombia",10.5281/zenodo.189144,http://treatment.plazi.org/id/093474030C34FFA388A5F96B44CDFD73,6335
03E0BD5B6053FFACFF2CFE81FB8CFCA2,"Denisiella rhizophorae Palacios-Vargas & Ferreira & Zeppelini 2018, sp. nov.",Denisiella rhizophorae,Sminthurididae,Sminthurididae,48.505737,"Redefinition of Denisiella Folsom & Mills, 1938 (Collembola: Sminthurididae) with description of three new species from Brazil",10.11646/zootaxa.4434.1.7,http://treatment.plazi.org/id/03E0BD5B6053FFACFF2CFE81FB8CFCA2,6392
C872CB77A9965C57B90F34A0C16B8F00,"Sphaeridia piauiensis Medeiros & Bellini 2023, sp. nov.",Sphaeridia piauiensis,Sminthurididae,Sminthurididae,9.983067,"Two new species of Sminthurididae (Hexapoda, Collembola, Symphypleona) from Brazil with notes on Denisiella Folsom & Mills and Sphaeridia Linnaniemi",http://dx.doi.org/10.3897/zookeys.1173.106855,http://treatment.plazi.org/id/C872CB77A9965C57B90F34A0C16B8F00,10488
18630065BE965A79B8B75AED4A8D9A99,"Denisiella piracurucaensis Silva, Medeiros & Bellini 2023, sp. nov.",Denisiella piracurucaensis,Sminthurididae,Sminthurididae,9.983067,"Two new species of Sminthurididae (Hexapoda, Collembola, Symphypleona) from Brazil with notes on Denisiella Folsom & Mills and Sphaeridia Linnaniemi",http://dx.doi.org/10.3897/zookeys.1173.106855,http://treatment.plazi.org/id/18630065BE965A79B8B75AED4A8D9A99,9808
03CC78534874FFC2FF65FF74FB1C981F,"Troglopalites stygios Vargovitsh, 2012, sp. nov.",Troglopalites stygios,Arrhopalitidae,Arrhopalitidae,52.56688,New troglomorphic Arrhopalitidae (Collembola: Symphypleona) from the Western Caucasus,10.5281/zenodo.279882,http://treatment.plazi.org/id/03CC78534874FFC2FF65FF74FB1C981F,11500
266B5D55F721FFB3FF7EFD1F4450FC34,Pygmarrhopalites whitesidei,Pygmarrhopalites whitesidei,Arrhopalitidae,Arrhopalitidae,52.22278,An updated checklist of Canadian and Alaskan Collembola,10.11646/zootaxa.4592.1.1,http://treatment.plazi.org/id/266B5D55F721FFB3FF7EFD1F4450FC34,380
03CF878BFFF6C23522B95916FD96ADCB,Willowsia platani,Willowsia platani,Arrhopalitidae,Arrhopalitidae,50.98232,Catalogue des collemboles de France,10.5252/z2017n3a1,http://treatment.plazi.org/id/03CF878BFFF6C23522B95916FD96ADCB,751
3F328793FFAC0620FF43F920FE63AFA1,"Arrhopalites prutensis Vargovitsh & Buşmachiu, 2015, sp. nov.",Arrhopalites prutensis,Arrhopalitidae,Arrhopalitidae,47.200947,A new species and new records of Arrhopalitidae (Collembola: Symphypleona) from the Republic of Moldova,10.11646/zootaxa.3973.3.8,http://treatment.plazi.org/id/3F328793FFAC0620FF43F920FE63AFA1,13235
BA7487DEEF77FFAAFF2847D1FC850B9A,"Arrhopalites karabiensis Vargovitsh, 2009, sp. nov.",Arrhopalites karabiensis,Arrhopalitidae,Arrhopalitidae,46.44571,New Cave Arrhopalitidae (Collembola: Symphypleona) from the Crimea (Ukraine),10.5281/zenodo.186465,http://treatment.plazi.org/id/BA7487DEEF77FFAAFF2847D1FC850B9A,19638
BA7487DEEF6DFFA0FF28404AFD3109E1,"Pygmarrhopalites tauricus Vargovitsh, 2009, sp. nov.",Pygmarrhopalites tauricus,Arrhopalitidae,Arrhopalitidae,46.44571,New Cave Arrhopalitidae (Collembola: Symphypleona) from the Crimea (Ukraine),10.5281/zenodo.186465,http://treatment.plazi.org/id/BA7487DEEF6DFFA0FF28404AFD3109E1,10659
03CC7853487FFFD9FF65FCD7FCA19E73,"Arrhopalites macronyx Vargovitsh, 2012, sp. nov.",Arrhopalites macronyx,Arrhopalitidae,Arrhopalitidae,46.44571,New troglomorphic Arrhopalitidae (Collembola: Symphypleona) from the Western Caucasus,10.5281/zenodo.279882,http://treatment.plazi.org/id/03CC7853487FFFD9FF65FCD7FCA19E73,13051
8F2F2F2DA72EFF86FF1F4A3835AEFB36,"Pygmarrhopalites trisetosus Vargovitsh, 2025, sp. nov.",Pygmarrhopalites trisetosus,Arrhopalitidae,Arrhopalitidae,46.240803,"Antennal troglomorphy in Arrhopalitidae (Collembola: Symphypleona) with the description of two new cave Pygmarrhopalites Vargovitsh, 2009 species from the Arabika Massif in the Caucasus",10.11646/zootaxa.5673.4.3,http://treatment.plazi.org/id/8F2F2F2DA72EFF86FF1F4A3835AEFB36,15471
864B8791DA3C8972B08CFCF4D124FD6C,"Arrhopalites abchasicus Vargovitsh, 2013, sp. nov.",Arrhopalites abchasicus,Arrhopalitidae,Arrhopalitidae,45.864365,Cavernicolous Arrhopalites abchasicus sp. nov. (Collembola: Symphypleona: Arrhopalitidae) from the West Caucasus with a key to the World species of the genus,10.11646/zootaxa.3666.1.2,http://treatment.plazi.org/id/864B8791DA3C8972B08CFCF4D124FD6C,12250
03B12920A57BFF84C2EA8C2196A2FDF5,"Pygmarrhopalites dbari Vargovitsh, 2017, sp. nov.",Pygmarrhopalites dbari,Arrhopalitidae,Arrhopalitidae,44.568623,Two new troglobiont Pygmarrhopalites species of the principalis group (Collembola: Arrhopalitidae) from the West Caucasus,10.11646/zootaxa.4250.1.2,http://treatment.plazi.org/id/03B12920A57BFF84C2EA8C2196A2FDF5,25166
BF5E87E5D56CB76CFF6A78BDFA08FC32,"Arrhopalites glabrofasciatus Zeppelini & Brito & Lima 2018, sp. nov.",Arrhopalites glabrofasciatus,Arrhopalitidae,Arrhopalitidae,41.394222,Three new species of Collembola (Arthropoda: Hexapoda) from Central Brazilian shallow caves: side effects of long term application of environmental law on conservation,10.11646/zootaxa.4500.1.3,http://treatment.plazi.org/id/BF5E87E5D56CB76CFF6A78BDFA08FC32,10613
BA7487DEEF60FF9AFF28418FFE4509E5,"Pygmarrhopalites pseudoprincipalis Vargovitsh, 2009, sp. nov.",Pygmarrhopalites pseudoprincipalis,Arrhopalitidae,Arrhopalitidae,11.069627,New Cave Arrhopalitidae (Collembola: Symphypleona) from the Crimea (Ukraine),10.5281/zenodo.186465,http://treatment.plazi.org/id/BA7487DEEF60FF9AFF28418FFE4509E5,9320
BA7487DEEF5DFF91FF2841AAFF7C08D0,"Pygmarrhopalites principalis subsp. skelicus Vargovitsh, 2009, ssp. nov.",Pygmarrhopalites principalis,Arrhopalitidae,Arrhopalitidae,11.069627,New Cave Arrhopalitidae (Collembola: Symphypleona) from the Crimea (Ukraine),10.5281/zenodo.186465,http://treatment.plazi.org/id/BA7487DEEF5DFF91FF2841AAFF7C08D0,9474
BA7487DEEF67FFA7FF2841A9FD7B0918,"Pygmarrhopalites kaprusi Vargovitsh, 2009, sp. nov.",Pygmarrhopalites kaprusi,Arrhopalitidae,Arrhopalitidae,11.069627,New Cave Arrhopalitidae (Collembola: Symphypleona) from the Crimea (Ukraine),10.5281/zenodo.186465,http://treatment.plazi.org/id/BA7487DEEF67FFA7FF2841A9FD7B0918,9451
03CC7853486DFFC3FF65FF74FF7A9B89,Arrhopalites peculiaris Vargovitsh 2009,Arrhopalites peculiaris,Arrhopalitidae,Arrhopalitidae,11.069627,New troglomorphic Arrhopalitidae (Collembola: Symphypleona) from the Western Caucasus,10.5281/zenodo.279882,http://treatment.plazi.org/id/03CC7853486DFFC3FF65FF74FF7A9B89,468
03CC7853486CFFC2FF65FD6CFC909981,Arrhopalites karabiensis Vargovitsh 2009,Arrhopalites karabiensis,Arrhopalitidae,Arrhopalitidae,11.069627,New troglomorphic Arrhopalitidae (Collembola: Symphypleona) from the Western Caucasus,10.5281/zenodo.279882,http://treatment.plazi.org/id/03CC7853486CFFC2FF65FD6CFC909981,523
03A12C184329C15CCC831CD6B5D0FCB6,Pygmarrhopalites pavo Christiansen & Bellinger 1996,Pygmarrhopalites pavo,Arrhopalitidae,Arrhopalitidae,10.7052965,"Cave Pygmarrhopalites Vargovitsh, 2009 (Collembola, Symphypleona, Arrhopalitidae) in United States",10.5281/zenodo.189689,http://treatment.plazi.org/id/03A12C184329C15CCC831CD6B5D0FCB6,346
03A12C18432BC15ECC831833B4F4F861,Pygmarrhopalites dubius Christiansen 1966,Pygmarrhopalites dubius,Arrhopalitidae,Arrhopalitidae,10.7052965,"Cave Pygmarrhopalites Vargovitsh, 2009 (Collembola, Symphypleona, Arrhopalitidae) in United States",10.5281/zenodo.189689,http://treatment.plazi.org/id/03A12C18432BC15ECC831833B4F4F861,595
03A12C18432DC158CC831D7EB272F82A,"Pygmarrhopalites shoshoneiensis Zeppelini, Taylor & Slay, 2009, sp. nov.",Pygmarrhopalites shoshoneiensis,Arrhopalitidae,Arrhopalitidae,10.7052965,"Cave Pygmarrhopalites Vargovitsh, 2009 (Collembola, Symphypleona, Arrhopalitidae) in United States",10.5281/zenodo.189689,http://treatment.plazi.org/id/03A12C18432DC158CC831D7EB272F82A,2943
03A12C184321C15ACC831812B68CF9CA,"Pygmarrhopalites youngsteadtii Zeppelini, Taylor & Slay, 2009, sp. nov.",Pygmarrhopalites youngsteadtii,Arrhopalitidae,Arrhopalitidae,10.7052965,"Cave Pygmarrhopalites Vargovitsh, 2009 (Collembola, Symphypleona, Arrhopalitidae) in United States",10.5281/zenodo.189689,http://treatment.plazi.org/id/03A12C184321C15ACC831812B68CF9CA,3514
03A12C184329C15CCC831ED0B39DFEFC,Pygmarrhopalites hirtus Christiansen 1966,Pygmarrhopalites hirtus,Arrhopalitidae,Arrhopalitidae,10.7052965,"Cave Pygmarrhopalites Vargovitsh, 2009 (Collembola, Symphypleona, Arrhopalitidae) in United States",10.5281/zenodo.189689,http://treatment.plazi.org/id/03A12C184329C15CCC831ED0B39DFEFC,397
03A12C18432BC15ECC831B5BB640F9C4,Arrhopalites caecus Tullberg 1871,Arrhopalites caecus,Arrhopalitidae,Arrhopalitidae,10.7052965,"Cave Pygmarrhopalites Vargovitsh, 2009 (Collembola, Symphypleona, Arrhopalitidae) in United States",10.5281/zenodo.189689,http://treatment.plazi.org/id/03A12C18432BC15ECC831B5BB640F9C4,404
03A12C184323C154CC8318BAB307FA22,"Pygmarrhopalites plethorasari Zeppelini, Taylor & Slay, 2009, sp. nov.",Pygmarrhopalites plethorasari,Arrhopalitidae,Arrhopalitidae,10.7052965,"Cave Pygmarrhopalites Vargovitsh, 2009 (Collembola, Symphypleona, Arrhopalitidae) in United States",10.5281/zenodo.189689,http://treatment.plazi.org/id/03A12C184323C154CC8318BAB307FA22,3024
03A12C184329C143CC831D89B60BFF06,Pygmarrhopalites pygmaeus Wankel 1860,Pygmarrhopalites pygmaeus,Arrhopalitidae,Arrhopalitidae,10.7052965,"Cave Pygmarrhopalites Vargovitsh, 2009 (Collembola, Symphypleona, Arrhopalitidae) in United States",10.5281/zenodo.189689,http://treatment.plazi.org/id/03A12C184329C143CC831D89B60BFF06,2662
03A12C184329C15CCC831F38B57FFDEE,Pygmarrhopalites lewisi Christiansen & Bellinger 1998,Pygmarrhopalites lewisi,Arrhopalitidae,Arrhopalitidae,10.7052965,"Cave Pygmarrhopalites Vargovitsh, 2009 (Collembola, Symphypleona, Arrhopalitidae) in United States",10.5281/zenodo.189689,http://treatment.plazi.org/id/03A12C184329C15CCC831F38B57FFDEE,499
03A12C184324C156CC831D85B374F979,"Pygmarrhopalites leonardwoodensis Zeppelini, Taylor & Slay, 2009, sp. nov.",Pygmarrhopalites leonardwoodensis,Arrhopalitidae,Arrhopalitidae,10.7052965,"Cave Pygmarrhopalites Vargovitsh, 2009 (Collembola, Symphypleona, Arrhopalitidae) in United States",10.5281/zenodo.189689,http://treatment.plazi.org/id/03A12C184324C156CC831D85B374F979,5930
03A12C18432BC15ECC831ED0B5C1FB1C,"Pygmarrhopalites ashcraftensis Zeppelini, Taylor & Slay, 2009, sp. nov.",Pygmarrhopalites ashcraftensis,Arrhopalitidae,Arrhopalitidae,10.7052965,"Cave Pygmarrhopalites Vargovitsh, 2009 (Collembola, Symphypleona, Arrhopalitidae) in United States",10.5281/zenodo.189689,http://treatment.plazi.org/id/03A12C18432BC15ECC831ED0B5C1FB1C,2483
03A12C18432FC158CC831829B6B7FD28,"Pygmarrhopalites buffaloensis Zeppelini, Taylor & Slay, 2009, sp. nov.",Pygmarrhopalites buffaloensis,Arrhopalitidae,Arrhopalitidae,10.7052965,"Cave Pygmarrhopalites Vargovitsh, 2009 (Collembola, Symphypleona, Arrhopalitidae) in United States",10.5281/zenodo.189689,http://treatment.plazi.org/id/03A12C18432FC158CC831829B6B7FD28,2310
03EDEE28521C6F51FE9EFBECFC3D2105,Arrhopalites octacanthus Yosii 1970,Arrhopalites octacanthus,Arrhopalitidae,Arrhopalitidae,8.474064,"The genus Arrhopalites (Collembola, Arrhopalitidae) in Asia, with the description of two new Japanese species of Yosiis collection",10.11646/zootaxa.430.1.1,http://treatment.plazi.org/id/03EDEE28521C6F51FE9EFBECFC3D2105,1453
03EDEE28521D6F50FE9EFECCFB36225D,Arrhopalites uenoi Yosii 1956,Arrhopalites uenoi,Arrhopalitidae,Arrhopalitidae,8.474064,"The genus Arrhopalites (Collembola, Arrhopalitidae) in Asia, with the description of two new Japanese species of Yosiis collection",10.11646/zootaxa.430.1.1,http://treatment.plazi.org/id/03EDEE28521D6F50FE9EFECCFB36225D,1380
03EDEE2852106F5DFE9EFECCFDF42405,Arrhopalites nanjingensis Lin & Chen 1997,Arrhopalites nanjingensis,Arrhopalitidae,Arrhopalitidae,8.474064,"The genus Arrhopalites (Collembola, Arrhopalitidae) in Asia, with the description of two new Japanese species of Yosiis collection",10.11646/zootaxa.430.1.1,http://treatment.plazi.org/id/03EDEE2852106F5DFE9EFECCFDF42405,504
03EDEE2852126F5FFE9EFAA6FDF42087,Arrhopalites carpathicus Vargovich. Finally 1999,Arrhopalites carpathicus,Arrhopalitidae,Arrhopalitidae,8.474064,"The genus Arrhopalites (Collembola, Arrhopalitidae) in Asia, with the description of two new Japanese species of Yosiis collection",10.11646/zootaxa.430.1.1,http://treatment.plazi.org/id/03EDEE2852126F5FFE9EFAA6FDF42087,518
03EDEE28521F6F52FE9EFCC1FD2420E5,Arrhopalites japonicus Yosii 1956,Arrhopalites japonicus,Arrhopalitidae,Arrhopalitidae,8.474064,"The genus Arrhopalites (Collembola, Arrhopalitidae) in Asia, with the description of two new Japanese species of Yosiis collection",10.11646/zootaxa.430.1.1,http://treatment.plazi.org/id/03EDEE28521F6F52FE9EFCC1FD2420E5,1645
03EDEE2852136F5EFE9EF9C6FDF62115,Arrhopalites kolymensis Tshelnokov 1990,Arrhopalites kolymensis,Arrhopalitidae,Arrhopalitidae,8.474064,"The genus Arrhopalites (Collembola, Arrhopalitidae) in Asia, with the description of two new Japanese species of Yosiis collection",10.11646/zootaxa.430.1.1,http://treatment.plazi.org/id/03EDEE2852136F5EFE9EF9C6FDF62115,521
03EDEE2852186F54FE9EFB5CFDBE27F2,Arrhopalites alticola Yosii 1970,Arrhopalites alticola,Arrhopalitidae,Arrhopalitidae,8.474064,"The genus Arrhopalites (Collembola, Arrhopalitidae) in Asia, with the description of two new Japanese species of Yosiis collection",10.11646/zootaxa.430.1.1,http://treatment.plazi.org/id/03EDEE2852186F54FE9EFB5CFDBE27F2,1603
03EDEE2852196F53FE9EF9F5FDFF22BA,"Arrhopalites ezoensis Zeppelini 2004, sp. n.",Arrhopalites ezoensis,Arrhopalitidae,Arrhopalitidae,8.474064,"The genus Arrhopalites (Collembola, Arrhopalitidae) in Asia, with the description of two new Japanese species of Yosiis collection",10.11646/zootaxa.430.1.1,http://treatment.plazi.org/id/03EDEE2852196F53FE9EF9F5FDFF22BA,2259
03EDEE28521E6F52FE9EFAFCFCC524B2,Arrhopalites habei Yosii 1956,Arrhopalites habei,Arrhopalitidae,Arrhopalitidae,8.474064,"The genus Arrhopalites (Collembola, Arrhopalitidae) in Asia, with the description of two new Japanese species of Yosiis collection",10.11646/zootaxa.430.1.1,http://treatment.plazi.org/id/03EDEE28521E6F52FE9EFAFCFCC524B2,1717
03EDEE2852106F5DFE9EFA34FDF4214D,Arrhopalites ruseki Nosek 1975,Arrhopalites ruseki,Arrhopalitidae,Arrhopalitidae,8.474064,"The genus Arrhopalites (Collembola, Arrhopalitidae) in Asia, with the description of two new Japanese species of Yosiis collection",10.11646/zootaxa.430.1.1,http://treatment.plazi.org/id/03EDEE2852106F5DFE9EFA34FDF4214D,477
03EDEE2852106F5DFE9EFB89FDF523DA,Arrhopalites pukouensis Wu & Christiansen 1997,Arrhopalites pukouensis,Arrhopalitidae,Arrhopalitidae,8.474064,"The genus Arrhopalites (Collembola, Arrhopalitidae) in Asia, with the description of two new Japanese species of Yosiis collection",10.11646/zootaxa.430.1.1,http://treatment.plazi.org/id/03EDEE2852106F5DFE9EFB89FDF523DA,472
03EDEE2852136F5EFE9EFECCFDF7225D,Arrhopalites changbaishanensis Wu & Zhong. Other 1997,Arrhopalites changbaishanensis,Arrhopalitidae,Arrhopalitidae,8.474064,"The genus Arrhopalites (Collembola, Arrhopalitidae) in Asia, with the description of two new Japanese species of Yosiis collection",10.11646/zootaxa.430.1.1,http://treatment.plazi.org/id/03EDEE2852136F5EFE9EFECCFDF7225D,959
03EDEE28521D6F5FFE9EFB6AFEEB2512,"Arrhopalites yosii Zeppelini 2004, sp. n.",Arrhopalites yosii,Arrhopalitidae,Arrhopalitidae,8.474064,"The genus Arrhopalites (Collembola, Arrhopalitidae) in Asia, with the description of two new Japanese species of Yosiis collection",10.11646/zootaxa.430.1.1,http://treatment.plazi.org/id/03EDEE28521D6F5FFE9EFB6AFEEB2512,2394
03EDEE28521F6F51FE9EF934FD1725AA,Arrhopalites minutus Yosii 1970,Arrhopalites minutus,Arrhopalitidae,Arrhopalitidae,8.474064,"The genus Arrhopalites (Collembola, Arrhopalitidae) in Asia, with the description of two new Japanese species of Yosiis collection",10.11646/zootaxa.430.1.1,http://treatment.plazi.org/id/03EDEE28521F6F51FE9EF934FD1725AA,1578
03EDEE2852106F5DFE9EFD1EFDF62257,Arrhopalites nivalis Yosii 1966,Arrhopalites nivalis,Arrhopalitidae,Arrhopalitidae,8.474064,"The genus Arrhopalites (Collembola, Arrhopalitidae) in Asia, with the description of two new Japanese species of Yosiis collection",10.11646/zootaxa.430.1.1,http://treatment.plazi.org/id/03EDEE2852106F5DFE9EFD1EFDF62257,473
03EDEE2852126F5FFE9EFC14FDA6236D,Arrhopalites anulifer Nayrolles 1990,Arrhopalites anulifer,Arrhopalitidae,Arrhopalitidae,8.474064,"The genus Arrhopalites (Collembola, Arrhopalitidae) in Asia, with the description of two new Japanese species of Yosiis collection",10.11646/zootaxa.430.1.1,http://treatment.plazi.org/id/03EDEE2852126F5FFE9EFC14FDA6236D,531
03EDEE2852136F5EFE9EFB56FDF423A5,Arrhopalites gul Yosii 1966,Arrhopalites gul,Arrhopalitidae,Arrhopalitidae,8.474064,"The genus Arrhopalites (Collembola, Arrhopalitidae) in Asia, with the description of two new Japanese species of Yosiis collection",10.11646/zootaxa.430.1.1,http://treatment.plazi.org/id/03EDEE2852136F5EFE9EFB56FDF423A5,460
03EDEE2852196F54FE9EFE09FB2A23E7,Arrhopalites antrobius: Yosii 1967,Arrhopalites antrobius,Arrhopalitidae,Arrhopalitidae,8.474064,"The genus Arrhopalites (Collembola, Arrhopalitidae) in Asia, with the description of two new Japanese species of Yosiis collection",10.11646/zootaxa.430.1.1,http://treatment.plazi.org/id/03EDEE2852196F54FE9EFE09FB2A23E7,1696
1E61975CFFE80A6FFF0EFF5AD8922839,"Arrhopalites colchicus Vargovitsh, 2025, sp. nov.",Arrhopalites colchicus,Arrhopalitidae,Arrhopalitidae,8.474064,"Arrhopalites colchicus sp. nov. (Collembola: Symphypleona: Arrhopalitidae), the third highly troglomorphic species of the genus from the Caucasus",10.11646/zootaxa.5632.1.8,http://treatment.plazi.org/id/1E61975CFFE80A6FFF0EFF5AD8922839,13824
03C387C2FFE0FFC3FE9C40A6A9C03196,Arrhopalites caecus Tullberg,Arrhopalites caecus,Arrhopalitidae,Arrhopalitidae,7.8597546,"The genus Arrhopalites Börner, 1906 (Collembola, Appendiciphora, Arrhopalitidae) in the Neotropical Region, with description of four new cave species from Brazil",10.5281/zenodo.171788,http://treatment.plazi.org/id/03C387C2FFE0FFC3FE9C40A6A9C03196,714
03C387C2FFE2FFC7FE9C4309AE8B3226,Arrhopalites pygmaeus Wankel,Arrhopalites pygmaeus,Arrhopalitidae,Arrhopalitidae,7.8597546,"The genus Arrhopalites Börner, 1906 (Collembola, Appendiciphora, Arrhopalitidae) in the Neotropical Region, with description of four new cave species from Brazil",10.5281/zenodo.171788,http://treatment.plazi.org/id/03C387C2FFE2FFC7FE9C4309AE8B3226,762
03C387C2FFEAFFCDFE9C4373AE2D3576,"Arrhopalites heteroculatus Zeppelini, 2006, sp. n.",Arrhopalites heteroculatus,Arrhopalitidae,Arrhopalitidae,7.8597546,"The genus Arrhopalites Börner, 1906 (Collembola, Appendiciphora, Arrhopalitidae) in the Neotropical Region, with description of four new cave species from Brazil",10.5281/zenodo.171788,http://treatment.plazi.org/id/03C387C2FFEAFFCDFE9C4373AE2D3576,2478
03C387C2FFECFFCFFE9C4086AC5C3446,"Arrhopalites botuveraensis Zeppelini, 2006, sp. n.",Arrhopalites botuveraensis,Arrhopalitidae,Arrhopalitidae,7.8597546,"The genus Arrhopalites Börner, 1906 (Collembola, Appendiciphora, Arrhopalitidae) in the Neotropical Region, with description of four new cave species from Brazil",10.5281/zenodo.171788,http://treatment.plazi.org/id/03C387C2FFECFFCFFE9C4086AC5C3446,2247
03C387C2FFF0FFD5FE9C433BA98732F6,Arrhopalites gnaspinii Palacios-Vargas & Zeppelini 1995,Arrhopalites gnaspinii,Arrhopalitidae,Arrhopalitidae,7.8597546,"The genus Arrhopalites Börner, 1906 (Collembola, Appendiciphora, Arrhopalitidae) in the Neotropical Region, with description of four new cave species from Brazil",10.5281/zenodo.171788,http://treatment.plazi.org/id/03C387C2FFF0FFD5FE9C433BA98732F6,4832
03C387C2FFF4FFD5FE9C47B6A9CF3619,Arrhopalites amorimi Palacios-Vargas & Zeppelini 1995,Arrhopalites amorimi,Arrhopalitidae,Arrhopalitidae,7.8597546,"The genus Arrhopalites Börner, 1906 (Collembola, Appendiciphora, Arrhopalitidae) in the Neotropical Region, with description of four new cave species from Brazil",10.5281/zenodo.171788,http://treatment.plazi.org/id/03C387C2FFF4FFD5FE9C47B6A9CF3619,1757
03C387C2FFE2FFC3FE9C4176AE5A3599,Arrhopalites diversus Mills 1934,Arrhopalites diversus,Arrhopalitidae,Arrhopalitidae,7.8597546,"The genus Arrhopalites Börner, 1906 (Collembola, Appendiciphora, Arrhopalitidae) in the Neotropical Region, with description of four new cave species from Brazil",10.5281/zenodo.171788,http://treatment.plazi.org/id/03C387C2FFE2FFC3FE9C4176AE5A3599,580
03C387C2FFE6FFC7FE9C435EAF713706,Arrhopalites plectrifer Huther 1963,Arrhopalites plectrifer,Arrhopalitidae,Arrhopalitidae,7.8597546,"The genus Arrhopalites Börner, 1906 (Collembola, Appendiciphora, Arrhopalitidae) in the Neotropical Region, with description of four new cave species from Brazil",10.5281/zenodo.171788,http://treatment.plazi.org/id/03C387C2FFE6FFC7FE9C435EAF713706,470
03C387C2FFFFFFDFFE9C4793AF09376D,"Arrhopalites christianseni Zeppelini, 2006, n. comb.",Arrhopalites christianseni,Arrhopalitidae,Arrhopalitidae,7.8597546,"The genus Arrhopalites Börner, 1906 (Collembola, Appendiciphora, Arrhopalitidae) in the Neotropical Region, with description of four new cave species from Brazil",10.5281/zenodo.171788,http://treatment.plazi.org/id/03C387C2FFFFFFDFFE9C4793AF09376D,2061
03C387C2FFE2FFC3FE9C471BAF0133BB,Arrhopalites harveyi Denis 1933,Arrhopalites harveyi,Arrhopalitidae,Arrhopalitidae,7.8597546,"The genus Arrhopalites Börner, 1906 (Collembola, Appendiciphora, Arrhopalitidae) in the Neotropical Region, with description of four new cave species from Brazil",10.5281/zenodo.171788,http://treatment.plazi.org/id/03C387C2FFE2FFC3FE9C471BAF0133BB,559
03C387C2FFDBFFFAFE9C445BAEFC332B,Arrhopalites benitus Folsom,Arrhopalites benitus,Arrhopalitidae,Arrhopalitidae,7.8597546,"The genus Arrhopalites Börner, 1906 (Collembola, Appendiciphora, Arrhopalitidae) in the Neotropical Region, with description of four new cave species from Brazil",10.5281/zenodo.171788,http://treatment.plazi.org/id/03C387C2FFDBFFFAFE9C445BAEFC332B,752
03C387C2FFDBFFFAFE9C46E6AEFC3576,Arrhopalites bellingeri Christiansen 1966,Arrhopalites bellingeri,Arrhopalitidae,Arrhopalitidae,7.8597546,"The genus Arrhopalites Börner, 1906 (Collembola, Appendiciphora, Arrhopalitidae) in the Neotropical Region, with description of four new cave species from Brazil",10.5281/zenodo.171788,http://treatment.plazi.org/id/03C387C2FFDBFFFAFE9C46E6AEFC3576,600
03C387C2FFE6FFC7FE9C411EAE8935B9,Arrhopalites dubius Christiansen 1966,Arrhopalites dubius,Arrhopalitidae,Arrhopalitidae,7.8597546,"The genus Arrhopalites Börner, 1906 (Collembola, Appendiciphora, Arrhopalitidae) in the Neotropical Region, with description of four new cave species from Brazil",10.5281/zenodo.171788,http://treatment.plazi.org/id/03C387C2FFE6FFC7FE9C411EAE8935B9,548
03C387C2FFE6FFC7FE9C47D6AE5A3466,Arrhopalites amarus Christiansen 1966,Arrhopalites amarus,Arrhopalitidae,Arrhopalitidae,7.8597546,"The genus Arrhopalites Börner, 1906 (Collembola, Appendiciphora, Arrhopalitidae) in the Neotropical Region, with description of four new cave species from Brazil",10.5281/zenodo.171788,http://treatment.plazi.org/id/03C387C2FFE6FFC7FE9C47D6AE5A3466,608
03C387C2FFE9FFC8FE9C46A1A93B377E,Arrhopalites vazquezae Palacios-Vargas & Zeppelini 1995,Arrhopalites vazquezae,Arrhopalitidae,Arrhopalitidae,7.8597546,"The genus Arrhopalites Börner, 1906 (Collembola, Appendiciphora, Arrhopalitidae) in the Neotropical Region, with description of four new cave species from Brazil",10.5281/zenodo.171788,http://treatment.plazi.org/id/03C387C2FFE9FFC8FE9C46A1A93B377E,1477
03C387C2FFFCFFDEFE9C4061A9D5321E,"Arrhopalites wallacei Zeppelini, 2006, n. comb.",Arrhopalites wallacei,Arrhopalitidae,Arrhopalitidae,7.8597546,"The genus Arrhopalites Börner, 1906 (Collembola, Appendiciphora, Arrhopalitidae) in the Neotropical Region, with description of four new cave species from Brazil",10.5281/zenodo.171788,http://treatment.plazi.org/id/03C387C2FFFCFFDEFE9C4061A9D5321E,1554
03C387C2FFEEFFC1FE9C4196A8073356,"Arrhopalites paranaensis Zeppelini, 2006, sp. n.",Arrhopalites paranaensis,Arrhopalitidae,Arrhopalitidae,7.8597546,"The genus Arrhopalites Börner, 1906 (Collembola, Appendiciphora, Arrhopalitidae) in the Neotropical Region, with description of four new cave species from Brazil",10.5281/zenodo.171788,http://treatment.plazi.org/id/03C387C2FFEEFFC1FE9C4196A8073356,2337
03C387C2FFF0FFD1FE9C445BAC4A3566,"Arrhopalites papaveroi Zeppelini, 2006, n.comb.",Arrhopalites papaveroi,Arrhopalitidae,Arrhopalitidae,7.8597546,"The genus Arrhopalites Börner, 1906 (Collembola, Appendiciphora, Arrhopalitidae) in the Neotropical Region, with description of four new cave species from Brazil",10.5281/zenodo.171788,http://treatment.plazi.org/id/03C387C2FFF0FFD1FE9C445BAC4A3566,1738
03C387C2FFF6FFC8FE9C445BAC6833E6,Arrhopalites lawrencei Palacios-Vargas & Zeppelini 1995,Arrhopalites lawrencei,Arrhopalitidae,Arrhopalitidae,7.8597546,"The genus Arrhopalites Börner, 1906 (Collembola, Appendiciphora, Arrhopalitidae) in the Neotropical Region, with description of four new cave species from Brazil",10.5281/zenodo.171788,http://treatment.plazi.org/id/03C387C2FFF6FFC8FE9C445BAC6833E6,1381
03C387C2FFE0FFC1FE9C46DBAF6235EB,Arrhopalites millsi Delamare & Massoud,Arrhopalites millsi,Arrhopalitidae,Arrhopalitidae,7.8597546,"The genus Arrhopalites Börner, 1906 (Collembola, Appendiciphora, Arrhopalitidae) in the Neotropical Region, with description of four new cave species from Brazil",10.5281/zenodo.171788,http://treatment.plazi.org/id/03C387C2FFE0FFC1FE9C46DBAF6235EB,577
03C387C2FFEBFFCBFE9C4426AF0E352E,"Arrhopalites alambariensis Zeppelini, 2006, sp. n.",Arrhopalites alambariensis,Arrhopalitidae,Arrhopalitidae,7.8597546,"The genus Arrhopalites Börner, 1906 (Collembola, Appendiciphora, Arrhopalitidae) in the Neotropical Region, with description of four new cave species from Brazil",10.5281/zenodo.171788,http://treatment.plazi.org/id/03C387C2FFEBFFCBFE9C4426AF0E352E,2286
03C387C2FFFAFFDDFE9C43FEAFFD34A6,"Arrhopalites hennigii Zeppelini, 2006, n. comb.",Arrhopalites hennigii,Arrhopalitidae,Arrhopalitidae,7.8597546,"The genus Arrhopalites Börner, 1906 (Collembola, Appendiciphora, Arrhopalitidae) in the Neotropical Region, with description of four new cave species from Brazil",10.5281/zenodo.171788,http://treatment.plazi.org/id/03C387C2FFFAFFDDFE9C43FEAFFD34A6,2153
4D2B7E2EFFBAED704ED4FD96FAFF32B1,"Arrhopalites persicus Vargovitsh & Kahrarian 2020, sp. nov.",Arrhopalites persicus,Arrhopalitidae,Arrhopalitidae,7.6743097,"A new species of Arrhopalites Börner, 1906 (Collembola, Symphypleona, Arrhopalitidae) from Iran with an updated key to A. diversus group of species",10.11646/zootaxa.4759.3.2,http://treatment.plazi.org/id/4D2B7E2EFFBAED704ED4FD96FAFF32B1,9553
418B71061BFB5A4791C91053FD32A87F,"Arrhopalites brevicornis Godeiro & Zhang & Bellini 2022, sp. nov.",Arrhopalites brevicornis,Arrhopalitidae,Arrhopalitidae,7.6743097,"A new species of Arrhopalites Boerner (Collembola, Symphypleona, Arrhopalitidae) from China, with a key to the Asian species of the caecus group",http://dx.doi.org/10.3897/zookeys.1102.81247,http://treatment.plazi.org/id/418B71061BFB5A4791C91053FD32A87F,13449
8F2F2F2DA735FF85FF1F4CB1377FFAA6,Pygmarrhopalites sericus,Pygmarrhopalites sericus,Arrhopalitidae,Arrhopalitidae,7.328492,"Antennal troglomorphy in Arrhopalitidae (Collembola: Symphypleona) with the description of two new cave Pygmarrhopalites Vargovitsh, 2009 species from the Arabika Massif in the Caucasus",10.11646/zootaxa.5673.4.3,http://treatment.plazi.org/id/8F2F2F2DA735FF85FF1F4CB1377FFAA6,2980
8F2F2F2DA727FF9EFF1F4A163540FC32,"Pygmarrhopalites arbaicus Vargovitsh, 2025, sp. nov.",Pygmarrhopalites arbaicus,Arrhopalitidae,Arrhopalitidae,7.328492,"Antennal troglomorphy in Arrhopalitidae (Collembola: Symphypleona) with the description of two new cave Pygmarrhopalites Vargovitsh, 2009 species from the Arabika Massif in the Caucasus",10.11646/zootaxa.5673.4.3,http://treatment.plazi.org/id/8F2F2F2DA727FF9EFF1F4A163540FC32,16002
DE3DBD36FFDBDC7BE3E3F9E0FD86FC28,Sphaeridia pumilis,Sphaeridia pumilis,Neelidae,Neelidae,54.364964,"Annotated checklist of the springtails (Hexapoda: Collembola) of the Collo massif, northeastern Algeria",10.5252/zoosystema2018v40a16,http://treatment.plazi.org/id/DE3DBD36FFDBDC7BE3E3F9E0FD86FC28,446
DEA8E63A4481B322F5E78861E67246F4,"Spinaethorax tonoius Palacios-Vargas & Sanchez 1999, comb. n.",Spinaethorax tonoius,Neelidae,Neelidae,53.34433,A new genus of Neelidae (Collembola) from Mexican caves,http://dx.doi.org/10.3897/zookeys.569.5984,http://treatment.plazi.org/id/DEA8E63A4481B322F5E78861E67246F4,3441
752287812A4CF97B2EFB8CFAFEE9AF77,Megalothorax sanctistephani Christian 1998,Megalothorax sanctistephani,Neelidae,Neelidae,49.987617,"Investigation on the origin of the “ nose ” in the genus Megalothorax Willem, 1900 (Neelidae, Collembola) by the means of integrative taxonomy",10.11646/zootaxa.5590.2.3,http://treatment.plazi.org/id/752287812A4CF97B2EFB8CFAFEE9AF77,7564
2DB6BA5AC5D079424DF75AD2C74C893A,"Megalothorax sanguineus Schneider, Porco & Deharveng, 2016, sp. n.",Megalothorax sanguineus,Neelidae,Neelidae,49.29058,"Two new Megalothorax species of the minimus group (Collembola, Neelidae)",http://dx.doi.org/10.3897/zookeys.554.6069,http://treatment.plazi.org/id/2DB6BA5AC5D079424DF75AD2C74C893A,14392
ADEE91046267A35124EC122FCB879B3F,"Megalothorax potapovi Schneider, Porco & Deharveng, 2016, sp. n.",Megalothorax potapovi,Neelidae,Neelidae,49.29058,"Two new Megalothorax species of the minimus group (Collembola, Neelidae)",http://dx.doi.org/10.3897/zookeys.554.6069,http://treatment.plazi.org/id/ADEE91046267A35124EC122FCB879B3F,12926
F8468796FF92FFE0FD855DAAFAD537C0,"Spinaethorax adamantis Schneider & Deharveng & Umr & Umr 2017, sp. nov.",Spinaethorax adamantis,Neelidae,Neelidae,48.52372,"First record of the genus Spinaethorax Papáč & Palacios-Vargas, 2016 (Collembola, Neelipleona, Neelidae) in Asia, with a new species from a Vietnamese cave",10.5852/ejt.2017.363,http://treatment.plazi.org/id/F8468796FF92FFE0FD855DAAFAD537C0,15884
3545FC68FFF1FFC8A691FEB7C35CABBC,Neelus fimbriatus Bretfeld & Trinklein 2000,Neelus fimbriatus,Neelidae,Neelidae,11.661235,"Redescription of Neelus fimbriatus Bretfeld & Trinklein, 2000 (Collembola: Neelidae) from Colombia",10.11646/zootaxa.4527.3.10,http://treatment.plazi.org/id/3545FC68FFF1FFC8A691FEB7C35CABBC,11551
03EF9B26975AFFBCFF0825BFF8CEF87E,Megalothorax perspicillum Schneider & D'Haese 2013,Megalothorax perspicillum,Neelidae,Neelidae,11.661235,Morphogenesis of small springtails species from the genus Megalothorax (Collembola: Neelidae),10.11646/zootaxa.5722.1.5,http://treatment.plazi.org/id/03EF9B26975AFFBCFF0825BFF8CEF87E,3362
03EF9B26975EFFB6FF0821DBF86CFE40,Megalothorax bokovae Panina & Potapov 2025,Megalothorax bokovae,Neelidae,Neelidae,11.661235,Morphogenesis of small springtails species from the genus Megalothorax (Collembola: Neelidae),10.11646/zootaxa.5722.1.5,http://treatment.plazi.org/id/03EF9B26975EFFB6FF0821DBF86CFE40,6749
0C0C6C18FFBEFF8B7C43FE2AFABAFC10,"Megalothorax calvignacensis Panina, Bedos, Deharveng & Schneider, 2026, sp. nov.",Megalothorax calvignacensis,Neelidae,Neelidae,11.661235,Three new species of the genus Megalothorax (Collembola: Neelidae) from France,10.5852/ejt.2026.1034.3153,http://treatment.plazi.org/id/0C0C6C18FFBEFF8B7C43FE2AFABAFC10,6827
0C0C6C18FFBAFF877C33FC0CFDEFFA11,"Megalothorax cellarincola Panina, Bedos, Deharveng & Schneider, 2026, sp. nov.",Megalothorax cellarincola,Neelidae,Neelidae,11.661235,Three new species of the genus Megalothorax (Collembola: Neelidae) from France,10.5852/ejt.2026.1034.3153,http://treatment.plazi.org/id/0C0C6C18FFBAFF877C33FC0CFDEFFA11,7762
0389879EFFDFCA4D34AAFF16FF2BF93D,"Megalothorax roseus Panina & Babenko & Potapov 2022, sp. nov.",Megalothorax roseus,Neelidae,Neelidae,11.301137,Two new « nosed » species of the genus Megalothorax (Collembola: Neelidae) from Russia,10.11646/zootaxa.5188.4.6,http://treatment.plazi.org/id/0389879EFFDFCA4D34AAFF16FF2BF93D,7588
0389879EFFDACA4334AAFF16FC4AFB72,"Megalothorax processus Panina & Babenko & Potapov 2022, sp. nov.",Megalothorax processus,Neelidae,Neelidae,11.301137,Two new « nosed » species of the genus Megalothorax (Collembola: Neelidae) from Russia,10.11646/zootaxa.5188.4.6,http://treatment.plazi.org/id/0389879EFFDACA4334AAFF16FC4AFB72,7532
03FC6644DC422C76FF79F8746E17FAAB,Megalothorax incertus Borner 1903,Megalothorax incertus,Neelidae,Neelidae,9.292475,"Revision of Megalothorax incertus Börner, 1903 reveals it to be another widespread Palearctic species of the genus (Collembola, Neelidae)",10.11646/zootaxa.5318.4.2,http://treatment.plazi.org/id/03FC6644DC422C76FF79F8746E17FAAB,7500
03FC6644DC482C7BFF79FE5C6E4DFD06,Megalothorax incertus Borner 1903,Megalothorax incertus,Neelidae,Neelidae,9.292475,"Revision of Megalothorax incertus Börner, 1903 reveals it to be another widespread Palearctic species of the genus (Collembola, Neelidae)",10.11646/zootaxa.5318.4.2,http://treatment.plazi.org/id/03FC6644DC482C7BFF79FE5C6E4DFD06,793
03FC6644DC452C7AFF79FA446A54FA47,"Megalothorax boerneri Schneider & Panina 2023, sp. nov.",Megalothorax boerneri,Neelidae,Neelidae,9.292475,"Revision of Megalothorax incertus Börner, 1903 reveals it to be another widespread Palearctic species of the genus (Collembola, Neelidae)",10.11646/zootaxa.5318.4.2,http://treatment.plazi.org/id/03FC6644DC452C7AFF79FA446A54FA47,5137
03FC6644DC492C7BFF79F9EB6FC7FEEA,Megalothorax perspicillum Schneider & D'Haese 2013,Megalothorax perspicillum,Neelidae,Neelidae,9.292475,"Revision of Megalothorax incertus Börner, 1903 reveals it to be another widespread Palearctic species of the genus (Collembola, Neelidae)",10.11646/zootaxa.5318.4.2,http://treatment.plazi.org/id/03FC6644DC492C7BFF79F9EB6FC7FEEA,1574
752287812A4DF97D2EFB8909FADAAF5F,Megalothorax processus Panina & Potapov 2022,Megalothorax processus,Neelidae,Neelidae,8.843384,"Investigation on the origin of the “ nose ” in the genus Megalothorax Willem, 1900 (Neelidae, Collembola) by the means of integrative taxonomy",10.11646/zootaxa.5590.2.3,http://treatment.plazi.org/id/752287812A4DF97D2EFB8909FADAAF5F,1154
752287812A46F97D2EFB89A7FB79AD3F,"Megalothorax bokovae Panina & Potapov & Rumak & Schneider 2025, sp. nov.",Megalothorax bokovae,Neelidae,Neelidae,8.843384,"Investigation on the origin of the “ nose ” in the genus Megalothorax Willem, 1900 (Neelidae, Collembola) by the means of integrative taxonomy",10.11646/zootaxa.5590.2.3,http://treatment.plazi.org/id/752287812A46F97D2EFB89A7FB79AD3F,6083
01379830FFFA5071E0E90FE6BF78D6D5,"Megalothorax tasmanterolenis Schneider & Minor & D’Haese 2023, sp. nov.",Megalothorax tasmanterolenis,Neelidae,Neelidae,8.245635,"A new group of species of the genus Megalothorax (Collembola, Neelidae) with Gondwanan distribution, and introducing an open interactive identification key of Megalothorax species",10.11646/zootaxa.5228.2.1,http://treatment.plazi.org/id/01379830FFFA5071E0E90FE6BF78D6D5,5482
01379830FFF25077E0E90FA9BF62D550,Megalothorax rubidus Salmon 1946,Megalothorax rubidus,Neelidae,Neelidae,8.245635,"A new group of species of the genus Megalothorax (Collembola, Neelidae) with Gondwanan distribution, and introducing an open interactive identification key of Megalothorax species",10.11646/zootaxa.5228.2.1,http://treatment.plazi.org/id/01379830FFF25077E0E90FA9BF62D550,1372
01379830FFF45076E0E90970BD8DD156,"Megalothorax zealanterolenis Schneider & Minor & D’Haese 2023, sp. nov.",Megalothorax zealanterolenis,Neelidae,Neelidae,8.245635,"A new group of species of the genus Megalothorax (Collembola, Neelidae) with Gondwanan distribution, and introducing an open interactive identification key of Megalothorax species",10.11646/zootaxa.5228.2.1,http://treatment.plazi.org/id/01379830FFF45076E0E90970BD8DD156,8413
01379830FFFE507EE0E90BF7BD9DD419,"Megalothorax anterolenis Schneider & Minor & D’Haese 2023, sp. nov.",Megalothorax anterolenis,Neelidae,Neelidae,8.245635,"A new group of species of the genus Megalothorax (Collembola, Neelidae) with Gondwanan distribution, and introducing an open interactive identification key of Megalothorax species",10.11646/zootaxa.5228.2.1,http://treatment.plazi.org/id/01379830FFFE507EE0E90BF7BD9DD419,9282
01379830FFFE507BE0E90CDFBF48D235,Megalothorax anterolenis Schneider & Minor & D’Haese 2023,Megalothorax anterolenis,Neelidae,Neelidae,8.245635,"A new group of species of the genus Megalothorax (Collembola, Neelidae) with Gondwanan distribution, and introducing an open interactive identification key of Megalothorax species",10.11646/zootaxa.5228.2.1,http://treatment.plazi.org/id/01379830FFFE507BE0E90CDFBF48D235,309
C2C10B38AC375B2982BE4D52133532B3,"Coenaletes colombianus Palacios-Vargas, Arango & Ojeda 2026, sp. nov.",Coenaletes colombianus,Coenaletidae,Coenaletidae,10.877907,"One new obligate commensal species of Coenaletes (Collembola, Coenaletidae) from the hermit crab Coenobita compressus (Crustacea, Coenobitidae) from Colombia",10.3897/zookeys.1293.206618,http://treatment.plazi.org/id/C2C10B38AC375B2982BE4D52133532B3,6962
E2598797FFB3FFD8FF485F69FBA159EA,Supella eocenica Anisyutkin et Perkovsky 2023,Supella eocenica,,Collembola new species,63.219826,"New data on the genus Supella Shelford, 1911 (Dictyoptera: Pseudophyllodromiidae) with description of female of S. eocenica Anisyutkin et Perkovsky, 2023 from Rovno amber",10.11646/zootaxa.5448.3.7,http://treatment.plazi.org/id/E2598797FFB3FFD8FF485F69FBA159EA,4771
03C5112FFFE8FFACFF02FAF0FF7251D1,"Culicoides burmiticus Szadziewski, sp. nov.",Culicoides burmiticus,,Collembola new species,59.21664,Haematophagous biting midges of the extant genus Culicoides Latreille (Diptera: Ceratopogonidae) evolved during the mid-Cretaceous,10.11646/zootaxa.4688.4.5,http://treatment.plazi.org/id/03C5112FFFE8FFACFF02FAF0FF7251D1,1601
AE318780FF90700A8204FCEDFD2FF667,"Desoria calderonis Valle & Cucini & Nardi & Caccianiga & Gobbi & Musciano & Carapelli & Ficetola & Guerrieri & Fanciulli 2021, sp. nov.",Desoria calderonis,,Collembola new species,58.639885,"Desoria calderonis sp. nov., a new species of alpine cryophilic springtail (Collembola: Isotomidae) from the Apennines (Italy), with phylogenetic and ecological considerations",10.5852/ejt.2021.787.1599,http://treatment.plazi.org/id/AE318780FF90700A8204FCEDFD2FF667,12574
038287F63C5A415DCB7018F8FA6BFDF1,"Americanura najtae Arango & Villagomez & Palacios-Vargas 2017, n. sp.",Americanura najtae,,Collembola new species,58.40102,"On the genus Americanura Cassagnau, 1983 (Collembola: Neanuridae: Sensillanurini) with description of a new Mexican species and complement to the description of A. mexicana Cassagnau, 1983",10.5252/z2017n1a6,http://treatment.plazi.org/id/038287F63C5A415DCB7018F8FA6BFDF1,4371
571BD6721B5AFF93B8DCFDBBFE0DFA1A,"Telmatophilus sidorchukae Lyubarsky & Perkovsky, 2020, sp.n.",Telmatophilus sidorchukae,,Collembola new species,57.66449,First Rovno amber species of the genus Telmatophilus (Coleoptera: Clavicornia: Cryptophagidae) from Veselukha floodplain,10.15298/invertzool.17.1.03,http://treatment.plazi.org/id/571BD6721B5AFF93B8DCFDBBFE0DFA1A,4027
6F20573334283A06CC8AFD3F44F3FC5B,"Salina zhangi Bellini & Cipola 2017, sp. nov.",Salina zhangi,,Collembola new species,57.49873,"The Neotropical genera of Paronellinae (Collembola, Entomobryoidea, Paronellidae) with description of two new species and redescription of Campylothorax mitrai",10.11646/zootaxa.4300.2.1,http://treatment.plazi.org/id/6F20573334283A06CC8AFD3F44F3FC5B,7028
5D332F5C2440FF9315CBFBF1FEE4F930,Xylocoris (Xylocoris) cursitans,Xylocoris cursitans,,Collembola new species,57.479713,Updated catalogue of Iranian Anthocoridae (Hemiptera: Heteroptera: Cimicomorpha),10.11646/zootaxa.4311.4.1,http://treatment.plazi.org/id/5D332F5C2440FF9315CBFBF1FEE4F930,967
03D64A58D23DFFAF1CC0FB2066B89B8C,"Burmempheria densuschaetae Li, Wang & Yao 2020",Burmempheria densuschaetae,,Collembola new species,57.08869,First record of fossil psocodeans in copula from mid-Cretaceous Burmese amber,10.11646/zootaxa.5396.1.13,http://treatment.plazi.org/id/03D64A58D23DFFAF1CC0FB2066B89B8C,8376
C25A8912FFE7FFA72CFB998F98E7E582,"Cupes balticus Yamamoto 2024, sp. n.",Cupes balticus,,Collembola new species,56.96416,A new fossil species of the reticulated beetle genus Cupes (Coleoptera: Archostemata: Cupedidae) from Eocene Baltic amber,10.11646/zootaxa.5432.4.1,http://treatment.plazi.org/id/C25A8912FFE7FFA72CFB998F98E7E582,10208
886F87EC37099F07FF10FEA623DB619A,"Lepidocyrtus tomosvaryi Winkler & Traser, 2012, sp. nov.",Lepidocyrtus tomosvaryi,,Collembola new species,56.756874,"Explanation of the European Lepidocyrtus pallidus – serbicus group (Collembola, Entomobryidae), with description of new species from Hungary",10.5281/zenodo.211003,http://treatment.plazi.org/id/886F87EC37099F07FF10FEA623DB619A,8323
03AC8794FF85303AC98AFF43FCD98730,"Nereivelia polhemorum Man & Murphy 2011, new species",Nereivelia polhemorum,,Collembola new species,56.73227,"Guide To The Aquatic Heteroptera Of Singapore And Peninsular Malaysia. 6. Mesoveliidae, With Description Of A New Nereivelia Species From Singapore",10.5281/zenodo.10106810,http://treatment.plazi.org/id/03AC8794FF85303AC98AFF43FCD98730,6582
6F20573334383A1BCC8AFC6643AEF91D,"Trogolaphysa ernesti Bellini & Cipola 2017, sp. nov.",Trogolaphysa ernesti,,Collembola new species,56.711285,"The Neotropical genera of Paronellinae (Collembola, Entomobryoidea, Paronellidae) with description of two new species and redescription of Campylothorax mitrai",10.11646/zootaxa.4300.2.1,http://treatment.plazi.org/id/6F20573334383A1BCC8AFC6643AEF91D,7986
F07D525F1B3D5ED18F61F19DE43D5D0E,"Acheroxenylla lipsae Palacios-Vargas 2020, sp. nov.",Acheroxenylla lipsae,,Collembola new species,56.538567,"Acheroxenylla (Collembola, Hypogastruridae), first record from the Americas with description of a new species from a Peruvian cave",http://dx.doi.org/10.3897/subtbiol.34.50673,http://treatment.plazi.org/id/F07D525F1B3D5ED18F61F19DE43D5D0E,9394
03986E15FFD64B0A0E814EBCFAF4FBA9,"Trochoideus koenigsbergicus Alekseev & Tomaszewska 2018, sp. nov.",Trochoideus koenigsbergicus,,Collembola new species,56.46454,"New handsome fungus beetles (Coleoptera: Coccinelloidea: Anamorphidae, Endomychidae) from European amber of the Upper Eocene",10.26879/832,http://treatment.plazi.org/id/03986E15FFD64B0A0E814EBCFAF4FBA9,4914
DA6387B5C73D0D22FF14FF04FE14FBBA,Strumigenys arizonica,Strumigenys arizonica,,Collembola new species,56.440086,"The ant genus Strumigenys Smith, 1860 (Hymenoptera: Formicidae) in western North America North of Mexico",10.11646/zootaxa.5061.2.1,http://treatment.plazi.org/id/DA6387B5C73D0D22FF14FF04FE14FBBA,2346
BC1CE4587542737F65E2FC3C857FF8F4,"Tribasodites deharvengi Yin and Li, new species",Tribasodites deharvengi,,Collembola new species,56.269497,"Discovery in the caves of Guangxi, China: three new troglobitic species of Tribasodites Jeannel (Coleoptera, Staphylinidae, Pselaphinae)",10.5281/zenodo.201598,http://treatment.plazi.org/id/BC1CE4587542737F65E2FC3C857FF8F4,2257
03D08791FFFCFFCAFD89FA3CFC5EFE1F,"Callyntrura (Japonphysa) mitrai Mandal & Mandal & Mazumdar & Kar 2026, sp. nov.",Callyntrura mitrai,,Collembola new species,56.11692,"Two new species of Callyntrura Börner (Collembola: Entomobryidae), with redescription of Callyntrura (Handschinphysa) escheri Handschin, and a new record of Collembola from India",10.11646/zootaxa.5828.1.4,http://treatment.plazi.org/id/03D08791FFFCFFCAFD89FA3CFC5EFE1F,3785
03FE87FBD23BFFA5FF07F9B1FD3CF85C,"Tachycampa clemenciae Sendra & Garcia, new species",Tachycampa clemenciae,,Collembola new species,55.98539,New Species of Campodeidae (Diplura) from Mexican caves,10.11646/zootaxa.4072.5.2,http://treatment.plazi.org/id/03FE87FBD23BFFA5FF07F9B1FD3CF85C,2859
885D511BFF991152FDD9FECFFD6FF893,"Willowsia christianseni Chang 2018, sp. nov.",Willowsia christianseni,,Collembola new species,55.582973,"Three new species of Willowsia (Collembola: Entomobryidae) from Guizhou Province, China",10.5852/ejt.2018.470,http://treatment.plazi.org/id/885D511BFF991152FDD9FECFFD6FF893,4137
03F787D9FF8FFFDE27AE3B26FB9CF857,"Arlea judithnajtae Bernard 2017, n. sp.",Arlea judithnajtae,,Collembola new species,55.27454,"Arlea judithnajtae n. sp. (Collembola: Isotomidae), a temperate North American member of a Gondwanan genus",10.5252/z2017n1a10,http://treatment.plazi.org/id/03F787D9FF8FFFDE27AE3B26FB9CF857,7482
975D1509FFB3735937312C9F8042EA37,"Friesea mirceai Aspe & James 2017, sp. nov.",Friesea mirceai,,Collembola new species,54.978897,"Pheretima baracatanensis Aspe & amp; James 2017, new species",10.5281/zenodo.5453267,http://treatment.plazi.org/id/975D1509FFB3735937312C9F8042EA37,4335
03BF042CFFA4B7733A41F894FD31F0A0,Hypogastrura papillata Gisin 1949,Hypogastrura papillata,,Collembola new species,54.81826,"A faunistic study of springtails (Hexapoda, Collembola) from Hezarjirib forests (Neka, Mazandaran) with three new records of Iran",10.52547/jibs.8.3.395,http://treatment.plazi.org/id/03BF042CFFA4B7733A41F894FD31F0A0,315
03BF042CFFAFB7783AB1FE20FC90F536,Folsomia trisetata Jordana & Ardanaz 1981,Folsomia trisetata,,Collembola new species,54.79341,"A faunistic study of springtails (Hexapoda, Collembola) from Hezarjirib forests (Neka, Mazandaran) with three new records of Iran",10.52547/jibs.8.3.395,http://treatment.plazi.org/id/03BF042CFFAFB7783AB1FE20FC90F536,359
03BF042CFFA1B7763AB1FE61FB3AF5BE,Lepidocyrtus bicoloris Mateos 2012,Lepidocyrtus bicoloris,,Collembola new species,54.628555,"A faunistic study of springtails (Hexapoda, Collembola) from Hezarjirib forests (Neka, Mazandaran) with three new records of Iran",10.52547/jibs.8.3.395,http://treatment.plazi.org/id/03BF042CFFA1B7763AB1FE61FB3AF5BE,523
DE3DBD36FFDCDC73E16DFE64FD1FFD08,Folsomia penicula Bagnall 1939,Folsomia penicula,,Collembola new species,54.39118,"Annotated checklist of the springtails (Hexapoda: Collembola) of the Collo massif, northeastern Algeria",10.5252/zoosystema2018v40a16,http://treatment.plazi.org/id/DE3DBD36FFDCDC73E16DFE64FD1FFD08,436
03AF87A0404BFFD461CEFB797BE3EAB5,"Willemia tondoh Zon, Bedos & D'Haese, 2015, sp. nov.",Willemia tondoh,,Collembola new species,54.289288,Phylogeny of the genus Willemia (Collembola: Hypogastruridae) and biogeography of the W. buddenbrocki - group with description of a new species from Ivory Coast (western Africa),10.11646/zootaxa.3980.2.4,http://treatment.plazi.org/id/03AF87A0404BFFD461CEFB797BE3EAB5,3741
011B87E9FF8E6558FF60C7ADFDAFBF37,"Entomobrya driesseni Jordana & Greenslade 2020, sp. nov.",Entomobrya driesseni,,Collembola new species,54.13449,"Biogeographical and ecological insights from Australasian faunas: the megadiverse collembolan genus, Entomobrya (Entomobryidae)",10.11646/zootaxa.4770.1.1,http://treatment.plazi.org/id/011B87E9FF8E6558FF60C7ADFDAFBF37,3158
59248786B06BFFE01AEEFE78FB7BB73D,"Sensillanura marimutti Smolis, Arango, Bernard & Palacios-Vargas, 2026, sp. nov.",Sensillanura marimutti,,Collembola new species,54.119915,"Taxonomy and phylogeny of the genus Sensillanura Deharveng, 1981 (Collembola: Neanuridae: Neanurinae) with description of six new species from the Southern Appalachian Mountains of North America",10.11646/zootaxa.5741.3.1,http://treatment.plazi.org/id/59248786B06BFFE01AEEFE78FB7BB73D,3757
03E5878DFFCAFFAEFFAEF8118426F92A,Collembola sampling,Collembola sampling,,Collembola new species,54.086067,Contribution to the knowledge of Entomobryomorpha (Hexapoda: Collembola) from Northeastern Iran with new records and a key to the species,10.52547/jibs.8.2.151,http://treatment.plazi.org/id/03E5878DFFCAFFAEFFAEF8118426F92A,475
0394ED212C6EFF8BFF727E84FEC7FB37,"Goriresina fungifora Matalin & Perkovsky & Vasilenko 2021, new species",Goriresina fungifora,,Collembola new species,54.036774,"First record of tiger beetles (Coleoptera, Cicindelidae) from Rovno amber, with the description of a new genus and species",10.11646/zootaxa.5016.2.5,http://treatment.plazi.org/id/0394ED212C6EFF8BFF727E84FEC7FB37,3642
038106260C61717F18C0FEB8FC5346C6,Amilenus deltshevi Dunlop & Mitov 2009,Amilenus deltshevi,,Collembola new species,53.986195,Harvestmen (Arachnida: Opiliones) in Eocene Rovno amber (Ukraine),10.11646/zootaxa.4984.1.6,http://treatment.plazi.org/id/038106260C61717F18C0FEB8FC5346C6,2052
266B5D55F70FFF9DFF7EFA7F4502F93D,Tomolonus reductus Mills 1948,Tomolonus reductus,,Collembola new species,53.8672,An updated checklist of Canadian and Alaskan Collembola,10.11646/zootaxa.4592.1.1,http://treatment.plazi.org/id/266B5D55F70FFF9DFF7EFA7F4502F93D,469
F43387DF6B39FF9EB48C3EAEFE2CEADD,"Willowsia mitrai Verma, Mandal G. P. & Mandal P. 2026, sp. nov.",Willowsia mitrai,,Collembola new species,53.79673,"Two new species of Willowsia Shoebotham, 1917 (Collembola: Entomobryidae) from Arunachal Pradesh, India",10.11646/zootaxa.5837.3.6,http://treatment.plazi.org/id/F43387DF6B39FF9EB48C3EAEFE2CEADD,4533
03A8241AFFB9F77DF2C8FE23EAF7D616,"Helcophorus (Thibeteros) ekaterinae Kazantsev et Perkovsky, sp. nov.",Helcophorus ekaterinae,,Collembola new species,53.62124,"Imprint of a Helcophorus Fairmaire, 1881: the first net-winged beetle (Coleoptera Lycidae) from Rovno amber",10.11646/zootaxa.5128.1.4,http://treatment.plazi.org/id/03A8241AFFB9F77DF2C8FE23EAF7D616,2402
596FA515FFA9FFB56D96C588FD6FF809,"Amelyris (Asymelyris) paucidentatus Tshernyshev, Alekseev, Bukejs, Vasilenko, Legalov & Perkovsky, sp. nov.",Amelyris paucidentatus,,Collembola new species,53.581665,"First record of the family Melyridae (Coleoptera: Cleroidea) in late Eocene European ambers with description of a new tribe, a new genus and seven new species",10.11646/zootaxa.5696.4.5,http://treatment.plazi.org/id/596FA515FFA9FFB56D96C588FD6FF809,6277
03AEC0405D6CFF8EFF4DF95F4D9FF813,"Seira harena Godeiro & Bellini, 2014, sp. nov.",Seira harena,,Collembola new species,53.47562,"Three new species of Seira Lubbock (Collembola, Entomobryidae) from Caatinga Domain, northeastern Brazil",10.11646/zootaxa.3764.2.2,http://treatment.plazi.org/id/03AEC0405D6CFF8EFF4DF95F4D9FF813,7990
112687CAFFA0FFAF69EFEAE3FC98FBC8,"Lepidocyrtoides hopkini Bellini 2017, sp. nov.",Lepidocyrtoides hopkini,,Collembola new species,53.31774,"The discovery of Lepidocyrtoides Schött, 1917 (Collembola, Entomobryidae, Entomobryinae) from the New World, including three new species from Brazil and one from Australia",10.11646/zootaxa.4324.2.2,http://treatment.plazi.org/id/112687CAFFA0FFAF69EFEAE3FC98FBC8,8249
711C87BC2506956EFF3FB79EFEFB86F8,Notiophilus semistriatus Say 1823,Notiophilus semistriatus,,Collembola new species,53.25487,"The ground beetles (Coleoptera: Carabidae) of the Maritime Provinces of Canada: review of collecting, new records, and observations on composition, zoogeography, and historical origins",10.5281/zenodo.273915,http://treatment.plazi.org/id/711C87BC2506956EFF3FB79EFEFB86F8,430
03E61F409351FFBA62C4FAC9DAE6F931,Agrenia atroviridis Fjellberg 1986,Agrenia atroviridis,,Collembola new species,53.13358,"Review of Agrenia Börner, 1906 with descriptions of four new species from North America (Collembola, Isotomidae)",10.5281/zenodo.275389,http://treatment.plazi.org/id/03E61F409351FFBA62C4FAC9DAE6F931,572
03FB87A5FFE2FF8C08FA51A2FCF9FDA0,"Oligaphorura arnei Paśnik & Kaprus’ 2019, sp. nov.",Oligaphorura arnei,,Collembola new species,52.997833,"A new species of Oligaphorura Bagnall, 1949 (Collembola: Onychiuridae) from Alaska",10.11646/zootaxa.4712.2.8,http://treatment.plazi.org/id/03FB87A5FFE2FF8C08FA51A2FCF9FDA0,3838
984587CDFF88FF9BFF1EFA7B7A8FC5B9,"Anurida abashiriensis Babenko & Nakamori 2018, sp. nov.",Anurida abashiriensis,,Collembola new species,52.973606,"Two new littoral species of the genus Anurida Laboulbène, 1865 (Collembola, Neanuridae) from the Pacific coast of Asia",10.11646/zootaxa.4425.3.10,http://treatment.plazi.org/id/984587CDFF88FF9BFF1EFA7B7A8FC5B9,7963
03AF87BCFF96320935D0FA06FD51D6ED,"Kalanura babenkoi Smolis 2007, sp. nov.",Kalanura babenkoi,,Collembola new species,52.898643,"Kalanura-a new genus of Neanurini (Collembola, Neanuridae, Neanurinae) from Siberia, with description of four new species",10.11646/zootaxa.1511.1.1,http://treatment.plazi.org/id/03AF87BCFF96320935D0FA06FD51D6ED,5299
038187D3FFFEFFAEFF27FF3DFA3EAA55,"Arrhopalites potapovi Vargovitsh, 2015, sp. nov.",Arrhopalites potapovi,,Collembola sp. nov.,17.257643,"Arrhopalites potapovi sp. nov. (Collembola, Symphypleona) from Russia",10.11646/zootaxa.3955.1.5,http://treatment.plazi.org/id/038187D3FFFEFFAEFF27FF3DFA3EAA55,13052
03AD7107FF2593C4FEDCFAA92AB7F9F8,Macropophora worontzowi Lane 1938,Macropophora worontzowi,,Collembola sp. nov.,15.55273,Catalogue of the Cerambycidae (Coleoptera) of the Neotropical Region. Part II. Subfamily Lamiinae,10.11646/zootaxa.946.1.1,http://treatment.plazi.org/id/03AD7107FF2593C4FEDCFAA92AB7F9F8,389
761AFD59005FFFB804CCFB9BFD5A6392,"Oligaphorura tatianae Shveenkova & Babenko 2022, sp. nov.",Oligaphorura tatianae,,Collembola sp. nov.,14.935793,Three new Oligaphorura species (Collembola: Onychiuridae) of the marcuzzii-group from the Caucasus,10.11646/zootaxa.5116.4.6,http://treatment.plazi.org/id/761AFD59005FFFB804CCFB9BFD5A6392,5075
03EA87B2FF9AFFCFFF26FF01FAE79B2D,Lepidocyrtus (Lepidocyrtus) curvicollis Bourlet 1839,Lepidocyrtus curvicollis,,Collembola redescription,55.32402,An annotated checklist of the Collembolan fauna of Thailand,10.11646/zootaxa.4169.2.4,http://treatment.plazi.org/id/03EA87B2FF9AFFCFFF26FF01FAE79B2D,481
03AF87C9FFAD157331BF334FE2F4FE84,Isotomiella minor Schaffer 1896,Isotomiella minor,,Collembola redescription,53.63961,Redescription of Isotomiella alulu and I. delamarei (Collembola: Isotomidae) with notes on the systematics of the genus and new records from the Neotropics,10.5281/zenodo.183085,http://treatment.plazi.org/id/03AF87C9FFAD157331BF334FE2F4FE84,422
03D387B8FFCAAC529CABA351C4D91C15,Proisotoma ramosi Arle 1959,Proisotoma ramosi,,Collembola redescription,50.96461,"Redescription of Proisotoma ramosi Arlé, 1959 from Brazil (Collembola: Isotomidae) with designation of the neotype",10.5281/zenodo.194467,http://treatment.plazi.org/id/03D387B8FFCAAC529CABA351C4D91C15,7127
03AF87C9FFAB157E31BF3787E521FED4,Isotomiella alulu Christiansen & Bellinger 1992,Isotomiella alulu,,Collembola redescription,49.350456,Redescription of Isotomiella alulu and I. delamarei (Collembola: Isotomidae) with notes on the systematics of the genus and new records from the Neotropics,10.5281/zenodo.183085,http://treatment.plazi.org/id/03AF87C9FFAB157E31BF3787E521FED4,8881
03C28785FF8B2A24FF10CB4EFD27AFFC,"Nothobrya arlei Silveira & Mendonça, 2016, sp.nov.",Nothobrya arlei,,Collembola redescription,49.343246,New species of Nothobrya (Collembola: Entomobryidae) from Southeast Brazil,10.1590/S1984-4689zool-20160126,http://treatment.plazi.org/id/03C28785FF8B2A24FF10CB4EFD27AFFC,7122
03C587AED567FF83D8D1FDEABAEA45CA,Folsomotoma octooculata,Folsomotoma octooculata,,Collembola redescription,49.17201,Redescription and neotype designation of the Antarctic springtail Folsomotoma octooculata (Collembola: Isotomidae),10.11646/zootaxa.4392.2.11,http://treatment.plazi.org/id/03C587AED567FF83D8D1FDEABAEA45CA,9689
03E46678FFD84B71FF82F956FBA60D7D,Stenaphorura japygiformis Absolon 1900,Stenaphorura japygiformis,,Collembola redescription,48.549717,"The enigma of the genus Stenaphorura Absolon, 1900 (Collembola, Tullbergiinae)",10.5281/zenodo.193252,http://treatment.plazi.org/id/03E46678FFD84B71FF82F956FBA60D7D,6666
03B7AD03FFA4FF98EDBCFBD082B9FAA4,Friesea handschini Kseneman 1938,Friesea handschini,,Collembola redescription,47.94491,"Redescription of Friesea handschini Kseneman, 1938 (Collembola, Neanuridae) with notes on intraspecific variability of the species",10.5281/zenodo.198089,http://treatment.plazi.org/id/03B7AD03FFA4FF98EDBCFBD082B9FAA4,12567
0E45486FFF83FFA0FF20F9EE66F3FD92,Seira pallidipes Reuter 1895,Seira pallidipes,,Collembola redescription,47.879807,"Redescription of Seira pallidipes Reuter, 1895 and its synonymization with Seira pillichi Stach, 1930 (Collembola, Entomobryidae, Seirini)",10.11646/zootaxa.4312.3.5,http://treatment.plazi.org/id/0E45486FFF83FFA0FF20F9EE66F3FD92,15783
4E324D2AFFB27D1FFF0BBF43EB3CB235,Deuteraphorura pseudobosnaria Dallai 1970,Deuteraphorura pseudobosnaria,,Collembola redescription,47.42727,A new cave species of Deuteraphorura (Collembola: Onychiuridae) and redescription of four species of the genus from Italy,10.5281/zenodo.197776,http://treatment.plazi.org/id/4E324D2AFFB27D1FFF0BBF43EB3CB235,17510
504DC64DFFF89414FF25FB63FD3CFEC7,"Heteromurus (Verhoeffiella) gamae Lukić, Porco, Bedos & Deharveng, 2015, sp. nov.",Heteromurus gamae,,Collembola redescription,46.83932,"The puzzling distribution of Heteromurus (Verhoeffiella) absoloni Kseneman, 1938 (Collembola: Entomobryidae: Heteromurinae) resolved: detailed redescription of the nominal species and description of a new species from Catalonia (Spain)",10.11646/zootaxa.4039.2.3,http://treatment.plazi.org/id/504DC64DFFF89414FF25FB63FD3CFEC7,11667
038A87F82C137F45C8B1F938FE5AFE12,Isotopenola australis Womersley 1934,Isotopenola australis,,Collembola redescription,46.663677,Taxonomy of the Proisotoma complex. II. A revision of the genus Subisotoma and a description of Isotopenola gen. nov. (Collembola: Isotomidae),10.5281/zenodo.191990,http://treatment.plazi.org/id/038A87F82C137F45C8B1F938FE5AFE12,6977
883C87CAFFD35950AFAE51908249A042,"Pseudosinella dungeri Winkler & Mateos 2018, sp. nov.",Pseudosinella dungeri,,Collembola redescription,46.273224,"New species of Pseudosinella Schäffer, 1897 (Collembola, Entomobryidae) from Hungary",10.11646/zootaxa.4382.2.7,http://treatment.plazi.org/id/883C87CAFFD35950AFAE51908249A042,7624
03B13638FF97FFD71DBF41B626F8F8D9,Salina wolcotti Folsom 1927,Salina wolcotti,,Collembola redescription,44.85174,"Review of the New World species of Salina (Collembola: Paronellidae) with bidentate mucro, including a key to all New World members of Salina",10.5281/zenodo.193142,http://treatment.plazi.org/id/03B13638FF97FFD71DBF41B626F8F8D9,6533
BF05878D2322FFE8FF49896BFB31C836,"Pseudachorutes aleksandrae Babenko & Kuznetsova & Nakamori & Shveenkova 2021, sp. nov.",Pseudachorutes aleksandrae,,Collembola redescription,44.600174,"A review of Pseudachorutes Tullberg, 1871 (Collembola, Neanuridae) from the East Asia, with description of six new species",10.11646/zootaxa.4938.4.1,http://treatment.plazi.org/id/BF05878D2322FFE8FF49896BFB31C836,9061
DD56A52E4A732A5E2DFCFCE5FBE8FC70,"Folsomia najtae Potapov & Fjellberg & Bokova 2017, n. sp.",Folsomia najtae,,Collembola redescription,44.506035,Folsomia najtae n. sp. (Collembola: Isotomidae) - a new species with ‘ mobile’ forms from the Far East of Russia,10.5252/z2017n1a11,http://treatment.plazi.org/id/DD56A52E4A732A5E2DFCFCE5FBE8FC70,10205
266B5D55F74BFFD9FF7EFC6C4409FB44,Hypogastrura oregonensis Yosii 1960,Hypogastrura oregonensis,,Collembola redescription,12.570341,An updated checklist of Canadian and Alaskan Collembola,10.11646/zootaxa.4592.1.1,http://treatment.plazi.org/id/266B5D55F74BFFD9FF7EFC6C4409FB44,385
266B5D55F753FFC1FF7EFD6B4506FC52,Schaefferia cheoha Wray 1963,Schaefferia cheoha,,Collembola redescription,12.45163,An updated checklist of Canadian and Alaskan Collembola,10.11646/zootaxa.4592.1.1,http://treatment.plazi.org/id/266B5D55F753FFC1FF7EFD6B4506FC52,447
266B5D55F74AFFD8FF7EFD7B4506FC02,Hypogastrura ireneae,Hypogastrura ireneae,,Collembola redescription,12.33763,An updated checklist of Canadian and Alaskan Collembola,10.11646/zootaxa.4592.1.1,http://treatment.plazi.org/id/266B5D55F74AFFD8FF7EFD7B4506FC02,516
266B5D55F749FFDBFF7EFE0245B0FD50,Hypogastrura concolor,Hypogastrura concolor,,Collembola redescription,12.33763,An updated checklist of Canadian and Alaskan Collembola,10.11646/zootaxa.4592.1.1,http://treatment.plazi.org/id/266B5D55F749FFDBFF7EFE0245B0FD50,591
266B5D55F702FF90FF7EFA54450CF8B9,Desoria neglecta,Desoria neglecta,,Collembola redescription,12.228067,An updated checklist of Canadian and Alaskan Collembola,10.11646/zootaxa.4592.1.1,http://treatment.plazi.org/id/266B5D55F702FF90FF7EFA54450CF8B9,666
E03187B3FFC5D412FF31F5B3FC4DF8FE,Folsomia diplophthalma,Folsomia diplophthalma,,Collembola redescription,12.102503,"Catalogue of Vietnamese springtails (Hexapoda, Collembola)",10.11646/zootaxa.5147.1.1,http://treatment.plazi.org/id/E03187B3FFC5D412FF31F5B3FC4DF8FE,1096
266B5D55F775FFE4FF7EF9F84519FF1A,Folsomia diplophthalma,Folsomia diplophthalma,,Collembola redescription,11.955715,An updated checklist of Canadian and Alaskan Collembola,10.11646/zootaxa.4592.1.1,http://treatment.plazi.org/id/266B5D55F775FFE4FF7EF9F84519FF1A,861
266B5D55F74DFFDFFF7EFCB543CCFB28,Hypogastrura trybomi,Hypogastrura trybomi,,Collembola redescription,11.768454,An updated checklist of Canadian and Alaskan Collembola,10.11646/zootaxa.4592.1.1,http://treatment.plazi.org/id/266B5D55F74DFFDFFF7EFCB543CCFB28,976
266B5D55F74DFFDFFF7EFB5646D1F8FF,Hypogastrura tullbergi,Hypogastrura tullbergi,,Collembola redescription,11.594095,An updated checklist of Canadian and Alaskan Collembola,10.11646/zootaxa.4592.1.1,http://treatment.plazi.org/id/266B5D55F74DFFDFFF7EFB5646D1F8FF,1264
DE3DBD36FFD9DC76E0A5FB86FEC3F9CB,Orchesella quinquefasciata sensu Gisin 1960,Orchesella quinquefasciata,,Collembola redescription,11.565838,"Annotated checklist of the springtails (Hexapoda: Collembola) of the Collo massif, northeastern Algeria",10.5252/zoosystema2018v40a16,http://treatment.plazi.org/id/DE3DBD36FFD9DC76E0A5FB86FEC3F9CB,412
03DEAA2DFFA0503D16AD576CFBECFC3E,Orchesella folsomi Maynard 1933,Orchesella folsomi,,Collembola redescription,11.111172,"Catalogue of type materials of springtails (Hexapoda, Collembola) in the Canadian National Collection of Insects, Arachnids & Nematodes",10.5281/zenodo.267103,http://treatment.plazi.org/id/03DEAA2DFFA0503D16AD576CFBECFC3E,493
03C5E15BF076FFB6FF5C208750807799,Pseudosinella zaragozana Arbea 2006,Pseudosinella zaragozana,,Collembola redescription,10.862467,New species of Pseudosinella (Collembola: Entomobryidae) from Iberian Peninsula,10.11646/zootaxa.1479.1.2,http://treatment.plazi.org/id/03C5E15BF076FFB6FF5C208750807799,1461
20098787FF869E4EE3E1FB50239CF81A,"Entomobrya lawrencei Baquero & Jordana, 2008, new species",Entomobrya lawrencei,,Collembola redescription,10.512297,"Redescription of Entomobrya quinquelineata Börner, 1901 (Collembola: Entomobryidae) and description of three new species",10.5281/zenodo.183008,http://treatment.plazi.org/id/20098787FF869E4EE3E1FB50239CF81A,1411
20098787FF889E4EE3E1FCFC23F4FB88,"Entomobrya maroccana Baquero & Jordana, 2008, new species",Entomobrya maroccana,,Collembola redescription,10.512297,"Redescription of Entomobrya quinquelineata Börner, 1901 (Collembola: Entomobryidae) and description of three new species",10.5281/zenodo.183008,http://treatment.plazi.org/id/20098787FF889E4EE3E1FCFC23F4FB88,3365
20098787FF899E40E3E1FF1B2685FCE5,"Entomobrya fimbaensis Baquero & Jordana, 2008, new species",Entomobrya fimbaensis,,Collembola redescription,10.512297,"Redescription of Entomobrya quinquelineata Börner, 1901 (Collembola: Entomobryidae) and description of three new species",10.5281/zenodo.183008,http://treatment.plazi.org/id/20098787FF899E40E3E1FF1B2685FCE5,2800
20098787FF8D9E42E3E1F9892260F829,Entomobrya quinquelineata Borner 1901,Entomobrya quinquelineata,,Collembola redescription,10.512297,"Redescription of Entomobrya quinquelineata Börner, 1901 (Collembola: Entomobryidae) and description of three new species",10.5281/zenodo.183008,http://treatment.plazi.org/id/20098787FF8D9E42E3E1F9892260F829,9557
03D08791FFF1FFD3FD89F9EAFDC2FC17,"Callyntrura (Handschinphysha) tricolor Mandal & Mandal & Mazumdar & Kar 2026, sp. nov.",Callyntrura tricolor,,Collembola redescription,10.38965,"Two new species of Callyntrura Börner (Collembola: Entomobryidae), with redescription of Callyntrura (Handschinphysa) escheri Handschin, and a new record of Collembola from India",10.11646/zootaxa.5828.1.4,http://treatment.plazi.org/id/03D08791FFF1FFD3FD89F9EAFDC2FC17,7935
03D08791FFF9FFD0FD89FC0EFE00FF6F,Callyntrura (Handschinphysha) escheri,Callyntrura escheri,,Collembola redescription,10.38965,"Two new species of Callyntrura Börner (Collembola: Entomobryidae), with redescription of Callyntrura (Handschinphysa) escheri Handschin, and a new record of Collembola from India",10.11646/zootaxa.5828.1.4,http://treatment.plazi.org/id/03D08791FFF9FFD0FD89FC0EFE00FF6F,3009
03D08791FFE0FFCBFD89FAA7FE70FD3F,Sinella plebeia Chen & Christiansen 1993,Sinella plebeia,,Collembola redescription,10.38965,"Two new species of Callyntrura Börner (Collembola: Entomobryidae), with redescription of Callyntrura (Handschinphysa) escheri Handschin, and a new record of Collembola from India",10.11646/zootaxa.5828.1.4,http://treatment.plazi.org/id/03D08791FFE0FFCBFD89FAA7FE70FD3F,3031
03F6757CFF7CA64EFF4CFF46DBE36CD6,Deuteraphorura schoenviszkyi Loksa 1967,Deuteraphorura schoenviszkyi,,Collembola redescription,10.2152,"Redescription of two troglobiotic species of Deuteraphorura Absolon, 1901 (Collembola, Onychiuridae) from the Western Carpathians",10.11646/zootaxa.4168.2.6,http://treatment.plazi.org/id/03F6757CFF7CA64EFF4CFF46DBE36CD6,5122
03F6757CFF7BA640FF4CF8D2DCB96CAA,Deuteraphorura kratochvili Nosek 1963,Deuteraphorura kratochvili,,Collembola redescription,10.2152,"Redescription of two troglobiotic species of Deuteraphorura Absolon, 1901 (Collembola, Onychiuridae) from the Western Carpathians",10.11646/zootaxa.4168.2.6,http://treatment.plazi.org/id/03F6757CFF7BA640FF4CF8D2DCB96CAA,10610
0387282FFF81785551A4FD31FEE1B1D2,Ceratophysella communis,Ceratophysella communis,,Collembola redescription,10.214732,"Ceratophysella taiguensis sp. nov. (Collembola, Hypogastruridae) from China, with an annotated checklist of Chinese Ceratophysella Börner, 1932",10.5281/zenodo.198659,http://treatment.plazi.org/id/0387282FFF81785551A4FD31FEE1B1D2,953
03B7AD03FFADFF98EDBCFC5E83DFF90C,Tetracanthella ksenemani Nosek 1964,Tetracanthella ksenemani,,Collembola redescription,9.934435,"Redescription of Friesea handschini Kseneman, 1938 (Collembola, Neanuridae) with notes on intraspecific variability of the species",10.5281/zenodo.198089,http://treatment.plazi.org/id/03B7AD03FFADFF98EDBCFC5E83DFF90C,651
553A87DDFF8FFFC6DCB6FD095EEE3F46,Lepidocyrtus pseudosinelloides sensu Gisin 1967,Lepidocyrtus pseudosinelloides,,Collembola redescription,9.9047985,"New data clarifying the taxonomy of European members of the Lepidocyrtus pallidus - serbicus group (Collembola, Entomobryidae)",10.11646/zootaxa.4429.3.5,http://treatment.plazi.org/id/553A87DDFF8FFFC6DCB6FD095EEE3F46,1260
10737675FFD98F5CBDB027556661A88C,Spinonychiurus edinensis Bagnall 1935,Spinonychiurus edinensis,,Collembola redescription,9.815334,Revision of the genus Spinonychiurus Weiner 1996 (Collembola: Onychiuridae) with description of five new species,10.11646/zootaxa.3914.2.1,http://treatment.plazi.org/id/10737675FFD98F5CBDB027556661A88C,3899
45F2BCAE0F53959A2D58124146E73735,Chribellphorura allanae Christiansen & Bellinger 1980,Chribellphorura allanae,,Collembola redescription,9.668691,"Redescription of Chribellphoruraallanae (Christiansen & Bellinger, 1980) (Collembola, Onychiuridae), with comments on the systematic position of the genus",http://dx.doi.org/10.3897/zookeys.803.28265,http://treatment.plazi.org/id/45F2BCAE0F53959A2D58124146E73735,3448
411D87ECFF8DFF8AFE30FB9BFE8940D7,"Protoisotoma autrigoniensis Sánchez-garcía & Engel 2016, new species",Protoisotoma autrigoniensis,,springtail new species,17.733109,"Springtails from the Early Cretaceous Amber of Spain (Collembola: Entomobryomorpha), with an Annotated Checklist of Fossil Collembola",10.1206/3862.1,http://treatment.plazi.org/id/411D87ECFF8DFF8AFE30FB9BFE8940D7,6003
03CC5E1CFFC0B90610A0FC5EFC591896,Pseudotremia armesi Shear,Pseudotremia armesi,,springtail new species,17.103924,"Cave millipeds of the United States. VII. New species and records of the genus Pseudotremia Cope. I. Species from West Virginia, USA (Diplopoda, Chordeumatida, Cleidogonidae)",10.5281/zenodo.182004,http://treatment.plazi.org/id/03CC5E1CFFC0B90610A0FC5EFC591896,879
C16E0551217CFFA6C1A0FB497D294201,"Deutonura gibbosa Porco, Bedos & Deharveng, 2010, sp. nov.",Deutonura gibbosa,,springtail new species,16.3343,"Description and DNA barcoding assessment of the new species Deutonura gibbosa (Collembola: Neanuridae: Neanurinae), a common springtail of Alps and Jura",10.5281/zenodo.198510,http://treatment.plazi.org/id/C16E0551217CFFA6C1A0FB497D294201,9912
FB3F87CFF07AD93E45FBF292DC340ECE,Tomocerina minuta,Tomocerina minuta,,springtail new species,15.113653,New records of springtail fauna (Hexapoda: Collembola: Entomobryomorpha) from Ordu Province in Turkey,10.3906/zoo-1509-28,http://treatment.plazi.org/id/FB3F87CFF07AD93E45FBF292DC340ECE,830
03C26292CBF458E096F2C581D9E8A2E4,"Crassibethylus dominicanus Barbosa & Melo 2023, sp. nov.",Crassibethylus dominicanus,,springtail new species,12.8597,"Revision of Bethylinae from Dominican amber, with description of a new genus (Hymenoptera, Bethylidae)",http://dx.doi.org/10.3897/jhr.96.100862,http://treatment.plazi.org/id/03C26292CBF458E096F2C581D9E8A2E4,1865
03C9FC43FFDD5874FF65CDF68517783F,"Pseudachorutella stebaevae Babenko & Kuznetsova 2024, sp. nov.",Pseudachorutella stebaevae,,springtail new species,12.055485,"Three new species of the genus Pseudachorutella Stach, 1949 (Collembola, Neanuridae) from Russia",10.11646/zootaxa.5447.2.2,http://treatment.plazi.org/id/03C9FC43FFDD5874FF65CDF68517783F,7242
039387CDFF96FFB1FF2864CFFDDF33BF,"Folsomia maximovi Potapov & Gulgenova, 2013, sp. nov.",Folsomia maximovi,,springtail new species,8.752352,Isotomidae (Collembola) of Buryat Republic. II. A revision of the genus Folsomia,10.11646/zootaxa.3682.2.6,http://treatment.plazi.org/id/039387CDFF96FFB1FF2864CFFDDF33BF,3741
03848788467B663A4BD99CA2FB95D4B3,Micralymma marinum,Micralymma marinum,,Collembola Europe new species,68.29153,"The coastal rove beetles (Coleoptera, Staphylinidae) of Atlantic Canada: a survey and new records",10.3897/zookeys.2.2,http://treatment.plazi.org/id/03848788467B663A4BD99CA2FB95D4B3,1018
266B5D55F716FF84FF7EFC42442AFB53,Entomobrya atrocincta Schott 1896,Entomobrya atrocincta,,Collembola Europe new species,67.87022,An updated checklist of Canadian and Alaskan Collembola,10.11646/zootaxa.4592.1.1,http://treatment.plazi.org/id/266B5D55F716FF84FF7EFC42442AFB53,350
266B5D55F718FF8AFF7EFE4A45E9FCF1,Willemia intermedia Brook 1883,Willemia intermedia,,Collembola Europe new species,67.149605,An updated checklist of Canadian and Alaskan Collembola,10.11646/zootaxa.4592.1.1,http://treatment.plazi.org/id/266B5D55F718FF8AFF7EFE4A45E9FCF1,661
17620F0AF50AB505FF7CFE625ECDFBD7,"Entomobrya katzi Jordana & Baquero 2022, n. sp.",Entomobrya katzi,,Collembola Europe new species,66.257904,Type material designation and species description; addendum to “ Distinctive Collembola Communities in the Mesovoid Shallow Substratum: Entomobryomorpha of the Sierra de Guadarrama National Park (Central Spain) ”,10.5252/zoosystema2021v44a16,http://treatment.plazi.org/id/17620F0AF50AB505FF7CFE625ECDFBD7,4172
03C383392C482C5EFF10DA0AFAC8FA52,"Protaphorura cykini Parimuchová & Kováč & Žurovcová & Kadebskaya 2017, sp. nov.",Protaphorura cykini,,Collembola Europe new species,66.14751,"A new troglobiotic Protaphorura (Collembola, Hexapoda) from the Siberia, Russia",10.11646/zootaxa.4350.1.12,http://treatment.plazi.org/id/03C383392C482C5EFF10DA0AFAC8FA52,10348
866E2072FF998F76FF5772C32473FDDA,"Xenylla weinerae Jia & Skarżyński 2019, sp. nov.",Xenylla weinerae,,Collembola Europe new species,66.05335,"A new species of Xenylla Tullberg, 1869 (Collembola: Hypogastruridae) from China, with a key to Asian species of the genus",10.11646/zootaxa.4608.3.11,http://treatment.plazi.org/id/866E2072FF998F76FF5772C32473FDDA,6479
9E21835B682CF76893A336040D541639,"Orogastrura tetrophthalma Deharveng & Bedos & Duran 2015, n. sp.",Orogastrura tetrophthalma,,Collembola Europe new species,65.36932,"Two new species of Poduromorpha (Collembola) from the Mercantour National Park (Alpes-Maritimes, France), with comments on pseudopore patterns",10.5252/z2015n1a8,http://treatment.plazi.org/id/9E21835B682CF76893A336040D541639,6948
BF05878D2332FFFEFF498EDBFE77CC06,Pseudachorutes boerneri Sch ott 1902,Pseudachorutes boerneri,,Collembola Europe new species,64.6023,"A review of Pseudachorutes Tullberg, 1871 (Collembola, Neanuridae) from the East Asia, with description of six new species",10.11646/zootaxa.4938.4.1,http://treatment.plazi.org/id/BF05878D2332FFFEFF498EDBFE77CC06,6651
03BB87922E1B5A0A7A62FE31FC2DFB73,"Hypogastrura pomorskii Skarżyński, 2010, sp. n.",Hypogastrura pomorskii,,Collembola Europe new species,62.320442,"Hypogastrura Pomorskii Sp. N. From Kyrgyzstan And Notes On The Related Species H. Tatrica (Stach, 1949) (Collembola: Hypogastruridae)",10.5281/zenodo.12584363,http://treatment.plazi.org/id/03BB87922E1B5A0A7A62FE31FC2DFB73,6892
7D3A6118FFB9F631FF3B1F6DFC77A8C4,"Olmia drevlyanica Legalov et Perkovsky 2025, sp. nov.",Olmia drevlyanica,,Collembola Europe new species,61.547436,New hairy fungus beetle Olmia drevlyanica gen. et sp. nov. (Coleoptera: Mycetophagidae) from Eocene Rovno amber,10.37828/em.2025.81.10,http://treatment.plazi.org/id/7D3A6118FFB9F631FF3B1F6DFC77A8C4,14474
E625075B561C0CAB1466E7E2E0AC00F7,Folsomia inoculata Stach 1947,Folsomia inoculata,,Collembola Europe new species,59.07687,Isotomidae of Japan and the Asiatic part of Russia. I. Folsomia ' inoculata' group,http://dx.doi.org/10.3897/zookeys.750.22764,http://treatment.plazi.org/id/E625075B561C0CAB1466E7E2E0AC00F7,11276
038106260C6C717118C0FD90FAA54326,Caddo dentipalpus,Caddo dentipalpus,,Collembola Europe new species,57.182972,Harvestmen (Arachnida: Opiliones) in Eocene Rovno amber (Ukraine),10.11646/zootaxa.4984.1.6,http://treatment.plazi.org/id/038106260C6C717118C0FD90FAA54326,4454
F32787C2FFE3E848FF17B4ECFCE9FDBD,"Danatettix hoffeinsorum Thomas & Skejo & Heads 2019, sp. nov.",Danatettix hoffeinsorum,,Collembola Europe new species,55.50787,The last batrachideine of Europe: A new genus and species of pygmy grasshopper (Orthoptera: Tetrigidae) from Eocene Baltic amber,10.11646/zootaxa.4686.3.9,http://treatment.plazi.org/id/F32787C2FFE3E848FF17B4ECFCE9FDBD,858
256B931EFFC6FFA8FF3A4B13FB2DFBE9,"Vertagopus ceratus Potapov, Gulgenova & Babykina, 2016, sp. nov.",Vertagopus ceratus,,Collembola Europe new species,33.03549,"Isotomidae (Collembola) of Buryat Republic. III. The genera Vertagopus and Agrenia, with a note on ' Claw index'",10.11646/zootaxa.4088.1.5,http://treatment.plazi.org/id/256B931EFFC6FFA8FF3A4B13FB2DFBE9,5284
833087A1FFFAFF9A72ADFB55FCD638E4,"Isotomurus festus Potapov & Porco & Deharveng 2018, sp. nov.",Isotomurus festus,,Collembola Europe new species,29.040806,A new member of the genus Isotomurus from the Kuril Islands (Collembola: Isotomidae): returning to the problem of “ colour pattern species ”,10.11646/zootaxa.4394.3.4,http://treatment.plazi.org/id/833087A1FFFAFF9A72ADFB55FCD638E4,7755
03F48784FFAEFFB862B9FF26FB33FEFB,Schaefferia czernovi,Schaefferia czernovi,,Collembola Europe new species,28.14478,"A new species of Schaefferia Absolon (Collembola: Hypogastruridae) from Chukotka, Russia, with remarks on the related forms",10.11646/zootaxa.4571.2.4,http://treatment.plazi.org/id/03F48784FFAEFFB862B9FF26FB33FEFB,2518
038A87F82C0F7F53C8B1FA94FB48F81F,Subisotoma pusilla Schaffer 1900,Subisotoma pusilla,,Collembola Europe new species,28.029953,Taxonomy of the Proisotoma complex. II. A revision of the genus Subisotoma and a description of Isotopenola gen. nov. (Collembola: Isotomidae),10.5281/zenodo.191990,http://treatment.plazi.org/id/038A87F82C0F7F53C8B1FA94FB48F81F,5681
5E3487991A52A329FF0D5BA4606BEB42,"Neelus koseli Kováč & Papáč, 2010, sp. nov.",Neelus koseli,,Collembola Europe new species,27.280313,"Revision of the genus Neelus Folsom, 1896 (Collembola, Neelida) with the description of two new troglobiotic species from Europe",10.5281/zenodo.276298,http://treatment.plazi.org/id/5E3487991A52A329FF0D5BA4606BEB42,11083
102AA927FFEEFF8CFDA8FD53BBBFFB0C,"Hypogastrura martiani Skarżyński, 2009, sp. n.",Hypogastrura martiani,,Collembola Europe new species,27.227951,"A New Species And A New Interesting Record Of The Genus Hypogastrura Bourlet, 1839 (Collembola, Hypogastruridae) From Ukraine",10.5281/zenodo.12584895,http://treatment.plazi.org/id/102AA927FFEEFF8CFDA8FD53BBBFFB0C,8225
4E4E526E1E2C215CFF2FFA05B1696761,"Endonura saleri Fanciulli & Dallai, 2008, sp. nov.",Endonura saleri,,Collembola Europe new species,27.17884,Three new species of Collembola from north-east Italy,10.5281/zenodo.180806,http://treatment.plazi.org/id/4E4E526E1E2C215CFF2FFA05B1696761,6924
8D04D9437541A47EFEC2CEB9A99F7695,"Thalassaphorura qixiaensis Yan, Shi & Chen, 2006, sp. nov.",Thalassaphorura qixiaensis,,Collembola Europe new species,27.081837,A new species of the genus Thalassaphorura from East China (Collembola: Onychiuridae),10.5281/zenodo.174863,http://treatment.plazi.org/id/8D04D9437541A47EFEC2CEB9A99F7695,5434
721B6E0C8C31FF8EFF3825E1AE402029,Mesentotoma dollfussi,Mesentotoma dollfussi,,Collembola Europe new species,26.80906,An annotated checklist of the Collembola (Hexapoda) from Iran,10.11646/zootaxa.5275.1.1,http://treatment.plazi.org/id/721B6E0C8C31FF8EFF3825E1AE402029,349
2F0393E7069F51E3A4285BE855AF6A6A,"Entomobrya virginiae Arbea 2021, sp. nov.",Entomobrya virginiae,,Collembola Europe new species,26.463049,"Collembola from Hundidero-Gato Cave in Southern Spain, with the description of a new species of Entomobrya Rondani, 1861 (Collembola, Entomobryidae)",http://dx.doi.org/10.3897/subtbiol.38.66254,http://treatment.plazi.org/id/2F0393E7069F51E3A4285BE855AF6A6A,8452
112A6E38AD6E5442819D4094904049C4,Sphaeridia pumilis,Sphaeridia pumilis,,Collembola Europe new species,26.424175,"Collembola from Hundidero-Gato Cave in Southern Spain, with the description of a new species of Entomobrya Rondani, 1861 (Collembola, Entomobryidae)",http://dx.doi.org/10.3897/subtbiol.38.66254,http://treatment.plazi.org/id/112A6E38AD6E5442819D4094904049C4,522
DE3DBD36FFC1DC6EE3E1FA00FB74F90B,Micranurida candida Cassagnau 1952,Micranurida candida,,Collembola Europe new species,26.386436,"Annotated checklist of the springtails (Hexapoda: Collembola) of the Collo massif, northeastern Algeria",10.5252/zoosystema2018v40a16,http://treatment.plazi.org/id/DE3DBD36FFC1DC6EE3E1FA00FB74F90B,400
039C8798F361084F08D2FF28FCAC136E,"Desoria cooki Babenko & Fjellberg, 2025, sp. nov.",Desoria cooki,,Collembola Europe new species,26.381317,"Three new Desoria species (Hexapoda, Collembola, Isotomidae) from the eastern Palaearctic",10.11646/zootaxa.5717.1.5,http://treatment.plazi.org/id/039C8798F361084F08D2FF28FCAC136E,8281
03E3E85C070FFFF9FE3AF193FBD9AA8D,"Pseudosinella sexocellata Jordana and Baquero 2025, sp. nov.",Pseudosinella sexocellata,,Collembola Europe new species,26.109034,"Collembola from the Gypsum Karst of Sorbas (Almería, Spain), with Descriptions of Three New Species",10.3390/insects16030309,http://treatment.plazi.org/id/03E3E85C070FFFF9FE3AF193FBD9AA8D,6813
9E288781FFF9FFB91026D237B777FE5A,"Seira maroccana Negri, Pellecchia & Fanciulli, 2005, sp. n.",Seira maroccana,,Collembola Europe new species,26.04732,"Two new species within the genus Seira Lubbock, 1869 from Morocco (Collembola, Entomobryidae)",10.5281/zenodo.159509,http://treatment.plazi.org/id/9E288781FFF9FFB91026D237B777FE5A,8262
C76DFB7FF31A2ABDAEBBB805BF44C80B,"Bionychiurus qinglongensis Sun & Wu, 2014, sp. n.",Bionychiurus qinglongensis,,Collembola Europe new species,25.99144,"Onychiurid species from Wanda Mountains in China, with descriptions of two new species (Collembola, Onychiuridae)",http://dx.doi.org/10.3897/zookeys.425.7724,http://treatment.plazi.org/id/C76DFB7FF31A2ABDAEBBB805BF44C80B,4621
DE3DBD36FFC3DC6CE09AFB01FD75F9CA,Deuteraphorura cebennaria,Deuteraphorura cebennaria,,Collembola Europe new species,25.971388,"Annotated checklist of the springtails (Hexapoda: Collembola) of the Collo massif, northeastern Algeria",10.5252/zoosystema2018v40a16,http://treatment.plazi.org/id/DE3DBD36FFC3DC6CE09AFB01FD75F9CA,359
4F7687827F6FF270FE3E9EEA9CC7FB7C,"Deuteraphorura kozmani Parimuchova, Barjadze & Kovac 2023, sp. nov.",Deuteraphorura kozmani,,Collembola Europe new species,25.961895,"Two new species of the genus Deuteraphorura Absolon, 1901 (Hexapoda, Collembola, Onychiuridae) from Georgian caves with remarks on the subterranean biodiversity of the Caucasus Mountains",10.5852/ejt.2023.879.2161,http://treatment.plazi.org/id/4F7687827F6FF270FE3E9EEA9CC7FB7C,3610
038587D73378FF8FFF66FAE0CAE1B68E,"Uralaphorura yanensis Babenko, 2009, sp. nov.",Uralaphorura yanensis,,Collembola Europe new species,25.890114,"Two new species of the genus Uralaphorura Martynova, 1978 (Collembola: Onychiuridae) from Siberia",10.5281/zenodo.187822,http://treatment.plazi.org/id/038587D73378FF8FFF66FAE0CAE1B68E,4970
03FF6C3A8532FFD07A8C897FF366FD5B,"Pseudachorutes scythicus Kaprus’ & Weiner, 2009, sp. nov.",Pseudachorutes scythicus,,Collembola Europe new species,25.878122,"The genus Pseudachorutes Tullberg, 1871 (Collembola, Neanuridae) in the Ukraine with descriptions of new species",10.5281/zenodo.189101,http://treatment.plazi.org/id/03FF6C3A8532FFD07A8C897FF366FD5B,5039
03AA531A0F493526FF595D13FDC0A48C,Bourletiella (Bourletiella) hortensis,Bourletiella hortensis,,Collembola Europe new species,25.759201,"An annotated checklist of springtails (Hexapoda, Collembola) from Vojvodina province, Republic of Serbia",10.61186/jibs.9.4.727,http://treatment.plazi.org/id/03AA531A0F493526FF595D13FDC0A48C,616
F72D49895E9ED412B7CC41B79706285A,"Triacanthella madiba Janion, D'Haese & Deharveng, 2012, sp. n.",Triacanthella madiba,,Collembola Europe new species,25.73101,"A new species and first record of the genus Triacanthella Schaeffer, 1897 (Collembola, Poduromorpha, Hypogastruridae) for Africa",http://dx.doi.org/10.3897/zookeys.163.2298,http://treatment.plazi.org/id/F72D49895E9ED412B7CC41B79706285A,10535
03DD371FFFA2FFD73405FC5AFA21FB5F,Thalassaphorura zschokkei Pomorski 1998,Thalassaphorura zschokkei,,Collembola Europe new species,25.626263,Addition to Iranian Springtails fauna and a checklist of the Collembola from Kurdistan province,10.52547/jibs.9.1.1,http://treatment.plazi.org/id/03DD371FFFA2FFD73405FC5AFA21FB5F,408
553A87DDFF8FFFDDDCB6FAA758B93D24,"Lepidocyrtus florae Mateos & Winkler 2018, sp. nov.",Lepidocyrtus florae,,Collembola Europe new species,25.572071,"New data clarifying the taxonomy of European members of the Lepidocyrtus pallidus - serbicus group (Collembola, Entomobryidae)",10.11646/zootaxa.4429.3.5,http://treatment.plazi.org/id/553A87DDFF8FFFDDDCB6FAA758B93D24,13039
03F887D2FFC5FFC30094F8F7EA74F849,Heteromurus major Moniez 1889,Heteromurus major,,Collembola Europe new species,25.565971,Description and conservation status of a new species of Australotomurus (Collembola: Entomobryidae: Orchesellinae) from urban Perth remnant bushland,10.11646/zootaxa.3872.5.7,http://treatment.plazi.org/id/03F887D2FFC5FFC30094F8F7EA74F849,2167
03E7879BFFA72B2D61AEFE46FE3AE5DC,"Pseudosinella pseudopetterseni Jordana & Baquero, 2007, sp. nov.",Pseudosinella pseudopetterseni,,Collembola Europe new species,25.410105,"New species of Pseudosinella Schäffer, 1897 (Collembola, Entomobryidae) from Spain",10.5281/zenodo.176557,http://treatment.plazi.org/id/03E7879BFFA72B2D61AEFE46FE3AE5DC,14146
039687CDA822921BFF7BFB7AFCF9FE5D,"Folsomides subvinosus Arbea & Kahrarian, 2015, sp. nov.",Folsomides subvinosus,,Collembola Europe new species,25.369188,"The genus Folsomides Stach (Collembola, Isotomidae) in Kermanshah Province (W Iran) with the description of two new species",10.11646/zootaxa.3925.2.9,http://treatment.plazi.org/id/039687CDA822921BFF7BFB7AFCF9FE5D,6834
03DD371FFFA4FFD13405FC87FD58FBBA,Xenylla tullbergi Borner 1903,Xenylla tullbergi,,Collembola Europe new species,25.34307,Addition to Iranian Springtails fauna and a checklist of the Collembola from Kurdistan province,10.52547/jibs.9.1.1,http://treatment.plazi.org/id/03DD371FFFA4FFD13405FC87FD58FBBA,516
980887A1B840FFF8FF32E0459BF0DE91,"Lepidocyrtus thoracicus Mateos & Zhang & Álvarez-Presas 2023, sp. nov.",Lepidocyrtus thoracicus,,Collembola Europe new species,25.275124,"New species of Lepidocyrtus (Collembola, Entomobryidae) from Italy with a discussion of characters defining European Lepidocyrtus lignorum-group",10.11646/zootaxa.5270.2.7,http://treatment.plazi.org/id/980887A1B840FFF8FF32E0459BF0DE91,8519
6531BB0AF158FF974D1DF9CC155C806D,"Folsomides mediterraneus Arbea & Jordana, 2002, n. sp.",Folsomides mediterraneus,,Collembola Europe new species,25.213684,"The genus Folsomides Stach of the Ibero­balearic fauna, with description of a new species (Collembola, Isotomidae)",10.5281/zenodo.156067,http://treatment.plazi.org/id/6531BB0AF158FF974D1DF9CC155C806D,5588
541287D01974FFF726AAFAC0961CB5D9,"Neanura moldavica Buşmachiu & Deharveng 2008, sp.nov.",Neanura moldavica,,Collembola Europe new species,25.15748,"Neanurinae and Morulininae of Moldova (Collembola: Neanuridae), with description of Neanura moldavica sp. nov.",10.11646/zootaxa.1714.1.6,http://treatment.plazi.org/id/541287D01974FFF726AAFAC0961CB5D9,4716
E03187B3FFB8D46FFF31F702FE36F86F,Onychiuroides longisetosus,Onychiuroides longisetosus,,Collembola Europe new species,25.127378,"Catalogue of Vietnamese springtails (Hexapoda, Collembola)",10.11646/zootaxa.5147.1.1,http://treatment.plazi.org/id/E03187B3FFB8D46FFF31F702FE36F86F,419
1292AF53565E04B9D321D327E4F8AF9B,"Ballistura rossi Soto-Adames & Giordano, sp. n.",Ballistura rossi,,Collembola Europe new species,25.1016,"New species of springtails in the Proisotoma genus complex from Vermont and New York, USA with descriptive notes on Ballistura alpa Christiansen & Bellinger 1980 (Hexapoda, Collembola, Isotomidae).",http://dx.doi.org/10.3897/zookeys.147.2093,http://treatment.plazi.org/id/1292AF53565E04B9D321D327E4F8AF9B,5488
E03187B3FFC5D413FF31F640FBF8FED7,Folsomia fimetaria,Folsomia fimetaria,,Collembola Europe new species,24.99761,"Catalogue of Vietnamese springtails (Hexapoda, Collembola)",10.11646/zootaxa.5147.1.1,http://treatment.plazi.org/id/E03187B3FFC5D413FF31F640FBF8FED7,382
E03187B3FFD4D403FF31F76FFC4EF826,Pseudosinella monoculata Denis 1938,Pseudosinella monoculata,,Collembola Europe new species,24.953743,"Catalogue of Vietnamese springtails (Hexapoda, Collembola)",10.11646/zootaxa.5147.1.1,http://treatment.plazi.org/id/E03187B3FFD4D403FF31F76FFC4EF826,390
E03187B3FFC7D410FF31F52FFC77FAE7,Coloburella reticulata Latzel 1918,Coloburella reticulata,,Collembola Europe new species,24.910477,"Catalogue of Vietnamese springtails (Hexapoda, Collembola)",10.11646/zootaxa.5147.1.1,http://treatment.plazi.org/id/E03187B3FFC7D410FF31F52FFC77FAE7,419
F80287CDFFE3425C21B6B2D4FA7AFC3B,"Cyphoderus manuneru Bernard, Soto-Adames & Wynne, n. sp.",Cyphoderus manuneru,,Collembola cave,66.97299,Collembola of Rapa Nui (Easter Island) with descriptions of five endemic cave-restricted species,10.11646/zootaxa.3949.2.6,http://treatment.plazi.org/id/F80287CDFFE3425C21B6B2D4FA7AFC3B,7831
5110AB180404FFC7FF5623E9A6D1AC2C,"Thaumastocephalus slavkoi Hlaváč & Bregović & Jalžić 2019, sp. n.",Thaumastocephalus slavkoi,,Collembola cave,66.735146,"Endogean and cavernicolous Coleoptera of the Balkans. XVIII. Strong radiation in caves of the Central Dinarides: seven new species of Thaumastocephalus Poggi et al., 2001 (Staphylinidae: Pselaphinae)",10.11646/zootaxa.4559.1.3,http://treatment.plazi.org/id/5110AB180404FFC7FF5623E9A6D1AC2C,2973
03D11A6B6C6CFF89E5ABE7D6FD47FCCA,"Pararrhopalites queirozi Brito & Lima & Zeppelini 2019, sp. nov.",Pararrhopalites queirozi,,Collembola cave,66.09789,Three new species of Collembola (Arthropoda: Hexapoda) from Brazil,10.11646/zootaxa.4700.4.1,http://treatment.plazi.org/id/03D11A6B6C6CFF89E5ABE7D6FD47FCCA,9166
03D11A6B6C64FF90E5ABE7ACFA90FD9F,"Arrhopalites mendoncae Brito & Lima & Zeppelini 2019, sp. nov.",Arrhopalites mendoncae,,Collembola cave,65.3341,Three new species of Collembola (Arthropoda: Hexapoda) from Brazil,10.11646/zootaxa.4700.4.1,http://treatment.plazi.org/id/03D11A6B6C64FF90E5ABE7ACFA90FD9F,10552
0B21878A6377FD1CF7EFCE62FD3F8C66,Pseudosinella collina Wray 1952,Pseudosinella collina,,Collembola cave,64.9621,Two new species and descriptive notes for five Pseudosinella species (Hexapoda: Collembola: Entomobryidae) from West Virginian (USA) Caves,10.5281/zenodo.275457,http://treatment.plazi.org/id/0B21878A6377FD1CF7EFCE62FD3F8C66,5448
507287990C344C26B9C06FD4FD26FB6F,"Pararrhopalites iataganii Souza, Medeiros, Bento, Zeppelini & Bellini, 2024, sp. nov.",Pararrhopalites iataganii,,Collembola cave,64.501175,"New cave species of Cyphoderus Nicolet and Pararrhopalites Bonet & Tellez (Hexapoda, Collembola) from Caatinga biome, Brazil",10.11646/zootaxa.5474.3.1,http://treatment.plazi.org/id/507287990C344C26B9C06FD4FD26FB6F,11408
77ACE6A0D884517788655CCD1C98B4AF,"Acherontiella palaciosi Mehrafrooz Mayvan & Kovac 2025, sp. nov.",Acherontiella palaciosi,,Collembola cave,63.842957,"Two new species of the genus Acherontiella (Collembola, Hypogastruridae) from caves of the Alborz and Kopet Dagh mountains in Iran",10.3897/zookeys.1255.164170,http://treatment.plazi.org/id/77ACE6A0D884517788655CCD1C98B4AF,7250
68FCCE8B11D95BC096A31D19D82D57DD,"Schaefferia greensladeae Mehrafrooz Mayvan & Kovac 2025, sp. nov.",Schaefferia greensladeae,,Collembola cave,60.742867,"Convergent evolution underground - two new troglomorphic collembolan species of the genus Schaefferia Absolon, 1900 (Collembola, Poduromorpha, Hypogastruridae) from Iran and Montenegro",10.3897/subtbiol.54.157228,http://treatment.plazi.org/id/68FCCE8B11D95BC096A31D19D82D57DD,5931
9438878CFFDA31370DC3FCB6FB5CB41B,"Aberrantidrilus beruetei Rodriguez, 2026, sp. nov.",Aberrantidrilus beruetei,,Collembola cave,60.429005,"New stygobitic oligochaetes in Spanish groundwaters (Clitellata, Annelida)",10.11646/zootaxa.5853.3.4,http://treatment.plazi.org/id/9438878CFFDA31370DC3FCB6FB5CB41B,8518
FCFBA1C04E115B478C86BE5FCFDACFFA,"Entomobrya arenaria Winkler, Florian & Danyi 2023, sp. nov.",Entomobrya arenaria,,Collembola cave,58.233997,"Investigation on the true identity of Entomobrya nigriventris Stach, 1929 (Collembola, Entomobryidae) with the description of a new species",http://dx.doi.org/10.3897/zookeys.1185.112279,http://treatment.plazi.org/id/FCFBA1C04E115B478C86BE5FCFDACFFA,14610
